6451559.000 1726075.000 -10.763 3.475 -2.156
6451609.000 1726075.000 -8.357 2.638 -2.098
6451659.000 1726075.000 -15.353 0.774 -2.005
6451709.000 1726075.000 -53.949 -17.565 -2.084
6451759.000 1726075.000 -61.559 -31.213 -2.100
6451809.000 1726075.000 -113.507 -26.627 -2.236
6451859.000 1726075.000 37.317 -1.151 -2.089
6451909.000 1726075.000 47.634 -12.410 -2.459
6451959.000 1726075.000 42.512 -2.058 -2.789
6452009.000 1726075.000 17.115 3.266 -3.132
6452059.000 1726075.000 29.650 0.677 -3.267
6452109.000 1726075.000 18.466 0.448 -3.353
6452159.000 1726075.000 -2.169 2.965 -3.511
6452209.000 1726075.000 -13.012 11.536 -3.546
6452259.000 1726075.000 -16.353 14.411 -3.544
6452309.000 1726075.000 -19.125 9.740 -3.196
6452359.000 1726075.000 -32.298 18.008 -2.902
6452409.000 1726075.000 15.308 9.398 -3.167
6452459.000 1726075.000 28.444 3.896 -3.173
6452509.000 1726075.000 14.582 0.613 -3.117
6452559.000 1726075.000 -9.248 -2.426 -3.122
6452609.000 1726075.000 -17.960 -1.827 -3.007
6452659.000 1726075.000 -9.143 -2.506 -2.376
6452709.000 1726075.000 -2.106 -2.948 -1.286
6452759.000 1726075.000 0.753 -1.059 -0.428
6452809.000 1726075.000 1.040 -0.421 -0.249
6452859.000 1726075.000 0.128 -0.383 -0.260
6452909.000 1726075.000 -0.053 -0.535 -0.279
6452959.000 1726075.000 -0.098 -0.505 -0.285
6453009.000 1726075.000 -0.133 -0.524 -0.324
6453059.000 1726075.000 -0.189 -0.540 -0.367
6453109.000 1726075.000 -0.188 -0.582 -0.404
6453159.000 1726075.000 -0.165 -0.573 -0.383
6453209.000 1726075.000 -0.172 -0.595 -0.402
6453259.000 1726075.000 -0.130 -0.470 -0.349
6453309.000 1726075.000 -0.032 -0.333 -0.301
6453359.000 1726075.000 0.072 -0.235 -0.287
6453409.000 1726075.000 0.202 -0.197 -0.294
6453459.000 1726075.000 0.200 -0.116 -0.280
6453509.000 1726075.000 0.266 -0.074 -0.258
6453559.000 1726075.000 0.238 -0.223 -0.254
6453609.000 1726075.000 0.181 -0.361 -0.268
6453659.000 1726075.000 0.239 -0.455 -0.277
6453709.000 1726075.000 0.273 -0.450 -0.280
6453759.000 1726075.000 0.299 -0.472 -0.280
6453809.000 1726075.000 0.135 -0.422 -0.281
6453859.000 1726075.000 0.102 -0.353 -0.261
6453909.000 1726075.000 0.093 -0.348 -0.241
6453959.000 1726075.000 0.016 -0.371 -0.229
6454009.000 1726075.000 -0.022 -0.445 -0.220
6454059.000 1726075.000 -0.036 -0.423 -0.216
6454109.000 1726075.000 -0.023 -0.415 -0.212
6454159.000 1726075.000 0.056 -0.427 -0.209
6454209.000 1726075.000 0.109 -0.431 -0.215
6454259.000 1726075.000 0.143 -0.391 -0.227
6454309.000 1726075.000 0.139 -0.387 -0.235
6454359.000 1726075.000 0.189 -0.384 -0.228
6454409.000 1726075.000 0.192 -0.384 -0.218
6454459.000 1726075.000 0.209 -0.383 -0.217
6454509.000 1726075.000 0.222 -0.380 -0.209
6451559.000 1726125.000 -6.938 1.559 -2.637
6451609.000 1726125.000 -7.193 0.449 -2.393
6451659.000 1726125.000 -11.048 5.674 -2.363
6451709.000 1726125.000 -38.721 -16.824 -2.087
6451759.000 1726125.000 -76.643 -44.108 -1.042
6451809.000 1726125.000 -46.168 -23.649 -2.258
6451859.000 1726125.000 40.919 -25.088 -2.132
6451909.000 1726125.000 42.817 -7.310 -2.299
6451959.000 1726125.000 47.615 33.363 -2.799
6452009.000 1726125.000 26.995 15.870 -3.266
6452059.000 1726125.000 25.862 7.450 -3.324
6452109.000 1726125.000 6.973 5.822 -3.482
6452159.000 1726125.000 -2.949 6.829 -3.513
6452209.000 1726125.000 -1.254 11.429 -3.360
6452259.000 1726125.000 -4.946 9.588 -3.239
6452309.000 1726125.000 -9.979 5.823 -3.016
6452359.000 1726125.000 -7.607 2.604 -3.080
6452409.000 1726125.000 10.267 7.874 -3.365
6452459.000 1726125.000 4.647 10.169 -3.301
6452509.000 1726125.000 -13.861 -13.022 -3.315
6452559.000 1726125.000 -17.326 -6.644 -3.178
6452609.000 1726125.000 -10.513 -5.023 -2.611
6452659.000 1726125.000 -3.773 -1.650 -1.385
6452709.000 1726125.000 0.287 -1.192 -0.612
6452759.000 1726125.000 0.563 -0.519 -0.255
6452809.000 1726125.000 0.357 -0.452 -0.260
6452859.000 1726125.000 0.121 -0.489 -0.268
6452909.000 1726125.000 0.025 -0.594 -0.286
6452959.000 1726125.000 -0.022 -0.577 -0.289
6453009.000 1726125.000 -0.106 -0.608 -0.347
6453059.000 1726125.000 -0.204 -0.600 -0.398
6453109.000 1726125.000 -0.178 -0.621 -0.371
6453159.000 1726125.000 -0.156 -0.636 -0.338
6453209.000 1726125.000 -0.163 -0.664 -0.344
6453259.000 1726125.000 -0.165 -0.655 -0.346
6453309.000 1726125.000 -0.174 -0.572 -0.335
6453359.000 1726125.000 -0.113 -0.506 -0.319
6453409.000 1726125.000 0.042 -0.485 -0.312
6453459.000 1726125.000 0.154 -0.466 -0.299
6453509.000 1726125.000 0.207 -0.478 -0.294
6453559.000 1726125.000 0.188 -0.511 -0.292
6453609.000 1726125.000 0.175 -0.507 -0.298
6453659.000 1726125.000 0.284 -0.462 -0.307
6453709.000 1726125.000 0.406 -0.473 -0.314
6453759.000 1726125.000 0.546 -0.390 -0.308
6453809.000 1726125.000 0.302 -0.448 -0.315
6453859.000 1726125.000 0.121 -0.182 -0.289
6453909.000 1726125.000 0.124 -0.429 -0.260
6453959.000 1726125.000 0.128 -0.495 -0.237
6454009.000 1726125.000 0.056 -0.578 -0.228
6454059.000 1726125.000 0.036 -0.543 -0.224
6454109.000 1726125.000 0.054 -0.544 -0.219
6454159.000 1726125.000 0.043 -0.490 -0.221
6454209.000 1726125.000 0.121 -0.503 -0.230
6454259.000 1726125.000 0.143 -0.491 -0.240
6454309.000 1726125.000 0.183 -0.441 -0.239
6454359.000 1726125.000 0.232 -0.409 -0.223
6454409.000 1726125.000 0.229 -0.391 -0.210
6454459.000 1726125.000 0.239 -0.386 -0.207
6454509.000 1726125.000 0.126 -0.345 -0.199
6451559.000 1726175.000 -8.611 -0.513 -3.049
6451609.000 1726175.000 -8.411 -2.621 -2.658
6451659.000 1726175.000 -6.224 12.091 -2.591
6451709.000 1726175.000 -18.610 8.108 -2.464
6451759.000 1726175.000 -8.549 1.298 -2.650
6451809.000 1726175.000 -0.024 -29.989 -2.427
6451859.000 1726175.000 14.537 5.159 -2.194
6451909.000 1726175.000 9.821 -25.012 -2.162
6451959.000 1726175.000 36.070 37.605 -2.742
6452009.000 1726175.000 29.605 31.564 -3.130
6452059.000 1726175.000 27.207 8.320 -3.159
6452109.000 1726175.000 14.462 9.240 -3.310
6452159.000 1726175.000 -4.702 9.415 -3.215
6452209.000 1726175.000 -1.976 15.372 -2.961
6452259.000 1726175.000 -1.328 14.369 -2.801
6452309.000 1726175.000 3.429 15.431 -2.993
6452359.000 1726175.000 7.773 21.673 -3.453
6452409.000 1726175.000 -6.595 0.948 -3.683
6452459.000 1726175.000 -22.782 -21.688 -3.655
6452509.000 1726175.000 -14.650 -9.510 -3.253
6452559.000 1726175.000 -9.489 -5.154 -2.387
6452609.000 1726175.000 -0.589 -2.563 -1.107
6452659.000 1726175.000 -0.619 1.083 -0.461
6452709.000 1726175.000 0.269 0.738 -0.311
6452759.000 1726175.000 0.399 -0.380 -0.272
6452809.000 1726175.000 0.166 -0.544 -0.288
6452859.000 1726175.000 0.107 -0.565 -0.292
6452909.000 1726175.000 0.023 -0.659 -0.315
6452959.000 1726175.000 -0.012 -0.640 -0.322
6453009.000 1726175.000 -0.094 -0.639 -0.370
6453059.000 1726175.000 -0.111 -0.629 -0.363
6453109.000 1726175.000 -0.079 -0.653 -0.340
6453159.000 1726175.000 -0.081 -0.679 -0.333
6453209.000 1726175.000 -0.101 -0.700 -0.345
6453259.000 1726175.000 -0.115 -0.684 -0.337
6453309.000 1726175.000 -0.092 -0.617 -0.329
6453359.000 1726175.000 0.018 -0.586 -0.318
6453409.000 1726175.000 0.182 -0.517 -0.313
6453459.000 1726175.000 0.219 -0.491 -0.305
6453509.000 1726175.000 0.258 -0.493 -0.299
6453559.000 1726175.000 0.239 -0.504 -0.296
6453609.000 1726175.000 0.209 -0.483 -0.305
6453659.000 1726175.000 0.335 -0.429 -0.314
6453709.000 1726175.000 0.270 -0.757 -0.317
6453759.000 1726175.000 0.216 -0.565 -0.337
6453809.000 1726175.000 -0.107 -0.434 -0.339
6453859.000 1726175.000 -0.249 0.181 -0.300
6453909.000 1726175.000 0.179 -0.604 -0.255
6453959.000 1726175.000 0.132 -0.622 -0.230
6454009.000 1726175.000 0.085 -0.658 -0.226
6454059.000 1726175.000 0.058 -0.630 -0.224
6454109.000 1726175.000 0.067 -0.597 -0.222
6454159.000 1726175.000 0.072 -0.544 -0.225
6454209.000 1726175.000 0.126 -0.522 -0.235
6454259.000 1726175.000 0.181 -0.508 -0.238
6454309.000 1726175.000 0.190 -0.438 -0.236
6454359.000 1726175.000 0.240 -0.420 -0.217
6454409.000 1726175.000 0.210 -0.415 -0.206
6454459.000 1726175.000 0.227 -0.399 -0.202
6454509.000 1726175.000 0.043 -0.351 -0.204
6451559.000 1726225.000 -8.203 -1.609 -3.080
6451609.000 1726225.000 -10.816 -1.564 -2.700
6451659.000 1726225.000 -13.105 2.500 -2.487
6451709.000 1726225.000 -13.701 -1.205 -2.457
6451759.000 1726225.000 -9.305 -12.692 -2.471
6451809.000 1726225.000 -27.906 -33.831 -2.338
6451859.000 1726225.000 -5.430 -42.384 -2.061
6451909.000 1726225.000 -6.211 -48.695 -2.148
6451959.000 1726225.000 25.090 21.554 -2.533
6452009.000 1726225.000 30.778 18.681 -2.760
6452059.000 1726225.000 20.808 21.312 -2.862
6452109.000 1726225.000 11.615 14.793 -3.041
6452159.000 1726225.000 -0.943 18.210 -2.822
6452209.000 1726225.000 -1.270 10.875 -2.635
6452259.000 1726225.000 0.525 12.073 -2.648
6452309.000 1726225.000 10.324 13.569 -3.257
6452359.000 1726225.000 4.327 11.136 -3.509
6452409.000 1726225.000 -31.849 -19.284 -3.854
6452459.000 1726225.000 -18.457 -8.851 -3.518
6452509.000 1726225.000 -9.353 -8.418 -2.643
6452559.000 1726225.000 -0.095 -4.969 -1.221
6452609.000 1726225.000 1.640 -0.773 -0.405
6452659.000 1726225.000 1.525 0.053 -0.273
6452709.000 1726225.000 1.025 0.553 -0.275
6452759.000 1726225.000 0.078 -0.566 -0.309
6452809.000 1726225.000 0.095 -0.594 -0.315
6452859.000 1726225.000 0.056 -0.614 -0.322
6452909.000 1726225.000 0.023 -0.631 -0.333
6452959.000 1726225.000 -0.034 -0.643 -0.354
6453009.000 1726225.000 -0.065 -0.626 -0.372
6453059.000 1726225.000 -0.059 -0.616 -0.350
6453109.000 1726225.000 -0.053 -0.636 -0.341
6453159.000 1726225.000 -0.049 -0.674 -0.335
6453209.000 1726225.000 -0.073 -0.723 -0.346
6453259.000 1726225.000 -0.080 -0.720 -0.340
6453309.000 1726225.000 -0.063 -0.654 -0.331
6453359.000 1726225.000 0.102 -0.539 -0.319
6453409.000 1726225.000 0.175 -0.541 -0.310
6453459.000 1726225.000 0.206 -0.540 -0.307
6453509.000 1726225.000 0.243 -0.482 -0.306
6453559.000 1726225.000 0.246 -0.419 -0.312
6453609.000 1726225.000 0.225 -0.420 -0.319
6453659.000 1726225.000 0.284 -0.607 -0.331
6453709.000 1726225.000 0.248 -0.819 -0.336
6453759.000 1726225.000 0.108 -0.620 -0.362
6453809.000 1726225.000 -0.033 -0.439 -0.356
6453859.000 1726225.000 -0.034 -0.167 -0.316
6453909.000 1726225.000 0.252 -0.723 -0.264
6453959.000 1726225.000 0.113 -0.629 -0.223
6454009.000 1726225.000 0.073 -0.684 -0.216
6454059.000 1726225.000 0.032 -0.724 -0.211
6454109.000 1726225.000 0.238 -0.442 -0.198
6454159.000 1726225.000 0.252 -0.458 -0.214
6454209.000 1726225.000 0.261 -0.436 -0.227
6454259.000 1726225.000 0.234 -0.545 -0.215
6454309.000 1726225.000 0.158 -0.517 -0.215
6454359.000 1726225.000 0.179 -0.539 -0.210
6454409.000 1726225.000 0.134 -0.498 -0.208
6454459.000 1726225.000 0.175 -0.435 -0.203
6454509.000 1726225.000 0.136 -0.389 -0.207
6451559.000 1726275.000 -2.512 -13.417 -2.906
6451609.000 1726275.000 -0.454 -12.749 -2.567
6451659.000 1726275.000 -5.696 -6.848 -2.365
6451709.000 1726275.000 -5.319 -8.793 -2.382
6451759.000 1726275.000 7.389 -11.556 -2.313
6451809.000 1726275.000 2.232 -19.833 -2.279
6451859.000 1726275.000 4.501 -13.613 -2.241
6451909.000 1726275.000 -5.253 -6.004 -2.506
6451959.000 1726275.000 28.445 0.658 -2.565
6452009.000 1726275.000 27.885 21.684 -2.575
6452059.000 1726275.000 26.157 19.900 -2.707
6452109.000 1726275.000 12.730 13.207 -2.765
6452159.000 1726275.000 -0.093 13.515 -2.582
6452209.000 1726275.000 -2.351 12.512 -2.700
6452259.000 1726275.000 6.088 18.249 -3.163
6452309.000 1726275.000 4.357 8.162 -3.525
6452359.000 1726275.000 -21.815 -5.988 -3.697
6452409.000 1726275.000 -23.587 -3.553 -3.587
6452459.000 1726275.000 -21.334 0.464 -2.854
6452509.000 1726275.000 -2.789 -3.611 -1.265
6452559.000 1726275.000 0.424 -0.590 -0.413
6452609.000 1726275.000 0.767 0.121 -0.292
6452659.000 1726275.000 2.007 1.287 -0.239
6452709.000 1726275.000 -0.031 -0.386 -0.311
6452759.000 1726275.000 0.105 -0.617 -0.316
6452809.000 1726275.000 0.097 -0.626 -0.324
6452859.000 1726275.000 0.047 -0.586 -0.331
6452909.000 1726275.000 0.025 -0.611 -0.340
6452959.000 1726275.000 -0.026 -0.628 -0.356
6453009.000 1726275.000 -0.043 -0.617 -0.362
6453059.000 1726275.000 -0.050 -0.607 -0.360
6453109.000 1726275.000 -0.073 -0.612 -0.375
6453159.000 1726275.000 -0.048 -0.618 -0.356
6453209.000 1726275.000 -0.047 -0.645 -0.356
6453259.000 1726275.000 0.078 -0.606 -0.350
6453309.000 1726275.000 0.074 -0.598 -0.344
6453359.000 1726275.000 0.105 -0.547 -0.327
6453409.000 1726275.000 0.163 -0.532 -0.312
6453459.000 1726275.000 0.215 -0.505 -0.295
6453509.000 1726275.000 0.225 -0.450 -0.300
6453559.000 1726275.000 0.227 -0.358 -0.307
6453609.000 1726275.000 0.185 -0.404 -0.329
6453659.000 1726275.000 0.181 -0.572 -0.341
6453709.000 1726275.000 0.177 -0.747 -0.347
6453759.000 1726275.000 -0.004 -0.547 -0.351
6453809.000 1726275.000 0.027 -0.502 -0.346
6453859.000 1726275.000 0.020 -0.304 -0.311
6453909.000 1726275.000 0.227 -0.642 -0.263
6453959.000 1726275.000 -0.146 -0.500 -0.231
6454009.000 1726275.000 -0.107 -0.578 -0.229
6454059.000 1726275.000 -0.121 -0.604 -0.223
6454109.000 1726275.000 0.222 -0.442 -0.210
6454159.000 1726275.000 0.241 -0.420 -0.224
6454209.000 1726275.000 0.235 -0.349 -0.248
6454259.000 1726275.000 0.242 -0.529 -0.219
6454309.000 1726275.000 0.113 -0.495 -0.225
6454359.000 1726275.000 0.250 -0.473 -0.229
6454409.000 1726275.000 0.221 -0.412 -0.228
6454459.000 1726275.000 0.278 -0.327 -0.224
6454509.000 1726275.000 0.328 -0.117 -0.207
6451559.000 1726325.000 1.935 -6.893 -2.463
6451609.000 1726325.000 0.394 0.582 -2.337
6451659.000 1726325.000 -1.945 1.906 -2.245
6451709.000 1726325.000 -6.543 12.062 -2.382
6451759.000 1726325.000 -13.647 18.422 -2.318
6451809.000 1726325.000 -13.783 27.891 -2.529
6451859.000 1726325.000 -31.651 29.566 -2.638
6451909.000 1726325.000 -6.785 23.871 -2.927
6451959.000 1726325.000 17.960 17.507 -2.692
6452009.000 1726325.000 19.411 20.984 -2.570
6452059.000 1726325.000 23.340 10.552 -2.600
6452109.000 1726325.000 8.022 1.554 -2.664
6452159.000 1726325.000 7.019 7.583 -2.642
6452209.000 1726325.000 4.551 13.425 -3.171
6452259.000 1726325.000 2.980 6.499 -3.523
6452309.000 1726325.000 -18.783 -8.001 -3.743
6452359.000 1726325.000 -21.037 -4.184 -3.602
6452409.000 1726325.000 -14.432 -6.906 -2.963
6452459.000 1726325.000 -1.421 -6.074 -1.361
6452509.000 1726325.000 0.623 -1.404 -0.435
6452559.000 1726325.000 0.058 -0.320 -0.317
6452609.000 1726325.000 0.680 0.104 -0.296
6452659.000 1726325.000 0.160 -0.475 -0.311
6452709.000 1726325.000 0.093 -0.533 -0.314
6452759.000 1726325.000 0.118 -0.603 -0.319
6452809.000 1726325.000 0.108 -0.623 -0.329
6452859.000 1726325.000 0.045 -0.634 -0.340
6452909.000 1726325.000 -0.010 -0.664 -0.351
6452959.000 1726325.000 -0.059 -0.692 -0.363
6453009.000 1726325.000 -0.066 -0.679 -0.351
6453059.000 1726325.000 -0.060 -0.667 -0.344
6453109.000 1726325.000 -0.086 -0.662 -0.366
6453159.000 1726325.000 -0.074 -0.654 -0.363
6453209.000 1726325.000 -0.058 -0.656 -0.358
6453259.000 1726325.000 0.118 -0.592 -0.353
6453309.000 1726325.000 0.126 -0.577 -0.348
6453359.000 1726325.000 0.137 -0.517 -0.334
6453409.000 1726325.000 0.200 -0.480 -0.317
6453459.000 1726325.000 0.226 -0.444 -0.295
6453509.000 1726325.000 0.195 -0.418 -0.297
6453559.000 1726325.000 0.295 -0.236 -0.322
6453609.000 1726325.000 0.274 -0.320 -0.344
6453659.000 1726325.000 0.280 -0.516 -0.357
6453709.000 1726325.000 0.285 -0.684 -0.349
6453759.000 1726325.000 0.223 -0.586 -0.348
6453809.000 1726325.000 0.314 -0.534 -0.345
6453859.000 1726325.000 0.129 -0.510 -0.317
6453909.000 1726325.000 0.211 -0.574 -0.266
6453959.000 1726325.000 -0.169 -0.434 -0.236
6454009.000 1726325.000 -0.138 -0.473 -0.224
6454059.000 1726325.000 -0.168 -0.527 -0.221
6454109.000 1726325.000 0.254 -0.407 -0.210
6454159.000 1726325.000 0.298 -0.388 -0.218
6454209.000 1726325.000 0.251 -0.369 -0.239
6454259.000 1726325.000 0.263 -0.496 -0.224
6454309.000 1726325.000 0.062 -0.431 -0.235
6454359.000 1726325.000 0.226 -0.513 -0.243
6454409.000 1726325.000 -0.879 0.804 -0.367
6454459.000 1726325.000 -1.063 0.922 -0.436
6454509.000 1726325.000 -2.259 2.271 -0.607
6451559.000 1726375.000 10.455 6.094 -2.225
6451609.000 1726375.000 20.498 11.990 -2.414
6451659.000 1726375.000 -11.572 12.483 -2.511
6451709.000 1726375.000 -15.515 9.296 -2.576
6451759.000 1726375.000 -18.696 12.554 -2.528
6451809.000 1726375.000 -15.721 13.964 -2.683
6451859.000 1726375.000 -10.007 13.647 -2.895
6451909.000 1726375.000 4.090 13.966 -3.006
6451959.000 1726375.000 9.699 13.071 -2.842
6452009.000 1726375.000 17.219 17.364 -2.766
6452059.000 1726375.000 22.231 2.159 -2.675
6452109.000 1726375.000 -2.948 -2.310 -2.829
6452159.000 1726375.000 6.341 10.011 -3.154
6452209.000 1726375.000 -3.837 3.028 -3.688
6452259.000 1726375.000 -14.812 -5.864 -3.731
6452309.000 1726375.000 -17.281 -6.528 -3.657
6452359.000 1726375.000 -11.309 -10.086 -3.065
6452409.000 1726375.000 5.297 -15.129 -1.633
6452459.000 1726375.000 3.316 -4.042 -0.474
6452509.000 1726375.000 0.305 -0.337 -0.318
6452559.000 1726375.000 0.658 0.021 -0.300
6452609.000 1726375.000 0.149 -0.476 -0.315
6452659.000 1726375.000 0.172 -0.541 -0.309
6452709.000 1726375.000 0.118 -0.546 -0.312
6452759.000 1726375.000 0.114 -0.611 -0.317
6452809.000 1726375.000 0.080 -0.659 -0.332
6452859.000 1726375.000 0.005 -0.694 -0.347
6452909.000 1726375.000 -0.061 -0.727 -0.362
6452959.000 1726375.000 -0.095 -0.765 -0.378
6453009.000 1726375.000 -0.108 -0.755 -0.368
6453059.000 1726375.000 -0.117 -0.746 -0.371
6453109.000 1726375.000 -0.110 -0.726 -0.371
6453159.000 1726375.000 -0.096 -0.701 -0.367
6453209.000 1726375.000 -0.057 -0.682 -0.361
6453259.000 1726375.000 0.101 -0.585 -0.361
6453309.000 1726375.000 0.109 -0.587 -0.359
6453359.000 1726375.000 0.141 -0.534 -0.348
6453409.000 1726375.000 0.197 -0.459 -0.328
6453459.000 1726375.000 0.215 -0.397 -0.301
6453509.000 1726375.000 0.063 -0.687 -0.187
6453559.000 1726375.000 0.112 -0.493 -0.198
6453609.000 1726375.000 0.072 -0.326 -0.220
6453659.000 1726375.000 0.144 -0.271 -0.340
6453709.000 1726375.000 0.332 -0.600 -0.347
6453759.000 1726375.000 0.303 -0.521 -0.344
6453809.000 1726375.000 0.316 -0.527 -0.346
6453859.000 1726375.000 0.121 -0.409 -0.320
6453909.000 1726375.000 0.118 -0.362 -0.266
6453959.000 1726375.000 -0.231 -0.338 -0.242
6454009.000 1726375.000 -0.221 -0.396 -0.244
6454059.000 1726375.000 -0.262 -0.530 -0.266
6454109.000 1726375.000 0.044 -0.581 -0.278
6454159.000 1726375.000 0.158 -0.493 -0.265
6454209.000 1726375.000 0.179 -0.418 -0.266
6454259.000 1726375.000 0.245 -0.439 -0.257
6454309.000 1726375.000 0.074 -0.333 -0.264
6454359.000 1726375.000 0.190 -0.386 -0.287
6454409.000 1726375.000 -3.896 2.057 -0.631
6454459.000 1726375.000 -4.767 2.397 -0.795
6454509.000 1726375.000 -9.404 3.789 -1.011
6451559.000 1726425.000 12.742 31.133 -2.701
6451609.000 1726425.000 -3.837 36.085 -2.966
6451659.000 1726425.000 -25.163 31.416 -3.142
6451709.000 1726425.000 -25.836 15.117 -3.000
6451759.000 1726425.000 -17.515 5.066 -2.783
6451809.000 1726425.000 -7.227 -5.413 -2.773
6451859.000 1726425.000 -0.298 -11.258 -2.903
6451909.000 1726425.000 -2.265 -9.524 -2.972
6451959.000 1726425.000 -4.382 -1.958 -2.974
6452009.000 1726425.000 0.437 7.175 -2.897
6452059.000 1726425.000 2.566 -1.161 -2.984
6452109.000 1726425.000 -4.272 -0.185 -3.202
6452159.000 1726425.000 -7.218 -4.072 -3.484
6452209.000 1726425.000 -14.520 -8.590 -3.666
6452259.000 1726425.000 -9.979 -11.227 -3.524
6452309.000 1726425.000 -8.720 -11.041 -3.028
6452359.000 1726425.000 -0.366 -8.655 -1.554
6452409.000 1726425.000 2.170 -3.387 -0.517
6452459.000 1726425.000 0.403 0.084 -0.317
6452509.000 1726425.000 0.478 -0.068 -0.316
6452559.000 1726425.000 0.114 -0.511 -0.321
6452609.000 1726425.000 0.153 -0.498 -0.314
6452659.000 1726425.000 0.166 -0.492 -0.306
6452709.000 1726425.000 0.490 -0.180 -0.295
6452759.000 1726425.000 0.513 -0.540 -0.292
6452809.000 1726425.000 0.338 -0.664 -0.307
6452859.000 1726425.000 0.095 -0.707 -0.331
6452909.000 1726425.000 -0.027 -0.759 -0.351
6452959.000 1726425.000 -0.076 -0.789 -0.364
6453009.000 1726425.000 -0.114 -0.791 -0.381
6453059.000 1726425.000 -0.120 -0.740 -0.363
6453109.000 1726425.000 -0.118 -0.700 -0.356
6453159.000 1726425.000 -0.110 -0.675 -0.354
6453209.000 1726425.000 -0.057 -0.709 -0.349
6453259.000 1726425.000 0.149 -0.557 -0.354
6453309.000 1726425.000 0.123 -0.563 -0.371
6453359.000 1726425.000 0.145 -0.502 -0.365
6453409.000 1726425.000 0.119 -0.492 -0.349
6453459.000 1726425.000 0.313 -0.477 -0.270
6453509.000 1726425.000 0.645 -0.945 -0.040
6453559.000 1726425.000 0.543 -0.631 -0.069
6453609.000 1726425.000 0.228 -0.578 -0.141
6453659.000 1726425.000 0.109 -0.187 -0.359
6453709.000 1726425.000 0.239 -0.500 -0.340
6453759.000 1726425.000 0.231 -0.508 -0.342
6453809.000 1726425.000 0.165 -0.437 -0.353
6453859.000 1726425.000 0.073 -0.407 -0.334
6453909.000 1726425.000 0.036 -0.322 -0.287
6453959.000 1726425.000 0.015 -0.409 -0.246
6454009.000 1726425.000 0.043 -0.419 -0.258
6454059.000 1726425.000 0.072 -0.540 -0.291
6454109.000 1726425.000 0.038 -0.542 -0.304
6454159.000 1726425.000 0.167 -0.604 -0.304
6454209.000 1726425.000 0.263 -0.568 -0.294
6454259.000 1726425.000 0.218 -0.498 -0.300
6454309.000 1726425.000 0.167 -0.441 -0.309
6454359.000 1726425.000 0.143 -0.416 -0.313
6454409.000 1726425.000 -1.504 0.537 -0.688
6454459.000 1726425.000 -3.083 1.317 -0.869
6454509.000 1726425.000 -11.447 3.315 -1.262
6451559.000 1726475.000 8.649 30.046 -3.138
6451609.000 1726475.000 -11.320 27.339 -3.354
6451659.000 1726475.000 -16.338 0.055 -3.325
6451709.000 1726475.000 -18.655 -4.034 -3.169
6451759.000 1726475.000 -12.031 -5.749 -2.926
6451809.000 1726475.000 -15.874 -5.848 -2.831
6451859.000 1726475.000 -2.689 -15.633 -2.798
6451909.000 1726475.000 -7.104 -14.332 -2.880
6451959.000 1726475.000 -1.778 -1.880 -3.007
6452009.000 1726475.000 -2.443 4.240 -3.102
6452059.000 1726475.000 -6.075 -0.013 -3.225
6452109.000 1726475.000 -12.809 -6.659 -3.345
6452159.000 1726475.000 -14.847 -7.952 -3.605
6452209.000 1726475.000 -14.248 -8.044 -3.518
6452259.000 1726475.000 -2.878 -11.843 -2.668
6452309.000 1726475.000 -1.472 -5.574 -1.382
6452359.000 1726475.000 0.167 -0.684 -0.448
6452409.000 1726475.000 -0.310 -0.060 -0.344
6452459.000 1726475.000 0.434 -0.068 -0.330
6452509.000 1726475.000 0.181 -0.407 -0.333
6452559.000 1726475.000 0.128 -0.494 -0.326
6452609.000 1726475.000 0.195 -0.428 -0.319
6452659.000 1726475.000 0.113 -0.462 -0.312
6452709.000 1726475.000 0.416 -0.359 -0.305
6452759.000 1726475.000 0.356 -0.478 -0.302
6452809.000 1726475.000 0.300 -0.624 -0.307
6452859.000 1726475.000 0.104 -0.702 -0.330
6452909.000 1726475.000 -0.008 -0.748 -0.342
6452959.000 1726475.000 -0.046 -0.776 -0.355
6453009.000 1726475.000 -0.071 -0.780 -0.369
6453059.000 1726475.000 -0.096 -0.746 -0.363
6453109.000 1726475.000 -0.099 -0.690 -0.347
6453159.000 1726475.000 -0.117 -0.632 -0.348
6453209.000 1726475.000 0.028 -0.624 -0.340
6453259.000 1726475.000 0.104 -0.573 -0.355
6453309.000 1726475.000 0.100 -0.585 -0.375
6453359.000 1726475.000 0.111 -0.504 -0.371
6453409.000 1726475.000 0.171 -0.465 -0.345
6453459.000 1726475.000 0.804 -0.485 -0.077
6453509.000 1726475.000 1.698 -1.037 0.170
6453559.000 1726475.000 0.700 -0.829 0.079
6453609.000 1726475.000 0.216 -0.830 -0.147
6453659.000 1726475.000 0.050 -0.401 -0.358
6453709.000 1726475.000 0.204 -0.490 -0.356
6453759.000 1726475.000 0.188 -0.482 -0.357
6453809.000 1726475.000 0.148 -0.432 -0.363
6453859.000 1726475.000 0.125 -0.417 -0.348
6453909.000 1726475.000 -0.023 -0.317 -0.321
6453959.000 1726475.000 -0.019 -0.363 -0.287
6454009.000 1726475.000 0.028 -0.350 -0.291
6454059.000 1726475.000 0.057 -0.446 -0.310
6454109.000 1726475.000 0.020 -0.504 -0.325
6454159.000 1726475.000 0.148 -0.543 -0.338
6454209.000 1726475.000 0.232 -0.508 -0.328
6454259.000 1726475.000 0.182 -0.486 -0.338
6454309.000 1726475.000 0.150 -0.439 -0.336
6454359.000 1726475.000 0.121 -0.428 -0.341
6454409.000 1726475.000 -0.296 -0.328 -0.491
6454459.000 1726475.000 -0.350 -0.140 -0.538
6454509.000 1726475.000 -0.854 1.339 -0.747
6451559.000 1726525.000 -2.447 13.738 -3.365
6451609.000 1726525.000 -3.226 -16.999 -3.477
6451659.000 1726525.000 -2.298 -27.855 -3.333
6451709.000 1726525.000 -9.929 -22.951 -3.144
6451759.000 1726525.000 -13.567 -6.243 -2.891
6451809.000 1726525.000 -10.360 -0.752 -2.726
6451859.000 1726525.000 -3.187 -18.051 -2.765
6451909.000 1726525.000 -5.050 -13.871 -2.902
6451959.000 1726525.000 -2.370 -7.380 -3.113
6452009.000 1726525.000 -11.280 -5.075 -3.064
6452059.000 1726525.000 -19.662 -6.071 -3.154
6452109.000 1726525.000 -19.901 -6.374 -3.246
6452159.000 1726525.000 -19.513 -6.518 -3.279
6452209.000 1726525.000 -15.404 -0.083 -2.029
6452259.000 1726525.000 -3.111 0.707 -0.660
6452309.000 1726525.000 -0.269 -0.074 -0.349
6452359.000 1726525.000 0.419 -0.473 -0.321
6452409.000 1726525.000 0.638 -0.503 -0.338
6452459.000 1726525.000 0.210 -0.485 -0.338
6452509.000 1726525.000 0.417 -0.607 -0.328
6452559.000 1726525.000 2.931 -1.937 -0.288
6452609.000 1726525.000 2.972 -0.336 -0.266
6452659.000 1726525.000 1.063 0.127 -0.267
6452709.000 1726525.000 0.379 0.034 -0.288
6452759.000 1726525.000 0.356 -0.584 -0.285
6452809.000 1726525.000 0.299 -0.637 -0.277
6452859.000 1726525.000 0.135 -0.712 -0.320
6452909.000 1726525.000 0.026 -0.762 -0.340
6452959.000 1726525.000 -0.001 -0.759 -0.340
6453009.000 1726525.000 -0.005 -0.742 -0.331
6453059.000 1726525.000 -0.017 -0.719 -0.331
6453109.000 1726525.000 -0.009 -0.660 -0.331
6453159.000 1726525.000 -0.006 -0.607 -0.336
6453209.000 1726525.000 0.045 -0.591 -0.337
6453259.000 1726525.000 0.105 -0.573 -0.348
6453309.000 1726525.000 0.107 -0.572 -0.369
6453359.000 1726525.000 0.128 -0.521 -0.369
6453409.000 1726525.000 0.534 -0.315 -0.131
6453459.000 1726525.000 0.964 -0.236 0.117
6453509.000 1726525.000 1.383 -0.505 0.173
6453559.000 1726525.000 0.366 -0.449 -0.098
6453609.000 1726525.000 0.233 -0.531 -0.321
6453659.000 1726525.000 0.111 -0.431 -0.393
6453709.000 1726525.000 0.146 -0.500 -0.370
6453759.000 1726525.000 0.154 -0.491 -0.361
6453809.000 1726525.000 0.122 -0.445 -0.362
6453859.000 1726525.000 0.145 -0.420 -0.350
6453909.000 1726525.000 0.125 -0.330 -0.335
6453959.000 1726525.000 0.339 -0.355 -0.318
6454009.000 1726525.000 0.163 -0.346 -0.311
6454059.000 1726525.000 0.115 -0.505 -0.324
6454109.000 1726525.000 0.103 -0.500 -0.330
6454159.000 1726525.000 0.149 -0.520 -0.346
6454209.000 1726525.000 0.193 -0.490 -0.329
6454259.000 1726525.000 0.162 -0.522 -0.349
6454309.000 1726525.000 0.118 -0.532 -0.353
6454359.000 1726525.000 0.051 -0.546 -0.362
6454409.000 1726525.000 0.162 -0.644 -0.359
6454459.000 1726525.000 0.286 -0.735 -0.357
6454509.000 1726525.000 0.961 -0.995 -0.367
6451559.000 1726575.000 -2.394 -8.543 -3.362
6451609.000 1726575.000 -0.192 -19.822 -3.207
6451659.000 1726575.000 -6.766 -20.854 -2.998
6451709.000 1726575.000 -20.337 -10.486 -2.806
6451759.000 1726575.000 -20.177 8.673 -2.636
6451809.000 1726575.000 -13.539 11.606 -2.840
6451859.000 1726575.000 -4.913 5.806 -3.025
6451909.000 1726575.000 1.826 -3.946 -3.135
6451959.000 1726575.000 -12.222 -16.455 -3.059
6452009.000 1726575.000 -16.986 -15.039 -2.913
6452059.000 1726575.000 -22.074 -8.682 -2.922
6452109.000 1726575.000 -21.007 -6.535 -2.842
6452159.000 1726575.000 -10.177 1.007 -1.222
6452209.000 1726575.000 -0.487 -0.351 -0.464
6452259.000 1726575.000 0.180 -0.397 -0.269
6452309.000 1726575.000 -0.080 -0.625 -0.268
6452359.000 1726575.000 0.096 -1.191 -0.309
6452409.000 1726575.000 -0.076 -1.594 -0.339
6452459.000 1726575.000 0.830 -2.046 -0.337
6452509.000 1726575.000 3.457 -2.664 -0.306
6452559.000 1726575.000 4.259 -2.301 -0.257
6452609.000 1726575.000 1.256 0.129 -0.175
6452659.000 1726575.000 0.615 0.186 -0.192
6452709.000 1726575.000 0.197 -0.141 -0.238
6452759.000 1726575.000 0.157 -0.693 -0.263
6452809.000 1726575.000 0.156 -0.625 -0.206
6452859.000 1726575.000 0.123 -0.668 -0.225
6452909.000 1726575.000 0.021 -0.717 -0.292
6452959.000 1726575.000 0.031 -0.734 -0.300
6453009.000 1726575.000 0.031 -0.730 -0.295
6453059.000 1726575.000 0.044 -0.748 -0.302
6453109.000 1726575.000 0.019 -0.653 -0.317
6453159.000 1726575.000 -0.031 -0.588 -0.335
6453209.000 1726575.000 0.019 -0.596 -0.341
6453259.000 1726575.000 0.090 -0.567 -0.345
6453309.000 1726575.000 0.127 -0.543 -0.348
6453359.000 1726575.000 -0.023 -0.521 -0.362
6453409.000 1726575.000 0.159 0.020 -0.127
6453459.000 1726575.000 -0.030 0.615 0.039
6453509.000 1726575.000 0.511 0.269 -0.013
6453559.000 1726575.000 0.204 -0.425 -0.230
6453609.000 1726575.000 0.173 -0.547 -0.415
6453659.000 1726575.000 0.182 -0.525 -0.375
6453709.000 1726575.000 0.161 -0.509 -0.378
6453759.000 1726575.000 0.157 -0.486 -0.366
6453809.000 1726575.000 0.155 -0.473 -0.359
6453859.000 1726575.000 0.220 -0.481 -0.344
6453909.000 1726575.000 0.262 -0.501 -0.335
6453959.000 1726575.000 0.273 -0.404 -0.324
6454009.000 1726575.000 0.166 -0.454 -0.321
6454059.000 1726575.000 0.325 -0.207 -0.341
6454109.000 1726575.000 0.320 -0.364 -0.370
6454159.000 1726575.000 0.332 -0.457 -0.392
6454209.000 1726575.000 0.244 -0.503 -0.358
6454259.000 1726575.000 0.175 -0.554 -0.355
6454309.000 1726575.000 0.125 -0.602 -0.359
6454359.000 1726575.000 0.061 -0.589 -0.365
6454409.000 1726575.000 0.025 -0.544 -0.353
6454459.000 1726575.000 0.065 -0.553 -0.346
6454509.000 1726575.000 0.183 -0.445 -0.333
6451559.000 1726625.000 -2.014 -8.064 -2.956
6451609.000 1726625.000 -0.288 5.360 -2.443
6451659.000 1726625.000 -8.614 7.560 -2.289
6451709.000 1726625.000 -11.814 10.378 -2.342
6451759.000 1726625.000 -15.600 19.199 -2.623
6451809.000 1726625.000 -12.272 20.008 -2.882
6451859.000 1726625.000 -18.460 2.367 -2.933
6451909.000 1726625.000 -17.724 -10.280 -2.847
6451959.000 1726625.000 -17.802 -14.088 -2.759
6452009.000 1726625.000 -23.409 -6.650 -2.511
6452059.000 1726625.000 -14.855 -7.971 -2.294
6452109.000 1726625.000 -4.228 -5.079 -1.157
6452159.000 1726625.000 -0.038 -0.185 -0.205
6452209.000 1726625.000 0.289 -0.566 -0.213
6452259.000 1726625.000 0.428 -0.918 -0.239
6452309.000 1726625.000 -0.442 -1.272 -0.267
6452359.000 1726625.000 -0.763 -1.380 -0.273
6452409.000 1726625.000 -0.225 -1.279 -0.243
6452459.000 1726625.000 1.622 -1.762 -0.213
6452509.000 1726625.000 1.398 -1.259 -0.165
6452559.000 1726625.000 1.360 -0.514 -0.089
6452609.000 1726625.000 0.828 0.411 -0.014
6452659.000 1726625.000 0.608 0.090 -0.044
6452709.000 1726625.000 0.348 -0.238 -0.125
6452759.000 1726625.000 0.265 -0.927 -0.204
6452809.000 1726625.000 0.060 -0.856 -0.200
6452859.000 1726625.000 0.070 -0.779 -0.197
6452909.000 1726625.000 0.001 -0.744 -0.260
6452959.000 1726625.000 -0.000 -0.741 -0.275
6453009.000 1726625.000 0.006 -0.739 -0.273
6453059.000 1726625.000 -0.004 -0.709 -0.277
6453109.000 1726625.000 -0.060 -0.553 -0.300
6453159.000 1726625.000 -0.097 -0.546 -0.329
6453209.000 1726625.000 0.017 -0.629 -0.344
6453259.000 1726625.000 0.078 -0.574 -0.345
6453309.000 1726625.000 0.067 -0.516 -0.349
6453359.000 1726625.000 -0.075 -0.472 -0.349
6453409.000 1726625.000 -0.333 0.068 -0.153
6453459.000 1726625.000 -0.340 0.158 -0.156
6453509.000 1726625.000 0.402 -0.248 -0.188
6453559.000 1726625.000 0.120 -0.593 -0.391
6453609.000 1726625.000 0.082 -0.570 -0.417
6453659.000 1726625.000 0.177 -0.521 -0.371
6453709.000 1726625.000 0.172 -0.516 -0.370
6453759.000 1726625.000 0.190 -0.547 -0.364
6453809.000 1726625.000 0.176 -0.567 -0.364
6453859.000 1726625.000 0.203 -0.599 -0.353
6453909.000 1726625.000 0.217 -0.563 -0.343
6453959.000 1726625.000 0.200 -0.554 -0.334
6454009.000 1726625.000 0.126 -0.569 -0.339
6454059.000 1726625.000 0.207 -0.411 -0.372
6454109.000 1726625.000 0.230 -0.426 -0.396
6454159.000 1726625.000 0.385 -0.447 -0.398
6454209.000 1726625.000 0.294 -0.520 -0.369
6454259.000 1726625.000 0.443 -0.388 -0.366
6454309.000 1726625.000 0.400 -0.328 -0.358
6454359.000 1726625.000 0.347 -0.486 -0.370
6454409.000 1726625.000 0.132 -0.660 -0.370
6454459.000 1726625.000 0.224 -0.714 -0.372
6454509.000 1726625.000 0.195 -0.506 -0.367
6451559.000 1726675.000 -1.525 -3.081 -2.539
6451609.000 1726675.000 -0.306 -8.004 -2.376
6451659.000 1726675.000 -0.742 -3.683 -2.377
6451709.000 1726675.000 -4.141 3.745 -2.483
6451759.000 1726675.000 -6.705 -1.236 -2.664
6451809.000 1726675.000 -4.668 -3.618 -2.735
6451859.000 1726675.000 -11.719 -3.978 -2.668
6451909.000 1726675.000 -10.818 -6.005 -2.371
6451959.000 1726675.000 -12.647 -7.810 -2.279
6452009.000 1726675.000 -3.253 -7.278 -1.188
6452059.000 1726675.000 -1.447 -3.480 -0.365
6452109.000 1726675.000 -0.286 -1.627 -0.108
6452159.000 1726675.000 -0.005 -0.371 -0.109
6452209.000 1726675.000 -0.066 -0.036 -0.122
6452259.000 1726675.000 -0.588 -0.476 -0.158
6452309.000 1726675.000 -0.368 -0.559 -0.141
6452359.000 1726675.000 -0.076 -0.557 -0.107
6452409.000 1726675.000 0.027 -0.513 -0.065
6452459.000 1726675.000 0.128 -0.612 -0.032
6452509.000 1726675.000 0.381 -0.721 -0.026
6452559.000 1726675.000 0.539 -0.551 -0.028
6452609.000 1726675.000 0.455 -0.643 -0.086
6452659.000 1726675.000 0.420 -0.790 -0.150
6452709.000 1726675.000 0.315 -1.041 -0.197
6452759.000 1726675.000 0.239 -1.013 -0.231
6452809.000 1726675.000 -0.001 -0.910 -0.231
6452859.000 1726675.000 0.001 -0.841 -0.221
6452909.000 1726675.000 0.008 -0.824 -0.233
6452959.000 1726675.000 -0.006 -0.809 -0.257
6453009.000 1726675.000 0.001 -0.827 -0.258
6453059.000 1726675.000 -0.054 -0.654 -0.270
6453109.000 1726675.000 -0.111 -0.537 -0.295
6453159.000 1726675.000 -0.130 -0.571 -0.330
6453209.000 1726675.000 0.047 -0.691 -0.344
6453259.000 1726675.000 -0.059 -0.668 -0.357
6453309.000 1726675.000 -0.035 -0.617 -0.362
6453359.000 1726675.000 -0.418 -0.228 -0.354
6453409.000 1726675.000 -0.442 -0.099 -0.347
6453459.000 1726675.000 -0.410 -0.073 -0.342
6453509.000 1726675.000 0.249 -0.574 -0.338
6453559.000 1726675.000 0.264 -0.542 -0.342
6453609.000 1726675.000 0.249 -0.441 -0.351
6453659.000 1726675.000 0.249 -0.486 -0.360
6453709.000 1726675.000 0.237 -0.490 -0.365
6453759.000 1726675.000 0.220 -0.554 -0.369
6453809.000 1726675.000 0.227 -0.530 -0.373
6453859.000 1726675.000 0.224 -0.591 -0.364
6453909.000 1726675.000 0.171 -0.667 -0.358
6453959.000 1726675.000 0.096 -0.616 -0.348
6454009.000 1726675.000 0.084 -0.601 -0.352
6454059.000 1726675.000 0.127 -0.449 -0.375
6454109.000 1726675.000 0.254 -0.338 -0.391
6454159.000 1726675.000 0.478 -0.182 -0.393
6454209.000 1726675.000 0.461 -0.212 -0.380
6454259.000 1726675.000 0.490 -0.141 -0.368
6454309.000 1726675.000 0.474 -0.097 -0.349
6454359.000 1726675.000 0.457 -0.305 -0.345
6454409.000 1726675.000 0.289 -0.593 -0.361
6454459.000 1726675.000 0.308 -0.604 -0.369
6454509.000 1726675.000 0.313 -0.526 -0.384
6451559.000 1726725.000 -0.688 -6.289 -2.090
6451609.000 1726725.000 -0.283 -6.938 -2.203
6451659.000 1726725.000 0.054 -7.347 -2.436
6451709.000 1726725.000 2.217 -7.504 -2.631
6451759.000 1726725.000 1.378 -4.854 -2.254
6451809.000 1726725.000 2.374 -2.563 -1.613
6451859.000 1726725.000 -0.029 -1.478 -1.027
6451909.000 1726725.000 -0.304 -1.893 -0.629
6451959.000 1726725.000 -0.808 -2.735 -0.339
6452009.000 1726725.000 -0.364 -1.805 0.010
6452059.000 1726725.000 -1.036 -1.059 0.072
6452109.000 1726725.000 -0.124 -0.343 -0.013
6452159.000 1726725.000 0.486 -0.284 -0.072
6452209.000 1726725.000 0.184 -0.189 -0.090
6452259.000 1726725.000 -0.049 -0.373 -0.100
6452309.000 1726725.000 0.177 -0.381 -0.064
6452359.000 1726725.000 0.176 -0.444 -0.032
6452409.000 1726725.000 0.294 -0.793 -0.015
6452459.000 1726725.000 0.277 -0.788 -0.034
6452509.000 1726725.000 0.092 -0.728 -0.109
6452559.000 1726725.000 0.041 -0.843 -0.228
6452609.000 1726725.000 -0.087 -0.984 -0.332
6452659.000 1726725.000 0.066 -1.048 -0.331
6452709.000 1726725.000 0.052 -1.005 -0.336
6452759.000 1726725.000 0.211 -1.006 -0.286
6452809.000 1726725.000 -0.044 -0.894 -0.294
6452859.000 1726725.000 -0.057 -0.821 -0.286
6452909.000 1726725.000 -0.033 -0.806 -0.280
6452959.000 1726725.000 -0.008 -0.804 -0.277
6453009.000 1726725.000 -0.016 -0.819 -0.272
6453059.000 1726725.000 -0.082 -0.695 -0.286
6453109.000 1726725.000 -0.143 -0.592 -0.312
6453159.000 1726725.000 -0.157 -0.629 -0.341
6453209.000 1726725.000 0.072 -0.709 -0.349
6453259.000 1726725.000 0.046 -0.751 -0.367
6453309.000 1726725.000 0.035 -0.671 -0.377
6453359.000 1726725.000 0.055 -0.689 -0.364
6453409.000 1726725.000 0.075 -0.613 -0.356
6453459.000 1726725.000 0.217 -0.608 -0.340
6453509.000 1726725.000 0.198 -0.562 -0.349
6453559.000 1726725.000 0.242 -0.566 -0.348
6453609.000 1726725.000 0.233 -0.486 -0.355
6453659.000 1726725.000 0.235 -0.481 -0.360
6453709.000 1726725.000 0.277 -0.512 -0.365
6453759.000 1726725.000 0.243 -0.634 -0.374
6453809.000 1726725.000 0.242 -0.554 -0.380
6453859.000 1726725.000 0.167 -0.528 -0.372
6453909.000 1726725.000 0.049 -0.602 -0.372
6453959.000 1726725.000 0.056 -0.606 -0.364
6454009.000 1726725.000 0.040 -0.589 -0.368
6454059.000 1726725.000 0.099 -0.598 -0.357
6454109.000 1726725.000 0.119 -0.583 -0.349
6454159.000 1726725.000 0.237 -0.606 -0.349
6454209.000 1726725.000 0.309 -0.253 -0.358
6454259.000 1726725.000 0.529 -0.145 -0.370
6454309.000 1726725.000 0.741 0.005 -0.360
6454359.000 1726725.000 0.933 0.045 -0.320
6454409.000 1726725.000 0.684 -0.187 -0.329
6454459.000 1726725.000 0.416 -0.579 -0.369
6454509.000 1726725.000 0.275 -0.508 -0.381
6451559.000 1726775.000 -0.334 -1.269 -0.731
6451609.000 1726775.000 -0.377 -1.719 -0.859
6451659.000 1726775.000 -0.635 -1.603 -1.006
6451709.000 1726775.000 -0.242 -1.241 -1.031
6451759.000 1726775.000 0.535 -0.810 -0.806
6451809.000 1726775.000 1.126 -1.024 -0.562
6451859.000 1726775.000 0.562 -1.001 -0.296
6451909.000 1726775.000 0.204 -0.935 -0.062
6451959.000 1726775.000 0.154 -1.026 0.032
6452009.000 1726775.000 0.145 -1.378 0.037
6452059.000 1726775.000 0.041 -1.367 -0.025
6452109.000 1726775.000 0.519 -1.414 -0.093
6452159.000 1726775.000 1.517 0.232 -0.103
6452209.000 1726775.000 -0.845 1.271 -0.134
6452259.000 1726775.000 -0.066 0.370 -0.091
6452309.000 1726775.000 -0.285 -0.977 -0.050
6452359.000 1726775.000 0.225 -0.963 -0.021
6452409.000 1726775.000 0.325 -0.917 -0.011
6452459.000 1726775.000 0.229 -0.862 -0.105
6452509.000 1726775.000 -0.011 -0.930 -0.276
6452559.000 1726775.000 0.077 -1.867 -0.822
6452609.000 1726775.000 -0.145 -2.319 -1.347
6452659.000 1726775.000 0.009 -2.257 -1.333
6452709.000 1726775.000 -0.575 -0.737 -0.901
6452759.000 1726775.000 0.182 -0.931 -0.367
6452809.000 1726775.000 -0.057 -0.797 -0.353
6452859.000 1726775.000 -0.095 -0.758 -0.345
6452909.000 1726775.000 -0.044 -0.804 -0.322
6452959.000 1726775.000 -0.003 -0.813 -0.307
6453009.000 1726775.000 -0.058 -0.826 -0.307
6453059.000 1726775.000 -0.128 -0.714 -0.328
6453109.000 1726775.000 -0.161 -0.693 -0.349
6453159.000 1726775.000 -0.165 -0.728 -0.366
6453209.000 1726775.000 -0.017 -0.911 -0.378
6453259.000 1726775.000 -0.015 -0.762 -0.386
6453309.000 1726775.000 0.007 -0.749 -0.391
6453359.000 1726775.000 0.078 -0.700 -0.383
6453409.000 1726775.000 0.117 -0.647 -0.372
6453459.000 1726775.000 0.203 -0.578 -0.356
6453509.000 1726775.000 0.238 -0.562 -0.355
6453559.000 1726775.000 0.262 -0.583 -0.357
6453609.000 1726775.000 0.291 -0.564 -0.363
6453659.000 1726775.000 0.314 -0.565 -0.367
6453709.000 1726775.000 0.433 -0.531 -0.375
6453759.000 1726775.000 0.332 -0.677 -0.382
6453809.000 1726775.000 0.247 -0.517 -0.385
6453859.000 1726775.000 0.567 -0.298 -0.405
6453909.000 1726775.000 0.292 -0.421 -0.420
6453959.000 1726775.000 0.201 -0.480 -0.414
6454009.000 1726775.000 0.062 -0.580 -0.370
6454059.000 1726775.000 0.099 -0.603 -0.356
6454109.000 1726775.000 0.169 -0.582 -0.351
6454159.000 1726775.000 0.298 -0.626 -0.351
6454209.000 1726775.000 0.371 -0.215 -0.350
6454259.000 1726775.000 0.516 -0.301 -0.357
6454309.000 1726775.000 0.653 -0.049 -0.361
6454359.000 1726775.000 0.629 -0.116 -0.342
6454409.000 1726775.000 0.603 -0.080 -0.333
6454459.000 1726775.000 0.293 -0.516 -0.371
6454509.000 1726775.000 0.263 -0.468 -0.374
6451559.000 1726825.000 -0.046 1.105 0.010
6451609.000 1726825.000 -0.259 0.852 -0.003
6451659.000 1726825.000 -0.911 1.439 0.058
6451709.000 1726825.000 -0.442 0.300 -0.005
6451759.000 1726825.000 -0.003 -0.819 -0.098
6451809.000 1726825.000 0.438 -1.262 -0.093
6451859.000 1726825.000 0.220 -1.298 0.002
6451909.000 1726825.000 0.114 -1.383 0.074
6451959.000 1726825.000 0.200 -1.954 -0.083
6452009.000 1726825.000 0.354 -3.088 -0.182
6452059.000 1726825.000 3.012 -4.763 -0.091
6452109.000 1726825.000 9.903 -1.793 -0.083
6452159.000 1726825.000 -2.984 2.225 -0.196
6452209.000 1726825.000 -2.526 1.696 -0.224
6452259.000 1726825.000 -0.269 0.131 -0.146
6452309.000 1726825.000 0.242 -0.405 -0.098
6452359.000 1726825.000 0.344 -0.473 -0.081
6452409.000 1726825.000 0.314 -0.702 -0.089
6452459.000 1726825.000 0.105 -0.915 -0.262
6452509.000 1726825.000 -0.130 -1.029 -0.413
6452559.000 1726825.000 0.048 -1.682 -0.781
6452609.000 1726825.000 -0.164 -1.760 -1.171
6452659.000 1726825.000 0.133 -1.464 -1.144
6452709.000 1726825.000 -0.399 -0.387 -0.860
6452759.000 1726825.000 0.088 -0.956 -0.425
6452809.000 1726825.000 -0.049 -0.886 -0.414
6452859.000 1726825.000 -0.055 -0.955 -0.417
6452909.000 1726825.000 -0.027 -0.899 -0.383
6452959.000 1726825.000 0.000 -0.891 -0.352
6453009.000 1726825.000 -0.086 -0.820 -0.353
6453059.000 1726825.000 -0.139 -0.745 -0.377
6453109.000 1726825.000 -0.152 -0.788 -0.392
6453159.000 1726825.000 -0.156 -0.749 -0.390
6453209.000 1726825.000 0.019 -0.942 -0.397
6453259.000 1726825.000 -0.014 -0.800 -0.398
6453309.000 1726825.000 -0.001 -0.718 -0.393
6453359.000 1726825.000 0.110 -0.626 -0.378
6453409.000 1726825.000 0.140 -0.589 -0.366
6453459.000 1726825.000 0.251 -0.533 -0.361
6453509.000 1726825.000 0.254 -0.552 -0.379
6453559.000 1726825.000 0.256 -0.573 -0.380
6453609.000 1726825.000 0.216 -0.607 -0.380
6453659.000 1726825.000 0.232 -0.643 -0.367
6453709.000 1726825.000 0.256 -0.612 -0.377
6453759.000 1726825.000 0.284 -0.634 -0.385
6453809.000 1726825.000 0.349 -0.399 -0.388
6453859.000 1726825.000 0.400 -0.364 -0.422
6453909.000 1726825.000 0.239 -0.413 -0.443
6453959.000 1726825.000 0.243 -0.457 -0.426
6454009.000 1726825.000 0.108 -0.635 -0.381
6454059.000 1726825.000 0.190 -0.659 -0.366
6454109.000 1726825.000 0.197 -0.583 -0.358
6454159.000 1726825.000 0.286 -0.611 -0.356
6454209.000 1726825.000 0.333 -0.557 -0.356
6454259.000 1726825.000 0.377 -0.550 -0.366
6454309.000 1726825.000 0.483 -0.256 -0.387
6454359.000 1726825.000 0.630 -0.172 -0.389
6454409.000 1726825.000 0.613 -0.088 -0.370
6454459.000 1726825.000 0.209 -0.576 -0.392
6454509.000 1726825.000 0.092 -0.581 -0.393
6451559.000 1726875.000 -0.317 -1.904 0.148
6451609.000 1726875.000 -0.273 -1.730 0.143
6451659.000 1726875.000 -0.176 -1.452 0.174
6451709.000 1726875.000 -0.166 -1.377 0.115
6451759.000 1726875.000 -0.105 -1.462 -0.017
6451809.000 1726875.000 0.092 -1.682 -0.143
6451859.000 1726875.000 0.193 -1.640 -0.163
6451909.000 1726875.000 0.129 -1.485 -0.095
6451959.000 1726875.000 0.252 -1.650 -0.237
6452009.000 1726875.000 0.468 -2.670 -0.297
6452059.000 1726875.000 6.365 -4.495 -0.147
6452109.000 1726875.000 0.500 -1.121 -0.263
6452159.000 1726875.000 -1.166 -0.648 -0.197
6452209.000 1726875.000 1.348 -1.173 -0.184
6452259.000 1726875.000 1.912 -1.395 -0.122
6452309.000 1726875.000 0.663 -0.575 -0.174
6452359.000 1726875.000 0.361 -0.599 -0.171
6452409.000 1726875.000 0.155 -0.737 -0.248
6452459.000 1726875.000 0.026 -0.978 -0.377
6452509.000 1726875.000 -0.114 -1.062 -0.467
6452559.000 1726875.000 0.359 -2.012 -0.817
6452609.000 1726875.000 -0.201 -1.990 -1.284
6452659.000 1726875.000 0.277 -1.960 -1.257
6452709.000 1726875.000 -0.162 -1.097 -0.950
6452759.000 1726875.000 0.132 -1.106 -0.449
6452809.000 1726875.000 -0.046 -0.973 -0.430
6452859.000 1726875.000 -0.037 -1.010 -0.431
6452909.000 1726875.000 -0.010 -0.971 -0.402
6452959.000 1726875.000 -0.029 -0.870 -0.396
6453009.000 1726875.000 -0.100 -0.808 -0.398
6453059.000 1726875.000 -0.138 -0.746 -0.417
6453109.000 1726875.000 -0.136 -0.799 -0.412
6453159.000 1726875.000 -0.109 -0.740 -0.403
6453209.000 1726875.000 0.011 -0.913 -0.408
6453259.000 1726875.000 -0.058 -0.811 -0.400
6453309.000 1726875.000 -0.026 -0.736 -0.390
6453359.000 1726875.000 0.115 -0.613 -0.369
6453409.000 1726875.000 0.208 -0.583 -0.358
6453459.000 1726875.000 0.220 -0.389 -0.381
6453509.000 1726875.000 0.200 -0.399 -0.401
6453559.000 1726875.000 0.186 -0.383 -0.400
6453609.000 1726875.000 0.235 -0.597 -0.377
6453659.000 1726875.000 0.243 -0.651 -0.366
6453709.000 1726875.000 0.210 -0.558 -0.375
6453759.000 1726875.000 0.199 -0.559 -0.386
6453809.000 1726875.000 0.238 -0.508 -0.401
6453859.000 1726875.000 0.124 -0.333 -0.416
6453909.000 1726875.000 0.111 -0.348 -0.423
6453959.000 1726875.000 -0.348 0.040 -0.447
6454009.000 1726875.000 0.152 -0.636 -0.383
6454059.000 1726875.000 0.147 -0.679 -0.374
6454109.000 1726875.000 0.204 -0.611 -0.367
6454159.000 1726875.000 0.359 -0.555 -0.362
6454209.000 1726875.000 0.381 -0.547 -0.369
6454259.000 1726875.000 0.401 -0.546 -0.380
6454309.000 1726875.000 0.397 -0.555 -0.396
6454359.000 1726875.000 0.379 -0.445 -0.404
6454409.000 1726875.000 0.266 -0.467 -0.397
6454459.000 1726875.000 0.187 -0.460 -0.393
6454509.000 1726875.000 0.151 -0.501 -0.392
6451559.000 1726925.000 0.233 -2.149 -0.152
6451609.000 1726925.000 -0.100 -1.767 -0.022
6451659.000 1726925.000 -0.134 -1.546 0.087
6451709.000 1726925.000 -0.127 -1.611 -0.050
6451759.000 1726925.000 0.053 -1.757 -0.195
6451809.000 1726925.000 0.417 -2.095 -0.370
6451859.000 1726925.000 0.399 -1.755 -0.300
6451909.000 1726925.000 0.245 -1.392 -0.213
6451959.000 1726925.000 0.257 -1.459 -0.357
6452009.000 1726925.000 0.162 -1.734 -0.481
6452059.000 1726925.000 0.565 -0.773 -0.497
6452109.000 1726925.000 -0.125 -0.639 -0.393
6452159.000 1726925.000 -0.549 -0.720 -0.297
6452209.000 1726925.000 0.674 -1.135 -0.295
6452259.000 1726925.000 0.964 -1.200 -0.268
6452309.000 1726925.000 0.695 -0.845 -0.283
6452359.000 1726925.000 0.342 -0.776 -0.327
6452409.000 1726925.000 0.031 -0.968 -0.505
6452459.000 1726925.000 0.020 -1.022 -0.495
6452509.000 1726925.000 -0.091 -1.039 -0.532
6452559.000 1726925.000 -0.009 -1.258 -0.553
6452609.000 1726925.000 0.122 -1.652 -0.608
6452659.000 1726925.000 0.277 -1.663 -0.558
6452709.000 1726925.000 0.084 -1.241 -0.503
6452759.000 1726925.000 -0.022 -1.003 -0.429
6452809.000 1726925.000 -0.028 -0.984 -0.413
6452859.000 1726925.000 0.017 -1.057 -0.415
6452909.000 1726925.000 0.031 -1.042 -0.406
6452959.000 1726925.000 -0.039 -0.843 -0.420
6453009.000 1726925.000 -0.086 -0.752 -0.417
6453059.000 1726925.000 -0.110 -0.748 -0.427
6453109.000 1726925.000 -0.090 -0.799 -0.409
6453159.000 1726925.000 -0.096 -0.773 -0.402
6453209.000 1726925.000 -0.028 -0.859 -0.397
6453259.000 1726925.000 -0.078 -0.746 -0.390
6453309.000 1726925.000 -0.006 -0.701 -0.381
6453359.000 1726925.000 0.090 -0.609 -0.368
6453409.000 1726925.000 0.208 -0.568 -0.360
6453459.000 1726925.000 0.185 -0.396 -0.384
6453509.000 1726925.000 0.187 -0.406 -0.400
6453559.000 1726925.000 0.194 -0.335 -0.393
6453609.000 1726925.000 0.175 -0.607 -0.373
6453659.000 1726925.000 0.171 -0.570 -0.364
6453709.000 1726925.000 0.172 -0.541 -0.373
6453759.000 1726925.000 0.128 -0.476 -0.387
6453809.000 1726925.000 0.179 -0.491 -0.407
6453859.000 1726925.000 0.034 -0.438 -0.375
6453909.000 1726925.000 0.005 -0.457 -0.369
6453959.000 1726925.000 -1.192 0.318 -0.381
6454009.000 1726925.000 0.116 -0.523 -0.394
6454059.000 1726925.000 0.141 -0.558 -0.394
6454109.000 1726925.000 0.240 -0.440 -0.393
6454159.000 1726925.000 0.347 -0.469 -0.383
6454209.000 1726925.000 0.334 -0.471 -0.387
6454259.000 1726925.000 0.326 -0.488 -0.391
6454309.000 1726925.000 0.333 -0.548 -0.401
6454359.000 1726925.000 0.365 -0.519 -0.404
6454409.000 1726925.000 0.338 -0.547 -0.403
6454459.000 1726925.000 0.227 -0.422 -0.399
6454509.000 1726925.000 0.218 -0.509 -0.398
6451559.000 1726975.000 -0.032 -2.165 -0.355
6451609.000 1726975.000 -0.121 -1.870 -0.149
6451659.000 1726975.000 -0.113 -1.750 -0.108
6451709.000 1726975.000 -0.095 -1.726 -0.168
6451759.000 1726975.000 0.076 -1.665 -0.136
6451809.000 1726975.000 0.161 -1.673 -0.160
6451859.000 1726975.000 0.275 -1.546 -0.206
6451909.000 1726975.000 0.317 -1.477 -0.264
6451959.000 1726975.000 0.227 -1.519 -0.346
6452009.000 1726975.000 -0.059 -1.328 -0.413
6452059.000 1726975.000 0.126 -0.841 -0.472
6452109.000 1726975.000 0.084 -0.470 -0.487
6452159.000 1726975.000 0.010 -0.646 -0.494
6452209.000 1726975.000 0.068 -0.829 -0.503
6452259.000 1726975.000 0.182 -0.914 -0.488
6452309.000 1726975.000 0.136 -0.943 -0.506
6452359.000 1726975.000 0.107 -0.978 -0.500
6452409.000 1726975.000 0.034 -1.108 -0.578
6452459.000 1726975.000 0.041 -1.075 -0.540
6452509.000 1726975.000 -0.026 -1.074 -0.556
6452559.000 1726975.000 0.115 -1.214 -0.571
6452609.000 1726975.000 0.202 -1.445 -0.627
6452659.000 1726975.000 0.253 -1.434 -0.566
6452709.000 1726975.000 0.096 -1.205 -0.492
6452759.000 1726975.000 0.021 -1.020 -0.409
6452809.000 1726975.000 0.000 -0.973 -0.386
6452859.000 1726975.000 0.014 -1.009 -0.383
6452909.000 1726975.000 0.101 -0.949 -0.384
6452959.000 1726975.000 -0.036 -0.582 -0.401
6453009.000 1726975.000 -0.081 -0.615 -0.411
6453059.000 1726975.000 -0.101 -0.762 -0.412
6453109.000 1726975.000 -0.091 -0.803 -0.397
6453159.000 1726975.000 -0.097 -0.798 -0.390
6453209.000 1726975.000 -0.061 -0.805 -0.385
6453259.000 1726975.000 -0.053 -0.740 -0.380
6453309.000 1726975.000 0.010 -0.665 -0.374
6453359.000 1726975.000 0.005 -0.369 -0.383
6453409.000 1726975.000 0.084 -0.369 -0.381
6453459.000 1726975.000 -0.002 -0.173 -0.394
6453509.000 1726975.000 0.140 -0.314 -0.376
6453559.000 1726975.000 0.122 -0.093 -0.370
6453609.000 1726975.000 0.200 -0.639 -0.358
6453659.000 1726975.000 0.163 -0.582 -0.362
6453709.000 1726975.000 0.117 -0.545 -0.372
6453759.000 1726975.000 0.098 -0.493 -0.389
6453809.000 1726975.000 0.108 -0.500 -0.400
6453859.000 1726975.000 -0.081 -0.390 -0.364
6453909.000 1726975.000 -0.305 -0.375 -0.358
6453959.000 1726975.000 -4.835 -4.120 -0.345
6454009.000 1726975.000 0.051 -0.437 -0.394
6454059.000 1726975.000 0.106 -0.483 -0.403
6454109.000 1726975.000 0.247 -0.388 -0.405
6454159.000 1726975.000 0.336 -0.445 -0.395
6454209.000 1726975.000 0.352 -0.466 -0.397
6454259.000 1726975.000 0.340 -0.513 -0.401
6454309.000 1726975.000 0.339 -0.515 -0.399
6454359.000 1726975.000 0.341 -0.520 -0.398
6454409.000 1726975.000 0.310 -0.487 -0.400
6454459.000 1726975.000 0.259 -0.480 -0.404
6454509.000 1726975.000 0.130 -0.478 -0.415
6451559.000 1727025.000 -0.227 -2.308 -0.611
6451609.000 1727025.000 -0.220 -1.973 -0.332
6451659.000 1727025.000 -0.155 -1.853 -0.240
6451709.000 1727025.000 -0.036 -1.792 -0.208
6451759.000 1727025.000 0.168 -1.757 -0.168
6451809.000 1727025.000 0.233 -1.698 -0.173
6451859.000 1727025.000 0.316 -1.505 -0.207
6451909.000 1727025.000 0.340 -1.533 -0.254
6451959.000 1727025.000 0.313 -1.565 -0.353
6452009.000 1727025.000 0.124 -1.462 -0.466
6452059.000 1727025.000 0.457 -1.167 -0.556
6452109.000 1727025.000 0.281 -1.054 -0.535
6452159.000 1727025.000 0.169 -1.095 -0.551
6452209.000 1727025.000 0.028 -1.091 -0.580
6452259.000 1727025.000 -0.017 -1.068 -0.585
6452309.000 1727025.000 0.008 -1.044 -0.556
6452359.000 1727025.000 0.020 -1.027 -0.533
6452409.000 1727025.000 0.076 -1.082 -0.560
6452459.000 1727025.000 0.105 -1.063 -0.533
6452509.000 1727025.000 0.141 -1.019 -0.506
6452559.000 1727025.000 0.098 -0.995 -0.459
6452609.000 1727025.000 0.167 -0.979 -0.447
6452659.000 1727025.000 0.113 -1.016 -0.429
6452709.000 1727025.000 0.094 -1.010 -0.418
6452759.000 1727025.000 0.066 -1.024 -0.398
6452809.000 1727025.000 0.057 -0.960 -0.369
6452859.000 1727025.000 0.059 -0.942 -0.366
6452909.000 1727025.000 0.229 -1.018 -0.351
6452959.000 1727025.000 0.089 -0.874 -0.359
6453009.000 1727025.000 0.008 -0.798 -0.354
6453059.000 1727025.000 -0.079 -0.857 -0.380
6453109.000 1727025.000 -0.085 -0.853 -0.382
6453159.000 1727025.000 -0.097 -0.846 -0.377
6453209.000 1727025.000 -0.033 -0.858 -0.377
6453259.000 1727025.000 -0.061 -0.700 -0.376
6453309.000 1727025.000 0.340 -0.828 -0.376
6453359.000 1727025.000 0.203 -0.546 -0.410
6453409.000 1727025.000 0.210 -0.564 -0.414
6453459.000 1727025.000 0.056 -0.354 -0.385
6453509.000 1727025.000 0.210 -0.600 -0.357
6453559.000 1727025.000 0.136 -0.536 -0.353
6453609.000 1727025.000 0.154 -0.578 -0.357
6453659.000 1727025.000 0.154 -0.549 -0.364
6453709.000 1727025.000 0.130 -0.546 -0.375
6453759.000 1727025.000 0.103 -0.500 -0.389
6453809.000 1727025.000 0.098 -0.504 -0.396
6453859.000 1727025.000 0.147 -0.505 -0.393
6453909.000 1727025.000 0.227 -0.594 -0.387
6453959.000 1727025.000 0.215 -0.634 -0.385
6454009.000 1727025.000 0.049 -0.435 -0.401
6454059.000 1727025.000 0.171 -0.462 -0.418
6454109.000 1727025.000 0.217 -0.405 -0.423
6454159.000 1727025.000 0.295 -0.524 -0.424
6454209.000 1727025.000 0.330 -0.506 -0.417
6454259.000 1727025.000 0.331 -0.551 -0.413
6454309.000 1727025.000 0.355 -0.511 -0.398
6454359.000 1727025.000 0.358 -0.514 -0.401
6454409.000 1727025.000 0.316 -0.467 -0.407
6454459.000 1727025.000 0.286 -0.460 -0.415
6454509.000 1727025.000 0.234 -0.458 -0.434
6451559.000 1727075.000 -0.112 -1.864 -0.257
6451609.000 1727075.000 -0.076 -1.870 -0.215
6451659.000 1727075.000 0.132 -2.107 -0.263
6451709.000 1727075.000 0.248 -2.006 -0.248
6451759.000 1727075.000 0.443 -1.966 -0.242
6451809.000 1727075.000 0.316 -1.631 -0.216
6451859.000 1727075.000 0.314 -1.595 -0.226
6451909.000 1727075.000 0.327 -1.606 -0.261
6451959.000 1727075.000 0.351 -1.558 -0.357
6452009.000 1727075.000 0.326 -1.365 -0.481
6452059.000 1727075.000 0.462 -1.430 -0.567
6452109.000 1727075.000 0.168 -0.994 -0.518
6452159.000 1727075.000 0.041 -1.055 -0.564
6452209.000 1727075.000 -0.091 -1.044 -0.603
6452259.000 1727075.000 -0.099 -1.060 -0.599
6452309.000 1727075.000 -0.053 -1.005 -0.554
6452359.000 1727075.000 -0.022 -0.992 -0.530
6452409.000 1727075.000 0.067 -1.008 -0.529
6452459.000 1727075.000 0.074 -0.958 -0.510
6452509.000 1727075.000 0.078 -0.942 -0.483
6452559.000 1727075.000 0.053 -0.975 -0.445
6452609.000 1727075.000 0.136 -1.006 -0.427
6452659.000 1727075.000 0.133 -1.002 -0.405
6452709.000 1727075.000 0.127 -1.004 -0.392
6452759.000 1727075.000 0.125 -1.025 -0.369
6452809.000 1727075.000 0.099 -0.887 -0.352
6452859.000 1727075.000 0.019 -0.868 -0.356
6452909.000 1727075.000 0.210 -0.957 -0.335
6452959.000 1727075.000 0.125 -0.964 -0.336
6453009.000 1727075.000 0.016 -0.886 -0.340
6453059.000 1727075.000 -0.088 -0.929 -0.365
6453109.000 1727075.000 -0.094 -0.903 -0.373
6453159.000 1727075.000 -0.084 -0.876 -0.374
6453209.000 1727075.000 -0.034 -0.813 -0.376
6453259.000 1727075.000 -0.044 -0.699 -0.386
6453309.000 1727075.000 0.243 -0.915 -0.412
6453359.000 1727075.000 0.069 -0.606 -0.451
6453409.000 1727075.000 0.118 -0.563 -0.446
6453459.000 1727075.000 0.001 -0.316 -0.410
6453509.000 1727075.000 0.138 -0.675 -0.376
6453559.000 1727075.000 0.136 -0.530 -0.360
6453609.000 1727075.000 0.166 -0.526 -0.355
6453659.000 1727075.000 0.252 -0.545 -0.369
6453709.000 1727075.000 0.167 -0.541 -0.382
6453759.000 1727075.000 0.137 -0.538 -0.395
6453809.000 1727075.000 0.074 -0.526 -0.394
6453859.000 1727075.000 0.162 -0.491 -0.395
6453909.000 1727075.000 0.232 -0.526 -0.390
6453959.000 1727075.000 0.248 -0.529 -0.389
6454009.000 1727075.000 0.064 -0.536 -0.407
6454059.000 1727075.000 0.127 -0.481 -0.418
6454109.000 1727075.000 0.164 -0.461 -0.417
6454159.000 1727075.000 0.259 -0.534 -0.422
6454209.000 1727075.000 0.436 -0.529 -0.416
6454259.000 1727075.000 0.354 -0.475 -0.414
6454309.000 1727075.000 0.381 -0.431 -0.399
6454359.000 1727075.000 0.329 -0.444 -0.405
6454409.000 1727075.000 0.331 -0.491 -0.416
6454459.000 1727075.000 0.307 -0.492 -0.429
6454509.000 1727075.000 0.196 -0.455 -0.440
6451559.000 1727125.000 -0.074 -1.835 -0.220
6451609.000 1727125.000 -0.018 -1.915 -0.228
6451659.000 1727125.000 0.170 -2.342 -0.265
6451709.000 1727125.000 0.472 -1.921 -0.300
6451759.000 1727125.000 0.728 -1.761 -0.333
6451809.000 1727125.000 0.340 -1.566 -0.273
6451859.000 1727125.000 0.375 -1.549 -0.300
6451909.000 1727125.000 0.379 -1.544 -0.321
6451959.000 1727125.000 0.371 -1.379 -0.357
6452009.000 1727125.000 0.538 -0.759 -0.401
6452059.000 1727125.000 0.408 -0.887 -0.444
6452109.000 1727125.000 0.237 -0.907 -0.498
6452159.000 1727125.000 0.025 -1.045 -0.560
6452209.000 1727125.000 -0.081 -1.033 -0.586
6452259.000 1727125.000 -0.075 -1.056 -0.568
6452309.000 1727125.000 -0.043 -1.046 -0.540
6452359.000 1727125.000 -0.040 -1.022 -0.525
6452409.000 1727125.000 0.028 -1.006 -0.520
6452459.000 1727125.000 0.071 -0.968 -0.499
6452509.000 1727125.000 0.023 -0.989 -0.473
6452559.000 1727125.000 -0.013 -1.039 -0.443
6452609.000 1727125.000 0.070 -1.014 -0.415
6452659.000 1727125.000 0.090 -1.016 -0.395
6452709.000 1727125.000 0.156 -0.993 -0.379
6452759.000 1727125.000 0.157 -1.002 -0.358
6452809.000 1727125.000 0.061 -0.838 -0.344
6452859.000 1727125.000 -0.047 -0.808 -0.350
6452909.000 1727125.000 0.035 -0.850 -0.328
6452959.000 1727125.000 0.033 -0.952 -0.345
6453009.000 1727125.000 -0.004 -0.933 -0.344
6453059.000 1727125.000 -0.080 -0.889 -0.364
6453109.000 1727125.000 -0.112 -0.850 -0.374
6453159.000 1727125.000 -0.102 -0.843 -0.385
6453209.000 1727125.000 -0.060 -0.755 -0.389
6453259.000 1727125.000 -0.065 -0.670 -0.403
6453309.000 1727125.000 0.135 -0.871 -0.442
6453359.000 1727125.000 0.150 -0.873 -0.459
6453409.000 1727125.000 0.381 -0.992 -0.466
6453459.000 1727125.000 0.129 -0.655 -0.431
6453509.000 1727125.000 0.041 -0.776 -0.404
6453559.000 1727125.000 0.127 -0.596 -0.379
6453609.000 1727125.000 0.191 -0.560 -0.362
6453659.000 1727125.000 0.261 -0.543 -0.386
6453709.000 1727125.000 0.256 -0.594 -0.393
6453759.000 1727125.000 0.223 -0.564 -0.412
6453809.000 1727125.000 0.071 -0.538 -0.406
6453859.000 1727125.000 0.171 -0.447 -0.404
6453909.000 1727125.000 0.198 -0.497 -0.397
6453959.000 1727125.000 0.239 -0.427 -0.392
6454009.000 1727125.000 0.117 -0.486 -0.418
6454059.000 1727125.000 0.144 -0.487 -0.426
6454109.000 1727125.000 0.191 -0.538 -0.414
6454159.000 1727125.000 0.313 -0.613 -0.408
6454209.000 1727125.000 0.529 -0.613 -0.406
6454259.000 1727125.000 0.369 -0.441 -0.408
6454309.000 1727125.000 0.529 -0.393 -0.397
6454359.000 1727125.000 0.415 -0.426 -0.408
6454409.000 1727125.000 0.428 -0.561 -0.427
6454459.000 1727125.000 0.328 -0.542 -0.440
6454509.000 1727125.000 0.282 -0.628 -0.461
6451559.000 1727175.000 -0.190 -1.894 -0.268
6451609.000 1727175.000 -0.044 -1.827 -0.257
6451659.000 1727175.000 0.168 -2.209 -0.281
6451709.000 1727175.000 0.375 -1.992 -0.316
6451759.000 1727175.000 0.775 -1.805 -0.366
6451809.000 1727175.000 0.205 -1.389 -0.338
6451859.000 1727175.000 0.531 -1.339 -0.453
6451909.000 1727175.000 0.480 -1.407 -0.466
6451959.000 1727175.000 0.415 -1.458 -0.493
6452009.000 1727175.000 0.354 -0.886 -0.412
6452059.000 1727175.000 0.274 -0.910 -0.427
6452109.000 1727175.000 0.144 -0.894 -0.493
6452159.000 1727175.000 -0.044 -1.076 -0.557
6452209.000 1727175.000 -0.136 -1.058 -0.574
6452259.000 1727175.000 -0.060 -1.162 -0.555
6452309.000 1727175.000 -0.088 -1.098 -0.541
6452359.000 1727175.000 -0.042 -1.039 -0.525
6452409.000 1727175.000 -0.010 -0.952 -0.520
6452459.000 1727175.000 0.090 -0.941 -0.502
6452509.000 1727175.000 0.010 -0.972 -0.482
6452559.000 1727175.000 0.019 -1.051 -0.458
6452609.000 1727175.000 0.039 -1.026 -0.436
6452659.000 1727175.000 0.068 -1.001 -0.415
6452709.000 1727175.000 0.087 -0.965 -0.394
6452759.000 1727175.000 0.086 -0.948 -0.369
6452809.000 1727175.000 0.004 -0.823 -0.355
6452859.000 1727175.000 -0.084 -0.818 -0.361
6452909.000 1727175.000 -0.044 -0.832 -0.357
6452959.000 1727175.000 -0.053 -0.985 -0.388
6453009.000 1727175.000 -0.026 -0.919 -0.366
6453059.000 1727175.000 -0.082 -0.878 -0.373
6453109.000 1727175.000 -0.087 -0.805 -0.377
6453159.000 1727175.000 -0.105 -0.800 -0.406
6453209.000 1727175.000 -0.012 -0.741 -0.410
6453259.000 1727175.000 -0.059 -0.717 -0.427
6453309.000 1727175.000 -0.097 -0.720 -0.454
6453359.000 1727175.000 -0.135 -0.684 -0.450
6453409.000 1727175.000 -0.286 -0.563 -0.450
6453459.000 1727175.000 -0.058 -0.586 -0.447
6453509.000 1727175.000 0.065 -0.761 -0.437
6453559.000 1727175.000 0.182 -0.599 -0.409
6453609.000 1727175.000 0.224 -0.582 -0.376
6453659.000 1727175.000 0.256 -0.560 -0.393
6453709.000 1727175.000 0.292 -0.584 -0.398
6453759.000 1727175.000 0.323 -0.511 -0.415
6453809.000 1727175.000 0.089 -0.567 -0.405
6453859.000 1727175.000 0.194 -0.495 -0.403
6453909.000 1727175.000 0.228 -0.457 -0.397
6453959.000 1727175.000 0.213 -0.460 -0.402
6454009.000 1727175.000 0.138 -0.486 -0.423
6454059.000 1727175.000 0.229 -0.598 -0.421
6454109.000 1727175.000 0.310 -0.694 -0.402
6454159.000 1727175.000 0.475 -0.745 -0.390
6454209.000 1727175.000 0.451 -0.477 -0.389
6454259.000 1727175.000 0.367 -0.389 -0.392
6454309.000 1727175.000 0.412 -0.444 -0.403
6454359.000 1727175.000 0.360 -0.464 -0.416
6454409.000 1727175.000 0.410 -0.590 -0.431
6454459.000 1727175.000 0.336 -0.563 -0.442
6454509.000 1727175.000 0.254 -0.707 -0.461
6451559.000 1727225.000 -0.300 -1.568 -0.343
6451609.000 1727225.000 -0.137 -1.590 -0.321
6451659.000 1727225.000 -0.382 -1.493 -0.240
6451709.000 1727225.000 -0.285 -1.493 -0.254
6451759.000 1727225.000 -0.261 -1.316 -0.280
6451809.000 1727225.000 0.169 -1.248 -0.391
6451859.000 1727225.000 -0.146 -0.929 -0.528
6451909.000 1727225.000 -0.239 -1.076 -0.597
6451959.000 1727225.000 -0.742 -1.552 -0.681
6452009.000 1727225.000 0.328 -0.857 -0.440
6452059.000 1727225.000 0.275 -0.832 -0.444
6452109.000 1727225.000 0.111 -0.982 -0.508
6452159.000 1727225.000 -0.028 -1.302 -0.548
6452209.000 1727225.000 -0.077 -1.239 -0.552
6452259.000 1727225.000 -0.078 -1.204 -0.550
6452309.000 1727225.000 -0.088 -1.063 -0.529
6452359.000 1727225.000 -0.046 -0.983 -0.514
6452409.000 1727225.000 0.018 -0.800 -0.507
6452459.000 1727225.000 0.083 -0.732 -0.496
6452509.000 1727225.000 0.072 -0.774 -0.482
6452559.000 1727225.000 0.026 -0.888 -0.472
6452609.000 1727225.000 0.028 -0.914 -0.452
6452659.000 1727225.000 -0.027 -0.907 -0.438
6452709.000 1727225.000 0.028 -0.916 -0.410
6452759.000 1727225.000 0.043 -0.932 -0.386
6452809.000 1727225.000 0.009 -0.895 -0.377
6452859.000 1727225.000 -0.047 -0.848 -0.382
6452909.000 1727225.000 -0.121 -0.795 -0.407
6452959.000 1727225.000 -0.140 -0.761 -0.421
6453009.000 1727225.000 -0.259 -0.519 -0.419
6453059.000 1727225.000 -0.176 -0.908 -0.414
6453109.000 1727225.000 -0.170 -0.868 -0.419
6453159.000 1727225.000 -0.178 -0.871 -0.444
6453209.000 1727225.000 -0.074 -0.782 -0.441
6453259.000 1727225.000 -0.081 -0.769 -0.449
6453309.000 1727225.000 -0.085 -0.746 -0.452
6453359.000 1727225.000 -0.106 -0.699 -0.438
6453409.000 1727225.000 -0.095 -0.654 -0.443
6453459.000 1727225.000 0.008 -0.739 -0.452
6453509.000 1727225.000 0.121 -0.694 -0.461
6453559.000 1727225.000 0.132 -0.578 -0.446
6453609.000 1727225.000 0.153 -0.561 -0.418
6453659.000 1727225.000 0.228 -0.539 -0.396
6453709.000 1727225.000 0.334 -0.587 -0.398
6453759.000 1727225.000 0.488 -0.501 -0.403
6453809.000 1727225.000 0.139 -0.496 -0.408
6453859.000 1727225.000 0.134 -0.524 -0.408
6453909.000 1727225.000 0.143 -0.454 -0.403
6453959.000 1727225.000 0.170 -0.480 -0.412
6454009.000 1727225.000 0.152 -0.499 -0.424
6454059.000 1727225.000 0.246 -0.593 -0.420
6454109.000 1727225.000 0.311 -0.649 -0.402
6454159.000 1727225.000 0.476 -0.716 -0.392
6454209.000 1727225.000 0.387 -0.537 -0.388
6454259.000 1727225.000 0.340 -0.506 -0.393
6454309.000 1727225.000 0.393 -0.566 -0.406
6454359.000 1727225.000 0.385 -0.560 -0.414
6454409.000 1727225.000 0.429 -0.622 -0.426
6454459.000 1727225.000 0.353 -0.571 -0.433
6454509.000 1727225.000 0.493 -0.846 -0.439
6451559.000 1727275.000 -0.386 -1.642 -0.427
6451609.000 1727275.000 -0.258 -1.588 -0.383
6451659.000 1727275.000 -0.399 -1.387 -0.275
6451709.000 1727275.000 -0.230 -1.418 -0.308
6451759.000 1727275.000 0.853 -0.135 -0.579
6451809.000 1727275.000 1.611 -0.735 -0.587
6451859.000 1727275.000 1.061 -0.806 -0.698
6451909.000 1727275.000 0.098 -1.246 -0.624
6451959.000 1727275.000 -0.638 -1.959 -0.769
6452009.000 1727275.000 -0.005 -1.375 -0.515
6452059.000 1727275.000 0.073 -1.250 -0.512
6452109.000 1727275.000 -0.020 -1.313 -0.523
6452159.000 1727275.000 -0.072 -1.318 -0.558
6452209.000 1727275.000 -0.110 -1.206 -0.530
6452259.000 1727275.000 -0.099 -1.154 -0.507
6452309.000 1727275.000 -0.067 -1.000 -0.514
6452359.000 1727275.000 0.024 -0.926 -0.512
6452409.000 1727275.000 -0.014 -0.844 -0.516
6452459.000 1727275.000 -0.073 -0.853 -0.512
6452509.000 1727275.000 -0.089 -0.857 -0.511
6452559.000 1727275.000 -0.054 -0.924 -0.508
6452609.000 1727275.000 -0.036 -0.952 -0.489
6452659.000 1727275.000 -0.078 -1.008 -0.485
6452709.000 1727275.000 -0.041 -1.038 -0.458
6452759.000 1727275.000 0.023 -1.039 -0.421
6452809.000 1727275.000 0.018 -0.965 -0.408
6452859.000 1727275.000 -0.046 -0.924 -0.427
6452909.000 1727275.000 0.049 -0.884 -0.398
6452959.000 1727275.000 0.020 -0.853 -0.420
6453009.000 1727275.000 3.019 -4.030 -0.407
6453059.000 1727275.000 -0.228 -2.312 -0.388
6453109.000 1727275.000 -0.111 -1.272 -0.391
6453159.000 1727275.000 -0.061 -0.866 -0.274
6453209.000 1727275.000 -0.125 -0.788 -0.462
6453259.000 1727275.000 -0.093 -0.798 -0.459
6453309.000 1727275.000 -0.093 -0.789 -0.456
6453359.000 1727275.000 -0.151 -0.747 -0.440
6453409.000 1727275.000 -0.100 -0.698 -0.441
6453459.000 1727275.000 -0.092 -0.607 -0.449
6453509.000 1727275.000 0.017 -0.617 -0.476
6453559.000 1727275.000 0.029 -0.576 -0.486
6453609.000 1727275.000 0.082 -0.583 -0.463
6453659.000 1727275.000 0.177 -0.498 -0.401
6453709.000 1727275.000 0.297 -0.408 -0.387
6453759.000 1727275.000 0.234 -0.179 -0.383
6453809.000 1727275.000 0.092 -0.469 -0.406
6453859.000 1727275.000 0.085 -0.577 -0.409
6453909.000 1727275.000 0.081 -0.490 -0.407
6453959.000 1727275.000 0.110 -0.509 -0.420
6454009.000 1727275.000 0.134 -0.518 -0.422
6454059.000 1727275.000 0.279 -0.665 -0.419
6454109.000 1727275.000 0.333 -0.686 -0.406
6454159.000 1727275.000 0.415 -0.687 -0.397
6454209.000 1727275.000 0.521 -0.364 -0.389
6454259.000 1727275.000 0.469 -0.413 -0.398
6454309.000 1727275.000 0.418 -0.430 -0.406
6454359.000 1727275.000 0.400 -0.614 -0.411
6454409.000 1727275.000 0.350 -0.618 -0.413
6454459.000 1727275.000 0.305 -0.627 -0.414
6454509.000 1727275.000 0.292 -0.571 -0.414
6451559.000 1727325.000 -0.329 -1.886 -0.529
6451609.000 1727325.000 -0.204 -1.872 -0.515
6451659.000 1727325.000 -0.142 -1.677 -0.440
6451709.000 1727325.000 -0.080 -1.611 -0.439
6451759.000 1727325.000 0.819 -0.352 -0.631
6451809.000 1727325.000 1.012 -0.420 -0.567
6451859.000 1727325.000 0.721 -1.162 -0.666
6451909.000 1727325.000 0.106 -1.499 -0.588
6451959.000 1727325.000 -0.306 -2.010 -0.679
6452009.000 1727325.000 0.019 -1.483 -0.540
6452059.000 1727325.000 0.025 -1.381 -0.538
6452109.000 1727325.000 -0.051 -1.345 -0.529
6452159.000 1727325.000 -0.098 -1.337 -0.542
6452209.000 1727325.000 -0.133 -1.259 -0.514
6452259.000 1727325.000 -0.095 -1.121 -0.464
6452309.000 1727325.000 -0.046 -0.971 -0.495
6452359.000 1727325.000 -0.015 -0.972 -0.497
6452409.000 1727325.000 -0.098 -0.989 -0.539
6452459.000 1727325.000 -0.124 -0.990 -0.542
6452509.000 1727325.000 -0.161 -0.985 -0.547
6452559.000 1727325.000 -0.099 -1.053 -0.550
6452609.000 1727325.000 -0.071 -1.044 -0.516
6452659.000 1727325.000 -0.096 -1.092 -0.514
6452709.000 1727325.000 -0.064 -1.104 -0.472
6452759.000 1727325.000 0.041 -1.066 -0.436
6452809.000 1727325.000 -0.015 -0.987 -0.443
6452859.000 1727325.000 -0.075 -0.906 -0.457
6452909.000 1727325.000 -0.019 -0.881 -0.434
6452959.000 1727325.000 0.006 -0.826 -0.437
6453009.000 1727325.000 2.350 -1.881 -0.482
6453059.000 1727325.000 -0.062 -0.921 -0.446
6453109.000 1727325.000 -0.105 -0.872 -0.452
6453159.000 1727325.000 -0.080 -0.683 -0.246
6453209.000 1727325.000 -0.185 -0.802 -0.484
6453259.000 1727325.000 -0.153 -0.789 -0.472
6453309.000 1727325.000 -0.106 -0.829 -0.463
6453359.000 1727325.000 -0.043 -0.848 -0.455
6453409.000 1727325.000 -0.010 -0.816 -0.450
6453459.000 1727325.000 -0.108 -0.607 -0.453
6453509.000 1727325.000 -0.058 -0.595 -0.485
6453559.000 1727325.000 -0.076 -0.573 -0.514
6453609.000 1727325.000 -0.082 -0.570 -0.544
6453659.000 1727325.000 0.022 -0.389 -0.469
6453709.000 1727325.000 0.134 -0.325 -0.436
6453759.000 1727325.000 0.351 -0.383 -0.381
6453809.000 1727325.000 0.148 -0.626 -0.407
6453859.000 1727325.000 0.127 -0.665 -0.414
6453909.000 1727325.000 0.022 -0.547 -0.427
6453959.000 1727325.000 0.022 -0.547 -0.433
6454009.000 1727325.000 0.066 -0.536 -0.424
6454059.000 1727325.000 0.115 -0.546 -0.416
6454109.000 1727325.000 0.216 -0.571 -0.409
6454159.000 1727325.000 0.299 -0.528 -0.398
6454209.000 1727325.000 0.659 -0.293 -0.395
6454259.000 1727325.000 0.533 -0.343 -0.406
6454309.000 1727325.000 0.502 -0.370 -0.415
6454359.000 1727325.000 0.410 -0.627 -0.413
6454409.000 1727325.000 0.370 -0.704 -0.413
6454459.000 1727325.000 0.397 -0.756 -0.415
6454509.000 1727325.000 0.437 -0.780 -0.413
6451559.000 1727375.000 -0.415 -1.977 -0.557
6451609.000 1727375.000 -0.220 -2.040 -0.561
6451659.000 1727375.000 -0.012 -2.041 -0.582
6451709.000 1727375.000 0.006 -1.915 -0.560
6451759.000 1727375.000 0.725 -1.412 -0.725
6451809.000 1727375.000 0.982 -0.806 -0.540
6451859.000 1727375.000 1.033 -1.026 -0.432
6451909.000 1727375.000 0.782 -0.542 -0.180
6451959.000 1727375.000 0.134 -1.766 -0.416
6452009.000 1727375.000 -0.006 -1.638 -0.552
6452059.000 1727375.000 0.005 -1.465 -0.576
6452109.000 1727375.000 -0.072 -1.383 -0.557
6452159.000 1727375.000 -0.126 -1.340 -0.560
6452209.000 1727375.000 -0.063 -1.212 -0.477
6452259.000 1727375.000 0.012 -1.084 -0.448
6452309.000 1727375.000 0.060 -1.040 -0.460
6452359.000 1727375.000 0.033 -1.021 -0.491
6452409.000 1727375.000 -0.192 -1.074 -0.571
6452459.000 1727375.000 -0.237 -1.086 -0.577
6452509.000 1727375.000 -0.245 -1.078 -0.559
6452559.000 1727375.000 -0.150 -1.080 -0.523
6452609.000 1727375.000 -0.095 -1.105 -0.507
6452659.000 1727375.000 -0.071 -1.120 -0.508
6452709.000 1727375.000 -0.030 -1.111 -0.485
6452759.000 1727375.000 -0.003 -1.042 -0.466
6452809.000 1727375.000 -0.039 -0.978 -0.464
6452859.000 1727375.000 -0.080 -0.941 -0.470
6452909.000 1727375.000 -0.085 -0.864 -0.447
6452959.000 1727375.000 -0.121 -0.818 -0.448
6453009.000 1727375.000 0.410 -1.113 -0.544
6453059.000 1727375.000 -0.053 -0.833 -0.431
6453109.000 1727375.000 -0.072 -0.826 -0.432
6453159.000 1727375.000 -0.194 -0.636 -0.274
6453209.000 1727375.000 -0.209 -0.759 -0.485
6453259.000 1727375.000 -0.217 -0.696 -0.471
6453309.000 1727375.000 -0.060 -0.822 -0.470
6453359.000 1727375.000 -0.021 -0.868 -0.466
6453409.000 1727375.000 -0.052 -0.757 -0.460
6453459.000 1727375.000 -0.190 -0.534 -0.466
6453509.000 1727375.000 -0.167 -0.536 -0.488
6453559.000 1727375.000 -0.184 -0.564 -0.523
6453609.000 1727375.000 -0.157 -0.555 -0.578
6453659.000 1727375.000 -0.044 -0.340 -0.537
6453709.000 1727375.000 0.052 -0.368 -0.493
6453759.000 1727375.000 0.170 -0.444 -0.399
6453809.000 1727375.000 0.119 -0.612 -0.389
6453859.000 1727375.000 0.127 -0.640 -0.394
6453909.000 1727375.000 0.041 -0.604 -0.422
6453959.000 1727375.000 -0.003 -0.573 -0.429
6454009.000 1727375.000 -0.000 -0.529 -0.424
6454059.000 1727375.000 0.098 -0.545 -0.421
6454109.000 1727375.000 0.202 -0.465 -0.410
6454159.000 1727375.000 0.591 -0.253 -0.391
6454209.000 1727375.000 0.734 -0.187 -0.400
6454259.000 1727375.000 0.709 -0.241 -0.410
6454309.000 1727375.000 0.623 -0.345 -0.422
6454359.000 1727375.000 0.392 -0.526 -0.413
6454409.000 1727375.000 0.326 -0.628 -0.413
6454459.000 1727375.000 0.305 -0.655 -0.417
6454509.000 1727375.000 0.298 -0.668 -0.417
6451559.000 1727425.000 -0.335 -2.126 -0.539
6451609.000 1727425.000 -0.251 -2.106 -0.541
6451659.000 1727425.000 -0.128 -2.115 -0.562
6451709.000 1727425.000 0.002 -2.082 -0.609
6451759.000 1727425.000 0.186 -2.065 -0.670
6451809.000 1727425.000 -0.119 -2.180 -0.658
6451859.000 1727425.000 -0.197 -2.185 -0.557
6451909.000 1727425.000 -0.135 -1.971 -0.451
6451959.000 1727425.000 0.139 -1.638 -0.374
6452009.000 1727425.000 -0.026 -1.738 -0.546
6452059.000 1727425.000 -0.012 -1.590 -0.599
6452109.000 1727425.000 -0.100 -1.465 -0.595
6452159.000 1727425.000 -0.148 -1.345 -0.563
6452209.000 1727425.000 -0.093 -1.188 -0.497
6452259.000 1727425.000 0.065 -1.069 -0.443
6452309.000 1727425.000 0.047 -1.129 -0.428
6452359.000 1727425.000 0.025 -1.103 -0.449
6452409.000 1727425.000 -0.197 -1.122 -0.530
6452459.000 1727425.000 -0.308 -1.108 -0.560
6452509.000 1727425.000 -0.285 -1.094 -0.545
6452559.000 1727425.000 -0.220 -1.086 -0.504
6452609.000 1727425.000 -0.141 -1.130 -0.500
6452659.000 1727425.000 -0.055 -1.110 -0.507
6452709.000 1727425.000 -0.036 -1.059 -0.487
6452759.000 1727425.000 -0.073 -0.974 -0.464
6452809.000 1727425.000 -0.092 -0.960 -0.462
6452859.000 1727425.000 -0.162 -0.862 -0.467
6452909.000 1727425.000 -0.216 -0.850 -0.480
6452959.000 1727425.000 -0.207 -0.842 -0.485
6453009.000 1727425.000 -0.081 -0.935 -0.562
6453059.000 1727425.000 -0.130 -0.903 -0.566
6453109.000 1727425.000 -0.142 -0.864 -0.564
6453159.000 1727425.000 -0.255 -0.764 -0.492
6453209.000 1727425.000 -0.260 -0.754 -0.481
6453259.000 1727425.000 -0.168 -0.670 -0.479
6453309.000 1727425.000 -0.086 -0.767 -0.483
6453359.000 1727425.000 -0.079 -0.842 -0.487
6453409.000 1727425.000 -0.116 -0.758 -0.479
6453459.000 1727425.000 -0.184 -0.611 -0.475
6453509.000 1727425.000 -0.275 -0.468 -0.485
6453559.000 1727425.000 -0.314 -0.478 -0.511
6453609.000 1727425.000 -0.153 -0.569 -0.579
6453659.000 1727425.000 0.093 -0.593 -0.600
6453709.000 1727425.000 0.126 -0.635 -0.571
6453759.000 1727425.000 0.162 -0.672 -0.469
6453809.000 1727425.000 0.131 -0.608 -0.395
6453859.000 1727425.000 0.130 -0.612 -0.400
6453909.000 1727425.000 0.045 -0.593 -0.427
6453959.000 1727425.000 -0.001 -0.568 -0.429
6454009.000 1727425.000 -0.004 -0.566 -0.429
6454059.000 1727425.000 0.069 -0.571 -0.427
6454109.000 1727425.000 0.180 -0.452 -0.416
6454159.000 1727425.000 0.649 -0.133 -0.392
6454209.000 1727425.000 0.776 -0.052 -0.402
6454259.000 1727425.000 0.852 -0.065 -0.409
6454309.000 1727425.000 0.672 -0.290 -0.412
6454359.000 1727425.000 0.286 -0.492 -0.406
6454409.000 1727425.000 0.219 -0.458 -0.416
6454459.000 1727425.000 0.186 -0.473 -0.424
6454509.000 1727425.000 0.066 -0.532 -0.437
6451559.000 1727475.000 -0.415 -2.089 -0.528
6451609.000 1727475.000 -0.311 -2.094 -0.534
6451659.000 1727475.000 -0.194 -2.109 -0.550
6451709.000 1727475.000 -0.106 -2.084 -0.571
6451759.000 1727475.000 0.099 -2.028 -0.609
6451809.000 1727475.000 -0.072 -2.066 -0.586
6451859.000 1727475.000 -0.250 -1.959 -0.481
6451909.000 1727475.000 -0.271 -1.989 -0.463
6451959.000 1727475.000 0.140 -1.746 -0.405
6452009.000 1727475.000 -0.060 -1.870 -0.558
6452059.000 1727475.000 -0.015 -1.628 -0.596
6452109.000 1727475.000 -0.049 -1.446 -0.593
6452159.000 1727475.000 -0.130 -1.334 -0.576
6452209.000 1727475.000 -0.070 -1.186 -0.496
6452259.000 1727475.000 -0.069 -1.148 -0.454
6452309.000 1727475.000 -0.107 -1.266 -0.418
6452359.000 1727475.000 -0.154 -1.409 -0.410
6452409.000 1727475.000 -0.269 -1.364 -0.424
6452459.000 1727475.000 -0.301 -1.222 -0.455
6452509.000 1727475.000 -0.299 -1.165 -0.507
6452559.000 1727475.000 -0.244 -1.143 -0.487
6452609.000 1727475.000 -0.161 -1.138 -0.495
6452659.000 1727475.000 -0.086 -1.079 -0.495
6452709.000 1727475.000 -0.052 -1.061 -0.496
6452759.000 1727475.000 -0.138 -0.981 -0.468
6452809.000 1727475.000 -0.151 -0.926 -0.458
6452859.000 1727475.000 -0.184 -0.895 -0.469
6452909.000 1727475.000 -0.199 -0.891 -0.488
6452959.000 1727475.000 -0.199 -0.877 -0.496
6453009.000 1727475.000 -0.184 -0.870 -0.499
6453059.000 1727475.000 -0.185 -0.849 -0.494
6453109.000 1727475.000 -0.212 -0.834 -0.497
6453159.000 1727475.000 -0.260 -0.786 -0.488
6453209.000 1727475.000 -0.241 -0.776 -0.479
6453259.000 1727475.000 -0.193 -0.683 -0.479
6453309.000 1727475.000 -0.223 -0.691 -0.487
6453359.000 1727475.000 -0.270 -0.728 -0.500
6453409.000 1727475.000 -0.288 -0.694 -0.498
6453459.000 1727475.000 -0.273 -0.665 -0.489
6453509.000 1727475.000 -0.325 -0.495 -0.493
6453559.000 1727475.000 -0.369 -0.448 -0.507
6453609.000 1727475.000 -0.239 -0.476 -0.549
6453659.000 1727475.000 0.109 -0.626 -0.616
6453709.000 1727475.000 0.069 -0.661 -0.599
6453759.000 1727475.000 0.033 -0.663 -0.536
6453809.000 1727475.000 0.092 -0.610 -0.428
6453859.000 1727475.000 0.091 -0.579 -0.415
6453909.000 1727475.000 0.034 -0.574 -0.424
6453959.000 1727475.000 -0.070 -0.571 -0.422
6454009.000 1727475.000 -0.040 -0.582 -0.427
6454059.000 1727475.000 0.075 -0.580 -0.428
6454109.000 1727475.000 0.170 -0.433 -0.419
6454159.000 1727475.000 0.584 -0.075 -0.399
6454209.000 1727475.000 0.626 -0.147 -0.404
6454259.000 1727475.000 0.702 -0.247 -0.402
6454309.000 1727475.000 0.321 -0.565 -0.394
6454359.000 1727475.000 0.318 -0.491 -0.404
6454409.000 1727475.000 0.230 -0.445 -0.417
6454459.000 1727475.000 0.197 -0.435 -0.423
6454509.000 1727475.000 0.151 -0.464 -0.430
6451559.000 1727525.000 -0.440 -2.090 -0.487
6451609.000 1727525.000 -0.288 -2.108 -0.506
6451659.000 1727525.000 -0.233 -2.119 -0.520
6451709.000 1727525.000 -0.217 -2.117 -0.530
6451759.000 1727525.000 -0.093 -2.001 -0.522
6451809.000 1727525.000 0.018 -2.027 -0.553
6451859.000 1727525.000 0.029 -1.999 -0.538
6451909.000 1727525.000 -0.034 -2.014 -0.531
6451959.000 1727525.000 0.041 -1.955 -0.515
6452009.000 1727525.000 0.052 -1.958 -0.523
6452059.000 1727525.000 0.013 -1.845 -0.541
6452109.000 1727525.000 -0.043 -1.477 -0.547
6452159.000 1727525.000 -0.115 -1.396 -0.563
6452209.000 1727525.000 -0.128 -1.302 -0.543
6452259.000 1727525.000 -0.256 -1.216 -0.485
6452309.000 1727525.000 -0.499 -1.342 -0.443
6452359.000 1727525.000 -0.329 -1.442 -0.411
6452409.000 1727525.000 -0.303 -1.408 -0.394
6452459.000 1727525.000 -0.304 -1.267 -0.395
6452509.000 1727525.000 -0.277 -1.241 -0.431
6452559.000 1727525.000 -0.264 -1.194 -0.461
6452609.000 1727525.000 -0.201 -1.152 -0.492
6452659.000 1727525.000 -0.164 -1.083 -0.490
6452709.000 1727525.000 -0.130 -1.026 -0.489
6452759.000 1727525.000 -0.147 -0.980 -0.468
6452809.000 1727525.000 -0.152 -0.936 -0.462
6452859.000 1727525.000 -0.191 -0.909 -0.479
6452909.000 1727525.000 -0.189 -0.895 -0.489
6452959.000 1727525.000 -0.189 -0.880 -0.490
6453009.000 1727525.000 -0.162 -0.881 -0.488
6453059.000 1727525.000 -0.154 -0.881 -0.490
6453109.000 1727525.000 -0.229 -0.830 -0.487
6453159.000 1727525.000 -0.254 -0.812 -0.484
6453209.000 1727525.000 -0.215 -0.814 -0.483
6453259.000 1727525.000 -0.167 -0.792 -0.493
6453309.000 1727525.000 -0.255 -0.717 -0.504
6453359.000 1727525.000 -0.291 -0.710 -0.522
6453409.000 1727525.000 -0.285 -0.706 -0.512
6453459.000 1727525.000 -0.264 -0.718 -0.504
6453509.000 1727525.000 -0.342 -0.505 -0.513
6453559.000 1727525.000 -0.353 -0.468 -0.521
6453609.000 1727525.000 -0.294 -0.509 -0.542
6453659.000 1727525.000 -0.121 -0.635 -0.601
6453709.000 1727525.000 -0.030 -0.695 -0.614
6453759.000 1727525.000 -0.020 -0.736 -0.588
6453809.000 1727525.000 0.072 -0.627 -0.466
6453859.000 1727525.000 0.092 -0.611 -0.439
6453909.000 1727525.000 -0.005 -0.569 -0.430
6453959.000 1727525.000 -0.212 -0.627 -0.426
6454009.000 1727525.000 -0.039 -0.648 -0.427
6454059.000 1727525.000 0.083 -0.576 -0.426
6454109.000 1727525.000 0.088 -0.575 -0.421
6454159.000 1727525.000 0.116 -0.538 -0.414
6454209.000 1727525.000 0.119 -0.529 -0.400
6454259.000 1727525.000 0.161 -0.454 -0.395
6454309.000 1727525.000 0.241 -0.481 -0.397
6454359.000 1727525.000 0.312 -0.490 -0.404
6454409.000 1727525.000 0.160 -0.389 -0.416
6454459.000 1727525.000 0.137 -0.334 -0.417
6454509.000 1727525.000 0.109 -0.255 -0.419
6451559.000 1727575.000 -0.981 -2.330 -0.488
6451609.000 1727575.000 -1.091 -2.368 -0.504
6451659.000 1727575.000 -1.264 -2.695 -0.532
6451709.000 1727575.000 -0.337 -2.227 -0.491
6451759.000 1727575.000 -0.319 -2.041 -0.473
6451809.000 1727575.000 -0.276 -2.017 -0.478
6451859.000 1727575.000 -0.104 -2.019 -0.509
6451909.000 1727575.000 -0.041 -2.112 -0.554
6451959.000 1727575.000 0.010 -2.085 -0.552
6452009.000 1727575.000 0.050 -2.041 -0.531
6452059.000 1727575.000 -0.063 -1.949 -0.529
6452109.000 1727575.000 0.006 -1.703 -0.497
6452159.000 1727575.000 -0.041 -1.560 -0.521
6452209.000 1727575.000 -0.142 -1.396 -0.575
6452259.000 1727575.000 -0.218 -1.351 -0.570
6452309.000 1727575.000 -0.374 -1.294 -0.464
6452359.000 1727575.000 -0.240 -1.338 -0.399
6452409.000 1727575.000 -0.301 -1.434 -0.392
6452459.000 1727575.000 -0.289 -1.379 -0.378
6452509.000 1727575.000 -0.287 -1.358 -0.410
6452559.000 1727575.000 -0.254 -1.283 -0.414
6452609.000 1727575.000 -0.189 -1.259 -0.406
6452659.000 1727575.000 -0.171 -1.218 -0.400
6452709.000 1727575.000 -0.086 -1.127 -0.434
6452759.000 1727575.000 -0.109 -1.047 -0.456
6452809.000 1727575.000 -0.162 -1.000 -0.498
6452859.000 1727575.000 -0.194 -0.991 -0.519
6452909.000 1727575.000 -0.159 -0.967 -0.501
6452959.000 1727575.000 -0.185 -0.933 -0.491
6453009.000 1727575.000 -0.204 -0.883 -0.484
6453059.000 1727575.000 -0.210 -0.912 -0.491
6453109.000 1727575.000 -0.221 -0.791 -0.493
6453159.000 1727575.000 -0.289 -0.736 -0.491
6453209.000 1727575.000 -0.268 -0.736 -0.495
6453259.000 1727575.000 -0.278 -0.757 -0.503
6453309.000 1727575.000 -0.286 -0.724 -0.519
6453359.000 1727575.000 -0.297 -0.711 -0.535
6453409.000 1727575.000 -0.288 -0.694 -0.532
6453459.000 1727575.000 -0.279 -0.717 -0.529
6453509.000 1727575.000 -0.324 -0.614 -0.536
6453559.000 1727575.000 -0.318 -0.549 -0.542
6453609.000 1727575.000 -0.285 -0.569 -0.554
6453659.000 1727575.000 -0.340 -0.520 -0.599
6453709.000 1727575.000 -0.296 -0.539 -0.636
6453759.000 1727575.000 -0.250 -0.493 -0.599
6453809.000 1727575.000 -0.007 -0.539 -0.484
6453859.000 1727575.000 0.046 -0.567 -0.438
6453909.000 1727575.000 -0.091 -0.570 -0.429
6453959.000 1727575.000 -0.171 -0.540 -0.429
6454009.000 1727575.000 -0.045 -0.530 -0.432
6454059.000 1727575.000 0.116 -0.480 -0.429
6454109.000 1727575.000 0.131 -0.439 -0.423
6454159.000 1727575.000 -0.382 1.033 -0.448
6454209.000 1727575.000 -4.887 2.415 -0.629
6454259.000 1727575.000 -2.951 1.912 -0.536
6454309.000 1727575.000 -1.305 0.561 -0.504
6454359.000 1727575.000 0.298 -0.503 -0.405
6454409.000 1727575.000 0.229 -0.514 -0.413
6454459.000 1727575.000 0.221 -0.491 -0.409
6454509.000 1727575.000 0.198 -0.445 -0.413
6451559.000 1727625.000 -1.129 -2.421 -0.390
6451609.000 1727625.000 -1.163 -2.426 -0.404
6451659.000 1727625.000 -1.243 -2.642 -0.484
6451709.000 1727625.000 -0.357 -2.330 -0.457
6451759.000 1727625.000 -0.412 -2.187 -0.457
6451809.000 1727625.000 -0.377 -2.168 -0.483
6451859.000 1727625.000 -0.225 -2.110 -0.500
6451909.000 1727625.000 -0.159 -2.103 -0.517
6451959.000 1727625.000 -0.064 -2.056 -0.524
6452009.000 1727625.000 0.041 -1.977 -0.502
6452059.000 1727625.000 -0.092 -1.890 -0.503
6452109.000 1727625.000 -0.097 -1.771 -0.504
6452159.000 1727625.000 -0.128 -1.718 -0.527
6452209.000 1727625.000 -0.194 -1.623 -0.601
6452259.000 1727625.000 -0.334 -1.606 -0.691
6452309.000 1727625.000 -0.250 -1.621 -0.700
6452359.000 1727625.000 -0.172 -1.479 -0.540
6452409.000 1727625.000 -0.316 -1.451 -0.453
6452459.000 1727625.000 -0.308 -1.405 -0.411
6452509.000 1727625.000 -0.327 -1.381 -0.431
6452559.000 1727625.000 -0.231 -1.312 -0.391
6452609.000 1727625.000 -0.133 -1.297 -0.353
6452659.000 1727625.000 -0.105 -1.276 -0.338
6452709.000 1727625.000 -0.019 -1.174 -0.360
6452759.000 1727625.000 -0.031 -1.096 -0.385
6452809.000 1727625.000 -0.119 -1.050 -0.451
6452859.000 1727625.000 -0.197 -1.049 -0.488
6452909.000 1727625.000 -0.276 -1.089 -0.511
6452959.000 1727625.000 -0.345 -1.125 -0.511
6453009.000 1727625.000 -0.291 -1.060 -0.511
6453059.000 1727625.000 -0.219 -0.870 -0.504
6453109.000 1727625.000 -0.226 -0.787 -0.501
6453159.000 1727625.000 -0.300 -0.750 -0.504
6453209.000 1727625.000 -0.295 -0.738 -0.512
6453259.000 1727625.000 -0.288 -0.697 -0.526
6453309.000 1727625.000 -0.312 -0.719 -0.541
6453359.000 1727625.000 -0.323 -0.755 -0.550
6453409.000 1727625.000 -0.314 -0.751 -0.544
6453459.000 1727625.000 -0.297 -0.742 -0.539
6453509.000 1727625.000 -0.314 -0.619 -0.551
6453559.000 1727625.000 -0.333 -0.623 -0.560
6453609.000 1727625.000 -0.269 -0.595 -0.573
6453659.000 1727625.000 -0.283 -0.495 -0.593
6453709.000 1727625.000 -0.211 -0.354 -0.568
6453759.000 1727625.000 -0.317 -0.260 -0.519
6453809.000 1727625.000 -0.169 -0.239 -0.458
6453859.000 1727625.000 -0.158 -0.538 -0.442
6453909.000 1727625.000 -0.155 -0.544 -0.436
6453959.000 1727625.000 -0.241 -0.477 -0.445
6454009.000 1727625.000 -0.192 -0.446 -0.448
6454059.000 1727625.000 -0.115 -0.372 -0.446
6454109.000 1727625.000 -0.005 -0.384 -0.434
6454159.000 1727625.000 -4.845 1.928 -0.595
6454209.000 1727625.000 -6.408 2.224 -0.704
6454259.000 1727625.000 -4.385 2.713 -0.600
6454309.000 1727625.000 -2.110 1.197 -0.566
6454359.000 1727625.000 0.294 -0.501 -0.402
6454409.000 1727625.000 0.212 -0.476 -0.404
6454459.000 1727625.000 0.212 -0.487 -0.405
6454509.000 1727625.000 0.177 -0.422 -0.411
6451559.000 1727675.000 -0.913 -2.287 -0.255
6451609.000 1727675.000 -0.838 -2.294 -0.292
6451659.000 1727675.000 -0.808 -2.432 -0.425
6451709.000 1727675.000 -0.363 -2.303 -0.400
6451759.000 1727675.000 -0.331 -2.274 -0.415
6451809.000 1727675.000 -0.322 -2.206 -0.441
6451859.000 1727675.000 -0.258 -2.124 -0.467
6451909.000 1727675.000 -0.225 -2.122 -0.511
6451959.000 1727675.000 -0.076 -2.095 -0.548
6452009.000 1727675.000 0.017 -2.079 -0.562
6452059.000 1727675.000 -0.148 -1.949 -0.549
6452109.000 1727675.000 -0.253 -1.860 -0.550
6452159.000 1727675.000 -0.227 -1.805 -0.545
6452209.000 1727675.000 -0.194 -1.719 -0.563
6452259.000 1727675.000 -0.277 -1.623 -0.625
6452309.000 1727675.000 -0.279 -1.639 -0.696
6452359.000 1727675.000 -0.126 -1.593 -0.636
6452409.000 1727675.000 -0.204 -1.572 -0.582
6452459.000 1727675.000 -0.233 -1.543 -0.530
6452509.000 1727675.000 -0.280 -1.467 -0.481
6452559.000 1727675.000 -0.212 -1.360 -0.407
6452609.000 1727675.000 -0.089 -1.367 -0.353
6452659.000 1727675.000 -0.051 -1.324 -0.308
6452709.000 1727675.000 -0.011 -1.291 -0.297
6452759.000 1727675.000 -0.048 -1.257 -0.276
6452809.000 1727675.000 -0.118 -1.233 -0.287
6452859.000 1727675.000 -0.249 -1.255 -0.318
6452909.000 1727675.000 -0.345 -1.214 -0.401
6452959.000 1727675.000 -0.382 -1.107 -0.475
6453009.000 1727675.000 -0.365 -1.011 -0.514
6453059.000 1727675.000 -0.259 -0.910 -0.522
6453109.000 1727675.000 -0.253 -0.847 -0.529
6453159.000 1727675.000 -0.321 -0.810 -0.536
6453209.000 1727675.000 -0.342 -0.825 -0.542
6453259.000 1727675.000 -0.300 -0.725 -0.547
6453309.000 1727675.000 -0.318 -0.738 -0.553
6453359.000 1727675.000 -0.347 -0.771 -0.558
6453409.000 1727675.000 -0.336 -0.767 -0.547
6453459.000 1727675.000 -0.320 -0.744 -0.539
6453509.000 1727675.000 -0.323 -0.685 -0.556
6453559.000 1727675.000 -0.253 -0.647 -0.595
6453609.000 1727675.000 -0.199 -0.543 -0.591
6453659.000 1727675.000 -0.216 -0.367 -0.568
6453709.000 1727675.000 -0.187 -0.197 -0.476
6453759.000 1727675.000 -0.425 -0.102 -0.449
6453809.000 1727675.000 -0.593 -0.180 -0.435
6453859.000 1727675.000 -0.208 -0.523 -0.435
6453909.000 1727675.000 -0.124 -0.539 -0.441
6453959.000 1727675.000 -0.165 -0.529 -0.453
6454009.000 1727675.000 -0.330 -0.408 -0.466
6454059.000 1727675.000 -0.323 -0.313 -0.475
6454109.000 1727675.000 -0.312 -0.290 -0.472
6454159.000 1727675.000 -9.033 2.451 -0.868
6454209.000 1727675.000 -10.713 -0.310 -1.880
6454259.000 1727675.000 -11.377 -1.801 -2.266
6454309.000 1727675.000 -5.039 2.897 -1.284
6454359.000 1727675.000 0.180 -0.737 -0.393
6454409.000 1727675.000 0.230 -0.557 -0.402
6454459.000 1727675.000 0.233 -0.561 -0.404
6454509.000 1727675.000 0.185 -0.464 -0.435
6451559.000 1727725.000 -0.505 -2.141 -0.163
6451609.000 1727725.000 -0.490 -2.222 -0.128
6451659.000 1727725.000 -0.518 -2.291 -0.362
6451709.000 1727725.000 -0.384 -2.245 -0.368
6451759.000 1727725.000 -0.336 -2.198 -0.386
6451809.000 1727725.000 -0.313 -2.161 -0.428
6451859.000 1727725.000 -0.310 -2.170 -0.477
6451909.000 1727725.000 -0.266 -2.176 -0.519
6451959.000 1727725.000 -0.099 -2.103 -0.551
6452009.000 1727725.000 -0.081 -2.048 -0.557
6452059.000 1727725.000 -0.230 -1.919 -0.557
6452109.000 1727725.000 -0.283 -1.848 -0.562
6452159.000 1727725.000 -0.256 -1.791 -0.550
6452209.000 1727725.000 -0.219 -1.756 -0.555
6452259.000 1727725.000 -0.231 -1.674 -0.571
6452309.000 1727725.000 -0.289 -1.567 -0.621
6452359.000 1727725.000 -0.170 -1.557 -0.605
6452409.000 1727725.000 -0.141 -1.548 -0.596
6452459.000 1727725.000 -0.178 -1.546 -0.560
6452509.000 1727725.000 -0.232 -1.486 -0.504
6452559.000 1727725.000 -0.175 -1.394 -0.436
6452609.000 1727725.000 -0.151 -1.307 -0.384
6452659.000 1727725.000 -0.141 -1.252 -0.320
6452709.000 1727725.000 -0.261 -1.259 -0.284
6452759.000 1727725.000 -0.160 -1.293 -0.261
6452809.000 1727725.000 -0.163 -1.401 -0.294
6452859.000 1727725.000 -0.221 -1.358 -0.280
6452909.000 1727725.000 -0.304 -1.316 -0.322
6452959.000 1727725.000 -0.327 -1.185 -0.389
6453009.000 1727725.000 -0.334 -1.097 -0.474
6453059.000 1727725.000 -0.210 -1.029 -0.509
6453109.000 1727725.000 -0.133 -0.959 -0.558
6453159.000 1727725.000 -0.232 -0.908 -0.574
6453209.000 1727725.000 -0.314 -0.794 -0.569
6453259.000 1727725.000 -0.273 -0.721 -0.567
6453309.000 1727725.000 -0.323 -0.753 -0.564
6453359.000 1727725.000 -0.404 -0.762 -0.559
6453409.000 1727725.000 -0.359 -0.758 -0.544
6453459.000 1727725.000 -0.332 -0.748 -0.535
6453509.000 1727725.000 -0.247 -0.627 -0.585
6453559.000 1727725.000 -0.167 -0.639 -0.606
6453609.000 1727725.000 -0.144 -0.579 -0.576
6453659.000 1727725.000 -0.035 -0.520 -0.487
6453709.000 1727725.000 0.052 -0.427 -0.387
6453759.000 1727725.000 -0.208 -0.435 -0.381
6453809.000 1727725.000 -0.440 -0.389 -0.400
6453859.000 1727725.000 -0.193 -0.597 -0.431
6453909.000 1727725.000 -0.163 -0.569 -0.453
6453959.000 1727725.000 -0.204 -0.501 -0.470
6454009.000 1727725.000 -0.340 -0.395 -0.482
6454059.000 1727725.000 -0.388 -0.355 -0.499
6454109.000 1727725.000 -0.463 -0.341 -0.506
6454159.000 1727725.000 -0.603 -0.246 -0.501
6451559.000 1727775.000 -0.360 -2.189 -0.191
6451609.000 1727775.000 -0.319 -2.245 -0.148
6451659.000 1727775.000 -0.439 -2.261 -0.325
6451709.000 1727775.000 -0.404 -2.229 -0.355
6451759.000 1727775.000 -0.335 -2.197 -0.377
6451809.000 1727775.000 -0.329 -2.146 -0.424
6451859.000 1727775.000 -0.423 -2.117 -0.490
6451909.000 1727775.000 -0.387 -2.098 -0.526
6451959.000 1727775.000 -0.208 -2.005 -0.552
6452009.000 1727775.000 -0.191 -1.979 -0.554
6452059.000 1727775.000 -0.261 -1.904 -0.562
6452109.000 1727775.000 -0.306 -1.841 -0.572
6452159.000 1727775.000 -0.250 -1.737 -0.560
6452209.000 1727775.000 -0.251 -1.707 -0.550
6452259.000 1727775.000 -0.187 -1.614 -0.501
6452309.000 1727775.000 -0.201 -1.535 -0.516
6452359.000 1727775.000 -0.162 -1.520 -0.539
6452409.000 1727775.000 -0.107 -1.529 -0.558
6452459.000 1727775.000 -0.164 -1.528 -0.520
6452509.000 1727775.000 -0.137 -1.433 -0.479
6452559.000 1727775.000 -0.058 -1.417 -0.427
6452609.000 1727775.000 -0.084 -1.380 -0.412
6452659.000 1727775.000 -0.091 -1.375 -0.370
6452709.000 1727775.000 -0.143 -1.365 -0.348
6452759.000 1727775.000 -0.095 -1.326 -0.287
6452809.000 1727775.000 -0.136 -1.331 -0.279
6452859.000 1727775.000 -0.190 -1.293 -0.249
6452909.000 1727775.000 -0.166 -1.196 -0.264
6452959.000 1727775.000 -0.324 -1.082 -0.372
6453009.000 1727775.000 -0.355 -0.989 -0.476
6453059.000 1727775.000 -0.433 -0.950 -0.576
6453109.000 1727775.000 -0.418 -0.943 -0.558
6453159.000 1727775.000 -0.435 -0.834 -0.589
6453209.000 1727775.000 -0.439 -0.745 -0.575
6453259.000 1727775.000 -0.333 -0.755 -0.578
6453309.000 1727775.000 -1.049 -2.141 -0.649
6453359.000 1727775.000 -1.058 -1.671 -0.643
6453409.000 1727775.000 -0.539 -1.319 -0.579
6453459.000 1727775.000 -0.212 -0.581 -0.563
6453509.000 1727775.000 -0.194 -0.539 -0.590
6453559.000 1727775.000 -0.120 -0.611 -0.615
6453609.000 1727775.000 -0.036 -0.596 -0.546
6453659.000 1727775.000 0.035 -0.503 -0.454
6453709.000 1727775.000 0.110 -0.520 -0.371
6453759.000 1727775.000 -0.318 -0.451 -0.364
6453809.000 1727775.000 -0.191 -0.386 -0.370
6453859.000 1727775.000 -0.094 -0.447 -0.412
6453909.000 1727775.000 -0.227 -0.459 -0.456
6453959.000 1727775.000 -0.265 -0.490 -0.474
6454009.000 1727775.000 -0.383 -0.405 -0.484
6454059.000 1727775.000 -0.433 -0.286 -0.496
6454109.000 1727775.000 -0.317 -0.128 -0.483
6454159.000 1727775.000 0.075 0.042 -0.460
6454209.000 1727775.000 -0.157 0.768 -0.482
6454259.000 1727775.000 0.070 0.892 -0.402
6454309.000 1727775.000 2.840 4.102 2.040
6454359.000 1727775.000 3.138 3.419 2.046
6454409.000 1727775.000 5.668 1.819 3.317
6454459.000 1727775.000 5.033 -3.278 1.218
6454509.000 1727775.000 -18.906 -0.654 -1.523
6451559.000 1727825.000 -0.510 -2.125 -0.301
6451609.000 1727825.000 -0.450 -2.160 -0.233
6451659.000 1727825.000 -0.485 -2.151 -0.340
6451709.000 1727825.000 -0.465 -2.140 -0.375
6451759.000 1727825.000 -0.433 -2.123 -0.424
6451809.000 1727825.000 -0.399 -2.087 -0.477
6451859.000 1727825.000 -0.434 -2.037 -0.534
6451909.000 1727825.000 -0.327 -1.965 -0.517
6451959.000 1727825.000 -0.278 -1.884 -0.509
6452009.000 1727825.000 -0.238 -1.866 -0.480
6452059.000 1727825.000 -0.227 -1.834 -0.483
6452109.000 1727825.000 -0.296 -1.766 -0.505
6452159.000 1727825.000 -0.290 -1.769 -0.528
6452209.000 1727825.000 -0.326 -1.807 -0.530
6452259.000 1727825.000 -0.180 -1.752 -0.466
6452309.000 1727825.000 -0.135 -1.670 -0.448
6452359.000 1727825.000 -0.162 -1.580 -0.480
6452409.000 1727825.000 -0.128 -1.578 -0.509
6452459.000 1727825.000 -0.147 -1.574 -0.499
6452509.000 1727825.000 -0.101 -1.479 -0.476
6452559.000 1727825.000 -0.061 -1.461 -0.440
6452609.000 1727825.000 -0.115 -1.448 -0.461
6452659.000 1727825.000 -0.123 -1.483 -0.463
6452709.000 1727825.000 -0.156 -1.472 -0.446
6452759.000 1727825.000 -0.137 -1.474 -0.436
6452809.000 1727825.000 -0.198 -1.506 -0.469
6452859.000 1727825.000 -0.171 -1.514 -0.473
6452909.000 1727825.000 -0.026 -1.355 -0.435
6452959.000 1727825.000 -0.177 -1.089 -0.376
6453009.000 1727825.000 -0.098 -0.957 -0.407
6453059.000 1727825.000 -0.305 -1.028 -0.492
6453109.000 1727825.000 -0.420 -0.975 -0.530
6453159.000 1727825.000 -0.521 -0.917 -0.604
6453209.000 1727825.000 -0.530 -0.815 -0.610
6453259.000 1727825.000 -0.553 -0.834 -0.604
6453309.000 1727825.000 -0.997 -1.964 -0.657
6453359.000 1727825.000 -0.786 -1.548 -0.676
6453409.000 1727825.000 -1.316 -1.660 -0.718
6453459.000 1727825.000 -0.926 -0.360 -0.669
6453509.000 1727825.000 -0.589 -0.343 -0.609
6453559.000 1727825.000 -0.061 -0.490 -0.523
6453609.000 1727825.000 0.209 -0.515 -0.445
6453659.000 1727825.000 0.259 -0.398 -0.384
6453709.000 1727825.000 0.209 -0.343 -0.363
6453759.000 1727825.000 0.077 -0.373 -0.355
6453809.000 1727825.000 -0.065 -0.356 -0.365
6453859.000 1727825.000 -0.169 -0.398 -0.415
6453909.000 1727825.000 -0.308 -0.414 -0.457
6453959.000 1727825.000 -0.411 -0.403 -0.468
6454009.000 1727825.000 -0.449 -0.387 -0.487
6454059.000 1727825.000 -0.477 -0.254 -0.499
6454109.000 1727825.000 -0.301 -0.152 -0.494
6454159.000 1727825.000 0.207 0.107 -0.424
6454209.000 1727825.000 0.299 0.565 -0.378
6454259.000 1727825.000 0.345 0.395 -0.458
6454309.000 1727825.000 0.532 0.426 -0.353
6454359.000 1727825.000 0.461 0.402 -0.325
6454409.000 1727825.000 1.061 -0.619 -0.340
6454459.000 1727825.000 1.880 -2.135 -0.552
6454509.000 1727825.000 6.209 -6.316 -1.059
6451559.000 1727875.000 -0.458 -1.880 -0.426
6451609.000 1727875.000 -0.543 -2.000 -0.402
6451659.000 1727875.000 -0.458 -1.998 -0.399
6451709.000 1727875.000 -0.442 -1.948 -0.464
6451759.000 1727875.000 -0.384 -1.874 -0.525
6451809.000 1727875.000 -0.487 -1.816 -0.596
6451859.000 1727875.000 -0.433 -1.790 -0.582
6451909.000 1727875.000 -0.325 -1.852 -0.534
6451959.000 1727875.000 -0.310 -1.825 -0.491
6452009.000 1727875.000 -0.238 -1.828 -0.447
6452059.000 1727875.000 -0.191 -1.831 -0.442
6452109.000 1727875.000 -0.247 -1.759 -0.455
6452159.000 1727875.000 -0.278 -1.769 -0.473
6452209.000 1727875.000 -0.435 -1.802 -0.485
6452259.000 1727875.000 -0.319 -1.861 -0.451
6452309.000 1727875.000 -0.182 -1.772 -0.420
6452359.000 1727875.000 -0.138 -1.594 -0.440
6452409.000 1727875.000 -0.195 -1.506 -0.475
6452459.000 1727875.000 -0.201 -1.458 -0.479
6452509.000 1727875.000 -0.124 -1.448 -0.460
6452559.000 1727875.000 -0.062 -1.440 -0.423
6452609.000 1727875.000 -0.071 -1.452 -0.435
6452659.000 1727875.000 -0.093 -1.469 -0.434
6452709.000 1727875.000 -0.077 -1.456 -0.426
6452759.000 1727875.000 -0.123 -1.466 -0.436
6452809.000 1727875.000 -0.194 -1.451 -0.453
6452859.000 1727875.000 -0.145 -1.450 -0.466
6452909.000 1727875.000 0.113 -1.321 -0.490
6452959.000 1727875.000 -0.062 -1.305 -0.552
6453009.000 1727875.000 -0.140 -1.072 -0.469
6453059.000 1727875.000 -0.318 -1.022 -0.422
6453109.000 1727875.000 -0.325 -0.907 -0.394
6453159.000 1727875.000 -0.518 -0.904 -0.557
6453209.000 1727875.000 -0.555 -0.804 -0.616
6453259.000 1727875.000 -0.540 -0.723 -0.607
6453309.000 1727875.000 -0.659 -0.862 -0.633
6453359.000 1727875.000 -0.544 -0.829 -0.680
6453409.000 1727875.000 -1.781 -1.315 -0.801
6453459.000 1727875.000 -1.478 -0.340 -0.733
6453509.000 1727875.000 -1.050 -0.388 -0.604
6453559.000 1727875.000 0.082 -0.472 -0.456
6453609.000 1727875.000 0.287 -0.432 -0.394
6453659.000 1727875.000 0.326 -0.382 -0.393
6453709.000 1727875.000 0.175 -0.290 -0.394
6453759.000 1727875.000 0.041 -0.303 -0.404
6453809.000 1727875.000 -0.119 -0.307 -0.419
6453859.000 1727875.000 -0.225 -0.361 -0.446
6453909.000 1727875.000 -0.362 -0.351 -0.467
6453959.000 1727875.000 -0.485 -0.348 -0.485
6454009.000 1727875.000 -0.553 -0.374 -0.527
6454059.000 1727875.000 -0.552 -0.301 -0.580
6454109.000 1727875.000 -0.279 -0.183 -0.579
6454159.000 1727875.000 0.176 0.197 -0.475
6454209.000 1727875.000 0.399 0.677 -0.386
6454259.000 1727875.000 0.297 0.395 -0.502
6454309.000 1727875.000 0.451 0.292 -0.479
6454359.000 1727875.000 0.321 0.216 -0.476
6454409.000 1727875.000 0.481 0.049 -0.455
6454459.000 1727875.000 0.404 -0.018 -0.482
6454509.000 1727875.000 0.712 -0.329 -0.479
6451559.000 1727925.000 -0.465 -1.768 -0.563
6451609.000 1727925.000 -0.569 -1.913 -0.527
6451659.000 1727925.000 -0.445 -1.883 -0.499
6451709.000 1727925.000 -0.408 -1.808 -0.538
6451759.000 1727925.000 -0.355 -1.746 -0.545
6451809.000 1727925.000 -0.427 -1.665 -0.596
6451859.000 1727925.000 -0.392 -1.677 -0.531
6451909.000 1727925.000 -0.252 -1.783 -0.466
6451959.000 1727925.000 -0.231 -1.797 -0.425
6452009.000 1727925.000 -0.199 -1.857 -0.412
6452059.000 1727925.000 -0.209 -1.818 -0.414
6452109.000 1727925.000 -0.144 -1.825 -0.446
6452159.000 1727925.000 -0.207 -1.896 -0.470
6452209.000 1727925.000 -0.235 -1.985 -0.490
6452259.000 1727925.000 -0.368 -1.939 -0.448
6452309.000 1727925.000 -0.304 -1.646 -0.432
6452359.000 1727925.000 -0.220 -1.382 -0.421
6452409.000 1727925.000 -0.259 -1.419 -0.452
6452459.000 1727925.000 -0.234 -1.434 -0.479
6452509.000 1727925.000 -0.195 -1.446 -0.476
6452559.000 1727925.000 -0.110 -1.450 -0.450
6452609.000 1727925.000 -0.108 -1.466 -0.442
6452659.000 1727925.000 -0.161 -1.477 -0.442
6452709.000 1727925.000 -0.204 -1.502 -0.447
6452759.000 1727925.000 -0.256 -1.447 -0.458
6452809.000 1727925.000 -0.262 -1.423 -0.473
6452859.000 1727925.000 -0.252 -1.452 -0.503
6452909.000 1727925.000 -0.011 -1.455 -0.552
6452959.000 1727925.000 -0.144 -1.496 -0.608
6453009.000 1727925.000 -0.120 -1.321 -0.592
6453059.000 1727925.000 -0.318 -1.192 -0.441
6453109.000 1727925.000 -0.331 -0.974 -0.370
6453159.000 1727925.000 -0.450 -0.905 -0.484
6453209.000 1727925.000 -0.583 -0.779 -0.628
6453259.000 1727925.000 -0.544 -0.683 -0.635
6453309.000 1727925.000 -0.511 -0.589 -0.639
6453359.000 1727925.000 -0.482 -0.613 -0.685
6453409.000 1727925.000 -1.075 -0.871 -0.815
6453459.000 1727925.000 -1.005 -0.789 -0.765
6453509.000 1727925.000 -0.819 -0.635 -0.598
6453559.000 1727925.000 0.060 -0.403 -0.363
6453609.000 1727925.000 0.191 -0.413 -0.380
6453659.000 1727925.000 0.249 -0.363 -0.387
6453709.000 1727925.000 0.044 -0.252 -0.412
6453759.000 1727925.000 -0.024 -0.291 -0.459
6453809.000 1727925.000 -0.185 -0.337 -0.503
6453859.000 1727925.000 -0.264 -0.391 -0.521
6453909.000 1727925.000 -0.345 -0.333 -0.505
6453959.000 1727925.000 -0.486 -0.302 -0.527
6454009.000 1727925.000 -0.556 -0.302 -0.566
6454059.000 1727925.000 -0.564 -0.237 -0.610
6454109.000 1727925.000 -0.271 -0.156 -0.619
6454159.000 1727925.000 0.100 0.086 -0.625
6454209.000 1727925.000 0.334 0.375 -0.560
6454259.000 1727925.000 0.283 0.307 -0.549
6454309.000 1727925.000 0.289 0.275 -0.525
6454359.000 1727925.000 0.188 0.219 -0.506
6454409.000 1727925.000 0.335 0.094 -0.492
6454459.000 1727925.000 0.386 0.015 -0.475
6454509.000 1727925.000 0.541 -0.134 -0.459
6451559.000 1727975.000 -0.455 -1.450 -0.600
6451609.000 1727975.000 -0.564 -1.709 -0.599
6451659.000 1727975.000 -0.541 -1.676 -0.580
6451709.000 1727975.000 -0.524 -1.556 -0.573
6451759.000 1727975.000 -0.451 -1.490 -0.513
6451809.000 1727975.000 -0.494 -1.388 -0.501
6451859.000 1727975.000 -0.438 -1.496 -0.446
6451909.000 1727975.000 -0.318 -1.645 -0.427
6451959.000 1727975.000 -0.243 -1.654 -0.397
6452009.000 1727975.000 -0.356 -1.710 -0.410
6452059.000 1727975.000 -0.371 -1.674 -0.408
6452109.000 1727975.000 -0.411 -1.708 -0.453
6452159.000 1727975.000 -0.284 -1.617 -0.461
6452209.000 1727975.000 -0.302 -1.569 -0.482
6452259.000 1727975.000 -0.404 -1.439 -0.458
6452309.000 1727975.000 -0.341 -1.419 -0.449
6452359.000 1727975.000 -0.267 -1.365 -0.433
6452409.000 1727975.000 -0.293 -1.407 -0.456
6452459.000 1727975.000 -0.314 -1.406 -0.491
6452509.000 1727975.000 -0.247 -1.433 -0.477
6452559.000 1727975.000 -0.115 -1.438 -0.454
6452609.000 1727975.000 -0.156 -1.440 -0.455
6452659.000 1727975.000 -0.188 -1.456 -0.460
6452709.000 1727975.000 -0.242 -1.472 -0.475
6452759.000 1727975.000 -0.253 -1.450 -0.489
6452809.000 1727975.000 -0.228 -1.456 -0.515
6452859.000 1727975.000 -0.159 -1.424 -0.548
6452909.000 1727975.000 -0.031 -1.371 -0.591
6452959.000 1727975.000 -0.136 -1.403 -0.637
6453009.000 1727975.000 -0.164 -1.341 -0.655
6453059.000 1727975.000 -0.311 -1.303 -0.565
6453109.000 1727975.000 -0.462 -1.082 -0.390
6453159.000 1727975.000 -0.339 -0.963 -0.391
6453209.000 1727975.000 -0.560 -0.873 -0.602
6453259.000 1727975.000 -0.517 -0.669 -0.656
6453309.000 1727975.000 -0.497 -0.631 -0.650
6453359.000 1727975.000 -0.467 -0.617 -0.643
6453409.000 1727975.000 -0.514 -0.695 -0.680
6453459.000 1727975.000 -0.417 -0.692 -0.632
6453509.000 1727975.000 -0.308 -0.644 -0.564
6453559.000 1727975.000 0.137 -0.484 -0.396
6453609.000 1727975.000 0.122 -0.428 -0.410
6453659.000 1727975.000 0.151 -0.370 -0.413
6453709.000 1727975.000 -0.053 -0.264 -0.451
6453759.000 1727975.000 -0.068 -0.255 -0.501
6453809.000 1727975.000 -0.225 -0.218 -0.522
6453859.000 1727975.000 -0.318 -0.207 -0.515
6453909.000 1727975.000 -0.369 -0.185 -0.491
6453959.000 1727975.000 -0.484 -0.180 -0.499
6454009.000 1727975.000 -0.451 -0.138 -0.503
6454059.000 1727975.000 -0.400 -0.030 -0.505
6454109.000 1727975.000 0.042 0.150 -0.458
6454159.000 1727975.000 0.229 0.287 -0.485
6454209.000 1727975.000 0.362 0.398 -0.494
6454259.000 1727975.000 0.238 0.409 -0.492
6454309.000 1727975.000 0.234 0.362 -0.487
6454359.000 1727975.000 0.184 0.209 -0.494
6454409.000 1727975.000 0.330 0.070 -0.494
6454459.000 1727975.000 0.346 0.014 -0.484
6454509.000 1727975.000 0.421 -0.047 -0.478
6451559.000 1728025.000 -0.485 -1.861 -0.605
6451609.000 1728025.000 -0.535 -1.836 -0.615
6451659.000 1728025.000 -0.542 -1.820 -0.615
6451709.000 1728025.000 -0.639 -1.795 -0.602
6451759.000 1728025.000 -0.616 -1.743 -0.527
6451809.000 1728025.000 -0.605 -1.646 -0.480
6451859.000 1728025.000 -0.418 -1.587 -0.420
6451909.000 1728025.000 -0.273 -1.628 -0.396
6451959.000 1728025.000 -0.250 -1.632 -0.375
6452009.000 1728025.000 -0.308 -1.671 -0.395
6452059.000 1728025.000 -0.334 -1.591 -0.407
6452109.000 1728025.000 -0.382 -1.587 -0.462
6452159.000 1728025.000 -0.345 -1.486 -0.484
6452209.000 1728025.000 -0.338 -1.485 -0.487
6452259.000 1728025.000 -0.337 -1.414 -0.482
6452309.000 1728025.000 -0.348 -1.402 -0.473
6452359.000 1728025.000 -0.348 -1.391 -0.479
6452409.000 1728025.000 -0.325 -1.388 -0.468
6452459.000 1728025.000 -0.310 -1.398 -0.477
6452509.000 1728025.000 -0.234 -1.432 -0.463
6452559.000 1728025.000 -0.127 -1.403 -0.462
6452609.000 1728025.000 -0.150 -1.371 -0.474
6452659.000 1728025.000 -0.167 -1.348 -0.493
6452709.000 1728025.000 -0.225 -1.295 -0.521
6452759.000 1728025.000 -0.259 -1.276 -0.550
6452809.000 1728025.000 -0.256 -1.232 -0.584
6452859.000 1728025.000 -0.156 -1.222 -0.606
6452909.000 1728025.000 -0.113 -1.179 -0.636
6452959.000 1728025.000 -0.111 -1.215 -0.661
6453009.000 1728025.000 -0.142 -1.257 -0.686
6453059.000 1728025.000 -0.229 -1.294 -0.680
6453109.000 1728025.000 -0.555 -1.167 -0.506
6453159.000 1728025.000 -0.388 -0.924 -0.474
6453209.000 1728025.000 -0.426 -0.862 -0.584
6453259.000 1728025.000 -0.372 -0.601 -0.655
6453309.000 1728025.000 -0.253 -0.642 -0.616
6453359.000 1728025.000 -0.223 -0.595 -0.585
6453409.000 1728025.000 -0.183 -0.534 -0.538
6453459.000 1728025.000 -0.137 -0.522 -0.506
6453509.000 1728025.000 -0.049 -0.427 -0.439
6453559.000 1728025.000 0.127 -0.403 -0.381
6453609.000 1728025.000 0.082 -0.330 -0.393
6453659.000 1728025.000 0.078 -0.298 -0.405
6453709.000 1728025.000 -0.057 -0.251 -0.464
6453759.000 1728025.000 -0.038 -0.224 -0.484
6453809.000 1728025.000 -0.195 -0.193 -0.491
6453859.000 1728025.000 -0.297 -0.159 -0.481
6453909.000 1728025.000 -0.396 -0.112 -0.486
6453959.000 1728025.000 -0.466 -0.115 -0.504
6454009.000 1728025.000 -0.401 -0.089 -0.517
6454059.000 1728025.000 -0.200 0.016 -0.476
6454109.000 1728025.000 0.149 0.161 -0.450
6454159.000 1728025.000 0.219 0.270 -0.470
6454209.000 1728025.000 0.213 0.315 -0.479
6454259.000 1728025.000 0.114 0.337 -0.467
6454309.000 1728025.000 0.156 0.300 -0.451
6454359.000 1728025.000 0.198 0.288 -0.415
6454409.000 1728025.000 0.316 0.222 -0.398
6454459.000 1728025.000 0.356 0.174 -0.386
6454509.000 1728025.000 0.383 0.122 -0.391
6451559.000 1728075.000 -0.574 -2.046 -0.575
6451609.000 1728075.000 -0.638 -1.915 -0.603
6451659.000 1728075.000 -0.607 -1.882 -0.608
6451709.000 1728075.000 -0.720 -1.873 -0.614
6451759.000 1728075.000 -0.749 -1.773 -0.566
6451809.000 1728075.000 -0.607 -1.652 -0.486
6451859.000 1728075.000 -0.385 -1.621 -0.408
6451909.000 1728075.000 -0.234 -1.698 -0.367
6451959.000 1728075.000 -0.266 -1.667 -0.358
6452009.000 1728075.000 -0.300 -1.619 -0.386
6452059.000 1728075.000 -0.311 -1.523 -0.417
6452109.000 1728075.000 -0.338 -1.504 -0.453
6452159.000 1728075.000 -0.330 -1.436 -0.470
6452209.000 1728075.000 -0.363 -1.457 -0.462
6452259.000 1728075.000 -0.245 -1.453 -0.491
6452309.000 1728075.000 -0.351 -1.435 -0.486
6452359.000 1728075.000 -0.410 -1.421 -0.515
6452409.000 1728075.000 -0.353 -1.376 -0.475
6452459.000 1728075.000 -0.302 -1.341 -0.475
6452509.000 1728075.000 -0.211 -1.337 -0.463
6452559.000 1728075.000 -0.136 -1.327 -0.476
6452609.000 1728075.000 -0.138 -1.292 -0.498
6452659.000 1728075.000 -0.176 -1.343 -0.549
6452709.000 1728075.000 -0.138 -1.379 -0.597
6452759.000 1728075.000 -0.157 -1.292 -0.629
6452809.000 1728075.000 -0.203 -1.233 -0.653
6452859.000 1728075.000 -0.154 -1.205 -0.658
6452909.000 1728075.000 -0.136 -1.210 -0.677
6452959.000 1728075.000 -0.110 -1.239 -0.685
6453009.000 1728075.000 -0.145 -1.260 -0.705
6453059.000 1728075.000 -0.193 -1.293 -0.731
6453109.000 1728075.000 -0.397 -1.266 -0.666
6453159.000 1728075.000 -0.411 -1.089 -0.613
6453209.000 1728075.000 -0.251 -0.939 -0.550
6453259.000 1728075.000 -0.134 -0.711 -0.540
6453309.000 1728075.000 -0.089 -0.651 -0.521
6453359.000 1728075.000 -0.089 -0.492 -0.497
6453409.000 1728075.000 -0.024 -0.457 -0.455
6453459.000 1728075.000 -0.035 -0.406 -0.443
6453509.000 1728075.000 0.035 -0.363 -0.423
6453559.000 1728075.000 0.118 -0.351 -0.413
6453609.000 1728075.000 -0.019 -0.298 -0.459
6453659.000 1728075.000 -0.004 -0.297 -0.464
6453709.000 1728075.000 -0.037 -0.247 -0.483
6453759.000 1728075.000 -0.013 -0.231 -0.478
6453809.000 1728075.000 -0.148 -0.199 -0.485
6453859.000 1728075.000 -0.260 -0.169 -0.484
6453909.000 1728075.000 -0.338 -0.120 -0.479
6453959.000 1728075.000 -0.403 -0.090 -0.486
6454009.000 1728075.000 -0.316 -0.080 -0.482
6454059.000 1728075.000 -0.072 0.002 -0.455
6454109.000 1728075.000 0.221 0.152 -0.434
6454159.000 1728075.000 0.142 0.222 -0.431
6454209.000 1728075.000 0.017 0.227 -0.419
6454259.000 1728075.000 0.077 0.206 -0.436
6454309.000 1728075.000 0.194 0.204 -0.442
6454359.000 1728075.000 0.290 0.221 -0.405
6454409.000 1728075.000 0.317 0.201 -0.391
6454459.000 1728075.000 0.214 0.195 -0.378
6454509.000 1728075.000 0.131 0.152 -0.379
6451559.000 1728125.000 -0.586 -2.117 -0.560
6451609.000 1728125.000 -0.586 -2.026 -0.613
6451659.000 1728125.000 -0.515 -2.005 -0.620
6451709.000 1728125.000 -0.531 -1.985 -0.627
6451759.000 1728125.000 -0.533 -1.862 -0.574
6451809.000 1728125.000 -0.439 -1.675 -0.496
6451859.000 1728125.000 -0.370 -1.627 -0.425
6451909.000 1728125.000 -0.265 -1.639 -0.380
6451959.000 1728125.000 -0.264 -1.603 -0.375
6452009.000 1728125.000 -0.233 -1.553 -0.382
6452059.000 1728125.000 -0.235 -1.479 -0.403
6452109.000 1728125.000 -0.249 -1.495 -0.420
6452159.000 1728125.000 -0.525 -1.728 -0.516
6452209.000 1728125.000 -0.556 -1.837 -0.501
6452259.000 1728125.000 -0.395 -1.792 -0.545
6452309.000 1728125.000 -0.336 -1.481 -0.506
6452359.000 1728125.000 -0.429 -1.454 -0.535
6452409.000 1728125.000 -0.364 -1.378 -0.477
6452459.000 1728125.000 -0.296 -1.349 -0.471
6452509.000 1728125.000 -0.177 -1.293 -0.468
6452559.000 1728125.000 -0.130 -1.258 -0.493
6452609.000 1728125.000 -0.126 -1.152 -0.527
6452659.000 1728125.000 -0.226 -1.363 -0.617
6452709.000 1728125.000 -0.069 -1.412 -0.658
6452759.000 1728125.000 -0.126 -1.368 -0.684
6452809.000 1728125.000 -0.182 -1.289 -0.687
6452859.000 1728125.000 -0.218 -1.296 -0.705
6452909.000 1728125.000 -0.244 -1.356 -0.738
6452959.000 1728125.000 -0.242 -1.375 -0.753
6453009.000 1728125.000 -0.218 -1.352 -0.753
6453059.000 1728125.000 -0.223 -1.317 -0.767
6453109.000 1728125.000 -0.277 -1.251 -0.742
6453159.000 1728125.000 -0.330 -1.092 -0.674
6453209.000 1728125.000 -0.202 -0.912 -0.572
6453259.000 1728125.000 -0.064 -0.704 -0.489
6453309.000 1728125.000 -0.009 -0.625 -0.454
6453359.000 1728125.000 0.101 -0.457 -0.394
6453409.000 1728125.000 0.148 -0.416 -0.375
6453459.000 1728125.000 0.190 -0.402 -0.372
6453509.000 1728125.000 0.205 -0.376 -0.380
6453559.000 1728125.000 0.170 -0.349 -0.411
6453609.000 1728125.000 0.096 -0.330 -0.444
6453659.000 1728125.000 0.053 -0.305 -0.459
6453709.000 1728125.000 -0.008 -0.270 -0.477
6453759.000 1728125.000 -0.002 -0.248 -0.467
6453809.000 1728125.000 -0.113 -0.221 -0.465
6453859.000 1728125.000 -0.176 -0.183 -0.453
6453909.000 1728125.000 -0.265 -0.123 -0.451
6453959.000 1728125.000 -0.349 -0.102 -0.482
6454009.000 1728125.000 -0.243 -0.101 -0.470
6454059.000 1728125.000 0.005 -0.013 -0.438
6454109.000 1728125.000 0.157 0.118 -0.419
6454159.000 1728125.000 0.075 0.221 -0.406
6454209.000 1728125.000 -0.006 0.223 -0.402
6454259.000 1728125.000 0.078 0.168 -0.422
6454309.000 1728125.000 0.198 0.035 -0.429
6454359.000 1728125.000 0.309 0.044 -0.405
6454409.000 1728125.000 0.346 0.026 -0.391
6454459.000 1728125.000 0.375 0.012 -0.382
6454509.000 1728125.000 0.304 -0.044 -0.376
6451559.000 1728175.000 -0.500 -2.121 -0.517
6451609.000 1728175.000 -0.529 -2.037 -0.559
6451659.000 1728175.000 -0.505 -1.958 -0.557
6451709.000 1728175.000 -0.505 -1.867 -0.561
6451759.000 1728175.000 -0.474 -1.802 -0.540
6451809.000 1728175.000 -0.431 -1.712 -0.492
6451859.000 1728175.000 -0.160 -1.784 -0.433
6451909.000 1728175.000 -0.121 -1.754 -0.399
6451959.000 1728175.000 -0.117 -1.723 -0.393
6452009.000 1728175.000 -0.255 -1.570 -0.375
6452059.000 1728175.000 -0.211 -1.533 -0.384
6452109.000 1728175.000 -0.425 -1.701 -0.458
6452159.000 1728175.000 -0.791 -1.958 -0.660
6452209.000 1728175.000 -0.612 -2.005 -0.659
6452259.000 1728175.000 -0.263 -2.143 -0.673
6452309.000 1728175.000 -0.346 -1.460 -0.514
6452359.000 1728175.000 -0.395 -1.388 -0.526
6452409.000 1728175.000 -0.355 -1.315 -0.499
6452459.000 1728175.000 -0.287 -1.287 -0.504
6452509.000 1728175.000 -0.128 -1.253 -0.498
6452559.000 1728175.000 -0.122 -1.223 -0.535
6452609.000 1728175.000 -0.160 -1.045 -0.591
6452659.000 1728175.000 -0.228 -1.242 -0.687
6452709.000 1728175.000 -0.079 -1.352 -0.723
6452759.000 1728175.000 -0.162 -1.367 -0.736
6452809.000 1728175.000 -0.237 -1.296 -0.737
6452859.000 1728175.000 -0.308 -1.345 -0.764
6452909.000 1728175.000 -0.371 -1.444 -0.811
6452959.000 1728175.000 -0.365 -1.418 -0.809
6453009.000 1728175.000 -0.253 -1.363 -0.798
6453059.000 1728175.000 -0.196 -1.302 -0.801
6453109.000 1728175.000 -0.229 -1.308 -0.803
6453159.000 1728175.000 -0.348 -1.317 -0.784
6453209.000 1728175.000 -0.204 -1.008 -0.635
6453259.000 1728175.000 -0.109 -0.707 -0.496
6453309.000 1728175.000 -0.031 -0.574 -0.440
6453359.000 1728175.000 0.164 -0.422 -0.350
6453409.000 1728175.000 0.225 -0.366 -0.351
6453459.000 1728175.000 0.284 -0.384 -0.350
6453509.000 1728175.000 0.237 -0.400 -0.388
6453559.000 1728175.000 0.184 -0.399 -0.422
6453609.000 1728175.000 0.108 -0.361 -0.458
6453659.000 1728175.000 0.044 -0.341 -0.485
6453709.000 1728175.000 0.007 -0.291 -0.488
6453759.000 1728175.000 -0.021 -0.247 -0.466
6453809.000 1728175.000 -0.098 -0.198 -0.450
6453859.000 1728175.000 -0.133 -0.180 -0.446
6453909.000 1728175.000 -0.173 -0.160 -0.451
6453959.000 1728175.000 -0.241 -0.104 -0.457
6454009.000 1728175.000 -0.175 -0.114 -0.437
6454059.000 1728175.000 -0.110 -0.048 -0.427
6454109.000 1728175.000 0.027 0.032 -0.405
6454159.000 1728175.000 0.001 0.152 -0.384
6454209.000 1728175.000 0.019 0.131 -0.383
6454259.000 1728175.000 0.065 0.078 -0.403
6454309.000 1728175.000 0.174 0.014 -0.423
6454359.000 1728175.000 0.271 0.016 -0.419
6454409.000 1728175.000 0.312 0.050 -0.409
6454459.000 1728175.000 0.336 0.058 -0.400
6454509.000 1728175.000 0.353 0.156 -0.385
6451559.000 1728225.000 -0.394 -2.084 -0.459
6451609.000 1728225.000 -0.490 -1.957 -0.485
6451659.000 1728225.000 -0.500 -1.898 -0.487
6451709.000 1728225.000 -0.540 -1.801 -0.487
6451759.000 1728225.000 -0.500 -1.746 -0.479
6451809.000 1728225.000 -0.447 -1.684 -0.462
6451859.000 1728225.000 -0.158 -1.771 -0.433
6451909.000 1728225.000 -0.120 -1.742 -0.405
6451959.000 1728225.000 -0.077 -1.730 -0.391
6452009.000 1728225.000 -0.235 -1.574 -0.367
6452059.000 1728225.000 -0.276 -1.443 -0.341
6452109.000 1728225.000 -0.435 -1.568 -0.411
6452159.000 1728225.000 -0.860 -1.654 -0.636
6452209.000 1728225.000 -0.595 -1.656 -0.672
6452259.000 1728225.000 -0.338 -1.728 -0.699
6452309.000 1728225.000 -0.344 -1.382 -0.528
6452359.000 1728225.000 -0.398 -1.379 -0.565
6452409.000 1728225.000 -0.382 -1.365 -0.569
6452459.000 1728225.000 -0.220 -1.302 -0.565
6452509.000 1728225.000 -0.073 -1.276 -0.581
6452559.000 1728225.000 -0.107 -1.166 -0.641
6452609.000 1728225.000 -0.186 -1.063 -0.725
6452659.000 1728225.000 -0.128 -1.217 -0.773
6452709.000 1728225.000 -0.165 -1.222 -0.779
6452759.000 1728225.000 -0.231 -1.318 -0.772
6452809.000 1728225.000 -0.236 -1.395 -0.776
6452859.000 1728225.000 -0.283 -1.516 -0.811
6452909.000 1728225.000 -0.361 -1.547 -0.859
6452959.000 1728225.000 -0.324 -1.502 -0.858
6453009.000 1728225.000 -0.263 -1.395 -0.844
6453059.000 1728225.000 -0.222 -1.318 -0.843
6453109.000 1728225.000 -0.287 -1.324 -0.850
6453159.000 1728225.000 -0.308 -1.352 -0.850
6453209.000 1728225.000 -0.113 -1.162 -0.798
6453259.000 1728225.000 -0.084 -0.847 -0.640
6453309.000 1728225.000 -0.085 -0.596 -0.512
6453359.000 1728225.000 0.147 -0.415 -0.369
6453409.000 1728225.000 0.233 -0.357 -0.370
6453459.000 1728225.000 0.294 -0.392 -0.374
6453509.000 1728225.000 0.242 -0.430 -0.406
6453559.000 1728225.000 0.213 -0.406 -0.422
6453609.000 1728225.000 0.182 -0.356 -0.421
6453659.000 1728225.000 0.144 -0.333 -0.434
6453709.000 1728225.000 0.089 -0.321 -0.448
6453759.000 1728225.000 0.010 -0.279 -0.460
6453809.000 1728225.000 -0.047 -0.216 -0.444
6453859.000 1728225.000 -0.107 -0.187 -0.444
6453909.000 1728225.000 -0.157 -0.159 -0.441
6453959.000 1728225.000 -0.179 -0.151 -0.453
6454009.000 1728225.000 -0.086 -0.013 -0.409
6454059.000 1728225.000 -0.046 0.075 -0.397
6454109.000 1728225.000 0.027 0.099 -0.396
6454159.000 1728225.000 0.064 0.117 -0.414
6454209.000 1728225.000 0.099 0.056 -0.408
6454259.000 1728225.000 0.109 0.022 -0.405
6454309.000 1728225.000 0.221 -0.005 -0.395
6454359.000 1728225.000 0.249 -0.022 -0.412
6454409.000 1728225.000 0.274 -0.001 -0.409
6454459.000 1728225.000 0.284 0.002 -0.410
6454509.000 1728225.000 0.304 0.059 -0.385
6451559.000 1728275.000 -0.336 -2.067 -0.426
6451609.000 1728275.000 -0.394 -2.019 -0.424
6451659.000 1728275.000 -0.437 -1.970 -0.425
6451709.000 1728275.000 -0.499 -1.843 -0.427
6451759.000 1728275.000 -0.468 -1.748 -0.429
6451809.000 1728275.000 -0.420 -1.704 -0.427
6451859.000 1728275.000 -0.094 -1.785 -0.421
6451909.000 1728275.000 -0.028 -1.768 -0.401
6451959.000 1728275.000 -0.010 -1.754 -0.376
6452009.000 1728275.000 -0.268 -1.563 -0.354
6452059.000 1728275.000 -0.357 -1.327 -0.290
6452109.000 1728275.000 -0.365 -1.437 -0.344
6452159.000 1728275.000 -0.535 -1.289 -0.542
6452209.000 1728275.000 -0.444 -1.326 -0.661
6452259.000 1728275.000 -0.234 -1.358 -0.663
6452309.000 1728275.000 -0.313 -1.322 -0.527
6452359.000 1728275.000 -0.378 -1.298 -0.593
6452409.000 1728275.000 -0.404 -1.227 -0.639
6452459.000 1728275.000 -0.206 -1.182 -0.654
6452509.000 1728275.000 -0.162 -1.144 -0.716
6452559.000 1728275.000 -0.150 -1.082 -0.762
6452609.000 1728275.000 -0.127 -1.195 -0.813
6452659.000 1728275.000 -0.078 -1.212 -0.800
6452709.000 1728275.000 -0.141 -1.200 -0.799
6452759.000 1728275.000 -0.232 -1.273 -0.808
6452809.000 1728275.000 -0.279 -1.463 -0.847
6452859.000 1728275.000 -0.330 -1.597 -0.887
6452909.000 1728275.000 -0.276 -1.571 -0.898
6452959.000 1728275.000 -0.242 -1.491 -0.904
6453009.000 1728275.000 -0.235 -1.335 -0.910
6453059.000 1728275.000 -0.226 -1.251 -0.915
6453109.000 1728275.000 -0.190 -1.253 -0.946
6453159.000 1728275.000 -0.222 -1.216 -0.928
6453209.000 1728275.000 -0.015 -1.037 -0.862
6453259.000 1728275.000 0.002 -0.814 -0.722
6453309.000 1728275.000 -0.050 -0.561 -0.546
6453359.000 1728275.000 0.177 -0.351 -0.427
6453409.000 1728275.000 0.204 -0.322 -0.428
6453459.000 1728275.000 0.326 -0.383 -0.382
6453509.000 1728275.000 0.260 -0.444 -0.399
6453559.000 1728275.000 0.222 -0.425 -0.412
6453609.000 1728275.000 0.204 -0.375 -0.413
6453659.000 1728275.000 0.162 -0.356 -0.429
6453709.000 1728275.000 0.137 -0.353 -0.439
6453759.000 1728275.000 0.059 -0.313 -0.450
6453809.000 1728275.000 -0.025 -0.242 -0.445
6453859.000 1728275.000 -0.060 -0.250 -0.463
6453909.000 1728275.000 -0.059 -0.219 -0.452
6453959.000 1728275.000 0.007 -0.168 -0.440
6454009.000 1728275.000 0.008 -0.005 -0.398
6454059.000 1728275.000 0.097 0.038 -0.409
6454109.000 1728275.000 0.146 0.116 -0.419
6454159.000 1728275.000 0.167 0.055 -0.445
6454209.000 1728275.000 0.105 0.032 -0.415
6454259.000 1728275.000 0.122 0.005 -0.409
6454309.000 1728275.000 0.214 0.020 -0.379
6454359.000 1728275.000 0.241 0.020 -0.381
6454409.000 1728275.000 0.272 0.044 -0.375
6454459.000 1728275.000 0.280 0.054 -0.370
6454509.000 1728275.000 0.309 0.068 -0.372
6451559.000 1728325.000 -0.333 -2.069 -0.372
6451609.000 1728325.000 -0.388 -1.997 -0.373
6451659.000 1728325.000 -0.370 -1.967 -0.383
6451709.000 1728325.000 -0.384 -1.852 -0.386
6451759.000 1728325.000 -0.351 -1.742 -0.392
6451809.000 1728325.000 -0.283 -1.702 -0.399
6451859.000 1728325.000 -0.246 -1.648 -0.407
6451909.000 1728325.000 -0.335 -1.844 -0.379
6451959.000 1728325.000 -0.027 -2.635 -0.305
6452009.000 1728325.000 -0.392 -2.826 -0.277
6452059.000 1728325.000 -0.531 -1.776 -0.282
6452109.000 1728325.000 -0.203 -1.259 -0.341
6452159.000 1728325.000 -0.132 -1.280 -0.364
6452209.000 1728325.000 -0.195 -1.261 -0.501
6452259.000 1728325.000 -0.253 -1.324 -0.524
6452309.000 1728325.000 -0.331 -1.315 -0.542
6452359.000 1728325.000 -0.408 -1.299 -0.630
6452409.000 1728325.000 -0.459 -1.237 -0.711
6452459.000 1728325.000 -0.247 -1.262 -0.744
6452509.000 1728325.000 -0.167 -1.267 -0.801
6452559.000 1728325.000 -0.067 -1.282 -0.824
6452609.000 1728325.000 -0.065 -1.293 -0.843
6452659.000 1728325.000 -0.071 -1.265 -0.839
6452709.000 1728325.000 -0.112 -1.216 -0.827
6452759.000 1728325.000 -0.214 -1.225 -0.838
6452809.000 1728325.000 -0.172 -1.219 -0.857
6452859.000 1728325.000 -0.216 -1.245 -0.904
6452909.000 1728325.000 -0.182 -1.274 -0.933
6452959.000 1728325.000 -0.113 -1.222 -0.943
6453009.000 1728325.000 -0.106 -1.102 -0.962
6453059.000 1728325.000 -0.120 -1.067 -0.978
6453109.000 1728325.000 -0.115 -1.076 -1.003
6453159.000 1728325.000 -0.128 -0.933 -0.941
6453209.000 1728325.000 0.020 -0.928 -0.854
6453259.000 1728325.000 0.110 -0.769 -0.698
6453309.000 1728325.000 0.057 -0.536 -0.509
6453359.000 1728325.000 0.262 -0.291 -0.444
6453409.000 1728325.000 0.222 -0.319 -0.439
6453459.000 1728325.000 0.303 -0.375 -0.389
6453509.000 1728325.000 0.263 -0.477 -0.399
6453559.000 1728325.000 0.226 -0.470 -0.421
6453609.000 1728325.000 0.197 -0.422 -0.427
6453659.000 1728325.000 0.167 -0.382 -0.435
6453709.000 1728325.000 0.109 -0.384 -0.458
6453759.000 1728325.000 0.058 -0.369 -0.474
6453809.000 1728325.000 -0.017 -0.307 -0.476
6453859.000 1728325.000 0.001 -0.222 -0.460
6453909.000 1728325.000 0.020 -0.191 -0.441
6453959.000 1728325.000 0.082 -0.157 -0.435
6454009.000 1728325.000 0.067 -0.003 -0.397
6454059.000 1728325.000 0.224 0.011 -0.417
6454109.000 1728325.000 0.227 0.026 -0.435
6454159.000 1728325.000 0.257 -0.070 -0.468
6454209.000 1728325.000 0.113 -0.040 -0.439
6454259.000 1728325.000 0.173 -0.049 -0.424
6454309.000 1728325.000 0.260 -0.026 -0.380
6454359.000 1728325.000 0.283 -0.026 -0.383
6454409.000 1728325.000 0.281 -0.032 -0.387
6454459.000 1728325.000 0.270 -0.025 -0.380
6454509.000 1728325.000 0.251 -0.040 -0.380
6451559.000 1728375.000 -0.302 -2.024 -0.355
6451609.000 1728375.000 -0.358 -1.868 -0.358
6451659.000 1728375.000 -0.303 -1.835 -0.371
6451709.000 1728375.000 -0.320 -1.732 -0.375
6451759.000 1728375.000 -0.267 -1.669 -0.381
6451809.000 1728375.000 -0.229 -1.666 -0.394
6451859.000 1728375.000 -0.163 -1.622 -0.409
6451909.000 1728375.000 -11.237 -5.647 -0.006
6451959.000 1728375.000 7.802 -4.536 -0.041
6452009.000 1728375.000 4.828 -3.244 -0.087
6452059.000 1728375.000 9.386 9.859 -1.120
6452109.000 1728375.000 -0.215 -1.139 -0.430
6452159.000 1728375.000 -0.166 -1.300 -0.426
6452209.000 1728375.000 -0.274 -1.389 -0.511
6452259.000 1728375.000 -0.277 -1.369 -0.533
6452309.000 1728375.000 -0.343 -1.345 -0.558
6452359.000 1728375.000 -0.423 -1.300 -0.646
6452409.000 1728375.000 -0.487 -1.240 -0.736
6452459.000 1728375.000 -0.418 -1.210 -0.775
6452509.000 1728375.000 -0.258 -1.278 -0.811
6452559.000 1728375.000 -0.065 -1.319 -0.811
6452609.000 1728375.000 -0.065 -1.316 -0.835
6452659.000 1728375.000 -0.101 -1.304 -0.858
6452709.000 1728375.000 -0.158 -1.302 -0.885
6452759.000 1728375.000 -0.220 -1.241 -0.897
6452809.000 1728375.000 -0.047 -1.035 -0.891
6452859.000 1728375.000 -0.036 -0.969 -0.916
6452909.000 1728375.000 -0.143 -0.921 -0.982
6452959.000 1728375.000 -0.087 -0.887 -0.986
6453009.000 1728375.000 -0.116 -0.889 -1.013
6453059.000 1728375.000 -0.084 -0.970 -1.030
6453109.000 1728375.000 -0.060 -1.034 -1.047
6453159.000 1728375.000 -0.072 -1.029 -0.966
6453209.000 1728375.000 0.032 -0.867 -0.781
6453259.000 1728375.000 0.131 -0.634 -0.553
6453309.000 1728375.000 0.197 -0.468 -0.436
6453359.000 1728375.000 0.302 -0.330 -0.423
6453409.000 1728375.000 0.284 -0.336 -0.421
6453459.000 1728375.000 0.338 -0.386 -0.368
6453509.000 1728375.000 0.293 -0.452 -0.392
6453559.000 1728375.000 0.231 -0.442 -0.419
6453609.000 1728375.000 0.178 -0.408 -0.438
6453659.000 1728375.000 0.154 -0.372 -0.436
6453709.000 1728375.000 0.116 -0.350 -0.446
6453759.000 1728375.000 0.088 -0.350 -0.460
6453809.000 1728375.000 0.022 -0.321 -0.470
6453859.000 1728375.000 0.113 -0.244 -0.459
6453909.000 1728375.000 0.114 -0.166 -0.434
6453959.000 1728375.000 0.225 -0.109 -0.419
6454009.000 1728375.000 0.089 -0.056 -0.400
6454059.000 1728375.000 0.244 -0.026 -0.415
6454109.000 1728375.000 0.209 -0.018 -0.418
6454159.000 1728375.000 0.235 -0.025 -0.420
6454209.000 1728375.000 0.162 -0.064 -0.421
6454259.000 1728375.000 0.276 -0.135 -0.431
6454309.000 1728375.000 0.309 -0.116 -0.407
6454359.000 1728375.000 0.335 -0.071 -0.388
6454409.000 1728375.000 0.331 -0.062 -0.371
6454459.000 1728375.000 0.312 -0.067 -0.367
6454509.000 1728375.000 0.347 -0.115 -0.382
6451559.000 1728425.000 -0.277 -2.156 -0.359
6451609.000 1728425.000 -0.324 -1.994 -0.374
6451659.000 1728425.000 -0.234 -1.982 -0.381
6451709.000 1728425.000 -0.268 -1.701 -0.377
6451759.000 1728425.000 -0.181 -1.598 -0.386
6451809.000 1728425.000 -0.188 -1.548 -0.403
6451859.000 1728425.000 -0.143 -1.508 -0.426
6451909.000 1728425.000 -8.324 1.440 -0.412
6451959.000 1728425.000 -1.439 -0.348 -0.309
6452009.000 1728425.000 -0.362 -1.610 -0.306
6452059.000 1728425.000 11.681 10.568 -1.174
6452109.000 1728425.000 -0.201 -1.330 -0.528
6452159.000 1728425.000 -0.257 -1.361 -0.530
6452209.000 1728425.000 -0.478 -1.342 -0.621
6452259.000 1728425.000 -0.482 -1.326 -0.651
6452309.000 1728425.000 -0.515 -1.373 -0.686
6452359.000 1728425.000 -0.445 -1.302 -0.658
6452409.000 1728425.000 -0.488 -1.266 -0.748
6452459.000 1728425.000 -0.459 -1.264 -0.794
6452509.000 1728425.000 -0.331 -1.273 -0.793
6452559.000 1728425.000 -0.121 -1.279 -0.765
6452609.000 1728425.000 -0.173 -1.231 -0.804
6452659.000 1728425.000 -0.196 -1.265 -0.859
6452709.000 1728425.000 -0.203 -1.260 -0.900
6452759.000 1728425.000 -0.124 -1.211 -0.928
6452809.000 1728425.000 0.004 -1.136 -0.963
6452859.000 1728425.000 -0.004 -1.107 -0.981
6452909.000 1728425.000 -0.055 -1.094 -1.009
6452959.000 1728425.000 -0.143 -1.067 -1.052
6453009.000 1728425.000 -0.210 -0.995 -1.081
6453059.000 1728425.000 -0.051 -0.955 -1.060
6453109.000 1728425.000 0.048 -1.023 -1.044
6453159.000 1728425.000 0.027 -0.948 -0.880
6453209.000 1728425.000 0.030 -0.703 -0.626
6453259.000 1728425.000 0.139 -0.525 -0.419
6453309.000 1728425.000 0.238 -0.341 -0.369
6453359.000 1728425.000 0.273 -0.299 -0.379
6453409.000 1728425.000 0.307 -0.298 -0.398
6453459.000 1728425.000 0.310 -0.370 -0.379
6453509.000 1728425.000 0.315 -0.408 -0.391
6453559.000 1728425.000 0.259 -0.385 -0.420
6453609.000 1728425.000 0.212 -0.394 -0.429
6453659.000 1728425.000 0.197 -0.388 -0.421
6453709.000 1728425.000 0.145 -0.369 -0.442
6453759.000 1728425.000 0.125 -0.347 -0.464
6453809.000 1728425.000 0.102 -0.302 -0.460
6453859.000 1728425.000 0.151 -0.180 -0.444
6453909.000 1728425.000 0.151 -0.080 -0.416
6453959.000 1728425.000 0.241 -0.059 -0.403
6454009.000 1728425.000 0.109 -0.029 -0.398
6454059.000 1728425.000 0.205 -0.027 -0.402
6454109.000 1728425.000 0.200 0.005 -0.409
6454159.000 1728425.000 0.242 -0.009 -0.400
6454209.000 1728425.000 0.224 -0.120 -0.422
6454259.000 1728425.000 0.356 -0.183 -0.411
6454309.000 1728425.000 0.351 -0.166 -0.395
6454359.000 1728425.000 0.357 -0.107 -0.373
6454409.000 1728425.000 0.330 -0.100 -0.368
6454459.000 1728425.000 0.302 -0.134 -0.364
6454509.000 1728425.000 0.319 -0.184 -0.390
6451559.000 1728475.000 -0.342 -2.111 -0.395
6451609.000 1728475.000 -0.294 -1.932 -0.421
6451659.000 1728475.000 -0.148 -1.901 -0.433
6451709.000 1728475.000 -0.204 -1.782 -0.403
6451759.000 1728475.000 -0.196 -1.713 -0.413
6451809.000 1728475.000 -0.250 -1.663 -0.432
6451859.000 1728475.000 -0.181 -1.595 -0.454
6451909.000 1728475.000 -6.340 1.062 -0.449
6451959.000 1728475.000 -4.336 20.883 -1.302
6452009.000 1728475.000 -3.042 19.726 -1.341
6452059.000 1728475.000 12.962 12.456 -1.185
6452109.000 1728475.000 -0.202 -1.440 -0.569
6452159.000 1728475.000 -0.303 -1.424 -0.573
6452209.000 1728475.000 -0.546 -1.417 -0.644
6452259.000 1728475.000 -0.597 -1.447 -0.665
6452309.000 1728475.000 -0.605 -1.495 -0.694
6452359.000 1728475.000 -0.473 -1.447 -0.601
6452409.000 1728475.000 -0.553 -1.403 -0.716
6452459.000 1728475.000 -0.652 -1.391 -0.886
6452509.000 1728475.000 -0.667 -1.421 -1.008
6452559.000 1728475.000 -0.543 -1.559 -1.060
6452609.000 1728475.000 -0.420 -1.630 -1.043
6452659.000 1728475.000 -0.298 -1.559 -0.988
6452709.000 1728475.000 -0.279 -1.271 -0.911
6452759.000 1728475.000 -0.153 -1.215 -0.929
6452809.000 1728475.000 0.036 -1.226 -0.978
6452859.000 1728475.000 0.072 -1.214 -0.988
6452909.000 1728475.000 0.137 -1.077 -0.955
6452959.000 1728475.000 0.039 -1.022 -0.979
6453009.000 1728475.000 -0.105 -0.936 -0.996
6453059.000 1728475.000 -0.068 -0.954 -0.945
6453109.000 1728475.000 0.007 -0.907 -0.835
6453159.000 1728475.000 0.130 -0.827 -0.674
6453209.000 1728475.000 0.114 -0.535 -0.459
6453259.000 1728475.000 0.162 -0.425 -0.345
6453309.000 1728475.000 0.280 -0.222 -0.329
6453359.000 1728475.000 0.320 -0.144 -0.331
6453409.000 1728475.000 0.400 -0.172 -0.374
6453459.000 1728475.000 0.367 -0.249 -0.379
6453509.000 1728475.000 0.365 -0.336 -0.384
6453559.000 1728475.000 0.318 -0.320 -0.401
6453609.000 1728475.000 0.267 -0.308 -0.428
6453659.000 1728475.000 0.239 -0.371 -0.419
6453709.000 1728475.000 0.217 -0.389 -0.422
6453759.000 1728475.000 0.185 -0.386 -0.451
6453809.000 1728475.000 0.229 -0.323 -0.425
6453859.000 1728475.000 0.262 -0.239 -0.419
6453909.000 1728475.000 0.207 -0.130 -0.393
6453959.000 1728475.000 0.169 -0.152 -0.390
6454009.000 1728475.000 0.062 -0.109 -0.381
6454059.000 1728475.000 0.169 -0.072 -0.381
6454109.000 1728475.000 0.221 0.001 -0.387
6454159.000 1728475.000 0.268 -0.004 -0.371
6454209.000 1728475.000 0.284 -0.099 -0.379
6454259.000 1728475.000 0.402 -0.148 -0.361
6454309.000 1728475.000 0.387 -0.151 -0.361
6454359.000 1728475.000 0.369 -0.100 -0.354
6454409.000 1728475.000 0.322 -0.094 -0.358
6454459.000 1728475.000 0.294 -0.127 -0.355
6454509.000 1728475.000 0.302 -0.130 -0.377
6451559.000 1728525.000 -0.459 -2.213 -0.451
6451609.000 1728525.000 -0.400 -2.088 -0.475
6451659.000 1728525.000 -0.179 -1.846 -0.478
6451709.000 1728525.000 -0.225 -1.771 -0.439
6451759.000 1728525.000 -0.225 -1.666 -0.453
6451809.000 1728525.000 -0.233 -1.641 -0.463
6451859.000 1728525.000 -0.131 -1.739 -0.476
6451909.000 1728525.000 -3.054 -1.578 -0.504
6451959.000 1728525.000 -3.472 -1.563 -0.502
6452009.000 1728525.000 -3.183 -1.310 -0.540
6452059.000 1728525.000 -0.278 -1.648 -0.536
6452109.000 1728525.000 -0.018 -1.602 -0.591
6452159.000 1728525.000 -0.351 -1.464 -0.604
6452209.000 1728525.000 -0.613 -1.441 -0.673
6452259.000 1728525.000 -0.825 -1.418 -0.684
6452309.000 1728525.000 -0.989 -1.387 -0.747
6452359.000 1728525.000 -0.684 -1.463 -0.551
6452409.000 1728525.000 -0.887 -1.465 -0.789
6452459.000 1728525.000 -1.073 -1.402 -1.089
6452509.000 1728525.000 -1.290 -1.307 -1.397
6452559.000 1728525.000 -1.752 -1.778 -1.708
6452609.000 1728525.000 -1.436 -2.107 -1.562
6452659.000 1728525.000 -0.987 -2.170 -1.330
6452709.000 1728525.000 -0.389 -1.496 -0.992
6452759.000 1728525.000 -0.169 -1.054 -0.830
6452809.000 1728525.000 -0.089 -1.059 -0.837
6452859.000 1728525.000 0.081 -1.079 -0.869
6452909.000 1728525.000 0.089 -1.023 -0.871
6452959.000 1728525.000 -0.017 -0.962 -0.857
6453009.000 1728525.000 -0.109 -0.848 -0.810
6453059.000 1728525.000 -0.043 -0.789 -0.705
6453109.000 1728525.000 0.134 -0.684 -0.562
6453159.000 1728525.000 0.230 -0.597 -0.460
6453209.000 1728525.000 0.195 -0.420 -0.357
6453259.000 1728525.000 0.216 -0.385 -0.335
6453309.000 1728525.000 0.292 -0.175 -0.311
6453359.000 1728525.000 0.363 -0.098 -0.328
6453409.000 1728525.000 0.394 -0.144 -0.363
6453459.000 1728525.000 0.391 -0.196 -0.400
6453509.000 1728525.000 0.350 -0.300 -0.405
6453559.000 1728525.000 0.331 -0.319 -0.412
6453609.000 1728525.000 0.312 -0.328 -0.415
6453659.000 1728525.000 0.308 -0.329 -0.418
6453709.000 1728525.000 0.266 -0.302 -0.441
6453759.000 1728525.000 0.197 -0.367 -0.449
6453809.000 1728525.000 0.316 -0.340 -0.371
6453859.000 1728525.000 0.269 -0.291 -0.373
6453909.000 1728525.000 0.251 -0.106 -0.368
6453959.000 1728525.000 0.165 -0.144 -0.376
6454009.000 1728525.000 0.170 -0.116 -0.373
6454059.000 1728525.000 0.187 -0.120 -0.366
6454109.000 1728525.000 0.301 -0.123 -0.386
6454159.000 1728525.000 0.317 -0.059 -0.353
6454209.000 1728525.000 0.351 -0.096 -0.330
6454259.000 1728525.000 0.381 -0.090 -0.305
6454309.000 1728525.000 0.342 -0.094 -0.315
6454359.000 1728525.000 0.327 -0.082 -0.323
6454409.000 1728525.000 0.298 -0.093 -0.350
6454459.000 1728525.000 0.275 -0.122 -0.360
6454509.000 1728525.000 0.232 -0.106 -0.394
6451559.000 1728575.000 -0.392 -2.148 -0.510
6451609.000 1728575.000 -0.353 -1.930 -0.522
6451659.000 1728575.000 -0.108 -1.643 -0.522
6451709.000 1728575.000 -0.231 -1.757 -0.486
6451759.000 1728575.000 -0.220 -1.682 -0.513
6451809.000 1728575.000 -0.229 -1.640 -0.524
6451859.000 1728575.000 -0.255 -1.487 -0.550
6451909.000 1728575.000 -1.989 -1.169 -0.605
6451959.000 1728575.000 -2.575 -1.215 -0.593
6452009.000 1728575.000 -2.464 -1.263 -0.589
6452059.000 1728575.000 -0.367 -1.616 -0.563
6452109.000 1728575.000 0.069 -1.568 -0.627
6452159.000 1728575.000 -0.309 -1.421 -0.636
6452209.000 1728575.000 -0.495 -1.370 -0.642
6452259.000 1728575.000 -0.969 -1.301 -0.647
6452309.000 1728575.000 -1.215 -0.811 -0.728
6452359.000 1728575.000 -1.452 -0.391 -0.866
6452409.000 1728575.000 -2.046 -0.785 -1.423
6452459.000 1728575.000 -2.069 -0.953 -1.610
6452509.000 1728575.000 -1.949 -0.948 -1.871
6452559.000 1728575.000 -2.138 -1.102 -2.187
6452609.000 1728575.000 -1.684 -1.439 -1.968
6452659.000 1728575.000 -1.025 -1.906 -1.480
6452709.000 1728575.000 -0.486 -1.708 -1.096
6452759.000 1728575.000 -0.175 -1.207 -0.841
6452809.000 1728575.000 -0.123 -1.184 -0.822
6452859.000 1728575.000 0.038 -1.114 -0.838
6452909.000 1728575.000 -0.038 -0.999 -0.817
6452959.000 1728575.000 -0.163 -0.794 -0.738
6453009.000 1728575.000 -0.004 -0.633 -0.554
6453059.000 1728575.000 0.163 -0.538 -0.411
6453109.000 1728575.000 0.240 -0.458 -0.347
6453159.000 1728575.000 0.235 -0.437 -0.329
6453209.000 1728575.000 0.303 -0.341 -0.320
6453259.000 1728575.000 0.296 -0.347 -0.320
6453309.000 1728575.000 0.306 -0.299 -0.311
6453359.000 1728575.000 0.393 -0.121 -0.305
6453409.000 1728575.000 0.376 -0.110 -0.307
6453459.000 1728575.000 0.387 -0.186 -0.394
6453509.000 1728575.000 0.334 -0.288 -0.409
6453559.000 1728575.000 0.288 -0.256 -0.470
6453609.000 1728575.000 0.384 -0.339 -0.368
6453659.000 1728575.000 0.382 -0.319 -0.378
6453709.000 1728575.000 0.364 -0.323 -0.365
6453759.000 1728575.000 0.304 -0.385 -0.383
6453809.000 1728575.000 0.369 -0.352 -0.325
6453859.000 1728575.000 0.303 -0.287 -0.337
6453909.000 1728575.000 0.253 -0.092 -0.353
6453959.000 1728575.000 0.168 -0.144 -0.357
6454009.000 1728575.000 0.179 -0.224 -0.352
6454059.000 1728575.000 0.232 -0.284 -0.349
6454109.000 1728575.000 0.353 -0.305 -0.351
6454159.000 1728575.000 0.419 -0.175 -0.295
6454209.000 1728575.000 0.463 -0.144 -0.259
6454259.000 1728575.000 0.428 -0.160 -0.281
6454309.000 1728575.000 0.393 -0.154 -0.291
6454359.000 1728575.000 0.343 -0.173 -0.303
6454409.000 1728575.000 0.296 -0.181 -0.320
6454459.000 1728575.000 0.288 -0.189 -0.336
6454509.000 1728575.000 0.274 -0.166 -0.364
6451559.000 1728625.000 -0.310 -2.173 -0.518
6451609.000 1728625.000 -0.331 -2.055 -0.503
6451659.000 1728625.000 -0.170 -1.775 -0.494
6451709.000 1728625.000 -0.207 -1.621 -0.527
6451759.000 1728625.000 -0.177 -1.620 -0.563
6451809.000 1728625.000 -0.123 -1.595 -0.578
6451859.000 1728625.000 -0.182 -1.477 -0.594
6451909.000 1728625.000 -0.614 -1.370 -0.659
6451959.000 1728625.000 -1.301 -1.395 -0.626
6452009.000 1728625.000 -0.727 -1.578 -0.638
6452059.000 1728625.000 -0.303 -1.564 -0.584
6452109.000 1728625.000 0.164 -1.533 -0.675
6452159.000 1728625.000 -0.224 -1.385 -0.684
6452209.000 1728625.000 -0.414 -1.312 -0.675
6452259.000 1728625.000 -1.040 -1.206 -0.679
6452309.000 1728625.000 -1.475 -0.719 -0.741
6452359.000 1728625.000 -1.980 -0.479 -0.995
6452409.000 1728625.000 -2.644 -0.529 -1.567
6452459.000 1728625.000 -2.634 -0.799 -1.679
6452509.000 1728625.000 -2.222 -1.152 -1.676
6452559.000 1728625.000 -2.199 -1.037 -2.071
6452609.000 1728625.000 -1.904 -1.124 -2.160
6452659.000 1728625.000 -1.090 -1.485 -1.749
6452709.000 1728625.000 -0.556 -1.627 -1.222
6452759.000 1728625.000 -0.217 -1.449 -0.917
6452809.000 1728625.000 -0.060 -1.236 -0.848
6452859.000 1728625.000 0.103 -1.025 -0.863
6452909.000 1728625.000 -0.094 -0.965 -0.807
6452959.000 1728625.000 -0.190 -0.712 -0.641
6453009.000 1728625.000 0.063 -0.537 -0.414
6453059.000 1728625.000 0.214 -0.409 -0.336
6453109.000 1728625.000 0.277 -0.422 -0.331
6453159.000 1728625.000 0.329 -0.405 -0.324
6453209.000 1728625.000 0.352 -0.413 -0.330
6453259.000 1728625.000 0.340 -0.393 -0.324
6453309.000 1728625.000 0.344 -0.392 -0.325
6453359.000 1728625.000 0.385 -0.302 -0.326
6453409.000 1728625.000 0.361 -0.234 -0.318
6453459.000 1728625.000 0.385 -0.295 -0.406
6453509.000 1728625.000 0.360 -0.290 -0.414
6453559.000 1728625.000 0.305 -0.303 -0.466
6453609.000 1728625.000 0.399 -0.365 -0.350
6453659.000 1728625.000 0.427 -0.374 -0.326
6453709.000 1728625.000 0.425 -0.381 -0.293
6453759.000 1728625.000 0.334 -0.504 -0.389
6453809.000 1728625.000 0.359 -0.784 -0.262
6453859.000 1728625.000 0.289 -0.833 -0.256
6453909.000 1728625.000 0.198 -0.484 -0.310
6453959.000 1728625.000 0.205 -0.262 -0.349
6454009.000 1728625.000 0.271 -0.271 -0.348
6454059.000 1728625.000 0.311 -0.276 -0.341
6454109.000 1728625.000 0.321 -0.296 -0.333
6454159.000 1728625.000 0.404 -0.201 -0.298
6454209.000 1728625.000 0.451 -0.141 -0.265
6454259.000 1728625.000 0.440 -0.177 -0.267
6454309.000 1728625.000 0.427 -0.177 -0.271
6454359.000 1728625.000 0.374 -0.196 -0.290
6454409.000 1728625.000 0.331 -0.215 -0.317
6454459.000 1728625.000 0.340 -0.232 -0.338
6454509.000 1728625.000 0.359 -0.228 -0.355
6451559.000 1728675.000 -0.257 -2.165 -0.531
6451609.000 1728675.000 -0.168 -2.021 -0.482
6451659.000 1728675.000 -0.107 -1.908 -0.469
6451709.000 1728675.000 -0.208 -1.845 -0.519
6451759.000 1728675.000 -0.104 -1.799 -0.588
6451809.000 1728675.000 -0.146 -1.650 -0.634
6451859.000 1728675.000 -0.199 -1.416 -0.651
6451909.000 1728675.000 -0.325 -1.165 -0.718
6451959.000 1728675.000 -0.471 -1.131 -0.735
6452009.000 1728675.000 -0.191 -1.432 -0.747
6452059.000 1728675.000 -0.047 -1.552 -0.700
6452109.000 1728675.000 0.018 -1.429 -0.738
6452159.000 1728675.000 -0.158 -1.304 -0.757
6452209.000 1728675.000 -0.328 -1.226 -0.725
6452259.000 1728675.000 -0.992 -0.945 -0.708
6452309.000 1728675.000 -1.470 -0.270 -0.726
6452359.000 1728675.000 -2.082 -0.542 -0.858
6452409.000 1728675.000 -2.651 -0.458 -1.333
6452459.000 1728675.000 -2.754 -0.485 -1.561
6452509.000 1728675.000 -2.478 -0.752 -1.640
6452559.000 1728675.000 -2.200 -0.953 -1.797
6452609.000 1728675.000 -2.182 -1.120 -2.119
6452659.000 1728675.000 -1.315 -1.441 -1.855
6452709.000 1728675.000 -0.721 -1.659 -1.292
6452759.000 1728675.000 -0.428 -1.601 -0.957
6452809.000 1728675.000 -0.491 -1.336 -0.885
6452859.000 1728675.000 -0.144 -1.070 -0.884
6452909.000 1728675.000 -0.139 -0.916 -0.791
6452959.000 1728675.000 -0.092 -0.652 -0.595
6453009.000 1728675.000 0.122 -0.538 -0.401
6453059.000 1728675.000 0.219 -0.412 -0.346
6453109.000 1728675.000 0.294 -0.437 -0.339
6453159.000 1728675.000 0.378 -0.436 -0.333
6453209.000 1728675.000 0.381 -0.406 -0.327
6453259.000 1728675.000 0.379 -0.410 -0.328
6453309.000 1728675.000 0.366 -0.410 -0.328
6453359.000 1728675.000 0.361 -0.432 -0.328
6453409.000 1728675.000 0.362 -0.355 -0.317
6453459.000 1728675.000 0.279 -0.357 -0.342
6453509.000 1728675.000 0.340 -0.318 -0.373
6453559.000 1728675.000 0.309 -0.401 -0.465
6453609.000 1728675.000 0.343 -0.362 -0.393
6453659.000 1728675.000 0.286 -0.357 -0.409
6453709.000 1728675.000 0.376 -0.399 -0.315
6453759.000 1728675.000 0.307 -0.526 -0.400
6453809.000 1728675.000 0.338 -0.815 -0.271
6453859.000 1728675.000 0.221 -0.932 -0.251
6453909.000 1728675.000 0.127 -0.845 -0.234
6453959.000 1728675.000 0.098 -0.515 -0.339
6454009.000 1728675.000 0.256 -0.452 -0.341
6454059.000 1728675.000 0.402 -0.286 -0.333
6454109.000 1728675.000 0.373 -0.309 -0.323
6454159.000 1728675.000 0.431 -0.260 -0.301
6454209.000 1728675.000 0.482 -0.160 -0.259
6454259.000 1728675.000 0.507 -0.157 -0.259
6454309.000 1728675.000 0.466 -0.171 -0.273
6454359.000 1728675.000 0.409 -0.227 -0.300
6454409.000 1728675.000 0.393 -0.296 -0.319
6454459.000 1728675.000 0.408 -0.323 -0.332
6454509.000 1728675.000 0.429 -0.341 -0.350
6451559.000 1728725.000 -0.315 -1.970 -0.524
6451609.000 1728725.000 -0.219 -2.006 -0.489
6451659.000 1728725.000 -0.169 -2.070 -0.467
6451709.000 1728725.000 -0.147 -2.202 -0.520
6451759.000 1728725.000 0.041 -2.220 -0.589
6451809.000 1728725.000 0.094 -2.003 -0.627
6451859.000 1728725.000 -0.138 -1.667 -0.653
6451909.000 1728725.000 -0.162 -1.552 -0.649
6451959.000 1728725.000 -0.144 -1.480 -0.639
6452009.000 1728725.000 0.018 -1.522 -0.640
6452059.000 1728725.000 0.158 -1.562 -0.683
6452109.000 1728725.000 0.109 -1.530 -0.739
6452159.000 1728725.000 -0.121 -1.439 -0.779
6452209.000 1728725.000 -0.322 -1.404 -0.755
6452259.000 1728725.000 -0.421 -1.385 -0.727
6452309.000 1728725.000 -1.463 -0.418 -0.694
6452359.000 1728725.000 -1.779 -0.501 -0.721
6452409.000 1728725.000 -2.092 -0.506 -0.924
6452459.000 1728725.000 -2.222 -0.264 -1.265
6452509.000 1728725.000 -2.427 -0.316 -1.592
6452559.000 1728725.000 -2.062 -0.775 -1.628
6452609.000 1728725.000 -2.068 -1.130 -1.826
6452659.000 1728725.000 -1.535 -1.633 -1.734
6452709.000 1728725.000 -0.992 -1.580 -1.251
6452759.000 1728725.000 -0.688 -1.634 -1.003
6452809.000 1728725.000 -0.763 -1.441 -0.929
6452859.000 1728725.000 -0.337 -1.033 -0.851
6452909.000 1728725.000 -0.181 -0.810 -0.724
6452959.000 1728725.000 -0.066 -0.655 -0.582
6453009.000 1728725.000 0.110 -0.495 -0.407
6453059.000 1728725.000 0.225 -0.427 -0.364
6453109.000 1728725.000 0.290 -0.425 -0.350
6453159.000 1728725.000 0.356 -0.436 -0.345
6453209.000 1728725.000 0.343 -0.361 -0.328
6453259.000 1728725.000 0.367 -0.362 -0.340
6453309.000 1728725.000 0.374 -0.321 -0.340
6453359.000 1728725.000 0.372 -0.338 -0.339
6453409.000 1728725.000 0.362 -0.295 -0.323
6453459.000 1728725.000 0.351 -0.385 -0.344
6453509.000 1728725.000 0.431 -0.368 -0.375
6453559.000 1728725.000 0.399 -0.436 -0.424
6453609.000 1728725.000 0.357 -0.361 -0.397
6453659.000 1728725.000 0.313 -0.360 -0.389
6453709.000 1728725.000 0.342 -0.409 -0.337
6453759.000 1728725.000 0.367 -0.453 -0.390
6453809.000 1728725.000 0.290 -0.655 -0.344
6453859.000 1728725.000 0.160 -0.722 -0.353
6453909.000 1728725.000 0.043 -0.724 -0.317
6453959.000 1728725.000 0.083 -0.433 -0.390
6454009.000 1728725.000 0.304 -0.410 -0.340
6454059.000 1728725.000 0.458 -0.307 -0.335
6454109.000 1728725.000 0.447 -0.362 -0.336
6454159.000 1728725.000 0.433 -0.376 -0.340
6454209.000 1728725.000 0.465 -0.273 -0.311
6454259.000 1728725.000 0.478 -0.221 -0.299
6454309.000 1728725.000 0.418 -0.255 -0.321
6454359.000 1728725.000 0.411 -0.282 -0.329
6454409.000 1728725.000 0.422 -0.320 -0.338
6454459.000 1728725.000 0.425 -0.325 -0.345
6454509.000 1728725.000 0.423 -0.331 -0.347
6451559.000 1728775.000 -0.398 -2.060 -0.580
6451609.000 1728775.000 -0.374 -2.097 -0.529
6451659.000 1728775.000 -0.300 -2.186 -0.479
6451709.000 1728775.000 -0.087 -2.257 -0.462
6451759.000 1728775.000 -0.005 -2.396 -0.534
6451809.000 1728775.000 0.236 -2.302 -0.600
6451859.000 1728775.000 0.056 -1.886 -0.621
6451909.000 1728775.000 -0.289 -1.731 -0.636
6451959.000 1728775.000 -0.239 -1.725 -0.638
6452009.000 1728775.000 -0.013 -1.554 -0.635
6452059.000 1728775.000 0.088 -1.605 -0.674
6452109.000 1728775.000 0.068 -1.565 -0.717
6452159.000 1728775.000 -0.112 -1.470 -0.761
6452209.000 1728775.000 -0.304 -1.428 -0.751
6452259.000 1728775.000 -0.345 -1.440 -0.737
6452309.000 1728775.000 -0.893 -0.868 -0.692
6452359.000 1728775.000 -1.336 -0.276 -0.657
6452409.000 1728775.000 -1.553 -0.092 -0.760
6452459.000 1728775.000 -1.620 -0.134 -0.900
6452509.000 1728775.000 -1.920 -0.203 -1.218
6452559.000 1728775.000 -1.427 -0.758 -1.091
6452609.000 1728775.000 -1.254 -1.083 -1.148
6452659.000 1728775.000 -0.887 -1.686 -1.040
6452709.000 1728775.000 -0.779 -1.358 -0.942
6452759.000 1728775.000 -0.643 -1.426 -0.830
6452809.000 1728775.000 -0.628 -1.391 -0.801
6452859.000 1728775.000 -0.483 -1.138 -0.790
6452909.000 1728775.000 -0.249 -0.908 -0.708
6452959.000 1728775.000 -0.094 -0.729 -0.609
6453009.000 1728775.000 0.079 -0.498 -0.444
6453059.000 1728775.000 0.254 -0.442 -0.370
6453109.000 1728775.000 0.290 -0.464 -0.361
6453159.000 1728775.000 0.316 -0.463 -0.357
6453209.000 1728775.000 0.311 -0.380 -0.339
6453259.000 1728775.000 0.347 -0.371 -0.364
6453309.000 1728775.000 0.368 -0.323 -0.369
6453359.000 1728775.000 0.345 -0.322 -0.359
6453409.000 1728775.000 0.373 -0.286 -0.332
6453459.000 1728775.000 0.477 -0.351 -0.355
6453509.000 1728775.000 0.500 -0.358 -0.365
6453559.000 1728775.000 0.476 -0.411 -0.418
6453609.000 1728775.000 0.397 -0.372 -0.399
6453659.000 1728775.000 0.325 -0.348 -0.380
6453709.000 1728775.000 0.312 -0.410 -0.349
6453759.000 1728775.000 0.239 -0.479 -0.342
6453809.000 1728775.000 0.208 -0.368 -0.373
6453859.000 1728775.000 0.164 -0.237 -0.377
6453909.000 1728775.000 0.163 -0.230 -0.391
6453959.000 1728775.000 0.148 -0.381 -0.377
6454009.000 1728775.000 0.167 -0.452 -0.371
6454059.000 1728775.000 0.398 -0.378 -0.341
6454109.000 1728775.000 0.415 -0.329 -0.337
6454159.000 1728775.000 0.442 -0.361 -0.332
6454209.000 1728775.000 0.458 -0.352 -0.332
6454259.000 1728775.000 0.462 -0.329 -0.338
6454309.000 1728775.000 0.460 -0.325 -0.347
6454359.000 1728775.000 0.441 -0.321 -0.343
6454409.000 1728775.000 0.430 -0.335 -0.338
6454459.000 1728775.000 0.426 -0.336 -0.341
6454509.000 1728775.000 0.421 -0.340 -0.346
6451559.000 1728825.000 -0.480 -2.025 -0.617
6451609.000 1728825.000 -0.545 -2.076 -0.575
6451659.000 1728825.000 -0.495 -2.184 -0.529
6451709.000 1728825.000 -0.148 -2.223 -0.444
6451759.000 1728825.000 -0.085 -2.327 -0.462
6451809.000 1728825.000 0.140 -2.339 -0.551
6451859.000 1728825.000 0.111 -2.264 -0.599
6451909.000 1728825.000 -0.146 -2.102 -0.610
6451959.000 1728825.000 -0.156 -2.004 -0.607
6452009.000 1728825.000 0.059 -1.734 -0.623
6452059.000 1728825.000 -0.028 -1.471 -0.636
6452109.000 1728825.000 -0.072 -1.475 -0.671
6452159.000 1728825.000 -0.141 -1.464 -0.705
6452209.000 1728825.000 -0.264 -1.524 -0.742
6452259.000 1728825.000 -0.326 -1.531 -0.744
6452309.000 1728825.000 -0.326 -1.511 -0.747
6452359.000 1728825.000 -0.552 -1.322 -0.722
6452409.000 1728825.000 -0.992 -0.693 -0.672
6452459.000 1728825.000 -1.348 -0.573 -0.692
6452509.000 1728825.000 -1.588 -1.145 -0.574
6452559.000 1728825.000 -0.088 -1.934 0.275
6452609.000 1728825.000 0.258 -1.905 0.244
6452659.000 1728825.000 -0.232 -1.911 -0.616
6452709.000 1728825.000 -0.533 -1.534 -0.725
6452759.000 1728825.000 -0.492 -1.643 -0.691
6452809.000 1728825.000 -0.524 -1.632 -0.707
6452859.000 1728825.000 -0.575 -1.332 -0.809
6452909.000 1728825.000 -0.379 -1.097 -0.807
6452959.000 1728825.000 -0.198 -0.993 -0.755
6453009.000 1728825.000 -0.004 -0.658 -0.549
6453059.000 1728825.000 0.217 -0.425 -0.369
6453109.000 1728825.000 0.305 -0.451 -0.355
6453159.000 1728825.000 0.302 -0.437 -0.349
6453209.000 1728825.000 0.286 -0.388 -0.344
6453259.000 1728825.000 0.329 -0.392 -0.384
6453309.000 1728825.000 0.373 -0.339 -0.406
6453359.000 1728825.000 0.371 -0.327 -0.406
6453409.000 1728825.000 0.301 -0.311 -0.348
6453459.000 1728825.000 0.355 -0.369 -0.364
6453509.000 1728825.000 0.364 -0.394 -0.372
6453559.000 1728825.000 0.360 -0.362 -0.378
6453609.000 1728825.000 0.363 -0.361 -0.381
6453659.000 1728825.000 0.334 -0.334 -0.364
6453709.000 1728825.000 0.376 -0.379 -0.360
6453759.000 1728825.000 0.302 -0.419 -0.344
6453809.000 1728825.000 0.232 -0.425 -0.341
6453859.000 1728825.000 0.083 -0.337 -0.359
6453909.000 1728825.000 0.006 -0.398 -0.410
6453959.000 1728825.000 0.114 -0.403 -0.418
6454009.000 1728825.000 0.134 -0.482 -0.416
6454059.000 1728825.000 0.406 -0.387 -0.359
6454109.000 1728825.000 0.424 -0.336 -0.345
6454159.000 1728825.000 0.436 -0.366 -0.335
6454209.000 1728825.000 0.432 -0.366 -0.337
6454259.000 1728825.000 0.444 -0.369 -0.332
6454309.000 1728825.000 0.460 -0.368 -0.334
6454359.000 1728825.000 0.431 -0.351 -0.331
6454409.000 1728825.000 0.426 -0.338 -0.344
6454459.000 1728825.000 0.418 -0.342 -0.349
6454509.000 1728825.000 0.404 -0.358 -0.357
6451559.000 1728875.000 -0.262 -2.185 -0.714
6451609.000 1728875.000 -0.440 -2.005 -0.618
6451659.000 1728875.000 -0.509 -2.056 -0.574
6451709.000 1728875.000 -0.200 -2.146 -0.494
6451759.000 1728875.000 -0.063 -2.244 -0.452
6451809.000 1728875.000 0.090 -2.242 -0.484
6451859.000 1728875.000 0.046 -2.191 -0.511
6451909.000 1728875.000 -0.020 -2.085 -0.544
6451959.000 1728875.000 -0.125 -2.057 -0.565
6452009.000 1728875.000 0.028 -2.017 -0.620
6452059.000 1728875.000 -0.172 -1.991 -0.622
6452109.000 1728875.000 -0.214 -1.970 -0.658
6452159.000 1728875.000 -0.254 -1.905 -0.670
6452209.000 1728875.000 -0.200 -1.704 -0.703
6452259.000 1728875.000 -0.349 -1.551 -0.710
6452309.000 1728875.000 -0.332 -1.527 -0.733
6452359.000 1728875.000 -0.383 -1.568 -0.752
6452409.000 1728875.000 -0.506 -1.400 -0.749
6452459.000 1728875.000 -1.760 -0.776 -0.748
6452509.000 1728875.000 -2.704 -2.197 -0.731
6452559.000 1728875.000 -0.140 -2.823 0.222
6452609.000 1728875.000 0.561 -2.604 0.405
6452659.000 1728875.000 0.063 -1.028 -1.060
6452709.000 1728875.000 -0.175 -1.557 -0.564
6452759.000 1728875.000 -0.394 -1.671 -0.624
6452809.000 1728875.000 -0.507 -1.684 -0.672
6452859.000 1728875.000 -0.609 -1.368 -0.821
6452909.000 1728875.000 -0.565 -1.219 -0.909
6452959.000 1728875.000 -0.249 -1.168 -0.839
6453009.000 1728875.000 -0.055 -0.884 -0.652
6453059.000 1728875.000 0.228 -0.452 -0.382
6453109.000 1728875.000 0.288 -0.447 -0.355
6453159.000 1728875.000 0.281 -0.450 -0.356
6453209.000 1728875.000 0.247 -0.423 -0.361
6453259.000 1728875.000 0.279 -0.367 -0.392
6453309.000 1728875.000 0.344 -0.337 -0.445
6453359.000 1728875.000 0.328 -0.351 -0.466
6453409.000 1728875.000 0.321 -0.409 -0.458
6453459.000 1728875.000 0.307 -0.421 -0.429
6453509.000 1728875.000 0.359 -0.399 -0.392
6453559.000 1728875.000 0.318 -0.393 -0.385
6453609.000 1728875.000 0.311 -0.384 -0.381
6453659.000 1728875.000 0.302 -0.358 -0.371
6453709.000 1728875.000 0.330 -0.360 -0.370
6453759.000 1728875.000 0.332 -0.320 -0.352
6453809.000 1728875.000 0.312 -0.282 -0.340
6453859.000 1728875.000 0.169 -0.249 -0.321
6453909.000 1728875.000 0.134 -0.382 -0.376
6453959.000 1728875.000 0.183 -0.420 -0.405
6454009.000 1728875.000 0.198 -0.466 -0.418
6454059.000 1728875.000 0.399 -0.383 -0.354
6454109.000 1728875.000 0.449 -0.327 -0.324
6454159.000 1728875.000 0.420 -0.345 -0.333
6454209.000 1728875.000 0.413 -0.346 -0.349
6454259.000 1728875.000 0.434 -0.361 -0.341
6454309.000 1728875.000 0.463 -0.374 -0.336
6454359.000 1728875.000 0.416 -0.364 -0.327
6454409.000 1728875.000 0.417 -0.350 -0.345
6454459.000 1728875.000 0.414 -0.357 -0.354
6454509.000 1728875.000 0.411 -0.357 -0.358
6451559.000 1728925.000 -0.082 -2.396 -0.797
6451609.000 1728925.000 -0.151 -2.262 -0.757
6451659.000 1728925.000 -0.367 -2.074 -0.655
6451709.000 1728925.000 -0.289 -2.066 -0.598
6451759.000 1728925.000 -0.085 -2.151 -0.536
6451809.000 1728925.000 0.034 -2.208 -0.519
6451859.000 1728925.000 -0.008 -2.228 -0.514
6451909.000 1728925.000 -0.055 -2.127 -0.534
6451959.000 1728925.000 -0.106 -2.103 -0.546
6452009.000 1728925.000 -0.029 -2.101 -0.588
6452059.000 1728925.000 -0.134 -2.046 -0.580
6452109.000 1728925.000 -0.160 -2.025 -0.612
6452159.000 1728925.000 -0.151 -1.933 -0.620
6452209.000 1728925.000 -0.094 -1.832 -0.663
6452259.000 1728925.000 -0.301 -1.684 -0.679
6452309.000 1728925.000 -0.368 -1.515 -0.686
6452359.000 1728925.000 -0.360 -1.508 -0.707
6452409.000 1728925.000 -0.361 -1.501 -0.740
6452459.000 1728925.000 -3.043 0.190 -0.814
6452509.000 1728925.000 -4.118 -1.919 -1.103
6452559.000 1728925.000 -2.039 -5.288 -1.209
6452609.000 1728925.000 -2.291 -6.149 -2.035
6452659.000 1728925.000 -1.030 -1.285 -2.265
6452709.000 1728925.000 -0.654 -1.522 -1.183
6452759.000 1728925.000 -0.335 -1.627 -0.625
6452809.000 1728925.000 -0.511 -1.629 -0.693
6452859.000 1728925.000 -0.656 -1.512 -0.847
6452909.000 1728925.000 -0.722 -1.364 -0.977
6452959.000 1728925.000 -0.280 -1.241 -0.860
6453009.000 1728925.000 -0.076 -0.991 -0.689
6453059.000 1728925.000 0.227 -0.530 -0.410
6453109.000 1728925.000 0.301 -0.453 -0.357
6453159.000 1728925.000 0.265 -0.442 -0.357
6453209.000 1728925.000 0.239 -0.409 -0.366
6453259.000 1728925.000 0.292 -0.366 -0.413
6453309.000 1728925.000 0.346 -0.347 -0.478
6453359.000 1728925.000 0.326 -0.388 -0.514
6453409.000 1728925.000 0.271 -0.450 -0.512
6453459.000 1728925.000 0.265 -0.492 -0.477
6453509.000 1728925.000 0.306 -0.451 -0.429
6453559.000 1728925.000 0.284 -0.437 -0.403
6453609.000 1728925.000 0.280 -0.413 -0.394
6453659.000 1728925.000 0.292 -0.386 -0.391
6453709.000 1728925.000 0.296 -0.302 -0.354
6453759.000 1728925.000 0.311 -0.214 -0.358
6453809.000 1728925.000 0.272 -0.182 -0.366
6453859.000 1728925.000 0.209 -0.167 -0.364
6453909.000 1728925.000 0.245 -0.260 -0.394
6453959.000 1728925.000 0.214 -0.264 -0.442
6454009.000 1728925.000 0.190 -0.285 -0.484
6454059.000 1728925.000 0.404 -0.336 -0.373
6454109.000 1728925.000 0.538 -0.310 -0.335
6454159.000 1728925.000 0.454 -0.327 -0.378
6454209.000 1728925.000 0.451 -0.315 -0.406
6454259.000 1728925.000 0.400 -0.309 -0.395
6454309.000 1728925.000 0.400 -0.299 -0.384
6454359.000 1728925.000 0.381 -0.331 -0.354
6454409.000 1728925.000 0.396 -0.349 -0.354
6454459.000 1728925.000 0.407 -0.362 -0.358
6454509.000 1728925.000 0.391 -0.360 -0.355
6451559.000 1728975.000 -0.021 -2.434 -0.802
6451609.000 1728975.000 -0.084 -2.390 -0.803
6451659.000 1728975.000 -0.001 -2.357 -0.813
6451709.000 1728975.000 -0.330 -2.122 -0.658
6451759.000 1728975.000 -0.164 -2.017 -0.592
6451809.000 1728975.000 0.010 -2.083 -0.552
6451859.000 1728975.000 -0.074 -2.160 -0.520
6451909.000 1728975.000 -0.047 -2.147 -0.531
6451959.000 1728975.000 -0.095 -2.115 -0.546
6452009.000 1728975.000 -0.007 -2.140 -0.571
6452059.000 1728975.000 -0.078 -2.063 -0.554
6452109.000 1728975.000 -0.112 -2.037 -0.580
6452159.000 1728975.000 -0.138 -1.938 -0.597
6452209.000 1728975.000 -0.076 -1.822 -0.631
6452259.000 1728975.000 -0.268 -1.666 -0.647
6452309.000 1728975.000 -0.357 -1.479 -0.659
6452359.000 1728975.000 -0.346 -1.478 -0.695
6452409.000 1728975.000 -0.359 -1.475 -0.746
6452459.000 1728975.000 -3.583 -0.493 -0.987
6452509.000 1728975.000 -5.818 0.523 -1.395
6452559.000 1728975.000 -2.425 -20.677 -3.412
6452609.000 1728975.000 -4.622 -14.560 -4.313
6452659.000 1728975.000 -1.681 -2.035 -2.995
6452709.000 1728975.000 -0.755 -1.801 -1.413
6452759.000 1728975.000 -0.347 -1.666 -0.645
6452809.000 1728975.000 -0.541 -1.597 -0.709
6452859.000 1728975.000 -0.663 -1.539 -0.841
6452909.000 1728975.000 -0.755 -1.395 -0.974
6452959.000 1728975.000 -0.308 -1.292 -0.867
6453009.000 1728975.000 -0.085 -1.028 -0.694
6453059.000 1728975.000 0.232 -0.564 -0.424
6453109.000 1728975.000 0.289 -0.468 -0.364
6453159.000 1728975.000 0.257 -0.451 -0.364
6453209.000 1728975.000 0.233 -0.416 -0.376
6453259.000 1728975.000 0.290 -0.355 -0.428
6453309.000 1728975.000 0.332 -0.341 -0.507
6453359.000 1728975.000 0.309 -0.398 -0.553
6453409.000 1728975.000 0.272 -0.468 -0.556
6453459.000 1728975.000 0.274 -0.511 -0.505
6453509.000 1728975.000 0.321 -0.451 -0.441
6453559.000 1728975.000 0.294 -0.411 -0.391
6453609.000 1728975.000 0.276 -0.385 -0.375
6453659.000 1728975.000 0.285 -0.362 -0.375
6453709.000 1728975.000 0.264 -0.276 -0.341
6453759.000 1728975.000 0.290 -0.187 -0.355
6453809.000 1728975.000 0.250 -0.139 -0.355
6453859.000 1728975.000 0.230 -0.112 -0.353
6453909.000 1728975.000 0.280 -0.104 -0.357
6453959.000 1728975.000 0.255 -0.119 -0.398
6454009.000 1728975.000 0.195 -0.141 -0.472
6454059.000 1728975.000 0.413 -0.318 -0.363
6454109.000 1728975.000 0.562 -0.308 -0.332
6454159.000 1728975.000 0.461 -0.333 -0.389
6454209.000 1728975.000 0.468 -0.329 -0.424
6454259.000 1728975.000 0.403 -0.309 -0.406
6454309.000 1728975.000 0.390 -0.227 -0.394
6454359.000 1728975.000 0.355 -0.278 -0.360
6454409.000 1728975.000 0.390 -0.335 -0.355
6454459.000 1728975.000 0.405 -0.351 -0.358
6454509.000 1728975.000 0.390 -0.331 -0.343
6451559.000 1729025.000 -0.114 -2.470 -0.763
6451609.000 1729025.000 -0.182 -2.511 -0.791
6451659.000 1729025.000 -0.075 -2.402 -0.795
6451709.000 1729025.000 -0.047 -2.317 -0.774
6451759.000 1729025.000 -0.162 -2.034 -0.647
6451809.000 1729025.000 -0.064 -2.054 -0.629
6451859.000 1729025.000 -0.098 -2.038 -0.610
6451909.000 1729025.000 -0.121 -2.162 -0.592
6451959.000 1729025.000 -0.075 -2.202 -0.578
6452009.000 1729025.000 -0.014 -2.221 -0.550
6452059.000 1729025.000 0.001 -2.180 -0.535
6452109.000 1729025.000 -0.092 -2.104 -0.536
6452159.000 1729025.000 -0.092 -1.931 -0.553
6452209.000 1729025.000 -0.035 -1.822 -0.594
6452259.000 1729025.000 -0.222 -1.727 -0.624
6452309.000 1729025.000 -0.357 -1.509 -0.624
6452359.000 1729025.000 -0.310 -1.452 -0.674
6452409.000 1729025.000 -0.308 -1.441 -0.730
6452459.000 1729025.000 -4.944 0.040 -1.067
6452509.000 1729025.000 -5.992 1.335 -1.310
6452559.000 1729025.000 -7.513 -4.044 -4.047
6452609.000 1729025.000 -10.597 -15.756 -8.640
6452659.000 1729025.000 -6.834 -5.735 -6.340
6452709.000 1729025.000 -6.369 -6.854 -5.588
6452759.000 1729025.000 -0.354 -1.753 -0.682
6452809.000 1729025.000 -0.528 -1.557 -0.710
6452859.000 1729025.000 -0.656 -1.605 -0.836
6452909.000 1729025.000 -0.677 -1.426 -0.918
6452959.000 1729025.000 -0.274 -1.227 -0.822
6453009.000 1729025.000 -0.040 -0.915 -0.633
6453059.000 1729025.000 0.259 -0.651 -0.435
6453109.000 1729025.000 0.314 -0.484 -0.363
6453159.000 1729025.000 0.255 -0.440 -0.363
6453209.000 1729025.000 0.258 -0.398 -0.374
6453259.000 1729025.000 0.347 -0.387 -0.452
6453309.000 1729025.000 0.355 -0.382 -0.525
6453359.000 1729025.000 0.298 -0.451 -0.563
6453409.000 1729025.000 0.197 -0.480 -0.543
6453459.000 1729025.000 0.254 -0.511 -0.488
6453509.000 1729025.000 0.288 -0.479 -0.451
6453559.000 1729025.000 0.283 -0.425 -0.399
6453609.000 1729025.000 0.274 -0.393 -0.378
6453659.000 1729025.000 0.278 -0.363 -0.377
6453709.000 1729025.000 0.213 -0.211 -0.315
6453759.000 1729025.000 0.177 -0.120 -0.349
6453809.000 1729025.000 0.204 -0.045 -0.340
6453859.000 1729025.000 0.234 -0.073 -0.367
6453909.000 1729025.000 0.277 0.013 -0.342
6453959.000 1729025.000 0.232 0.067 -0.371
6454009.000 1729025.000 0.153 0.121 -0.438
6454059.000 1729025.000 0.427 -0.253 -0.385
6454109.000 1729025.000 0.524 -0.315 -0.401
6454159.000 1729025.000 0.412 -0.427 -0.460
6454209.000 1729025.000 0.426 -0.477 -0.498
6454259.000 1729025.000 0.436 -0.378 -0.456
6454309.000 1729025.000 0.426 -0.162 -0.414
6454359.000 1729025.000 0.403 -0.254 -0.376
6454409.000 1729025.000 0.377 -0.361 -0.368
6454459.000 1729025.000 0.382 -0.386 -0.377
6454509.000 1729025.000 0.351 -0.359 -0.362
