6451534.000 1726100.000 25.145 -56.327 -1.594
6451534.000 1726150.000 -2.280 22.228 -2.246
6451534.000 1726200.000 -18.337 30.241 -2.864
6451534.000 1726250.000 -16.458 -25.963 -2.865
6451534.000 1726300.000 -21.179 -50.877 -2.785
6451534.000 1726350.000 -3.991 18.370 -2.120
6451534.000 1726400.000 -27.272 4.787 -2.084
6451534.000 1726450.000 -32.295 -25.031 -2.065
6451534.000 1726500.000 -16.410 64.306 -3.075
6451534.000 1726550.000 6.897 -9.623 -2.858
6451534.000 1726600.000 90.079 -29.882 -2.690
6451534.000 1726650.000 -5.613 10.810 -2.263
6451534.000 1726700.000 23.651 0.617 -1.908
6451534.000 1726750.000 1.403 -6.513 -2.162
6451534.000 1726800.000 1.608 -0.070 -0.646
6451534.000 1726850.000 2.445 1.070 -0.073
6451534.000 1726900.000 0.324 -0.378 -0.095
6451534.000 1726950.000 -0.802 -0.115 -0.152
6451534.000 1727000.000 -1.029 -0.147 -0.216
6451534.000 1727050.000 -0.349 -0.373 -0.121
6451534.000 1727100.000 -0.113 -0.162 -0.035
6451534.000 1727150.000 -0.039 -0.558 -0.049
6451534.000 1727200.000 0.177 -0.686 -0.043
6451534.000 1727250.000 -0.117 -0.386 -0.070
6451534.000 1727300.000 -0.359 -0.377 -0.063
6451534.000 1727350.000 0.008 -0.559 -0.131
6451534.000 1727400.000 0.086 -0.693 -0.113
6451534.000 1727450.000 0.179 -0.838 -0.109
6451534.000 1727500.000 0.112 -0.814 -0.104
6451534.000 1727550.000 0.889 -0.673 -0.060
6451534.000 1727600.000 0.739 -0.650 -0.072
6451534.000 1727650.000 -0.063 -0.959 -0.096
6451534.000 1727700.000 0.491 -0.429 0.033
6451534.000 1727750.000 0.076 -0.615 0.119
6451534.000 1727800.000 0.091 -1.335 0.012
6451534.000 1727850.000 -0.424 -0.857 -0.081
6451534.000 1727900.000 -0.175 -1.021 -0.108
6451534.000 1727950.000 0.312 -0.943 -0.106
6451534.000 1728000.000 -0.312 0.092 -0.122
6451534.000 1728050.000 3.439 -0.706 0.136
6451534.000 1728100.000 0.651 -0.473 -0.054
6451534.000 1728150.000 0.578 -1.134 -0.098
6451534.000 1728200.000 -0.882 -0.486 -0.125
6451534.000 1728250.000 -0.204 -0.778 -0.114
6451534.000 1728300.000 -0.090 -0.753 -0.119
6451534.000 1728350.000 -0.279 -1.002 -0.055
6451534.000 1728400.000 -0.613 -1.011 -0.055
6451534.000 1728450.000 -0.147 -0.175 -0.105
6451534.000 1728500.000 -0.046 -0.079 -0.124
6451534.000 1728550.000 0.555 -0.478 -0.071
6451534.000 1728600.000 0.397 -0.408 -0.085
6451534.000 1728650.000 -0.250 -0.491 -0.015
6451534.000 1728700.000 0.010 -0.825 -0.053
6451534.000 1728750.000 0.305 -0.706 -0.123
6451534.000 1728800.000 -0.058 -0.965 -0.161
6451534.000 1728850.000 -0.271 -1.120 -0.188
6451534.000 1728900.000 -1.562 -1.907 -0.223
6451584.000 1726100.000 -12.538 -27.477 -1.603
6451584.000 1726150.000 -30.317 1.909 -2.056
6451584.000 1726200.000 -75.374 50.973 -2.886
6451584.000 1726250.000 -0.907 15.772 -2.378
6451584.000 1726300.000 42.506 -26.226 -2.157
6451584.000 1726350.000 45.545 -28.151 -2.184
6451584.000 1726400.000 26.832 -37.331 -2.250
6451584.000 1726450.000 -181.370 253.126 -4.239
6451584.000 1726500.000 -5.773 27.209 -2.940
6451584.000 1726550.000 55.445 -34.341 -2.762
6451584.000 1726600.000 48.001 -30.762 -2.601
6451584.000 1726650.000 -3.831 31.368 -1.905
6451584.000 1726700.000 -8.358 -29.762 -2.038
6451584.000 1726750.000 6.266 -8.712 -2.201
6451584.000 1726800.000 1.062 2.118 -0.182
6451584.000 1726850.000 1.093 0.432 -0.083
6451584.000 1726900.000 -0.526 -0.508 -0.119
6451584.000 1726950.000 0.407 -1.015 -0.135
6451584.000 1727000.000 0.237 -1.047 -0.237
6451584.000 1727050.000 0.452 -0.921 -0.091
6451584.000 1727100.000 0.160 -0.945 -0.049
6451584.000 1727150.000 -0.331 -1.059 -0.025
6451584.000 1727200.000 0.369 -0.578 -0.042
6451584.000 1727250.000 0.140 -0.256 -0.057
6451584.000 1727300.000 0.167 -0.318 -0.063
6451584.000 1727350.000 0.343 -0.378 -0.115
6451584.000 1727400.000 0.203 -0.682 -0.094
6451584.000 1727450.000 0.176 -0.874 -0.104
6451584.000 1727500.000 0.063 -0.882 -0.097
6451584.000 1727550.000 0.284 -0.800 -0.092
6451584.000 1727600.000 0.839 -0.539 -0.064
6451584.000 1727650.000 -0.302 -0.803 -0.075
6451584.000 1727700.000 0.374 -0.829 -0.038
6451584.000 1727750.000 0.372 -0.865 0.051
6451584.000 1727800.000 0.164 -0.991 0.032
6451584.000 1727850.000 -0.425 -0.876 -0.140
6451584.000 1727900.000 -0.299 -0.870 -0.060
6451584.000 1727950.000 -0.542 -0.893 -0.231
6451584.000 1728000.000 0.859 -0.869 -0.043
6451584.000 1728050.000 1.483 0.454 0.066
6451584.000 1728100.000 1.578 -0.420 0.028
6451584.000 1728150.000 0.939 -1.237 -0.142
6451584.000 1728200.000 0.238 -0.917 -0.160
6451584.000 1728250.000 0.049 -0.956 -0.140
6451584.000 1728300.000 1.057 -1.275 -0.117
6451584.000 1728350.000 1.193 -1.129 -0.108
6451584.000 1728400.000 -0.252 -0.901 -0.090
6451584.000 1728450.000 -0.134 -0.002 -0.128
6451584.000 1728500.000 -0.214 0.188 -0.161
6451584.000 1728550.000 0.152 -0.217 -0.117
6451584.000 1728600.000 0.037 -0.356 -0.103
6451584.000 1728650.000 0.136 -0.498 -0.033
6451584.000 1728700.000 0.284 -0.707 -0.045
6451584.000 1728750.000 0.531 -0.570 -0.091
6451584.000 1728800.000 -0.056 -1.146 -0.152
6451584.000 1728850.000 -0.861 -1.539 -0.186
6451584.000 1728900.000 -1.454 -1.938 -0.201
6451634.000 1726100.000 -51.552 -29.721 -1.537
6451634.000 1726150.000 -78.492 75.203 -2.488
6451634.000 1726200.000 17.048 46.689 -2.227
6451634.000 1726250.000 -1.583 14.755 -2.192
6451634.000 1726300.000 -7.758 20.131 -2.105
6451634.000 1726350.000 2.695 -20.548 -2.036
6451634.000 1726400.000 100.001 -35.303 -2.164
6451634.000 1726450.000 -2.771 48.080 -2.833
6451634.000 1726500.000 -1.997 33.368 -2.816
6451634.000 1726550.000 15.650 -10.518 -2.729
6451634.000 1726600.000 29.190 -26.395 -2.604
6451634.000 1726650.000 38.573 -67.517 -2.437
6451634.000 1726700.000 -40.403 -38.113 -1.875
6451634.000 1726750.000 2.576 -6.608 -2.143
6451634.000 1726800.000 -0.182 2.497 -0.143
6451634.000 1726850.000 0.114 0.129 -0.110
6451634.000 1726900.000 0.452 -0.761 -0.109
6451634.000 1726950.000 0.008 -0.811 -0.216
6451634.000 1727000.000 -0.225 -0.689 -0.216
6451634.000 1727050.000 0.168 -0.666 -0.093
6451634.000 1727100.000 0.444 -0.818 -0.067
6451634.000 1727150.000 0.167 -0.782 -0.052
6451634.000 1727200.000 0.423 -0.574 -0.057
6451634.000 1727250.000 0.266 -0.352 -0.052
6451634.000 1727300.000 0.369 -0.302 -0.074
6451634.000 1727350.000 0.480 -0.256 -0.122
6451634.000 1727400.000 0.296 -0.661 -0.115
6451634.000 1727450.000 0.235 -0.782 -0.108
6451634.000 1727500.000 0.125 -0.776 -0.084
6451634.000 1727550.000 0.058 -0.833 -0.093
6451634.000 1727600.000 0.083 -0.778 -0.086
6451634.000 1727650.000 -0.235 -0.946 -0.088
6451634.000 1727700.000 -0.011 -1.202 -0.127
6451634.000 1727750.000 0.074 -1.002 -0.119
6451634.000 1727800.000 0.058 -0.873 -0.063
6451634.000 1727850.000 -0.390 -0.846 -0.174
6451634.000 1727900.000 -0.168 -0.776 -0.098
6451634.000 1727950.000 -0.419 -1.013 -0.275
6451634.000 1728000.000 1.620 -1.196 0.060
6451634.000 1728050.000 0.641 -1.179 -0.056
6451634.000 1728100.000 0.955 -0.644 -0.015
6451634.000 1728150.000 0.013 -1.424 -0.231
6451634.000 1728200.000 0.555 -0.936 -0.149
6451634.000 1728250.000 0.792 -0.961 -0.142
6451634.000 1728300.000 0.643 -1.078 -0.109
6451634.000 1728350.000 0.618 -1.098 -0.110
6451634.000 1728400.000 0.040 -1.271 -0.106
6451634.000 1728450.000 -0.162 -0.141 -0.123
6451634.000 1728500.000 -0.313 -0.022 -0.153
6451634.000 1728550.000 2.225 1.573 -0.277
6451634.000 1728600.000 -0.241 -1.757 -0.031
6451634.000 1728650.000 0.943 -0.688 -0.081
6451634.000 1728700.000 0.172 -0.726 -0.042
6451634.000 1728750.000 0.587 -0.728 -0.089
6451634.000 1728800.000 -0.225 -1.241 -0.121
6451634.000 1728850.000 -0.507 -1.388 -0.176
6451634.000 1728900.000 -1.281 -1.895 -0.200
6451684.000 1726100.000 -104.597 39.255 -1.985
6451684.000 1726150.000 -232.381 73.627 -3.885
6451684.000 1726200.000 -72.628 16.912 -2.038
6451684.000 1726250.000 -27.700 10.658 -2.094
6451684.000 1726300.000 -16.035 20.882 -2.016
6451684.000 1726350.000 -1.784 -17.984 -2.004
6451684.000 1726400.000 21.700 -40.770 -2.070
6451684.000 1726450.000 -37.911 52.854 -2.683
6451684.000 1726500.000 -26.902 35.834 -2.761
6451684.000 1726550.000 -1.738 -9.847 -2.774
6451684.000 1726600.000 3.761 -25.317 -2.683
6451684.000 1726650.000 -18.939 -35.463 -2.314
6451684.000 1726700.000 -12.034 -36.357 -2.077
6451684.000 1726750.000 1.647 -6.847 -2.298
6451684.000 1726800.000 1.312 1.677 -0.058
6451684.000 1726850.000 0.522 -0.696 -0.092
6451684.000 1726900.000 0.705 -0.921 -0.087
6451684.000 1726950.000 0.372 -0.885 -0.193
6451684.000 1727000.000 0.172 -0.622 -0.061
6451684.000 1727050.000 0.591 -0.686 -0.027
6451684.000 1727100.000 0.494 -0.830 -0.019
6451684.000 1727150.000 0.308 -0.725 -0.047
6451684.000 1727200.000 0.516 -0.601 -0.080
6451684.000 1727250.000 0.275 -0.532 -0.058
6451684.000 1727300.000 0.182 -0.367 -0.043
6451684.000 1727350.000 0.213 -0.407 -0.059
6451684.000 1727400.000 0.261 -0.526 -0.086
6451684.000 1727450.000 0.275 -0.787 -0.127
6451684.000 1727500.000 0.201 -0.722 -0.084
6451684.000 1727550.000 0.254 -0.747 -0.081
6451684.000 1727600.000 0.143 -0.744 -0.086
6451684.000 1727650.000 0.363 -0.805 -0.084
6451684.000 1727700.000 0.253 -0.895 -0.095
6451684.000 1727750.000 -0.235 -0.995 -0.152
6451684.000 1727800.000 -0.309 -1.031 -0.173
6451684.000 1727850.000 -0.174 -1.085 -0.142
6451684.000 1727900.000 1.174 -1.134 0.039
6451684.000 1727950.000 2.042 -0.538 0.172
6451684.000 1728000.000 0.848 -0.561 0.013
6451684.000 1728050.000 0.853 -0.974 0.004
6451684.000 1728100.000 -0.013 -0.745 -0.120
6451684.000 1728150.000 -0.083 -1.203 -0.230
6451684.000 1728200.000 0.277 -0.518 -0.188
6451684.000 1728250.000 0.264 -0.679 -0.234
6451684.000 1728300.000 0.266 -0.925 -0.136
6451684.000 1728350.000 0.388 -1.242 -0.102
6451684.000 1728400.000 1.125 -0.781 -0.111
6451684.000 1728450.000 0.959 -0.942 -0.102
6451684.000 1728500.000 0.834 -0.803 -0.090
6451684.000 1728550.000 -0.228 -0.471 -0.109
6451684.000 1728600.000 -0.573 -0.736 -0.096
6451684.000 1728650.000 1.332 -0.168 -0.120
6451684.000 1728700.000 2.645 0.043 -0.146
6451684.000 1728750.000 0.594 -0.923 -0.114
6451684.000 1728800.000 -0.279 -1.362 -0.102
6451684.000 1728850.000 -0.520 -1.570 -0.147
6451684.000 1728900.000 -1.186 -2.163 -0.267
6451734.000 1726100.000 -99.000 -99.000 -99.000
6451734.000 1726150.000 -99.000 -99.000 -99.000
6451734.000 1726200.000 -13.072 -59.868 -2.293
6451734.000 1726250.000 9.409 -101.672 -2.219
6451734.000 1726300.000 -55.015 49.017 -1.844
6451734.000 1726350.000 -34.828 -39.512 -1.757
6451734.000 1726400.000 -14.718 19.917 -2.289
6451734.000 1726450.000 -69.265 72.291 -2.841
6451734.000 1726500.000 -12.499 30.310 -2.715
6451734.000 1726550.000 -11.400 -11.857 -2.785
6451734.000 1726600.000 -9.577 -32.992 -2.640
6451734.000 1726650.000 -103.427 -3.385 -2.138
6451734.000 1726700.000 -10.968 -2.179 -2.243
6451734.000 1726750.000 1.193 -6.139 -2.315
6451734.000 1726800.000 0.087 2.557 -0.133
6451734.000 1726850.000 0.861 -0.818 -0.084
6451734.000 1726900.000 0.323 -0.703 -0.091
6451734.000 1726950.000 0.441 -0.807 -0.162
6451734.000 1727000.000 0.176 -0.318 0.015
6451734.000 1727050.000 0.329 -0.382 -0.042
6451734.000 1727100.000 0.302 -0.711 -0.025
6451734.000 1727150.000 0.414 -0.617 -0.058
6451734.000 1727200.000 0.399 -0.646 -0.060
6451734.000 1727250.000 0.073 -0.655 -0.021
6451734.000 1727300.000 0.106 -0.771 -0.023
6451734.000 1727350.000 0.215 -0.608 -0.065
6451734.000 1727400.000 0.252 -0.547 -0.108
6451734.000 1727450.000 0.326 -0.789 -0.153
6451734.000 1727500.000 0.419 -0.630 -0.103
6451734.000 1727550.000 0.363 -0.643 -0.068
6451734.000 1727600.000 0.016 -0.811 -0.080
6451734.000 1727650.000 0.441 -0.949 -0.093
6451734.000 1727700.000 -0.169 -0.909 -0.109
6451734.000 1727750.000 -0.164 -0.833 -0.104
6451734.000 1727800.000 -0.352 -1.010 -0.197
6451734.000 1727850.000 0.200 -0.944 -0.167
6451734.000 1727900.000 0.934 -1.099 -0.096
6451734.000 1727950.000 1.081 -0.846 -0.060
6451734.000 1728000.000 1.103 0.119 0.056
6451734.000 1728050.000 0.131 0.066 -0.089
6451734.000 1728100.000 -0.438 -0.776 -0.158
6451734.000 1728150.000 -1.023 -0.980 -0.241
6451734.000 1728200.000 -1.250 -0.239 -0.258
6451734.000 1728250.000 -0.753 -0.357 -0.239
6451734.000 1728300.000 -0.469 -0.573 -0.125
6451734.000 1728350.000 0.166 -0.996 -0.106
6451734.000 1728400.000 0.776 -1.007 -0.107
6451734.000 1728450.000 0.919 -0.636 -0.115
6451734.000 1728500.000 0.987 -1.064 -0.089
6451734.000 1728550.000 -0.623 -1.136 -0.063
6451734.000 1728600.000 9.200 8.183 -0.687
6451734.000 1728650.000 2.920 1.254 -0.226
6451734.000 1728700.000 3.136 0.378 -0.191
6451734.000 1728750.000 0.436 -1.097 -0.134
6451734.000 1728800.000 -0.442 -1.516 -0.089
6451734.000 1728850.000 -0.175 -1.364 -0.084
6451734.000 1728900.000 0.021 -1.199 -0.081
6451784.000 1726100.000 -99.000 -99.000 -99.000
6451784.000 1726150.000 -99.000 -99.000 -99.000
6451784.000 1726200.000 -99.000 -99.000 -99.000
6451784.000 1726250.000 -109.000 94.894 -1.942
6451784.000 1726300.000 -181.776 163.054 -2.297
6451784.000 1726350.000 139.306 -5.373 -1.930
6451784.000 1726400.000 4.087 30.066 -2.607
6451784.000 1726450.000 -20.618 28.642 -2.756
6451784.000 1726500.000 -33.389 27.032 -2.731
6451784.000 1726550.000 -29.594 8.203 -2.622
6451784.000 1726600.000 7.394 -42.243 -2.425
6451784.000 1726650.000 -19.652 11.981 -2.448
6451784.000 1726700.000 -15.938 -1.357 -2.377
6451784.000 1726750.000 7.682 -3.446 -1.826
6451784.000 1726800.000 3.067 2.252 -0.173
6451784.000 1726850.000 0.014 -0.481 -0.047
6451784.000 1726900.000 0.119 -0.458 -0.023
6451784.000 1726950.000 0.194 -0.487 -0.039
6451784.000 1727000.000 0.183 -0.452 -0.008
6451784.000 1727050.000 0.277 -0.341 -0.038
6451784.000 1727100.000 0.285 -0.508 -0.043
6451784.000 1727150.000 0.329 -0.547 -0.055
6451784.000 1727200.000 0.449 -0.713 -0.048
6451784.000 1727250.000 -0.003 -0.669 -0.013
6451784.000 1727300.000 0.074 -0.733 -0.036
6451784.000 1727350.000 0.302 -0.690 -0.085
6451784.000 1727400.000 0.170 -0.655 -0.132
6451784.000 1727450.000 0.167 -0.924 -0.181
6451784.000 1727500.000 0.124 -1.015 -0.197
6451784.000 1727550.000 0.386 -0.816 -0.122
6451784.000 1727600.000 0.122 -0.769 -0.082
6451784.000 1727650.000 0.173 -0.817 -0.099
6451784.000 1727700.000 0.438 -0.631 -0.064
6451784.000 1727750.000 0.490 -0.638 -0.046
6451784.000 1727800.000 0.384 -0.841 -0.118
6451784.000 1727850.000 0.146 -1.052 -0.234
6451784.000 1727900.000 -0.103 -1.143 -0.266
6451784.000 1727950.000 1.628 -1.234 -0.031
6451784.000 1728000.000 0.332 -0.743 -0.063
6451784.000 1728050.000 -0.555 -0.611 -0.179
6451784.000 1728100.000 -0.496 -0.312 -0.175
6451784.000 1728150.000 -2.301 -0.737 -0.319
6451784.000 1728200.000 0.490 -0.017 -0.170
6451784.000 1728250.000 0.321 -0.298 -0.293
6451784.000 1728300.000 -0.554 -0.073 -0.162
6451784.000 1728350.000 1.963 -0.771 -0.144
6451784.000 1728400.000 0.905 -0.572 -0.135
6451784.000 1728450.000 0.363 -0.113 -0.127
6451784.000 1728500.000 -0.209 -0.166 -0.101
6451784.000 1728550.000 -0.319 -1.006 -0.067
6451784.000 1728600.000 2.745 0.664 -0.197
6451784.000 1728650.000 1.694 -1.087 -0.118
6451784.000 1728700.000 1.743 -1.521 -0.120
6451784.000 1728750.000 -0.364 -1.677 -0.115
6451784.000 1728800.000 -0.623 -1.788 -0.112
6451784.000 1728850.000 -0.465 -1.501 -0.106
6451784.000 1728900.000 0.240 -1.048 -0.071
6451834.000 1726100.000 -99.000 -99.000 -99.000
6451834.000 1726150.000 -99.000 -99.000 -99.000
6451834.000 1726200.000 -99.000 -99.000 -99.000
6451834.000 1726250.000 -7.485 45.630 -1.395
6451834.000 1726300.000 -44.808 39.543 -1.567
6451834.000 1726350.000 -17.466 131.025 -2.527
6451834.000 1726400.000 14.593 50.810 -2.652
6451834.000 1726450.000 36.936 -10.717 -2.890
6451834.000 1726500.000 75.747 -80.137 -2.973
6451834.000 1726550.000 16.435 -21.073 -2.193
6451834.000 1726600.000 24.728 -35.955 -1.994
6451834.000 1726650.000 -32.073 17.535 -2.436
6451834.000 1726700.000 -19.401 -1.513 -2.474
6451834.000 1726750.000 -0.560 -1.319 -1.194
6451834.000 1726800.000 0.520 1.132 0.030
6451834.000 1726850.000 0.056 -0.336 -0.003
6451834.000 1726900.000 0.163 -0.443 -0.014
6451834.000 1726950.000 0.346 -0.564 -0.090
6451834.000 1727000.000 0.369 -0.497 -0.098
6451834.000 1727050.000 0.359 -0.307 -0.077
6451834.000 1727100.000 0.384 -0.443 -0.074
6451834.000 1727150.000 0.377 -0.522 -0.058
6451834.000 1727200.000 0.346 -0.615 -0.040
6451834.000 1727250.000 0.117 -0.714 -0.017
6451834.000 1727300.000 0.272 -0.782 -0.054
6451834.000 1727350.000 0.224 -0.841 -0.117
6451834.000 1727400.000 0.108 -0.842 -0.162
6451834.000 1727450.000 0.066 -0.968 -0.190
6451834.000 1727500.000 0.469 -0.738 -0.114
6451834.000 1727550.000 0.490 -0.743 -0.109
6451834.000 1727600.000 -0.203 -0.966 -0.106
6451834.000 1727650.000 0.406 -0.908 -0.101
6451834.000 1727700.000 0.631 -0.803 -0.067
6451834.000 1727750.000 0.481 -0.887 -0.113
6451834.000 1727800.000 -0.009 -0.512 -0.104
6451834.000 1727850.000 -0.030 -0.661 -0.122
6451834.000 1727900.000 -0.865 0.155 -0.205
6451834.000 1727950.000 -0.633 -0.368 -0.244
6451834.000 1728000.000 -0.261 0.615 -0.163
6451834.000 1728050.000 -0.686 -0.597 -0.193
6451834.000 1728100.000 -0.546 -0.487 -0.179
6451834.000 1728150.000 0.679 -0.809 -0.108
6451834.000 1728200.000 -1.579 0.043 -0.220
6451834.000 1728250.000 -1.699 0.209 -0.365
6451834.000 1728300.000 -1.530 -0.084 -0.164
6451834.000 1728350.000 -0.128 -0.716 -0.110
6451834.000 1728400.000 0.764 -0.568 -0.126
6451834.000 1728450.000 -0.005 0.803 -0.161
6451834.000 1728500.000 -0.888 -0.223 -0.092
6451834.000 1728550.000 -0.308 -0.229 -0.117
6451834.000 1728600.000 1.753 -0.091 -0.164
6451834.000 1728650.000 1.661 -0.233 -0.177
6451834.000 1728700.000 1.603 -1.881 -0.088
6451834.000 1728750.000 0.011 -2.700 -0.106
6451834.000 1728800.000 0.019 -0.864 -0.094
6451834.000 1728850.000 -0.310 -1.347 -0.114
6451834.000 1728900.000 0.217 -1.065 -0.051
6451884.000 1726100.000 -99.000 -99.000 -99.000
6451884.000 1726150.000 -99.000 -99.000 -99.000
6451884.000 1726200.000 -99.000 -99.000 -99.000
6451884.000 1726250.000 33.981 86.201 -2.759
6451884.000 1726300.000 1.412 58.614 -2.049
6451884.000 1726350.000 0.566 -5.495 -2.368
6451884.000 1726400.000 -16.680 64.479 -2.713
6451884.000 1726450.000 30.351 -46.730 -2.805
6451884.000 1726500.000 43.633 -64.972 -2.755
6451884.000 1726550.000 26.193 -32.825 -2.310
6451884.000 1726600.000 37.425 -57.862 -2.241
6451884.000 1726650.000 17.236 -25.466 -2.289
6451884.000 1726700.000 -13.470 -4.565 -2.423
6451884.000 1726750.000 0.412 -0.002 -0.153
6451884.000 1726800.000 0.066 0.234 0.031
6451884.000 1726850.000 0.163 -0.408 -0.007
6451884.000 1726900.000 0.314 -0.496 -0.067
6451884.000 1726950.000 0.406 0.011 -0.114
6451884.000 1727000.000 0.395 -0.566 -0.129
6451884.000 1727050.000 0.380 -0.272 -0.108
6451884.000 1727100.000 0.334 -0.497 -0.060
6451884.000 1727150.000 0.397 -0.637 -0.057
6451884.000 1727200.000 0.378 -0.468 -0.066
6451884.000 1727250.000 0.868 -0.771 -0.082
6451884.000 1727300.000 0.594 -0.777 -0.080
6451884.000 1727350.000 0.343 -0.751 -0.124
6451884.000 1727400.000 0.322 -0.910 -0.150
6451884.000 1727450.000 0.201 -1.083 -0.195
6451884.000 1727500.000 0.425 -0.807 -0.123
6451884.000 1727550.000 0.124 -1.022 -0.181
6451884.000 1727600.000 -0.109 -1.091 -0.184
6451884.000 1727650.000 -0.063 -1.044 -0.169
6451884.000 1727700.000 0.503 -0.841 -0.131
6451884.000 1727750.000 0.380 -0.803 -0.150
6451884.000 1727800.000 0.360 -0.661 -0.129
6451884.000 1727850.000 0.275 -0.755 -0.150
6451884.000 1727900.000 0.636 -0.864 -0.166
6451884.000 1727950.000 0.316 -0.626 -0.149
6451884.000 1728000.000 -0.068 -0.189 -0.151
6451884.000 1728050.000 0.011 -0.406 -0.139
6451884.000 1728100.000 0.351 -0.712 -0.098
6451884.000 1728150.000 0.057 -0.738 -0.138
6451884.000 1728200.000 0.581 -1.173 -0.118
6451884.000 1728250.000 0.623 -1.302 -0.152
6451884.000 1728300.000 -0.029 -0.734 -0.123
6451884.000 1728350.000 0.224 -0.102 -0.147
6451884.000 1728400.000 -0.003 -0.123 -0.133
6451884.000 1728450.000 -1.952 -0.736 -0.076
6451884.000 1728500.000 -0.423 -2.087 -0.047
6451884.000 1728550.000 -0.626 -1.996 -0.048
6451884.000 1728600.000 0.590 -1.378 -0.063
6451884.000 1728650.000 2.539 -0.645 -0.131
6451884.000 1728700.000 1.910 -0.450 -0.135
6451884.000 1728750.000 0.221 -0.612 -0.110
6451884.000 1728800.000 -0.112 -0.416 -0.123
6451884.000 1728850.000 -0.472 -1.253 -0.137
6451884.000 1728900.000 0.097 -1.089 -0.089
6451934.000 1726100.000 -99.000 -99.000 -99.000
6451934.000 1726150.000 -99.000 -99.000 -99.000
6451934.000 1726200.000 -99.000 -99.000 -99.000
6451934.000 1726250.000 -41.097 56.717 -2.098
6451934.000 1726300.000 0.945 -28.858 -1.998
6451934.000 1726350.000 1.795 -41.268 -2.262
6451934.000 1726400.000 -6.562 26.151 -2.783
6451934.000 1726450.000 14.227 -6.365 -2.602
6451934.000 1726500.000 30.660 -49.864 -2.513
6451934.000 1726550.000 14.274 -21.723 -2.182
6451934.000 1726600.000 34.663 -52.454 -2.360
6451934.000 1726650.000 -22.784 -3.969 -2.226
6451934.000 1726700.000 -14.592 -5.250 -2.240
6451934.000 1726750.000 0.197 0.217 0.079
6451934.000 1726800.000 0.069 -0.656 -0.037
6451934.000 1726850.000 0.358 -0.892 -0.041
6451934.000 1726900.000 0.373 -0.787 -0.094
6451934.000 1726950.000 0.518 -0.280 -0.134
6451934.000 1727000.000 0.354 -0.685 -0.145
6451934.000 1727050.000 0.604 -0.322 -0.147
6451934.000 1727100.000 0.415 -0.704 -0.081
6451934.000 1727150.000 0.487 -0.000 -0.066
6451934.000 1727200.000 0.247 -0.090 -0.063
6451934.000 1727250.000 0.892 -0.433 -0.089
6451934.000 1727300.000 0.603 -0.341 -0.037
6451934.000 1727350.000 0.328 -0.612 -0.080
6451934.000 1727400.000 0.431 -0.404 -0.021
6451934.000 1727450.000 0.296 -0.716 -0.119
6451934.000 1727500.000 0.185 -1.215 -0.193
6451934.000 1727550.000 0.428 -0.757 -0.114
6451934.000 1727600.000 -0.220 -1.128 -0.209
6451934.000 1727650.000 -0.212 -1.041 -0.189
6451934.000 1727700.000 0.198 -0.988 -0.201
6451934.000 1727750.000 0.534 -0.879 -0.191
6451934.000 1727800.000 0.329 -0.552 -0.130
6451934.000 1727850.000 0.221 -0.615 -0.129
6451934.000 1727900.000 0.469 -0.772 -0.151
6451934.000 1727950.000 0.076 -0.552 -0.174
6451934.000 1728000.000 0.127 -0.523 -0.167
6451934.000 1728050.000 0.294 -0.570 -0.136
6451934.000 1728100.000 0.173 -0.619 -0.109
6451934.000 1728150.000 -0.249 -0.576 -0.059
6451934.000 1728200.000 0.003 -0.852 -0.085
6451934.000 1728250.000 -0.008 -0.826 -0.107
6451934.000 1728300.000 0.039 -0.786 -0.100
6451934.000 1728350.000 -0.090 -0.352 -0.144
6451934.000 1728400.000 -0.491 -0.392 -0.127
6451934.000 1728450.000 -1.069 -0.851 -0.097
6451934.000 1728500.000 -0.049 -1.627 -0.078
6451934.000 1728550.000 0.107 -0.689 -0.111
6451934.000 1728600.000 0.250 -0.075 -0.137
6451934.000 1728650.000 2.274 0.082 -0.174
6451934.000 1728700.000 0.223 -0.008 -0.166
6451934.000 1728750.000 0.072 -1.286 -0.119
6451934.000 1728800.000 0.493 -0.664 -0.127
6451934.000 1728850.000 -0.232 -0.591 -0.117
6451934.000 1728900.000 0.051 -0.693 -0.095
6451984.000 1726100.000 -11.727 37.260 -1.505
6451984.000 1726150.000 36.211 17.764 -2.114
6451984.000 1726200.000 -99.000 -99.000 -99.000
6451984.000 1726250.000 164.173 -73.186 -2.407
6451984.000 1726300.000 2.228 -59.662 -2.115
6451984.000 1726350.000 208.292 -117.796 -5.910
6451984.000 1726400.000 15.479 -71.567 -1.990
6451984.000 1726450.000 20.421 24.409 -2.437
6451984.000 1726500.000 -21.916 7.081 -2.170
6451984.000 1726550.000 -9.327 -19.223 -2.206
6451984.000 1726600.000 31.441 -46.209 -2.272
6451984.000 1726650.000 -17.287 -9.632 -2.271
6451984.000 1726700.000 -2.149 -0.438 -0.130
6451984.000 1726750.000 0.247 -0.601 0.004
6451984.000 1726800.000 0.165 -0.832 -0.041
6451984.000 1726850.000 0.290 -0.831 -0.063
6451984.000 1726900.000 0.128 -0.442 -0.131
6451984.000 1726950.000 0.178 -0.527 -0.149
6451984.000 1727000.000 0.340 -0.807 -0.151
6451984.000 1727050.000 0.269 -0.017 -0.151
6451984.000 1727100.000 1.061 -0.356 -0.141
6451984.000 1727150.000 -0.128 1.038 0.014
6451984.000 1727200.000 0.940 0.377 -0.069
6451984.000 1727250.000 0.866 -0.164 -0.086
6451984.000 1727300.000 0.908 -0.485 -0.043
6451984.000 1727350.000 -0.040 -0.292 -0.072
6451984.000 1727400.000 0.165 -0.858 -0.143
6451984.000 1727450.000 0.171 -1.051 -0.221
6451984.000 1727500.000 0.185 -1.122 -0.168
6451984.000 1727550.000 0.657 -0.479 -0.050
6451984.000 1727600.000 0.314 -0.754 -0.111
6451984.000 1727650.000 0.322 -0.729 -0.099
6451984.000 1727700.000 0.406 -0.879 -0.180
6451984.000 1727750.000 0.328 -0.875 -0.187
6451984.000 1727800.000 0.000 -0.534 -0.144
6451984.000 1727850.000 0.145 -0.644 -0.156
6451984.000 1727900.000 0.297 -0.687 -0.141
6451984.000 1727950.000 0.157 -0.643 -0.159
6451984.000 1728000.000 0.254 -0.648 -0.149
6451984.000 1728050.000 -1.150 -0.207 -0.181
6451984.000 1728100.000 0.106 -0.380 -0.154
6451984.000 1728150.000 0.074 -0.279 -0.113
6451984.000 1728200.000 -0.166 -0.762 -0.105
6451984.000 1728250.000 0.251 -0.845 -0.096
6451984.000 1728300.000 0.369 -0.866 -0.083
6451984.000 1728350.000 -0.458 -0.440 -0.138
6451984.000 1728400.000 -0.643 -0.376 -0.151
6451984.000 1728450.000 -0.491 -0.676 -0.140
6451984.000 1728500.000 -0.387 -2.642 -0.045
6451984.000 1728550.000 -0.760 -2.860 -0.034
6451984.000 1728600.000 0.775 -0.588 -0.114
6451984.000 1728650.000 -0.488 -0.033 -0.134
6451984.000 1728700.000 0.300 0.084 -0.183
6451984.000 1728750.000 0.710 -1.191 -0.141
6451984.000 1728800.000 0.876 -0.680 -0.123
6451984.000 1728850.000 1.256 -0.210 -0.080
6451984.000 1728900.000 0.247 -0.837 -0.134
6452034.000 1726100.000 -82.453 -31.736 -1.493
6452034.000 1726150.000 -51.007 27.873 -2.104
6452034.000 1726200.000 -663.352 44.675 -2.152
6452034.000 1726250.000 -0.612 3.307 -2.134
6452034.000 1726300.000 92.275 -90.281 -3.221
6452034.000 1726350.000 46.949 -21.592 -2.984
6452034.000 1726400.000 21.786 -70.728 -2.158
6452034.000 1726450.000 13.617 -6.751 -2.274
6452034.000 1726500.000 15.296 -19.854 -2.167
6452034.000 1726550.000 -14.967 -6.335 -2.250
6452034.000 1726600.000 1.617 -22.589 -2.356
6452034.000 1726650.000 -13.024 -9.551 -2.107
6452034.000 1726700.000 -0.283 0.138 0.059
6452034.000 1726750.000 -0.749 0.032 -0.006
6452034.000 1726800.000 0.709 -1.164 -0.044
6452034.000 1726850.000 1.286 -1.818 -0.031
6452034.000 1726900.000 -0.984 -0.221 -0.127
6452034.000 1726950.000 0.025 -0.033 -0.165
6452034.000 1727000.000 0.678 -0.436 -0.164
6452034.000 1727050.000 0.639 -0.274 -0.205
6452034.000 1727100.000 1.159 -1.309 -0.247
6452034.000 1727150.000 -0.552 0.335 -0.033
6452034.000 1727200.000 0.289 -0.887 -0.167
6452034.000 1727250.000 0.255 -0.950 -0.178
6452034.000 1727300.000 0.553 -0.407 -0.096
6452034.000 1727350.000 0.078 -0.453 -0.097
6452034.000 1727400.000 0.165 -0.450 -0.134
6452034.000 1727450.000 0.255 -0.665 -0.205
6452034.000 1727500.000 0.495 -0.376 -0.096
6452034.000 1727550.000 0.444 -0.781 -0.080
6452034.000 1727600.000 0.195 -0.740 -0.117
6452034.000 1727650.000 0.180 -0.716 -0.121
6452034.000 1727700.000 0.198 -0.858 -0.212
6452034.000 1727750.000 0.123 -0.810 -0.204
6452034.000 1727800.000 -0.126 -0.363 -0.132
6452034.000 1727850.000 -0.131 -0.477 -0.130
6452034.000 1727900.000 -0.071 -0.491 -0.136
6452034.000 1727950.000 0.261 -0.749 -0.161
6452034.000 1728000.000 0.218 -0.623 -0.151
6452034.000 1728050.000 -0.188 -0.418 -0.175
6452034.000 1728100.000 0.212 -0.144 -0.233
6452034.000 1728150.000 0.291 0.010 -0.143
6452034.000 1728200.000 0.741 -1.133 -0.085
6452034.000 1728250.000 0.344 -0.803 -0.109
6452034.000 1728300.000 0.166 -0.880 -0.099
6452034.000 1728350.000 -0.432 -0.959 -0.092
6452034.000 1728400.000 -0.303 -0.424 -0.133
6452034.000 1728450.000 0.006 -0.274 -0.143
6452034.000 1728500.000 -0.495 -0.657 -0.115
6452034.000 1728550.000 0.417 -0.110 -0.126
6452034.000 1728600.000 0.824 -0.236 -0.134
6452034.000 1728650.000 -2.969 1.508 -0.162
6452034.000 1728700.000 -1.792 -0.061 -0.176
6452034.000 1728750.000 0.829 -0.992 -0.155
6452034.000 1728800.000 1.124 -0.364 -0.088
6452034.000 1728850.000 0.881 -0.714 -0.110
6452034.000 1728900.000 0.120 -0.571 -0.136
6452084.000 1726100.000 -102.816 172.876 -2.766
6452084.000 1726150.000 36.709 90.530 -2.232
6452084.000 1726200.000 -22.054 49.733 -2.150
6452084.000 1726250.000 2.436 13.536 -2.455
6452084.000 1726300.000 1.435 1.757 -2.466
6452084.000 1726350.000 8.480 15.660 -2.555
6452084.000 1726400.000 5.749 50.744 -2.779
6452084.000 1726450.000 37.877 19.524 -2.966
6452084.000 1726500.000 -0.361 -12.929 -2.661
6452084.000 1726550.000 -12.676 -11.173 -2.844
6452084.000 1726600.000 -13.536 -13.931 -2.811
6452084.000 1726650.000 -0.701 0.552 0.109
6452084.000 1726700.000 -0.621 0.255 0.020
6452084.000 1726750.000 -0.284 -0.401 -0.021
6452084.000 1726800.000 0.869 -1.296 -0.047
6452084.000 1726850.000 1.552 -1.373 -0.038
6452084.000 1726900.000 0.274 -0.799 -0.098
6452084.000 1726950.000 0.396 -0.464 -0.149
6452084.000 1727000.000 1.137 -0.495 -0.173
6452084.000 1727050.000 0.681 -0.511 -0.177
6452084.000 1727100.000 0.757 -0.956 -0.180
6452084.000 1727150.000 -0.014 -0.456 -0.099
6452084.000 1727200.000 0.204 -0.940 -0.185
6452084.000 1727250.000 0.490 -0.859 -0.143
6452084.000 1727300.000 0.424 -0.718 -0.177
6452084.000 1727350.000 0.349 -0.435 -0.159
6452084.000 1727400.000 0.256 -0.653 -0.196
6452084.000 1727450.000 0.340 -0.726 -0.212
6452084.000 1727500.000 0.257 -0.499 -0.092
6452084.000 1727550.000 0.296 -0.670 -0.084
6452084.000 1727600.000 0.119 -0.596 -0.107
6452084.000 1727650.000 0.013 -0.704 -0.150
6452084.000 1727700.000 -0.048 -0.687 -0.172
6452084.000 1727750.000 0.141 -0.646 -0.151
6452084.000 1727800.000 0.148 -0.728 -0.190
6452084.000 1727850.000 -0.336 -0.782 -0.159
6452084.000 1727900.000 0.532 -1.108 -0.135
6452084.000 1727950.000 0.518 -1.028 -0.143
6452084.000 1728000.000 0.110 -0.739 -0.126
6452084.000 1728050.000 0.112 -0.301 -0.125
6452084.000 1728100.000 0.453 0.385 -0.173
6452084.000 1728150.000 0.305 0.204 -0.152
6452084.000 1728200.000 0.608 -0.780 -0.074
6452084.000 1728250.000 0.323 -0.782 -0.073
6452084.000 1728300.000 0.282 -0.441 -0.031
6452084.000 1728350.000 -0.114 -0.670 -0.029
6452084.000 1728400.000 -0.231 -1.034 -0.099
6452084.000 1728450.000 -0.405 -0.207 -0.162
6452084.000 1728500.000 -1.230 -1.161 -0.104
6452084.000 1728550.000 -0.059 -0.411 -0.124
6452084.000 1728600.000 -0.046 -0.656 -0.111
6452084.000 1728650.000 -0.311 -0.506 -0.147
6452084.000 1728700.000 -1.103 -0.083 -0.149
6452084.000 1728750.000 -0.335 -0.468 -0.142
6452084.000 1728800.000 1.965 -0.297 -0.095
6452084.000 1728850.000 0.458 -1.338 -0.166
6452084.000 1728900.000 -0.029 -0.837 -0.167
6452134.000 1726100.000 -31.519 7.420 -2.309
6452134.000 1726150.000 -17.505 97.582 -2.824
6452134.000 1726200.000 -4.785 3.180 -2.232
6452134.000 1726250.000 -34.280 22.560 -2.444
6452134.000 1726300.000 -19.178 -6.708 -2.416
6452134.000 1726350.000 -8.849 -5.297 -2.478
6452134.000 1726400.000 23.958 48.386 -2.982
6452134.000 1726450.000 36.034 -5.644 -3.048
6452134.000 1726500.000 121.949 -54.881 -2.988
6452134.000 1726550.000 -0.419 -20.868 -3.425
6452134.000 1726600.000 -0.131 -0.479 0.014
6452134.000 1726650.000 -0.703 0.257 0.026
6452134.000 1726700.000 0.455 -0.677 -0.029
6452134.000 1726750.000 1.068 -0.989 -0.045
6452134.000 1726800.000 0.980 -1.607 -0.058
6452134.000 1726850.000 0.395 -1.041 -0.059
6452134.000 1726900.000 -0.046 -0.709 -0.093
6452134.000 1726950.000 -0.545 -0.673 -0.094
6452134.000 1727000.000 -0.106 -0.464 -0.134
6452134.000 1727050.000 -0.088 -0.164 -0.138
6452134.000 1727100.000 -0.212 0.065 -0.114
6452134.000 1727150.000 0.009 -0.042 -0.105
6452134.000 1727200.000 -0.059 -0.269 -0.203
6452134.000 1727250.000 0.703 -1.100 -0.119
6452134.000 1727300.000 0.288 -0.825 -0.208
6452134.000 1727350.000 0.421 -0.642 -0.114
6452134.000 1727400.000 0.405 -0.697 -0.147
6452134.000 1727450.000 0.331 -0.737 -0.139
6452134.000 1727500.000 0.297 -0.637 -0.101
6452134.000 1727550.000 0.255 -0.607 -0.085
6452134.000 1727600.000 0.266 -0.564 -0.072
6452134.000 1727650.000 0.042 -0.700 -0.172
6452134.000 1727700.000 0.138 -0.562 -0.150
6452134.000 1727750.000 0.192 -0.517 -0.122
6452134.000 1727800.000 0.442 -0.256 -0.065
6452134.000 1727850.000 -0.118 -1.011 -0.187
6452134.000 1727900.000 0.549 -1.035 -0.140
6452134.000 1727950.000 0.210 -0.932 -0.163
6452134.000 1728000.000 0.082 -0.844 -0.128
6452134.000 1728050.000 0.211 -0.087 -0.129
6452134.000 1728100.000 0.347 0.653 -0.181
6452134.000 1728150.000 0.304 0.446 -0.155
6452134.000 1728200.000 0.172 -0.801 -0.167
6452134.000 1728250.000 -0.023 -0.373 -0.158
6452134.000 1728300.000 -0.155 -0.183 -0.116
6452134.000 1728350.000 0.116 -0.722 0.020
6452134.000 1728400.000 0.173 -0.976 -0.027
6452134.000 1728450.000 0.002 -0.056 -0.151
6452134.000 1728500.000 0.066 0.044 -0.164
6452134.000 1728550.000 0.113 0.082 -0.155
6452134.000 1728600.000 0.023 -0.377 -0.117
6452134.000 1728650.000 -0.212 -0.563 -0.127
6452134.000 1728700.000 1.278 -1.026 -0.079
6452134.000 1728750.000 0.738 -0.656 -0.135
6452134.000 1728800.000 0.380 -0.026 -0.077
6452134.000 1728850.000 -0.402 -1.428 -0.185
6452134.000 1728900.000 -1.363 -0.947 -0.185
6452184.000 1726100.000 -16.973 7.162 -2.323
6452184.000 1726150.000 -6.051 21.313 -2.294
6452184.000 1726200.000 -5.652 1.537 -2.143
6452184.000 1726250.000 -2.210 -0.246 -2.287
6452184.000 1726300.000 -12.696 -10.322 -2.274
6452184.000 1726350.000 5.140 -19.355 -2.512
6452184.000 1726400.000 -6.309 46.090 -2.990
6452184.000 1726450.000 -8.876 -9.844 -3.047
6452184.000 1726500.000 28.981 -41.950 -3.316
6452184.000 1726550.000 1.394 -1.745 -0.021
6452184.000 1726600.000 -0.598 -0.109 -0.008
6452184.000 1726650.000 -0.008 -0.391 -0.015
6452184.000 1726700.000 0.022 -0.470 -0.019
6452184.000 1726750.000 -0.599 -0.845 -0.065
6452184.000 1726800.000 -0.531 -1.592 -0.069
6452184.000 1726850.000 0.581 -1.014 -0.067
6452184.000 1726900.000 0.542 -0.792 -0.092
6452184.000 1726950.000 0.334 -0.392 -0.135
6452184.000 1727000.000 0.225 -0.335 -0.157
6452184.000 1727050.000 -0.057 -0.120 -0.153
6452184.000 1727100.000 -0.225 0.118 -0.140
6452184.000 1727150.000 -0.066 -0.012 -0.143
6452184.000 1727200.000 -0.538 0.181 -0.237
6452184.000 1727250.000 0.354 -0.852 -0.167
6452184.000 1727300.000 0.238 -0.980 -0.247
6452184.000 1727350.000 0.409 -0.938 -0.155
6452184.000 1727400.000 0.528 -1.136 -0.097
6452184.000 1727450.000 0.515 -1.051 -0.087
6452184.000 1727500.000 0.905 -1.439 -0.059
6452184.000 1727550.000 0.213 -0.649 -0.096
6452184.000 1727600.000 0.298 -0.416 -0.038
6452184.000 1727650.000 0.257 -0.384 -0.046
6452184.000 1727700.000 0.281 -0.358 -0.089
6452184.000 1727750.000 0.283 -0.446 -0.089
6452184.000 1727800.000 0.241 -0.650 -0.146
6452184.000 1727850.000 0.138 -0.642 -0.090
6452184.000 1727900.000 -0.439 -0.440 -0.136
6452184.000 1727950.000 -0.196 -0.843 -0.158
6452184.000 1728000.000 -0.430 -0.579 -0.132
6452184.000 1728050.000 -0.172 -0.564 -0.105
6452184.000 1728100.000 0.036 -0.478 -0.081
6452184.000 1728150.000 0.321 0.699 -0.111
6452184.000 1728200.000 0.083 -0.572 -0.116
6452184.000 1728250.000 0.072 -0.069 -0.114
6452184.000 1728300.000 -0.019 -0.404 -0.125
6452184.000 1728350.000 0.013 -0.288 -0.133
6452184.000 1728400.000 -0.318 -1.013 -0.083
6452184.000 1728450.000 0.166 -0.005 -0.148
6452184.000 1728500.000 0.171 -0.257 -0.124
6452184.000 1728550.000 0.101 -0.914 -0.079
6452184.000 1728600.000 0.047 -0.857 -0.088
6452184.000 1728650.000 0.515 -0.819 -0.099
6452184.000 1728700.000 0.618 -1.102 -0.090
6452184.000 1728750.000 0.698 -1.209 -0.146
6452184.000 1728800.000 0.952 -1.358 -0.091
6452184.000 1728850.000 0.893 -0.759 -0.073
6452184.000 1728900.000 -0.173 -0.252 -0.025
6452234.000 1726100.000 -11.547 24.231 -2.360
6452234.000 1726150.000 -5.146 21.197 -2.365
6452234.000 1726200.000 5.043 1.233 -2.248
6452234.000 1726250.000 35.720 5.278 -2.801
6452234.000 1726300.000 37.092 6.019 -2.936
6452234.000 1726350.000 10.729 -12.876 -2.957
6452234.000 1726400.000 12.023 -5.134 -3.140
6452234.000 1726450.000 -6.168 -14.887 -3.158
6452234.000 1726500.000 2.645 -3.333 -0.227
6452234.000 1726550.000 0.084 0.029 0.004
6452234.000 1726600.000 0.295 -0.276 -0.012
6452234.000 1726650.000 0.225 -0.405 -0.017
6452234.000 1726700.000 -0.142 -0.523 -0.036
6452234.000 1726750.000 -1.101 -0.870 -0.085
6452234.000 1726800.000 -0.816 -1.286 -0.079
6452234.000 1726850.000 -0.151 -0.810 -0.094
6452234.000 1726900.000 0.358 -0.152 -0.130
6452234.000 1726950.000 0.326 -0.135 -0.129
6452234.000 1727000.000 -0.001 0.115 -0.167
6452234.000 1727050.000 0.039 -0.017 -0.103
6452234.000 1727100.000 -0.493 0.556 -0.117
6452234.000 1727150.000 -0.207 0.079 -0.185
6452234.000 1727200.000 0.271 -0.103 -0.098
6452234.000 1727250.000 0.290 -0.415 -0.099
6452234.000 1727300.000 0.351 -0.819 -0.111
6452234.000 1727350.000 0.433 -0.887 -0.076
6452234.000 1727400.000 0.445 -0.867 -0.099
6452234.000 1727450.000 0.023 -0.885 -0.094
6452234.000 1727500.000 0.278 -0.917 -0.090
6452234.000 1727550.000 -0.190 -0.205 -0.087
6452234.000 1727600.000 0.706 0.120 -0.012
6452234.000 1727650.000 1.222 1.020 0.453
6452234.000 1727700.000 0.134 -0.400 -0.209
6452234.000 1727750.000 0.190 -0.376 -0.122
6452234.000 1727800.000 0.184 -0.453 -0.129
6452234.000 1727850.000 0.152 -0.541 -0.111
6452234.000 1727900.000 -0.121 -0.714 -0.127
6452234.000 1727950.000 -0.549 -0.450 -0.127
6452234.000 1728000.000 -0.606 -0.443 -0.123
6452234.000 1728050.000 -0.246 -0.250 -0.120
6452234.000 1728100.000 -0.247 -0.086 -0.114
6452234.000 1728150.000 -0.139 0.297 -0.120
6452234.000 1728200.000 0.179 2.442 -0.108
6452234.000 1728250.000 0.320 0.281 -0.183
6452234.000 1728300.000 0.092 -0.087 -0.191
6452234.000 1728350.000 0.067 -0.250 -0.150
6452234.000 1728400.000 -0.031 -0.661 -0.095
6452234.000 1728450.000 0.337 -0.417 -0.119
6452234.000 1728500.000 0.138 -0.728 -0.102
6452234.000 1728550.000 -0.074 -0.657 -0.115
6452234.000 1728600.000 -0.168 -0.243 -0.142
6452234.000 1728650.000 -0.137 0.043 -0.180
6452234.000 1728700.000 -0.234 -0.775 -0.171
6452234.000 1728750.000 0.178 -0.791 -0.171
6452234.000 1728800.000 0.468 -1.532 -0.147
6452234.000 1728850.000 0.565 -0.830 -0.144
6452234.000 1728900.000 -0.951 -0.097 -0.133
6452284.000 1726100.000 -45.472 20.671 -2.228
6452284.000 1726150.000 -45.847 -5.898 -2.035
6452284.000 1726200.000 29.381 50.383 -2.951
6452284.000 1726250.000 27.584 31.473 -3.071
6452284.000 1726300.000 24.882 15.287 -3.153
6452284.000 1726350.000 20.690 -42.469 -3.282
6452284.000 1726400.000 6.132 -26.603 -3.074
6452284.000 1726450.000 5.183 -25.041 -3.024
6452284.000 1726500.000 0.940 -0.471 0.006
6452284.000 1726550.000 -0.344 -0.938 -0.024
6452284.000 1726600.000 -0.754 -0.864 -0.029
6452284.000 1726650.000 0.042 -0.438 -0.010
6452284.000 1726700.000 -0.324 -0.536 -0.032
6452284.000 1726750.000 -0.628 -0.761 -0.075
6452284.000 1726800.000 -0.436 -0.904 -0.076
6452284.000 1726850.000 -0.001 0.025 -0.111
6452284.000 1726900.000 0.178 0.020 -0.129
6452284.000 1726950.000 0.034 0.069 -0.153
6452284.000 1727000.000 -0.305 0.130 -0.188
6452284.000 1727050.000 0.032 -0.107 -0.116
6452284.000 1727100.000 0.349 0.051 0.021
6452284.000 1727150.000 0.352 -0.168 -0.073
6452284.000 1727200.000 0.504 -0.275 -0.073
6452284.000 1727250.000 0.587 -0.567 -0.095
6452284.000 1727300.000 1.125 -1.405 -0.095
6452284.000 1727350.000 0.216 -0.762 -0.102
6452284.000 1727400.000 0.105 -0.643 -0.121
6452284.000 1727450.000 -0.145 -0.596 -0.113
6452284.000 1727500.000 -0.073 -0.525 -0.105
6452284.000 1727550.000 -0.658 -0.422 -0.128
6452284.000 1727600.000 1.339 0.208 -0.016
6452284.000 1727650.000 0.152 0.215 0.211
6452284.000 1727700.000 0.062 -0.604 -0.306
6452284.000 1727750.000 0.348 -0.496 -0.076
6452284.000 1727800.000 0.109 -0.419 -0.130
6452284.000 1727850.000 0.111 -0.537 -0.120
6452284.000 1727900.000 0.123 -0.340 -0.101
6452284.000 1727950.000 -0.316 0.029 -0.113
6452284.000 1728000.000 -0.070 0.132 -0.116
6452284.000 1728050.000 0.047 -0.043 -0.130
6452284.000 1728100.000 0.130 -0.053 -0.097
6452284.000 1728150.000 0.372 0.775 -0.088
6452284.000 1728200.000 0.357 0.364 -0.075
6452284.000 1728250.000 0.099 1.212 -0.128
6452284.000 1728300.000 -0.007 0.573 -0.167
6452284.000 1728350.000 0.045 0.343 -0.155
6452284.000 1728400.000 0.093 -0.270 -0.119
6452284.000 1728450.000 0.086 -0.373 -0.136
6452284.000 1728500.000 -0.017 -0.658 -0.132
6452284.000 1728550.000 -0.136 -0.505 -0.168
6452284.000 1728600.000 -0.263 -0.021 -0.191
6452284.000 1728650.000 -0.256 0.348 -0.230
6452284.000 1728700.000 -0.263 0.115 -0.149
6452284.000 1728750.000 -0.168 0.428 -0.160
6452284.000 1728800.000 -0.078 -0.396 -0.150
6452284.000 1728850.000 0.371 -1.155 -0.218
6452284.000 1728900.000 -0.776 0.082 -0.143
6452334.000 1726100.000 7.425 37.510 -2.486
6452334.000 1726150.000 nan nan nan
6452334.000 1726200.000 -7.097 73.413 -3.039
6452334.000 1726250.000 0.094 29.984 -3.186
6452334.000 1726300.000 -2.890 -20.321 -3.399
6452334.000 1726350.000 -14.468 -10.656 -3.395
6452334.000 1726400.000 -42.949 18.290 -3.176
6452334.000 1726450.000 2.831 -1.539 0.049
6452334.000 1726500.000 0.790 -0.493 0.018
6452334.000 1726550.000 -0.405 -0.937 -0.011
6452334.000 1726600.000 -0.615 -0.660 -0.020
6452334.000 1726650.000 0.200 -0.467 -0.013
6452334.000 1726700.000 0.124 -0.594 -0.039
6452334.000 1726750.000 0.208 -0.687 -0.066
6452334.000 1726800.000 -0.001 -0.618 -0.067
6452334.000 1726850.000 -0.020 -0.081 -0.097
6452334.000 1726900.000 -0.372 -0.158 -0.136
6452334.000 1726950.000 -0.100 -0.144 -0.135
6452334.000 1727000.000 -0.143 0.483 -0.059
6452334.000 1727050.000 0.375 -0.299 -0.138
6452334.000 1727100.000 -0.241 0.098 -0.131
6452334.000 1727150.000 0.299 -0.176 -0.120
6452334.000 1727200.000 0.627 -0.310 -0.094
6452334.000 1727250.000 0.955 -0.446 -0.104
6452334.000 1727300.000 0.544 -0.690 -0.091
6452334.000 1727350.000 0.321 -0.717 -0.105
6452334.000 1727400.000 0.135 -0.670 -0.126
6452334.000 1727450.000 0.109 -0.638 -0.112
6452334.000 1727500.000 0.308 -0.318 -0.093
6452334.000 1727550.000 0.184 -0.026 -0.091
6452334.000 1727600.000 0.780 0.196 -0.053
6452334.000 1727650.000 0.666 0.028 0.049
6452334.000 1727700.000 0.312 -0.313 -0.109
6452334.000 1727750.000 0.243 -0.384 -0.101
6452334.000 1727800.000 0.213 -0.373 -0.126
6452334.000 1727850.000 0.242 -0.367 -0.115
6452334.000 1727900.000 0.195 -0.362 -0.098
6452334.000 1727950.000 -0.081 -0.232 -0.103
6452334.000 1728000.000 0.106 -0.433 -0.111
6452334.000 1728050.000 0.027 -0.315 -0.158
6452334.000 1728100.000 0.059 -0.216 -0.149
6452334.000 1728150.000 0.243 0.174 -0.120
6452334.000 1728200.000 0.216 -0.108 -0.103
6452334.000 1728250.000 0.186 -0.111 -0.169
6452334.000 1728300.000 0.065 -0.670 -0.204
6452334.000 1728350.000 0.094 -0.643 -0.176
6452334.000 1728400.000 0.092 -0.466 -0.117
6452334.000 1728450.000 -0.002 -0.475 -0.229
6452334.000 1728500.000 -0.055 -0.661 -0.208
6452334.000 1728550.000 0.045 -0.633 -0.102
6452334.000 1728600.000 -0.263 0.176 -0.225
6452334.000 1728650.000 -0.311 0.686 -0.285
6452334.000 1728700.000 -0.494 0.141 -0.231
6452334.000 1728750.000 -0.664 -0.010 -0.234
6452334.000 1728800.000 -0.584 0.152 -0.244
6452334.000 1728850.000 0.108 0.401 -0.210
6452334.000 1728900.000 0.081 -0.379 -0.233
6452384.000 1726100.000 5.492 30.287 -2.590
6452384.000 1726150.000 -45.820 91.941 -3.033
6452384.000 1726200.000 -26.647 32.715 -3.163
6452384.000 1726250.000 -41.888 16.918 -3.424
6452384.000 1726300.000 -27.825 -9.466 -3.537
6452384.000 1726350.000 -56.037 29.610 -3.111
6452384.000 1726400.000 3.974 -2.938 0.059
6452384.000 1726450.000 3.633 -2.250 0.064
6452384.000 1726500.000 1.787 -1.065 0.037
6452384.000 1726550.000 -0.228 -0.740 0.003
6452384.000 1726600.000 0.094 -0.481 -0.006
6452384.000 1726650.000 0.274 -0.494 -0.011
6452384.000 1726700.000 0.280 -0.677 -0.041
6452384.000 1726750.000 0.264 -0.729 -0.056
6452384.000 1726800.000 0.236 -0.626 -0.055
6452384.000 1726850.000 0.188 -0.459 -0.063
6452384.000 1726900.000 0.238 -0.127 -0.049
6452384.000 1726950.000 0.034 -0.120 -0.123
6452384.000 1727000.000 0.596 0.085 -0.070
6452384.000 1727050.000 0.976 -0.576 -0.110
6452384.000 1727100.000 -0.008 -0.137 -0.123
6452384.000 1727150.000 0.789 -0.167 -0.082
6452384.000 1727200.000 0.256 0.147 -0.069
6452384.000 1727250.000 -0.132 -0.260 -0.091
6452384.000 1727300.000 0.478 -0.662 -0.086
6452384.000 1727350.000 0.273 -0.659 -0.102
6452384.000 1727400.000 0.283 -0.646 -0.092
6452384.000 1727450.000 0.223 -0.659 -0.110
6452384.000 1727500.000 0.379 -0.516 -0.085
6452384.000 1727550.000 -0.062 -0.374 -0.107
6452384.000 1727600.000 0.102 -0.182 -0.080
6452384.000 1727650.000 0.171 0.040 0.148
6452384.000 1727700.000 0.347 -0.211 0.034
6452384.000 1727750.000 0.225 -0.425 -0.136
6452384.000 1727800.000 0.260 -0.366 -0.107
6452384.000 1727850.000 0.083 -0.175 -0.100
6452384.000 1727900.000 0.086 -0.312 -0.095
6452384.000 1727950.000 0.045 -0.468 -0.139
6452384.000 1728000.000 0.019 -0.546 -0.157
6452384.000 1728050.000 -0.244 -0.450 -0.287
6452384.000 1728100.000 -0.032 -0.356 -0.189
6452384.000 1728150.000 0.157 -0.372 -0.131
6452384.000 1728200.000 0.211 -0.349 -0.102
6452384.000 1728250.000 0.258 -0.294 -0.104
6452384.000 1728300.000 0.152 -0.495 -0.165
6452384.000 1728350.000 -0.015 -0.567 -0.257
6452384.000 1728400.000 -0.154 -0.478 -0.329
6452384.000 1728450.000 -0.140 -0.517 -0.392
6452384.000 1728500.000 -0.117 -0.576 -0.325
6452384.000 1728550.000 -0.006 -0.636 -0.187
6452384.000 1728600.000 -0.427 -0.379 -0.356
6452384.000 1728650.000 -0.794 0.170 -0.564
6452384.000 1728700.000 -0.929 0.132 -0.534
6452384.000 1728750.000 -0.851 0.043 -0.407
6452384.000 1728800.000 -0.308 0.465 -0.257
6452384.000 1728850.000 0.063 0.711 -0.115
6452384.000 1728900.000 0.122 -0.529 -0.192
6452434.000 1726100.000 -32.162 59.422 -3.036
6452434.000 1726150.000 -14.085 14.632 -3.102
6452434.000 1726200.000 -12.098 14.205 -3.220
6452434.000 1726250.000 -87.828 34.344 -3.524
6452434.000 1726300.000 -22.548 1.322 -2.756
6452434.000 1726350.000 3.813 -2.949 0.035
6452434.000 1726400.000 1.058 -0.984 0.065
6452434.000 1726450.000 0.320 -0.854 0.053
6452434.000 1726500.000 0.613 -1.125 0.029
6452434.000 1726550.000 -0.572 -1.293 0.000
6452434.000 1726600.000 -0.141 -0.449 -0.007
6452434.000 1726650.000 0.617 -0.710 -0.025
6452434.000 1726700.000 0.726 -0.843 -0.053
6452434.000 1726750.000 0.677 -0.816 -0.052
6452434.000 1726800.000 0.317 -0.627 -0.060
6452434.000 1726850.000 0.142 -0.263 -0.037
6452434.000 1726900.000 0.381 -0.403 -0.074
6452434.000 1726950.000 0.272 -0.702 -0.183
6452434.000 1727000.000 1.697 -0.881 -0.082
6452434.000 1727050.000 1.151 -0.355 -0.057
6452434.000 1727100.000 1.007 -0.228 -0.041
6452434.000 1727150.000 1.164 -0.318 -0.056
6452434.000 1727200.000 0.743 0.344 -0.078
6452434.000 1727250.000 0.028 0.004 -0.118
6452434.000 1727300.000 0.608 -0.622 -0.065
6452434.000 1727350.000 0.547 -0.645 -0.076
6452434.000 1727400.000 0.451 -0.542 -0.053
6452434.000 1727450.000 0.305 -0.605 -0.083
6452434.000 1727500.000 0.142 -0.640 -0.125
6452434.000 1727550.000 0.033 -0.731 -0.094
6452434.000 1727600.000 0.254 -0.231 -0.028
6452434.000 1727650.000 0.427 0.020 0.152
6452434.000 1727700.000 0.278 -0.426 -0.124
6452434.000 1727750.000 0.211 -0.426 -0.120
6452434.000 1727800.000 0.145 -0.321 -0.107
6452434.000 1727850.000 0.057 -0.067 -0.090
6452434.000 1727900.000 -0.994 0.495 -0.083
6452434.000 1727950.000 -0.063 -0.389 -0.144
6452434.000 1728000.000 0.065 -0.503 -0.134
6452434.000 1728050.000 0.136 -0.555 -0.106
6452434.000 1728100.000 0.215 -0.594 -0.055
6452434.000 1728150.000 0.165 -0.438 -0.103
6452434.000 1728200.000 0.077 -0.442 -0.132
6452434.000 1728250.000 0.001 -0.176 -0.171
6452434.000 1728300.000 -0.008 -0.419 -0.238
6452434.000 1728350.000 -0.014 -0.565 -0.280
6452434.000 1728400.000 -0.149 -0.474 -0.304
6452434.000 1728450.000 -0.049 -0.604 -0.323
6452434.000 1728500.000 -0.095 -0.646 -0.357
6452434.000 1728550.000 -0.036 -0.614 -0.290
6452434.000 1728600.000 -0.373 -0.596 -0.422
6452434.000 1728650.000 -0.667 -0.151 -0.515
6452434.000 1728700.000 -1.043 0.090 -0.671
6452434.000 1728750.000 -0.605 0.140 -0.364
6452434.000 1728800.000 -0.492 0.332 -0.364
6452434.000 1728850.000 0.120 0.708 -0.099
6452434.000 1728900.000 -0.111 0.199 -0.177
6452484.000 1726100.000 -186.025 216.496 -4.251
6452484.000 1726150.000 -27.189 54.590 -3.087
6452484.000 1726200.000 -61.027 18.090 -3.310
6452484.000 1726250.000 -3.826 -0.858 -0.924
6452484.000 1726300.000 3.397 -3.213 -0.160
6452484.000 1726350.000 1.290 -0.480 0.081
6452484.000 1726400.000 0.135 -0.382 0.080
6452484.000 1726450.000 -0.190 -0.745 0.055
6452484.000 1726500.000 -0.356 -1.997 0.018
6452484.000 1726550.000 -1.424 -1.946 -0.002
6452484.000 1726600.000 0.575 -0.657 -0.007
6452484.000 1726650.000 1.243 -0.973 -0.024
6452484.000 1726700.000 0.736 -0.809 -0.018
6452484.000 1726750.000 0.368 -0.588 -0.028
6452484.000 1726800.000 0.229 -0.461 -0.061
6452484.000 1726850.000 0.260 -0.531 -0.039
6452484.000 1726900.000 0.195 -0.209 -0.095
6452484.000 1726950.000 0.279 -0.764 -0.143
6452484.000 1727000.000 0.804 -1.063 -0.128
6452484.000 1727050.000 0.677 -0.396 -0.051
6452484.000 1727100.000 -0.106 1.010 0.070
6452484.000 1727150.000 0.508 -0.102 -0.005
6452484.000 1727200.000 0.680 -0.268 -0.039
6452484.000 1727250.000 0.318 -0.177 -0.076
6452484.000 1727300.000 0.557 -0.556 -0.054
6452484.000 1727350.000 0.958 -0.810 -0.016
6452484.000 1727400.000 0.511 -0.471 0.002
6452484.000 1727450.000 -0.058 -0.610 -0.219
6452484.000 1727500.000 -0.192 -0.659 -0.352
6452484.000 1727550.000 0.037 -0.661 -0.110
6452484.000 1727600.000 0.175 -0.498 -0.076
6452484.000 1727650.000 0.169 -0.452 -0.060
6452484.000 1727700.000 0.316 -0.678 -0.135
6452484.000 1727750.000 0.048 -0.566 -0.133
6452484.000 1727800.000 -0.005 -0.310 -0.099
6452484.000 1727850.000 -0.177 -0.182 -0.100
6452484.000 1727900.000 -0.033 -0.306 -0.091
6452484.000 1727950.000 -0.058 -0.371 -0.143
6452484.000 1728000.000 0.093 -0.480 -0.112
6452484.000 1728050.000 0.073 -0.584 -0.122
6452484.000 1728100.000 0.237 -0.560 -0.059
6452484.000 1728150.000 0.160 -0.431 -0.104
6452484.000 1728200.000 0.285 -0.333 -0.092
6452484.000 1728250.000 0.107 -0.065 -0.143
6452484.000 1728300.000 0.148 -0.372 -0.201
6452484.000 1728350.000 0.077 -0.474 -0.242
6452484.000 1728400.000 0.067 -0.564 -0.273
6452484.000 1728450.000 0.089 -0.663 -0.268
6452484.000 1728500.000 0.062 -0.553 -0.276
6452484.000 1728550.000 -0.208 -0.566 -0.435
6452484.000 1728600.000 -0.097 -0.097 -0.495
6452484.000 1728650.000 -0.311 -0.835 -0.290
6452484.000 1728700.000 -0.737 -0.323 -0.515
6452484.000 1728750.000 -0.972 0.094 -0.665
6452484.000 1728800.000 -0.356 0.461 -0.352
6452484.000 1728850.000 0.661 0.879 0.112
6452484.000 1728900.000 0.586 0.726 0.054
6452534.000 1726100.000 -32.785 8.380 -3.075
6452534.000 1726150.000 -16.992 -5.325 -2.928
6452534.000 1726200.000 -4.026 -1.847 -1.040
6452534.000 1726250.000 1.611 -1.494 -0.170
6452534.000 1726300.000 0.801 0.110 0.023
6452534.000 1726350.000 1.072 -0.263 0.064
6452534.000 1726400.000 2.013 -0.463 0.118
6452534.000 1726450.000 -1.997 -2.480 0.009
6452534.000 1726500.000 -0.873 -2.319 0.020
6452534.000 1726550.000 -0.665 -2.125 0.014
6452534.000 1726600.000 1.589 -1.060 0.001
6452534.000 1726650.000 1.133 -1.075 -0.001
6452534.000 1726700.000 0.582 -0.627 0.014
6452534.000 1726750.000 0.676 -0.739 -0.036
6452534.000 1726800.000 0.974 -1.016 -0.090
6452534.000 1726850.000 0.842 -0.842 -0.074
6452534.000 1726900.000 0.213 -0.563 -0.125
6452534.000 1726950.000 0.448 -0.907 -0.105
6452534.000 1727000.000 0.411 -1.165 -0.125
6452534.000 1727050.000 0.579 -0.949 -0.091
6452534.000 1727100.000 0.380 -0.432 -0.056
6452534.000 1727150.000 0.139 -0.126 -0.043
6452534.000 1727200.000 0.554 -0.464 -0.033
6452534.000 1727250.000 0.512 -0.315 -0.028
6452534.000 1727300.000 0.462 -0.421 -0.049
6452534.000 1727350.000 0.006 -0.054 0.010
6452534.000 1727400.000 -0.029 -0.616 -0.231
6452534.000 1727450.000 -0.002 -0.545 -0.185
6452534.000 1727500.000 -0.016 -0.613 -0.151
6452534.000 1727550.000 -0.010 -0.666 -0.122
6452534.000 1727600.000 0.137 -0.595 -0.095
6452534.000 1727650.000 0.094 -0.471 -0.093
6452534.000 1727700.000 0.056 -0.452 -0.111
6452534.000 1727750.000 -0.192 -0.128 -0.129
6452534.000 1727800.000 0.286 -0.628 -0.098
6452534.000 1727850.000 0.133 -0.568 -0.129
6452534.000 1727900.000 -0.034 -0.382 -0.119
6452534.000 1727950.000 -0.141 -0.230 -0.131
6452534.000 1728000.000 -0.134 -0.186 -0.126
6452534.000 1728050.000 0.022 -0.253 -0.122
6452534.000 1728100.000 0.144 -0.528 -0.088
6452534.000 1728150.000 0.227 -0.373 -0.097
6452534.000 1728200.000 0.270 -0.426 -0.099
6452534.000 1728250.000 0.160 -0.134 -0.137
6452534.000 1728300.000 0.304 -0.533 -0.176
6452534.000 1728350.000 0.461 -0.384 -0.026
6452534.000 1728400.000 -0.277 -0.252 -0.194
6452534.000 1728450.000 -0.084 -0.665 -0.289
6452534.000 1728500.000 0.132 -0.832 -0.280
6452534.000 1728550.000 -0.945 -1.343 -0.745
6452534.000 1728600.000 -0.724 -0.226 -0.969
6452534.000 1728650.000 -0.667 -0.885 -0.671
6452534.000 1728700.000 -0.644 -0.680 -0.586
6452534.000 1728750.000 -0.504 0.150 -0.544
6452534.000 1728800.000 0.508 0.569 0.041
6452534.000 1728850.000 1.120 0.730 0.333
6452534.000 1728900.000 0.695 0.312 0.073
6452584.000 1726100.000 -8.611 -7.895 -2.826
6452584.000 1726150.000 -6.076 -4.929 -1.821
6452584.000 1726200.000 0.362 -0.463 -0.192
6452584.000 1726250.000 1.528 -0.833 -0.050
6452584.000 1726300.000 2.212 -1.618 -0.033
6452584.000 1726350.000 -1.218 1.156 0.032
6452584.000 1726400.000 -0.989 -1.364 0.039
6452584.000 1726450.000 -0.634 -1.903 0.036
6452584.000 1726500.000 0.403 -2.220 0.027
6452584.000 1726550.000 0.718 -2.508 0.032
6452584.000 1726600.000 0.952 -1.984 0.015
6452584.000 1726650.000 0.678 -0.861 0.030
6452584.000 1726700.000 0.317 -0.613 -0.012
6452584.000 1726750.000 0.650 -0.840 -0.062
6452584.000 1726800.000 0.907 -0.926 -0.065
6452584.000 1726850.000 0.857 -0.645 -0.058
6452584.000 1726900.000 0.487 -0.663 -0.090
6452584.000 1726950.000 0.497 -1.307 -0.138
6452584.000 1727000.000 0.287 -0.957 -0.105
6452584.000 1727050.000 0.271 -0.443 -0.058
6452584.000 1727100.000 0.050 0.050 -0.024
6452584.000 1727150.000 0.219 -0.335 -0.049
6452584.000 1727200.000 0.159 -0.290 -0.055
6452584.000 1727250.000 0.504 -0.310 -0.026
6452584.000 1727300.000 0.425 -0.480 -0.040
6452584.000 1727350.000 0.192 -0.015 0.128
6452584.000 1727400.000 0.056 -0.550 -0.122
6452584.000 1727450.000 0.129 -0.345 -0.059
6452584.000 1727500.000 0.108 -0.529 -0.044
6452584.000 1727550.000 0.178 -0.476 -0.064
6452584.000 1727600.000 0.232 -0.647 -0.066
6452584.000 1727650.000 0.052 -0.500 -0.119
6452584.000 1727700.000 0.672 -1.244 -0.099
6452584.000 1727750.000 0.261 -0.460 -0.098
6452584.000 1727800.000 0.106 -0.473 -0.101
6452584.000 1727850.000 0.026 -0.487 -0.136
6452584.000 1727900.000 0.033 -0.413 -0.096
6452584.000 1727950.000 -0.209 -0.243 -0.115
6452584.000 1728000.000 0.514 -0.371 -0.079
6452584.000 1728050.000 0.161 0.040 -0.097
6452584.000 1728100.000 0.230 0.020 -0.104
6452584.000 1728150.000 0.078 -0.239 -0.120
6452584.000 1728200.000 0.438 -0.493 -0.063
6452584.000 1728250.000 0.517 -0.727 -0.141
6452584.000 1728300.000 0.582 -0.623 -0.112
6452584.000 1728350.000 0.437 -0.388 -0.059
6452584.000 1728400.000 -0.169 -0.459 -0.255
6452584.000 1728450.000 -0.290 -0.730 -0.381
6452584.000 1728500.000 -0.427 -0.803 -0.448
6452584.000 1728550.000 -0.948 -1.542 -0.737
6452584.000 1728600.000 -0.157 -0.405 -0.642
6452584.000 1728650.000 -0.500 -0.905 -0.724
6452584.000 1728700.000 -0.662 -0.885 -0.745
6452584.000 1728750.000 -0.783 -0.422 -0.772
6452584.000 1728800.000 0.436 -0.009 -0.019
6452584.000 1728850.000 0.620 0.404 -0.052
6452584.000 1728900.000 0.660 0.186 0.012
6452634.000 1726100.000 -3.034 -8.998 -1.999
6452634.000 1726150.000 -0.182 -0.243 -0.089
6452634.000 1726200.000 0.722 -0.375 -0.057
6452634.000 1726250.000 0.592 -0.391 -0.058
6452634.000 1726300.000 1.490 -1.277 -0.035
6452634.000 1726350.000 0.520 0.574 0.036
6452634.000 1726400.000 -0.363 -0.861 0.045
6452634.000 1726450.000 0.634 -1.929 0.041
6452634.000 1726500.000 0.957 -1.909 0.025
6452634.000 1726550.000 1.898 -1.637 0.036
6452634.000 1726600.000 1.014 -1.730 0.032
6452634.000 1726650.000 0.934 -0.969 0.058
6452634.000 1726700.000 0.438 -0.851 -0.048
6452634.000 1726750.000 0.403 -0.859 -0.112
6452634.000 1726800.000 0.496 -0.925 -0.117
6452634.000 1726850.000 0.717 -0.508 -0.089
6452634.000 1726900.000 0.905 -1.186 -0.098
6452634.000 1726950.000 0.703 -1.649 -0.151
6452634.000 1727000.000 0.232 -0.726 -0.086
6452634.000 1727050.000 0.155 -0.221 -0.063
6452634.000 1727100.000 0.328 -0.105 -0.052
6452634.000 1727150.000 0.497 -0.155 -0.042
6452634.000 1727200.000 -0.050 -0.216 -0.080
6452634.000 1727250.000 -0.101 -0.452 -0.080
6452634.000 1727300.000 0.610 -0.353 -0.023
6452634.000 1727350.000 1.545 1.846 0.719
6452634.000 1727400.000 0.414 -0.062 0.061
6452634.000 1727450.000 0.177 -0.376 -0.018
6452634.000 1727500.000 0.134 -0.538 -0.015
6452634.000 1727550.000 0.251 -0.455 -0.072
6452634.000 1727600.000 0.187 -0.567 -0.058
6452634.000 1727650.000 0.123 -0.306 -0.097
6452634.000 1727700.000 0.426 -0.754 -0.092
6452634.000 1727750.000 0.186 -0.506 -0.109
6452634.000 1727800.000 0.070 -0.470 -0.090
6452634.000 1727850.000 0.046 -0.531 -0.146
6452634.000 1727900.000 -0.139 -0.387 -0.103
6452634.000 1727950.000 -0.299 -0.307 -0.127
6452634.000 1728000.000 0.526 -0.670 -0.095
6452634.000 1728050.000 0.157 0.007 -0.107
6452634.000 1728100.000 0.167 0.003 -0.114
6452634.000 1728150.000 -0.197 -0.840 -0.194
6452634.000 1728200.000 -0.044 -0.682 -0.190
6452634.000 1728250.000 0.229 -0.717 -0.189
6452634.000 1728300.000 0.509 -0.299 -0.057
6452634.000 1728350.000 0.118 -0.123 -0.033
6452634.000 1728400.000 0.182 -0.811 -0.327
6452634.000 1728450.000 -0.023 -0.613 -0.269
6452634.000 1728500.000 0.004 -0.623 -0.279
6452634.000 1728550.000 -0.409 -1.391 -0.534
6452634.000 1728600.000 0.041 -1.079 -0.426
6452634.000 1728650.000 -0.138 -1.118 -0.547
6452634.000 1728700.000 -0.132 -0.848 -0.617
6452634.000 1728750.000 -0.283 -0.725 -0.644
6452634.000 1728800.000 0.155 -0.503 -0.254
6452634.000 1728850.000 0.241 -0.647 -0.112
6452634.000 1728900.000 0.225 -0.775 -0.109
6452684.000 1726100.000 -0.214 0.013 -0.060
6452684.000 1726150.000 0.092 -0.245 -0.068
6452684.000 1726200.000 -0.094 -0.326 -0.068
6452684.000 1726250.000 0.432 -0.308 -0.061
6452684.000 1726300.000 -0.188 -0.214 -0.056
6452684.000 1726350.000 -0.180 1.342 0.024
6452684.000 1726400.000 0.019 -1.207 0.034
6452684.000 1726450.000 0.483 -1.109 0.047
6452684.000 1726500.000 0.612 -0.908 0.029
6452684.000 1726550.000 0.770 -0.820 0.026
6452684.000 1726600.000 0.828 -1.135 0.008
6452684.000 1726650.000 0.800 -1.139 0.003
6452684.000 1726700.000 0.002 -0.745 -0.123
6452684.000 1726750.000 -0.422 -0.191 -0.141
6452684.000 1726800.000 -0.224 -0.380 -0.126
6452684.000 1726850.000 0.377 -0.887 -0.102
6452684.000 1726900.000 0.478 -0.791 -0.093
6452684.000 1726950.000 0.234 -0.698 -0.089
6452684.000 1727000.000 -0.718 0.528 -0.112
6452684.000 1727050.000 -0.300 0.258 -0.070
6452684.000 1727100.000 0.271 0.077 -0.028
6452684.000 1727150.000 0.466 -0.068 -0.039
6452684.000 1727200.000 0.451 -0.209 -0.042
6452684.000 1727250.000 0.432 -0.320 -0.042
6452684.000 1727300.000 0.703 -0.723 -0.064
6452684.000 1727350.000 1.525 0.241 0.275
6452684.000 1727400.000 -0.544 -2.457 -0.604
6452684.000 1727450.000 0.682 -0.646 -0.148
6452684.000 1727500.000 0.305 -0.504 -0.081
6452684.000 1727550.000 0.284 -0.444 -0.078
6452684.000 1727600.000 0.213 -0.291 -0.073
6452684.000 1727650.000 0.263 -0.327 -0.098
6452684.000 1727700.000 0.619 -0.844 -0.113
6452684.000 1727750.000 0.260 -0.488 -0.124
6452684.000 1727800.000 0.351 -0.432 -0.077
6452684.000 1727850.000 0.201 -0.472 -0.102
6452684.000 1727900.000 0.582 -0.528 -0.047
6452684.000 1727950.000 0.443 -0.370 -0.078
6452684.000 1728000.000 1.206 -1.261 -0.061
6452684.000 1728050.000 0.946 0.045 -0.059
6452684.000 1728100.000 -0.608 0.626 -0.149
6452684.000 1728150.000 0.039 0.111 -0.159
6452684.000 1728200.000 0.471 -0.878 -0.169
6452684.000 1728250.000 0.336 -0.721 -0.197
6452684.000 1728300.000 0.170 -0.597 -0.221
6452684.000 1728350.000 0.117 -0.676 -0.283
6452684.000 1728400.000 0.146 -0.577 -0.257
6452684.000 1728450.000 0.056 -0.726 -0.316
6452684.000 1728500.000 0.268 -0.432 -0.201
6452684.000 1728550.000 0.703 0.007 -0.039
6452684.000 1728600.000 0.636 -0.243 -0.107
6452684.000 1728650.000 0.297 -0.715 -0.208
6452684.000 1728700.000 0.277 -0.623 -0.242
6452684.000 1728750.000 -0.015 -0.859 -0.345
6452684.000 1728800.000 0.054 -0.605 -0.269
6452684.000 1728850.000 0.053 -0.742 -0.233
6452684.000 1728900.000 0.127 -0.704 -0.208
6452734.000 1726100.000 0.275 -1.422 -0.079
6452734.000 1726150.000 0.211 -0.050 -0.060
6452734.000 1726200.000 -0.151 -0.522 -0.063
6452734.000 1726250.000 0.098 -0.068 -0.057
6452734.000 1726300.000 -0.195 0.960 -0.030
6452734.000 1726350.000 0.298 0.185 0.018
6452734.000 1726400.000 0.066 -0.020 0.058
6452734.000 1726450.000 0.624 -0.418 0.057
6452734.000 1726500.000 0.062 -0.861 0.021
6452734.000 1726550.000 -0.193 0.094 -0.034
6452734.000 1726600.000 1.525 -1.775 0.171
6452734.000 1726650.000 1.459 -1.329 0.222
6452734.000 1726700.000 0.603 -0.999 -0.018
6452734.000 1726750.000 -0.513 0.098 -0.165
6452734.000 1726800.000 -0.264 -0.231 -0.137
6452734.000 1726850.000 0.033 -0.643 -0.097
6452734.000 1726900.000 0.556 -0.574 -0.078
6452734.000 1726950.000 0.346 -0.651 -0.066
6452734.000 1727000.000 0.182 -0.433 -0.071
6452734.000 1727050.000 0.010 -0.168 -0.080
6452734.000 1727100.000 0.050 0.027 -0.070
6452734.000 1727150.000 0.116 -0.046 -0.079
6452734.000 1727200.000 0.393 -0.304 -0.051
6452734.000 1727250.000 0.512 -0.412 -0.047
6452734.000 1727300.000 0.345 -0.425 -0.067
6452734.000 1727350.000 0.536 -0.703 -0.066
6452734.000 1727400.000 0.055 0.057 -0.028
6452734.000 1727450.000 0.532 -0.603 -0.086
6452734.000 1727500.000 0.268 -0.381 -0.083
6452734.000 1727550.000 0.285 -0.390 -0.086
6452734.000 1727600.000 0.314 -0.453 -0.091
6452734.000 1727650.000 0.313 -0.442 -0.096
6452734.000 1727700.000 0.343 -0.377 -0.119
6452734.000 1727750.000 0.246 -0.445 -0.122
6452734.000 1727800.000 0.082 -0.480 -0.147
6452734.000 1727850.000 0.094 -0.423 -0.075
6452734.000 1727900.000 0.468 -0.480 -0.053
6452734.000 1727950.000 0.351 -0.388 -0.089
6452734.000 1728000.000 0.829 -0.755 -0.073
6452734.000 1728050.000 -0.106 0.013 -0.146
6452734.000 1728100.000 -0.098 -0.076 -0.155
6452734.000 1728150.000 0.261 -0.723 -0.185
6452734.000 1728200.000 0.110 -0.845 -0.195
6452734.000 1728250.000 0.353 -0.441 -0.154
6452734.000 1728300.000 0.144 -0.577 -0.234
6452734.000 1728350.000 0.145 -0.495 -0.228
6452734.000 1728400.000 0.021 -0.594 -0.256
6452734.000 1728450.000 0.118 -0.475 -0.210
6452734.000 1728500.000 0.028 -0.877 -0.355
6452734.000 1728550.000 0.393 -0.249 -0.114
6452734.000 1728600.000 0.416 -0.323 -0.137
6452734.000 1728650.000 0.361 -0.482 -0.146
6452734.000 1728700.000 0.231 -0.714 -0.161
6452734.000 1728750.000 0.147 -0.775 -0.241
6452734.000 1728800.000 0.135 -0.819 -0.223
6452734.000 1728850.000 -0.035 -0.393 -0.361
6452734.000 1728900.000 0.117 -0.732 -0.204
6452784.000 1726100.000 -0.536 -0.323 -0.069
6452784.000 1726150.000 0.501 -0.123 -0.062
6452784.000 1726200.000 -0.218 -0.296 -0.062
6452784.000 1726250.000 0.257 -0.382 -0.061
6452784.000 1726300.000 0.105 0.024 -0.039
6452784.000 1726350.000 -0.426 1.243 0.033
6452784.000 1726400.000 0.089 -0.005 0.068
6452784.000 1726450.000 -0.013 -0.599 0.017
6452784.000 1726500.000 0.330 -0.486 0.048
6452784.000 1726550.000 -0.065 -0.213 -0.023
6452784.000 1726600.000 0.986 -0.776 0.353
6452784.000 1726650.000 0.765 -1.060 0.157
6452784.000 1726700.000 0.434 -0.973 0.012
6452784.000 1726750.000 0.066 -0.604 -0.072
6452784.000 1726800.000 -0.253 -0.014 -0.129
6452784.000 1726850.000 0.069 -0.448 -0.157
6452784.000 1726900.000 0.255 -0.592 -0.136
6452784.000 1726950.000 0.316 -0.558 -0.074
6452784.000 1727000.000 0.249 -0.453 -0.070
6452784.000 1727050.000 0.401 -0.524 -0.078
6452784.000 1727100.000 0.340 -0.379 -0.063
6452784.000 1727150.000 0.580 -0.677 -0.063
6452784.000 1727200.000 0.519 -0.406 -0.040
6452784.000 1727250.000 0.474 -0.327 -0.050
6452784.000 1727300.000 0.391 -0.334 -0.059
6452784.000 1727350.000 0.524 -0.686 -0.086
6452784.000 1727400.000 0.447 -0.676 -0.102
6452784.000 1727450.000 0.464 -0.581 -0.096
6452784.000 1727500.000 0.471 -0.583 -0.091
6452784.000 1727550.000 0.332 -0.490 -0.094
6452784.000 1727600.000 0.454 -0.557 -0.093
6452784.000 1727650.000 0.514 -0.542 -0.083
6452784.000 1727700.000 0.480 -0.531 -0.111
6452784.000 1727750.000 0.073 -0.332 -0.117
6452784.000 1727800.000 0.170 -0.356 -0.063
6452784.000 1727850.000 0.216 -0.293 0.011
6452784.000 1727900.000 0.330 -0.450 -0.066
6452784.000 1727950.000 0.210 -0.359 -0.092
6452784.000 1728000.000 0.425 -0.425 -0.092
6452784.000 1728050.000 -0.242 -0.150 -0.156
6452784.000 1728100.000 -0.128 -0.107 -0.162
6452784.000 1728150.000 0.096 -0.054 -0.125
6452784.000 1728200.000 0.049 0.021 -0.135
6452784.000 1728250.000 0.534 -0.350 -0.088
6452784.000 1728300.000 -0.073 -0.682 -0.318
6452784.000 1728350.000 0.287 -0.285 -0.198
6452784.000 1728400.000 0.483 -0.082 -0.147
6452784.000 1728450.000 0.339 -0.584 -0.275
6452784.000 1728500.000 0.008 -0.897 -0.344
6452784.000 1728550.000 0.272 -0.343 -0.121
6452784.000 1728600.000 0.284 -0.407 -0.154
6452784.000 1728650.000 0.346 -0.286 -0.151
6452784.000 1728700.000 0.209 -0.308 -0.167
6452784.000 1728750.000 0.313 -0.421 -0.165
6452784.000 1728800.000 0.316 -0.649 -0.170
6452784.000 1728850.000 0.352 -0.465 -0.141
6452784.000 1728900.000 0.179 -0.570 -0.216
6452834.000 1726100.000 -0.019 -0.278 -0.065
6452834.000 1726150.000 0.312 -0.145 -0.058
6452834.000 1726200.000 0.231 -0.368 -0.065
6452834.000 1726250.000 0.333 -0.556 -0.065
6452834.000 1726300.000 0.251 -0.518 -0.047
6452834.000 1726350.000 -0.034 -0.443 -0.007
6452834.000 1726400.000 -0.216 -0.264 0.066
6452834.000 1726450.000 -0.148 -0.280 0.056
6452834.000 1726500.000 -0.055 -0.244 0.055
6452834.000 1726550.000 0.269 -0.780 0.103
6452834.000 1726600.000 0.315 -0.828 0.069
6452834.000 1726650.000 0.546 -0.770 0.106
6452834.000 1726700.000 0.257 -0.569 -0.032
6452834.000 1726750.000 0.234 -0.275 -0.062
6452834.000 1726800.000 -0.045 0.016 -0.139
6452834.000 1726850.000 0.106 -0.516 -0.164
6452834.000 1726900.000 0.185 -0.260 -0.090
6452834.000 1726950.000 0.319 -0.417 -0.055
6452834.000 1727000.000 0.189 -0.321 -0.071
6452834.000 1727050.000 0.316 -0.434 -0.078
6452834.000 1727100.000 0.450 -0.446 -0.069
6452834.000 1727150.000 0.311 -0.336 -0.084
6452834.000 1727200.000 0.443 -0.411 -0.064
6452834.000 1727250.000 0.230 -0.423 -0.113
6452834.000 1727300.000 0.230 -0.369 -0.094
6452834.000 1727350.000 0.341 -0.562 -0.081
6452834.000 1727400.000 0.319 -0.598 -0.091
6452834.000 1727450.000 0.305 -0.359 -0.090
6452834.000 1727500.000 0.366 -0.622 -0.115
6452834.000 1727550.000 0.303 -0.439 -0.097
6452834.000 1727600.000 0.355 -0.478 -0.130
6452834.000 1727650.000 0.485 -0.575 -0.123
6452834.000 1727700.000 0.428 -0.551 -0.117
6452834.000 1727750.000 0.364 -0.456 -0.110
6452834.000 1727800.000 0.334 -0.365 -0.092
6452834.000 1727850.000 0.227 -0.368 -0.094
6452834.000 1727900.000 0.302 -0.357 -0.088
6452834.000 1727950.000 -0.529 -0.862 -0.174
6452834.000 1728000.000 -0.077 -0.677 -0.150
6452834.000 1728050.000 -0.162 -0.369 -0.168
6452834.000 1728100.000 -0.401 -0.423 -0.185
6452834.000 1728150.000 0.232 -0.353 -0.094
6452834.000 1728200.000 1.473 0.360 0.376
6452834.000 1728250.000 0.371 -0.678 -0.155
6452834.000 1728300.000 -0.083 -0.643 -0.309
6452834.000 1728350.000 0.450 -0.161 -0.141
6452834.000 1728400.000 0.823 0.310 -0.013
6452834.000 1728450.000 0.689 -0.090 -0.097
6452834.000 1728500.000 0.119 -0.953 -0.386
6452834.000 1728550.000 0.662 -0.476 -0.217
6452834.000 1728600.000 0.771 -0.448 -0.227
6452834.000 1728650.000 0.285 -0.409 -0.202
6452834.000 1728700.000 0.066 -0.134 -0.173
6452834.000 1728750.000 0.272 -0.384 -0.182
6452834.000 1728800.000 0.104 -0.746 -0.250
6452834.000 1728850.000 0.775 -0.007 0.008
6452834.000 1728900.000 0.233 -0.493 -0.207
6452884.000 1726100.000 0.613 -0.651 -0.056
6452884.000 1726150.000 -0.008 -0.395 -0.070
6452884.000 1726200.000 0.071 -0.487 -0.091
6452884.000 1726250.000 0.130 -0.524 -0.085
6452884.000 1726300.000 -0.151 -0.725 -0.091
6452884.000 1726350.000 -0.351 -0.512 -0.053
6452884.000 1726400.000 0.056 -0.482 0.047
6452884.000 1726450.000 0.034 -0.598 -0.043
6452884.000 1726500.000 -0.079 -0.752 -0.195
6452884.000 1726550.000 -0.131 -1.118 -0.430
6452884.000 1726600.000 0.314 -0.568 0.050
6452884.000 1726650.000 0.475 -0.548 0.116
6452884.000 1726700.000 0.262 -1.231 0.007
6452884.000 1726750.000 0.398 -0.050 -0.023
6452884.000 1726800.000 -0.020 -0.012 -0.165
6452884.000 1726850.000 0.018 -0.036 -0.168
6452884.000 1726900.000 0.145 -0.214 -0.118
6452884.000 1726950.000 0.308 -0.456 -0.091
6452884.000 1727000.000 0.241 -0.448 -0.088
6452884.000 1727050.000 0.376 -0.658 -0.081
6452884.000 1727100.000 0.390 -0.485 -0.069
6452884.000 1727150.000 0.470 -0.395 -0.053
6452884.000 1727200.000 0.383 0.001 -0.024
6452884.000 1727250.000 -0.103 0.372 -0.107
6452884.000 1727300.000 0.029 0.077 -0.100
6452884.000 1727350.000 0.152 -0.310 -0.076
6452884.000 1727400.000 0.038 -0.598 -0.097
6452884.000 1727450.000 0.177 -0.281 -0.090
6452884.000 1727500.000 0.164 -0.409 -0.115
6452884.000 1727550.000 0.410 -0.368 -0.081
6452884.000 1727600.000 0.484 -0.549 -0.120
6452884.000 1727650.000 0.735 -0.470 -0.117
6452884.000 1727700.000 0.217 -0.758 -0.096
6452884.000 1727750.000 0.517 -0.402 -0.049
6452884.000 1727800.000 0.389 -0.320 -0.052
6452884.000 1727850.000 0.237 -0.461 -0.139
6452884.000 1727900.000 -0.149 -0.657 -0.142
6452884.000 1727950.000 -0.471 -0.858 -0.172
6452884.000 1728000.000 -0.352 -0.870 -0.194
6452884.000 1728050.000 -0.028 -0.508 -0.177
6452884.000 1728100.000 -0.013 -0.541 -0.193
6452884.000 1728150.000 0.190 -0.220 -0.078
6452884.000 1728200.000 0.504 -0.121 0.017
6452884.000 1728250.000 0.260 -0.771 -0.213
6452884.000 1728300.000 0.175 -0.707 -0.221
6452884.000 1728350.000 1.072 0.350 0.063
6452884.000 1728400.000 1.248 0.699 0.128
6452884.000 1728450.000 1.238 0.415 0.135
6452884.000 1728500.000 0.634 -0.240 -0.117
6452884.000 1728550.000 0.537 -0.396 -0.177
6452884.000 1728600.000 0.667 -0.450 -0.220
6452884.000 1728650.000 0.369 -0.414 -0.210
6452884.000 1728700.000 0.167 -0.195 -0.171
6452884.000 1728750.000 0.227 -0.286 -0.139
6452884.000 1728800.000 0.126 -0.734 -0.211
6452884.000 1728850.000 0.171 -0.839 -0.221
6452884.000 1728900.000 0.338 -0.306 -0.181
6452934.000 1726100.000 -0.436 -0.002 -0.073
6452934.000 1726150.000 0.231 -0.836 -0.085
6452934.000 1726200.000 0.027 -0.699 -0.113
6452934.000 1726250.000 -0.025 -0.660 -0.115
6452934.000 1726300.000 -0.240 -0.784 -0.168
6452934.000 1726350.000 -0.195 -0.714 -0.139
6452934.000 1726400.000 -0.199 -0.693 -0.150
6452934.000 1726450.000 -0.185 -0.799 -0.229
6452934.000 1726500.000 -0.037 -0.726 -0.156
6452934.000 1726550.000 0.104 -0.808 -0.140
6452934.000 1726600.000 0.398 -0.777 -0.000
6452934.000 1726650.000 0.290 -0.769 -0.014
6452934.000 1726700.000 0.260 -1.075 0.009
6452934.000 1726750.000 0.202 -0.312 -0.084
6452934.000 1726800.000 0.071 -0.319 -0.117
6452934.000 1726850.000 0.179 -0.194 -0.092
6452934.000 1726900.000 0.158 -0.247 -0.089
6452934.000 1726950.000 0.121 0.068 -0.126
6452934.000 1727000.000 0.227 -0.046 -0.091
6452934.000 1727050.000 0.335 -0.553 -0.083
6452934.000 1727100.000 0.278 -0.226 -0.054
6452934.000 1727150.000 0.327 -0.455 -0.072
6452934.000 1727200.000 0.343 -0.415 -0.077
6452934.000 1727250.000 0.388 -0.747 -0.081
6452934.000 1727300.000 0.225 -0.402 -0.081
6452934.000 1727350.000 -0.105 -0.012 -0.089
6452934.000 1727400.000 0.002 -0.297 -0.089
6452934.000 1727450.000 0.602 -0.478 -0.094
6452934.000 1727500.000 0.743 -0.550 -0.085
6452934.000 1727550.000 0.700 -0.467 -0.092
6452934.000 1727600.000 0.393 0.075 -0.105
6452934.000 1727650.000 0.158 -1.227 -0.122
6452934.000 1727700.000 0.269 -0.696 -0.096
6452934.000 1727750.000 0.858 -0.129 -0.025
6452934.000 1727800.000 1.055 0.123 -0.011
6452934.000 1727850.000 0.441 -0.318 -0.134
6452934.000 1727900.000 -0.035 -0.984 -0.290
6452934.000 1727950.000 -0.130 -0.941 -0.203
6452934.000 1728000.000 -0.219 -0.816 -0.194
6452934.000 1728050.000 -0.118 -0.544 -0.191
6452934.000 1728100.000 -0.097 -0.490 -0.175
6452934.000 1728150.000 -0.076 -0.615 -0.224
6452934.000 1728200.000 -0.021 -0.354 -0.131
6452934.000 1728250.000 0.164 -0.635 -0.195
6452934.000 1728300.000 0.342 -0.728 -0.171
6452934.000 1728350.000 0.825 -0.116 -0.035
6452934.000 1728400.000 0.738 0.188 -0.041
6452934.000 1728450.000 1.178 0.311 0.109
6452934.000 1728500.000 0.362 -0.494 -0.207
6452934.000 1728550.000 0.198 -0.565 -0.251
6452934.000 1728600.000 0.342 -0.371 -0.166
6452934.000 1728650.000 0.110 -0.128 -0.161
6452934.000 1728700.000 0.121 -0.025 -0.103
6452934.000 1728750.000 0.228 -0.275 -0.136
6452934.000 1728800.000 -0.036 -1.099 -0.339
6452934.000 1728850.000 0.126 -1.023 -0.284
6452934.000 1728900.000 0.134 -0.878 -0.283
6452984.000 1726100.000 0.137 -0.488 -0.069
6452984.000 1726150.000 0.046 -0.473 -0.115
6452984.000 1726200.000 -0.080 -0.488 -0.180
6452984.000 1726250.000 -0.389 -0.382 -0.358
6452984.000 1726300.000 0.022 -0.700 -0.072
6452984.000 1726350.000 -0.171 -0.832 -0.223
6452984.000 1726400.000 -0.080 -0.669 -0.098
6452984.000 1726450.000 -0.064 -0.733 -0.120
6452984.000 1726500.000 0.058 -0.620 -0.050
6452984.000 1726550.000 0.018 -0.595 -0.071
6452984.000 1726600.000 0.230 -0.518 -0.014
6452984.000 1726650.000 0.295 -0.552 -0.010
6452984.000 1726700.000 0.265 -0.818 0.002
6452984.000 1726750.000 0.308 -0.410 -0.037
6452984.000 1726800.000 0.060 -0.073 -0.129
6452984.000 1726850.000 0.040 0.058 -0.154
6452984.000 1726900.000 0.129 0.273 -0.145
6452984.000 1726950.000 0.272 -0.113 -0.110
6452984.000 1727000.000 0.394 -0.614 -0.082
6452984.000 1727050.000 0.391 -0.628 -0.080
6452984.000 1727100.000 0.398 -0.460 -0.048
6452984.000 1727150.000 0.256 -0.381 -0.063
6452984.000 1727200.000 0.235 -0.338 -0.067
6452984.000 1727250.000 0.429 -0.808 -0.060
6452984.000 1727300.000 0.391 -0.407 -0.065
6452984.000 1727350.000 0.570 -0.143 -0.077
6452984.000 1727400.000 0.308 -0.326 -0.085
6452984.000 1727450.000 0.815 -0.651 -0.091
6452984.000 1727500.000 0.073 -0.284 -0.077
6452984.000 1727550.000 0.499 -0.407 -0.089
6452984.000 1727600.000 0.070 0.028 -0.097
6452984.000 1727650.000 0.319 0.036 -0.096
6452984.000 1727700.000 0.091 -0.602 -0.078
6452984.000 1727750.000 0.965 -0.001 -0.031
6452984.000 1727800.000 0.796 -0.235 0.006
6452984.000 1727850.000 0.199 -0.499 -0.049
6452984.000 1727900.000 -0.035 -0.900 -0.170
6452984.000 1727950.000 -0.233 -0.994 -0.181
6452984.000 1728000.000 0.013 -0.808 -0.198
6452984.000 1728050.000 0.180 -0.448 -0.176
6452984.000 1728100.000 0.048 -0.612 -0.204
6452984.000 1728150.000 -0.011 -0.249 -0.105
6452984.000 1728200.000 0.215 0.219 0.041
6452984.000 1728250.000 0.351 -0.055 -0.036
6452984.000 1728300.000 0.167 -0.986 -0.258
6452984.000 1728350.000 0.253 -0.698 -0.217
6452984.000 1728400.000 0.738 0.017 -0.058
6452984.000 1728450.000 0.862 -0.179 -0.033
6452984.000 1728500.000 0.728 -0.427 -0.072
6452984.000 1728550.000 0.309 -0.274 -0.105
6452984.000 1728600.000 0.447 -0.295 -0.039
6452984.000 1728650.000 0.474 0.011 0.018
6452984.000 1728700.000 0.525 -0.143 -0.035
6452984.000 1728750.000 0.372 -0.275 -0.097
6452984.000 1728800.000 0.069 -1.059 -0.291
6452984.000 1728850.000 0.119 -1.020 -0.272
6452984.000 1728900.000 0.169 -0.598 -0.199
6453034.000 1726100.000 0.129 -0.565 -0.141
6453034.000 1726150.000 0.012 -0.568 -0.185
6453034.000 1726200.000 -0.258 -0.474 -0.330
6453034.000 1726250.000 -0.114 -0.482 -0.302
6453034.000 1726300.000 0.102 -0.622 -0.095
6453034.000 1726350.000 0.213 -0.862 0.027
6453034.000 1726400.000 0.047 -0.708 -0.059
6453034.000 1726450.000 -0.029 -0.883 -0.176
6453034.000 1726500.000 0.194 -0.709 -0.012
6453034.000 1726550.000 0.038 -0.721 -0.042
6453034.000 1726600.000 0.132 -0.353 -0.026
6453034.000 1726650.000 0.668 -0.930 0.000
6453034.000 1726700.000 0.650 -1.155 0.018
6453034.000 1726750.000 0.511 -1.100 0.021
6453034.000 1726800.000 0.380 -0.820 -0.022
6453034.000 1726850.000 0.264 -0.455 -0.066
6453034.000 1726900.000 0.375 -0.321 -0.050
6453034.000 1726950.000 0.393 -0.626 -0.072
6453034.000 1727000.000 0.466 -0.506 -0.042
6453034.000 1727050.000 0.491 -0.492 -0.037
6453034.000 1727100.000 0.430 -0.466 -0.033
6453034.000 1727150.000 0.209 -0.424 -0.066
6453034.000 1727200.000 0.474 -0.753 -0.047
6453034.000 1727250.000 0.391 -1.057 -0.056
6453034.000 1727300.000 0.471 -0.565 -0.060
6453034.000 1727350.000 0.372 -0.467 -0.078
6453034.000 1727400.000 -0.030 -0.101 -0.101
6453034.000 1727450.000 -0.047 -0.214 -0.120
6453034.000 1727500.000 0.003 -0.249 -0.080
6453034.000 1727550.000 0.024 -0.426 -0.084
6453034.000 1727600.000 0.626 0.158 -0.115
6453034.000 1727650.000 0.194 0.060 -0.083
6453034.000 1727700.000 0.164 -0.566 -0.067
6453034.000 1727750.000 1.035 0.091 -0.039
6453034.000 1727800.000 1.247 0.368 -0.042
6453034.000 1727850.000 0.760 -0.026 -0.034
6453034.000 1727900.000 0.502 -0.322 -0.079
6453034.000 1727950.000 0.285 -0.228 -0.030
6453034.000 1728000.000 0.158 -0.329 0.018
6453034.000 1728050.000 0.014 -0.489 -0.117
6453034.000 1728100.000 0.050 -0.706 -0.212
6453034.000 1728150.000 -0.062 -0.716 -0.244
6453034.000 1728200.000 -0.201 -0.872 -0.262
6453034.000 1728250.000 0.249 -0.314 -0.115
6453034.000 1728300.000 0.013 -0.493 -0.172
6453034.000 1728350.000 0.202 -1.086 -0.283
6453034.000 1728400.000 0.426 -0.493 -0.141
6453034.000 1728450.000 0.701 -0.294 -0.081
6453034.000 1728500.000 0.267 -0.187 -0.097
6453034.000 1728550.000 0.298 -0.223 -0.065
6453034.000 1728600.000 -0.046 -0.089 -0.059
6453034.000 1728650.000 0.313 -0.047 -0.007
6453034.000 1728700.000 0.098 0.011 -0.060
6453034.000 1728750.000 0.427 0.172 0.005
6453034.000 1728800.000 0.576 0.063 0.021
6453034.000 1728850.000 0.175 -0.642 -0.174
6453034.000 1728900.000 0.307 -0.158 -0.035
6453084.000 1726100.000 0.101 -0.827 -0.311
6453084.000 1726150.000 0.252 -0.511 -0.015
6453084.000 1726200.000 0.332 -0.485 0.017
6453084.000 1726250.000 0.474 -0.533 0.121
6453084.000 1726300.000 0.526 -0.575 0.180
6453084.000 1726350.000 0.783 -0.685 0.403
6453084.000 1726400.000 0.354 -0.773 0.083
6453084.000 1726450.000 0.248 -0.832 0.009
6453084.000 1726500.000 0.206 -0.743 -0.006
6453084.000 1726550.000 0.132 -0.739 -0.019
6453084.000 1726600.000 0.143 -0.452 -0.031
6453084.000 1726650.000 0.726 -1.168 0.019
6453084.000 1726700.000 0.421 -0.766 -0.002
6453084.000 1726750.000 0.376 -0.685 -0.008
6453084.000 1726800.000 0.324 -0.586 -0.046
6453084.000 1726850.000 0.189 -0.121 -0.045
6453084.000 1726900.000 0.277 -0.669 -0.074
6453084.000 1726950.000 0.342 -0.441 -0.064
6453084.000 1727000.000 0.472 -0.585 -0.043
6453084.000 1727050.000 0.503 -0.777 -0.028
6453084.000 1727100.000 0.464 -0.505 -0.020
6453084.000 1727150.000 0.344 -0.497 -0.043
6453084.000 1727200.000 0.540 -0.506 -0.045
6453084.000 1727250.000 0.418 -0.489 -0.069
6453084.000 1727300.000 0.405 -0.673 -0.062
6453084.000 1727350.000 0.490 -0.676 -0.071
6453084.000 1727400.000 0.172 -0.346 -0.081
6453084.000 1727450.000 -0.034 -0.116 -0.060
6453084.000 1727500.000 0.346 -0.471 -0.080
6453084.000 1727550.000 0.297 -0.625 -0.076
6453084.000 1727600.000 0.111 0.017 -0.078
6453084.000 1727650.000 -0.152 -0.296 -0.055
6453084.000 1727700.000 -0.115 -0.064 -0.064
6453084.000 1727750.000 0.250 -0.644 -0.068
6453084.000 1727800.000 0.536 -0.249 -0.053
6453084.000 1727850.000 0.528 -0.402 0.022
6453084.000 1727900.000 0.613 -0.288 0.094
6453084.000 1727950.000 0.340 -0.172 -0.057
6453084.000 1728000.000 0.305 -0.471 -0.061
6453084.000 1728050.000 -0.064 -0.773 -0.165
6453084.000 1728100.000 -0.233 -0.915 -0.287
6453084.000 1728150.000 -0.286 -0.820 -0.242
6453084.000 1728200.000 -0.382 -0.923 -0.237
6453084.000 1728250.000 -0.537 -0.988 -0.212
6453084.000 1728300.000 -0.202 -0.753 -0.208
6453084.000 1728350.000 0.080 -0.220 -0.141
6453084.000 1728400.000 0.279 -0.273 -0.153
6453084.000 1728450.000 0.670 -0.579 -0.207
6453084.000 1728500.000 0.671 -0.522 -0.129
6453084.000 1728550.000 0.208 -0.224 -0.022
6453084.000 1728600.000 0.242 -0.227 -0.017
6453084.000 1728650.000 0.313 -0.308 -0.044
6453084.000 1728700.000 0.442 -0.276 -0.049
6453084.000 1728750.000 0.528 0.159 0.004
6453084.000 1728800.000 0.694 0.279 0.061
6453084.000 1728850.000 0.671 -0.014 0.005
6453084.000 1728900.000 0.729 -0.180 -0.024
6453134.000 1726100.000 0.090 -0.768 -0.237
6453134.000 1726150.000 0.177 -0.612 -0.069
6453134.000 1726200.000 0.265 -0.519 -0.042
6453134.000 1726250.000 0.241 -0.556 -0.044
6453134.000 1726300.000 0.132 -0.443 -0.086
6453134.000 1726350.000 0.176 -0.675 -0.017
6453134.000 1726400.000 0.301 -0.788 0.017
6453134.000 1726450.000 0.362 -0.931 0.034
6453134.000 1726500.000 0.243 -0.672 0.005
6453134.000 1726550.000 -0.090 -0.550 -0.034
6453134.000 1726600.000 0.309 -0.690 -0.018
6453134.000 1726650.000 0.200 -0.637 -0.014
6453134.000 1726700.000 0.470 -1.043 -0.043
6453134.000 1726750.000 0.895 -3.279 -0.172
6453134.000 1726800.000 0.539 -1.167 -0.081
6453134.000 1726850.000 0.344 -0.317 -0.055
6453134.000 1726900.000 0.298 -0.856 -0.080
6453134.000 1726950.000 0.336 -0.753 -0.067
6453134.000 1727000.000 0.475 -0.495 -0.055
6453134.000 1727050.000 0.537 -0.703 -0.048
6453134.000 1727100.000 0.486 -0.457 -0.027
6453134.000 1727150.000 0.371 -0.622 -0.033
6453134.000 1727200.000 0.529 -0.692 -0.034
6453134.000 1727250.000 0.441 -0.532 -0.081
6453134.000 1727300.000 0.437 -0.565 -0.099
6453134.000 1727350.000 0.360 -0.627 -0.099
6453134.000 1727400.000 0.339 -0.507 -0.065
6453134.000 1727450.000 0.380 -0.550 -0.078
6453134.000 1727500.000 0.583 -0.618 -0.104
6453134.000 1727550.000 0.734 -0.778 -0.112
6453134.000 1727600.000 0.676 -0.407 -0.098
6453134.000 1727650.000 0.057 -0.463 -0.073
6453134.000 1727700.000 0.878 0.139 -0.066
6453134.000 1727750.000 0.943 0.010 -0.085
6453134.000 1727800.000 0.483 -0.162 -0.095
6453134.000 1727850.000 0.417 -0.383 -0.076
6453134.000 1727900.000 0.430 -0.310 -0.038
6453134.000 1727950.000 0.215 -0.338 -0.142
6453134.000 1728000.000 0.419 -0.354 0.008
6453134.000 1728050.000 0.232 -0.379 -0.100
6453134.000 1728100.000 0.066 -0.229 -0.024
6453134.000 1728150.000 -0.100 -0.490 -0.109
6453134.000 1728200.000 0.374 -0.530 -0.255
6453134.000 1728250.000 0.207 -0.741 -0.289
6453134.000 1728300.000 0.131 -0.235 -0.167
6453134.000 1728350.000 -0.002 -0.283 -0.129
6453134.000 1728400.000 0.167 -0.218 -0.123
6453134.000 1728450.000 0.519 -0.575 -0.221
6453134.000 1728500.000 0.448 -0.387 -0.116
6453134.000 1728550.000 0.283 -0.439 -0.087
6453134.000 1728600.000 0.255 -0.375 -0.048
6453134.000 1728650.000 0.208 -0.386 -0.045
6453134.000 1728700.000 0.292 -0.440 -0.062
6453134.000 1728750.000 0.318 0.089 0.015
6453134.000 1728800.000 0.474 0.227 0.038
6453134.000 1728850.000 0.624 -0.411 -0.114
6453134.000 1728900.000 0.630 -0.782 -0.201
6453184.000 1726100.000 0.191 -0.629 -0.105
6453184.000 1726150.000 0.358 -0.438 0.104
6453184.000 1726200.000 0.333 -0.465 0.021
6453184.000 1726250.000 0.014 -0.594 -0.067
6453184.000 1726300.000 0.143 -0.239 -0.068
6453184.000 1726350.000 0.203 -0.701 -0.049
6453184.000 1726400.000 0.343 -0.866 -0.000
6453184.000 1726450.000 0.284 -0.887 0.030
6453184.000 1726500.000 0.258 -0.644 0.010
6453184.000 1726550.000 0.218 -0.646 -0.012
6453184.000 1726600.000 0.153 -0.680 -0.027
6453184.000 1726650.000 0.315 -0.954 -0.041
6453184.000 1726700.000 0.416 -1.343 -0.072
6453184.000 1726750.000 0.619 -1.253 -0.069
6453184.000 1726800.000 0.739 -1.140 -0.075
6453184.000 1726850.000 0.637 -0.839 -0.075
6453184.000 1726900.000 0.733 -0.840 -0.082
6453184.000 1726950.000 0.211 -0.384 -0.071
6453184.000 1727000.000 -0.382 0.602 -0.057
6453184.000 1727050.000 -0.339 0.572 -0.048
6453184.000 1727100.000 0.478 -0.240 -0.028
6453184.000 1727150.000 0.441 -0.620 -0.029
6453184.000 1727200.000 0.400 -0.562 -0.035
6453184.000 1727250.000 0.321 -0.424 -0.053
6453184.000 1727300.000 0.360 -0.533 -0.068
6453184.000 1727350.000 0.296 -0.467 -0.079
6453184.000 1727400.000 0.249 -0.539 -0.101
6453184.000 1727450.000 0.026 -0.188 -0.078
6453184.000 1727500.000 0.636 -0.844 -0.129
6453184.000 1727550.000 0.798 -0.950 -0.131
6453184.000 1727600.000 0.670 -0.670 -0.112
6453184.000 1727650.000 0.447 -0.563 -0.109
6453184.000 1727700.000 0.692 -0.300 -0.097
6453184.000 1727750.000 0.807 0.093 -0.121
6453184.000 1727800.000 0.538 -0.160 -0.117
6453184.000 1727850.000 0.342 -0.559 -0.111
6453184.000 1727900.000 0.298 -0.497 -0.102
6453184.000 1727950.000 0.172 -0.460 -0.167
6453184.000 1728000.000 0.134 -0.211 -0.207
6453184.000 1728050.000 0.354 -0.218 -0.123
6453184.000 1728100.000 0.235 -0.467 -0.139
6453184.000 1728150.000 0.277 -0.448 -0.105
6453184.000 1728200.000 0.442 -0.578 -0.238
6453184.000 1728250.000 0.592 -0.429 -0.245
6453184.000 1728300.000 0.392 -0.036 -0.146
6453184.000 1728350.000 0.010 -0.042 -0.078
6453184.000 1728400.000 -0.042 -0.174 -0.087
6453184.000 1728450.000 0.260 -0.462 -0.149
6453184.000 1728500.000 0.249 -0.314 -0.057
6453184.000 1728550.000 0.297 -0.613 -0.115
6453184.000 1728600.000 0.481 -0.405 -0.099
6453184.000 1728650.000 0.321 -0.293 -0.045
6453184.000 1728700.000 0.282 -0.527 -0.076
6453184.000 1728750.000 0.422 -0.358 -0.078
6453184.000 1728800.000 0.378 -0.335 -0.088
6453184.000 1728850.000 0.428 -1.663 -0.427
6453184.000 1728900.000 0.449 -3.548 -0.962
6453234.000 1726100.000 0.361 -0.609 0.009
6453234.000 1726150.000 0.268 -0.619 -0.037
6453234.000 1726200.000 0.221 -0.454 -0.042
6453234.000 1726250.000 0.031 -0.488 -0.064
6453234.000 1726300.000 -0.146 0.029 -0.072
6453234.000 1726350.000 0.256 0.320 -0.019
6453234.000 1726400.000 -0.181 -0.010 -0.018
6453234.000 1726450.000 0.313 -0.545 0.014
6453234.000 1726500.000 0.278 -0.477 0.008
6453234.000 1726550.000 0.338 -0.547 0.005
6453234.000 1726600.000 0.490 -0.626 -0.004
6453234.000 1726650.000 0.437 -0.795 -0.029
6453234.000 1726700.000 -0.088 -0.441 -0.037
6453234.000 1726750.000 0.852 -1.037 -0.059
6453234.000 1726800.000 0.649 -0.842 -0.063
6453234.000 1726850.000 0.576 -0.531 -0.068
6453234.000 1726900.000 0.810 -0.672 -0.067
6453234.000 1726950.000 0.496 -0.540 -0.069
6453234.000 1727000.000 0.511 -0.407 -0.064
6453234.000 1727050.000 0.031 0.285 -0.057
6453234.000 1727100.000 0.391 -0.090 -0.052
6453234.000 1727150.000 0.272 -0.248 -0.058
6453234.000 1727200.000 0.010 0.027 -0.096
6453234.000 1727250.000 0.273 -0.457 -0.094
6453234.000 1727300.000 0.366 -0.493 -0.094
6453234.000 1727350.000 -0.009 -0.116 -0.090
6453234.000 1727400.000 -0.001 -0.001 -0.087
6453234.000 1727450.000 0.494 -0.879 -0.130
6453234.000 1727500.000 0.638 -0.991 -0.134
6453234.000 1727550.000 0.494 -1.152 -0.136
6453234.000 1727600.000 0.561 -1.039 -0.126
6453234.000 1727650.000 0.364 -0.979 -0.129
6453234.000 1727700.000 0.817 0.007 -0.103
6453234.000 1727750.000 0.371 0.112 -0.121
6453234.000 1727800.000 0.166 -0.161 -0.130
6453234.000 1727850.000 0.323 -0.309 -0.130
6453234.000 1727900.000 0.326 -0.271 -0.110
6453234.000 1727950.000 0.236 -0.458 -0.108
6453234.000 1728000.000 0.212 -0.315 -0.160
6453234.000 1728050.000 0.462 -0.361 -0.118
6453234.000 1728100.000 0.474 -0.486 -0.095
6453234.000 1728150.000 0.463 -0.591 -0.104
6453234.000 1728200.000 0.396 -0.622 -0.160
6453234.000 1728250.000 0.520 -0.065 -0.036
6453234.000 1728300.000 0.300 0.055 -0.031
6453234.000 1728350.000 0.400 -0.365 -0.130
6453234.000 1728400.000 0.122 -0.056 -0.005
6453234.000 1728450.000 0.224 -0.206 -0.060
6453234.000 1728500.000 0.467 0.084 0.008
6453234.000 1728550.000 0.312 -0.776 -0.140
6453234.000 1728600.000 0.619 -0.361 -0.130
6453234.000 1728650.000 0.496 -0.530 -0.141
6453234.000 1728700.000 0.539 -0.234 -0.095
6453234.000 1728750.000 0.435 -0.529 -0.139
6453234.000 1728800.000 0.167 -0.457 -0.050
6453234.000 1728850.000 0.345 -2.033 -0.517
6453234.000 1728900.000 0.238 -4.210 -1.062
6453284.000 1726100.000 0.222 -0.710 -0.073
6453284.000 1726150.000 -0.025 -0.484 -0.051
6453284.000 1726200.000 0.137 -0.499 -0.057
6453284.000 1726250.000 0.255 -0.737 -0.068
6453284.000 1726300.000 1.120 0.004 -0.031
6453284.000 1726350.000 1.206 -0.494 -0.039
6453284.000 1726400.000 1.038 -0.407 -0.003
6453284.000 1726450.000 0.850 -0.612 0.020
6453284.000 1726500.000 0.563 -0.701 0.021
6453284.000 1726550.000 0.748 -0.769 0.021
6453284.000 1726600.000 0.482 -0.995 -0.015
6453284.000 1726650.000 -0.168 0.090 -0.005
6453284.000 1726700.000 0.003 0.197 -0.008
6453284.000 1726750.000 0.254 -0.213 -0.037
6453284.000 1726800.000 0.359 -0.108 -0.043
6453284.000 1726850.000 0.601 -0.368 -0.059
6453284.000 1726900.000 0.634 -0.624 -0.059
6453284.000 1726950.000 0.414 -0.542 -0.069
6453284.000 1727000.000 1.136 -0.887 -0.061
6453284.000 1727050.000 0.938 -1.044 -0.064
6453284.000 1727100.000 -0.452 0.379 -0.055
6453284.000 1727150.000 -0.673 0.796 -0.059
6453284.000 1727200.000 -0.867 1.022 -0.075
6453284.000 1727250.000 -0.823 0.930 -0.052
6453284.000 1727300.000 -0.130 0.121 -0.062
6453284.000 1727350.000 -0.907 1.075 -0.046
6453284.000 1727400.000 0.066 -0.300 -0.091
6453284.000 1727450.000 0.071 -0.819 -0.125
6453284.000 1727500.000 -0.055 -0.067 -0.091
6453284.000 1727550.000 -0.149 -1.006 -0.130
6453284.000 1727600.000 0.053 -0.661 -0.120
6453284.000 1727650.000 -0.337 -0.793 -0.129
6453284.000 1727700.000 0.939 -0.150 -0.108
6453284.000 1727750.000 0.196 -0.012 -0.119
6453284.000 1727800.000 0.098 -0.498 -0.136
6453284.000 1727850.000 0.214 -0.292 -0.113
6453284.000 1727900.000 0.253 -0.232 -0.105
6453284.000 1727950.000 0.370 -0.285 -0.099
6453284.000 1728000.000 0.246 -0.333 -0.120
6453284.000 1728050.000 0.689 -0.522 -0.084
6453284.000 1728100.000 0.630 -0.690 -0.085
6453284.000 1728150.000 0.486 -0.750 -0.107
6453284.000 1728200.000 0.343 -0.808 -0.142
6453284.000 1728250.000 0.533 -0.277 -0.062
6453284.000 1728300.000 0.336 -0.189 -0.036
6453284.000 1728350.000 0.490 -0.743 -0.107
6453284.000 1728400.000 0.159 -0.065 0.084
6453284.000 1728450.000 0.555 0.190 0.028
6453284.000 1728500.000 0.665 0.712 0.096
6453284.000 1728550.000 0.772 0.872 0.096
6453284.000 1728600.000 0.542 0.717 0.166
6453284.000 1728650.000 0.294 -0.350 -0.038
6453284.000 1728700.000 0.722 -0.371 -0.181
6453284.000 1728750.000 0.837 -0.893 -0.350
6453284.000 1728800.000 0.252 -0.765 -0.159
6453284.000 1728850.000 0.486 -0.420 -0.134
6453284.000 1728900.000 -0.516 -4.129 -0.788
6453334.000 1726100.000 0.158 -0.834 -0.095
6453334.000 1726150.000 -0.244 -0.466 -0.067
6453334.000 1726200.000 0.132 -0.301 -0.054
6453334.000 1726250.000 0.296 -0.536 -0.047
6453334.000 1726300.000 0.228 0.237 -0.027
6453334.000 1726350.000 0.475 -0.876 -0.030
6453334.000 1726400.000 -0.122 -0.183 0.014
6453334.000 1726450.000 0.626 -0.992 0.018
6453334.000 1726500.000 0.574 -0.668 0.017
6453334.000 1726550.000 1.142 -0.647 0.036
6453334.000 1726600.000 -0.043 -0.277 -0.000
6453334.000 1726650.000 -0.772 -0.592 -0.031
6453334.000 1726700.000 0.158 -0.188 -0.021
6453334.000 1726750.000 0.052 -0.015 -0.038
6453334.000 1726800.000 -0.034 0.224 -0.049
6453334.000 1726850.000 0.458 -0.420 -0.048
6453334.000 1726900.000 0.416 -0.657 -0.047
6453334.000 1726950.000 0.686 -0.912 -0.057
6453334.000 1727000.000 0.944 -1.027 -0.079
6453334.000 1727050.000 1.750 -1.788 -0.110
6453334.000 1727100.000 0.007 -0.005 -0.093
6453334.000 1727150.000 -0.053 -0.028 -0.085
6453334.000 1727200.000 0.025 0.097 -0.090
6453334.000 1727250.000 -0.568 0.969 -0.066
6453334.000 1727300.000 -0.019 0.305 -0.078
6453334.000 1727350.000 0.058 0.318 -0.072
6453334.000 1727400.000 0.506 -0.824 -0.108
6453334.000 1727450.000 0.721 -1.776 -0.162
6453334.000 1727500.000 -0.484 -0.351 -0.117
6453334.000 1727550.000 0.489 -0.660 -0.105
6453334.000 1727600.000 0.321 -1.880 -0.108
6453334.000 1727650.000 -0.327 -0.090 -0.114
6453334.000 1727700.000 -0.964 -0.287 -0.151
6453334.000 1727750.000 0.063 -0.000 -0.117
6453334.000 1727800.000 0.029 -0.419 -0.135
6453334.000 1727850.000 0.172 -0.317 -0.114
6453334.000 1727900.000 0.400 -0.257 -0.107
6453334.000 1727950.000 0.338 -0.411 -0.115
6453334.000 1728000.000 0.113 -0.490 -0.131
6453334.000 1728050.000 0.478 -0.363 -0.053
6453334.000 1728100.000 0.727 -0.543 -0.045
6453334.000 1728150.000 0.533 -0.518 -0.079
6453334.000 1728200.000 0.470 -0.680 -0.074
6453334.000 1728250.000 0.382 -0.440 -0.069
6453334.000 1728300.000 0.180 -0.277 -0.047
6453334.000 1728350.000 0.567 -0.298 -0.054
6453334.000 1728400.000 0.652 -0.538 -0.069
6453334.000 1728450.000 0.857 0.039 -0.080
6453334.000 1728500.000 0.606 -0.427 -0.110
6453334.000 1728550.000 0.703 -0.506 -0.168
6453334.000 1728600.000 0.082 -0.449 0.039
6453334.000 1728650.000 0.130 -0.350 0.019
6453334.000 1728700.000 0.204 -0.249 0.009
6453334.000 1728750.000 -0.155 -0.138 0.118
6453334.000 1728800.000 -1.308 -3.126 -0.091
6453334.000 1728850.000 0.265 -0.502 -0.038
6453334.000 1728900.000 0.872 -2.410 -0.763
6453384.000 1726100.000 -0.015 -0.628 -0.061
6453384.000 1726150.000 -0.202 -0.592 -0.075
6453384.000 1726200.000 -0.078 -0.549 -0.067
6453384.000 1726250.000 0.115 -0.493 -0.046
6453384.000 1726300.000 0.455 0.109 -0.029
6453384.000 1726350.000 0.058 -1.865 -0.045
6453384.000 1726400.000 0.225 -1.681 -0.018
6453384.000 1726450.000 0.122 -1.275 0.015
6453384.000 1726500.000 0.809 -0.736 0.037
6453384.000 1726550.000 1.099 -0.791 0.034
6453384.000 1726600.000 1.218 -0.773 0.006
6453384.000 1726650.000 0.262 -0.451 -0.022
6453384.000 1726700.000 0.244 -0.619 -0.033
6453384.000 1726750.000 -0.023 -0.187 -0.040
6453384.000 1726800.000 0.078 -0.224 -0.048
6453384.000 1726850.000 0.367 -1.414 -0.043
6453384.000 1726900.000 0.401 -0.499 -0.049
6453384.000 1726950.000 0.532 -0.722 -0.048
6453384.000 1727000.000 1.268 -1.476 -0.092
6453384.000 1727050.000 1.582 -1.809 -0.113
6453384.000 1727100.000 0.524 -0.638 -0.082
6453384.000 1727150.000 0.603 -0.745 -0.081
6453384.000 1727200.000 0.934 -1.410 -0.088
6453384.000 1727250.000 0.709 -0.893 -0.095
6453384.000 1727300.000 0.020 0.282 -0.077
6453384.000 1727350.000 -0.058 0.040 -0.073
6453384.000 1727400.000 0.979 -1.129 -0.109
6453384.000 1727450.000 1.409 -1.154 -0.110
6453384.000 1727500.000 0.903 -0.819 -0.119
6453384.000 1727550.000 0.081 0.239 -0.122
6453384.000 1727600.000 0.281 -1.821 -0.115
6453384.000 1727650.000 -0.533 -0.081 -0.133
6453384.000 1727700.000 -0.793 0.074 -0.153
6453384.000 1727750.000 -0.315 -0.417 -0.130
6453384.000 1727800.000 0.237 -0.330 -0.112
6453384.000 1727850.000 0.102 -0.281 -0.113
6453384.000 1727900.000 0.539 -0.472 -0.125
6453384.000 1727950.000 0.220 -0.779 -0.194
6453384.000 1728000.000 0.157 -0.856 -0.207
6453384.000 1728050.000 0.340 -0.493 -0.085
6453384.000 1728100.000 0.764 -0.813 -0.039
6453384.000 1728150.000 0.730 -0.453 -0.026
6453384.000 1728200.000 0.219 -0.647 -0.167
6453384.000 1728250.000 -0.087 -0.327 -0.257
6453384.000 1728300.000 0.238 -0.241 -0.111
6453384.000 1728350.000 0.433 -0.430 -0.084
6453384.000 1728400.000 0.496 -0.430 -0.051
6453384.000 1728450.000 0.619 -0.094 -0.055
6453384.000 1728500.000 0.478 -0.070 -0.005
6453384.000 1728550.000 0.561 -0.041 0.009
6453384.000 1728600.000 0.332 -0.366 -0.024
6453384.000 1728650.000 0.011 -0.005 0.084
6453384.000 1728700.000 0.199 0.324 0.111
6453384.000 1728750.000 -0.400 -0.152 0.139
6453384.000 1728800.000 -0.130 0.030 0.123
6453384.000 1728850.000 0.479 -0.504 -0.175
6453384.000 1728900.000 0.302 -0.208 -0.104
6453434.000 1726100.000 0.173 -0.768 -0.056
6453434.000 1726150.000 0.431 -1.218 -0.074
6453434.000 1726200.000 -0.019 -0.479 -0.066
6453434.000 1726250.000 -0.002 -0.558 -0.052
6453434.000 1726300.000 0.137 -0.168 -0.037
6453434.000 1726350.000 -0.081 -0.514 -0.033
6453434.000 1726400.000 0.089 -0.689 0.016
6453434.000 1726450.000 0.344 -0.782 0.032
6453434.000 1726500.000 0.664 -0.416 0.035
6453434.000 1726550.000 0.825 -0.287 0.021
6453434.000 1726600.000 0.896 -0.613 -0.010
6453434.000 1726650.000 -0.226 -0.937 -0.028
6453434.000 1726700.000 -0.104 -0.730 -0.034
6453434.000 1726750.000 -0.351 -0.433 -0.034
6453434.000 1726800.000 0.071 -0.669 -0.047
6453434.000 1726850.000 0.293 -1.061 -0.041
6453434.000 1726900.000 1.214 -1.115 -0.008
6453434.000 1726950.000 1.318 -1.244 -0.015
6453434.000 1727000.000 1.066 -0.978 -0.044
6453434.000 1727050.000 0.483 -0.457 -0.076
6453434.000 1727100.000 0.490 -0.136 -0.060
6453434.000 1727150.000 -0.001 0.105 -0.066
6453434.000 1727200.000 0.340 0.300 -0.076
6453434.000 1727250.000 0.787 -0.820 -0.088
6453434.000 1727300.000 0.211 -0.420 -0.095
6453434.000 1727350.000 -0.095 -0.619 -0.086
6453434.000 1727400.000 -0.069 -0.671 -0.094
6453434.000 1727450.000 0.247 -0.316 -0.118
6453434.000 1727500.000 0.477 0.178 -0.118
6453434.000 1727550.000 0.016 -0.034 -0.125
6453434.000 1727600.000 0.257 -1.382 -0.117
6453434.000 1727650.000 -0.478 0.304 -0.131
6453434.000 1727700.000 -0.394 0.390 -0.127
6453434.000 1727750.000 -0.558 -0.310 -0.144
6453434.000 1727800.000 0.494 -0.221 -0.111
6453434.000 1727850.000 0.046 -0.206 -0.139
6453434.000 1727900.000 0.043 -0.011 -0.135
6453434.000 1727950.000 0.144 -0.861 -0.204
6453434.000 1728000.000 0.222 -0.919 -0.219
6453434.000 1728050.000 0.342 -0.438 -0.072
6453434.000 1728100.000 0.459 -0.549 -0.076
6453434.000 1728150.000 0.640 -0.570 -0.047
6453434.000 1728200.000 0.446 -0.543 -0.087
6453434.000 1728250.000 -0.362 -0.053 -0.283
6453434.000 1728300.000 0.529 -0.154 0.061
6453434.000 1728350.000 0.351 -0.406 -0.039
6453434.000 1728400.000 0.090 -0.923 -0.234
6453434.000 1728450.000 -0.058 -0.716 -0.265
6453434.000 1728500.000 0.075 -0.820 -0.191
6453434.000 1728550.000 -0.070 -0.822 -0.118
6453434.000 1728600.000 0.086 -1.447 -0.366
6453434.000 1728650.000 0.947 0.092 -0.099
6453434.000 1728700.000 1.671 1.500 0.037
6453434.000 1728750.000 0.564 -1.731 -0.236
6453434.000 1728800.000 0.815 -1.345 -0.243
6453434.000 1728850.000 0.948 -1.133 -0.297
6453434.000 1728900.000 0.792 -1.604 -0.456
6453484.000 1726100.000 0.156 -0.479 -0.041
6453484.000 1726150.000 0.099 -0.647 -0.057
6453484.000 1726200.000 -0.071 -0.794 -0.085
6453484.000 1726250.000 -0.183 -0.793 -0.082
6453484.000 1726300.000 0.195 0.018 -0.062
6453484.000 1726350.000 -0.150 0.076 -0.053
6453484.000 1726400.000 -0.059 -0.949 0.007
6453484.000 1726450.000 0.076 -1.006 0.030
6453484.000 1726500.000 0.190 -0.628 0.017
6453484.000 1726550.000 -0.039 -0.376 -0.011
6453484.000 1726600.000 0.708 -0.728 -0.024
6453484.000 1726650.000 -0.056 -0.677 -0.031
6453484.000 1726700.000 -0.856 0.471 -0.037
6453484.000 1726750.000 -0.242 -0.729 -0.040
6453484.000 1726800.000 0.362 -0.751 -0.047
6453484.000 1726850.000 1.275 -1.377 -0.037
6453484.000 1726900.000 0.140 0.286 -0.026
6453484.000 1726950.000 0.164 0.167 -0.015
6453484.000 1727000.000 0.553 -0.443 -0.047
6453484.000 1727050.000 0.910 -1.367 -0.061
6453484.000 1727100.000 0.671 -0.955 -0.056
6453484.000 1727150.000 0.285 -0.226 -0.058
6453484.000 1727200.000 0.575 -0.334 -0.063
6453484.000 1727250.000 0.622 -0.852 -0.093
6453484.000 1727300.000 0.622 -1.147 -0.099
6453484.000 1727350.000 0.024 -0.136 -0.091
6453484.000 1727400.000 0.042 -0.527 -0.099
6453484.000 1727450.000 -0.481 0.660 -0.116
6453484.000 1727500.000 -0.071 0.281 -0.120
6453484.000 1727550.000 -1.704 0.247 -0.113
6453484.000 1727600.000 -0.285 -0.807 -0.125
6453484.000 1727650.000 -0.624 -0.329 -0.111
6453484.000 1727700.000 0.651 -0.074 -0.126
6453484.000 1727750.000 0.138 -0.481 -0.146
6453484.000 1727800.000 0.930 -0.204 -0.102
6453484.000 1727850.000 1.078 -0.609 -0.132
6453484.000 1727900.000 0.033 0.182 -0.153
6453484.000 1727950.000 -0.113 -0.402 -0.160
6453484.000 1728000.000 -0.628 0.163 -0.062
6453484.000 1728050.000 0.110 -0.593 -0.143
6453484.000 1728100.000 0.424 -0.506 -0.090
6453484.000 1728150.000 0.657 -0.551 -0.044
6453484.000 1728200.000 0.817 -0.457 0.037
6453484.000 1728250.000 1.330 0.078 0.373
6453484.000 1728300.000 1.512 0.232 0.519
6453484.000 1728350.000 1.106 -0.996 0.295
6453484.000 1728400.000 -0.549 -1.025 -0.561
6453484.000 1728450.000 0.453 -0.522 -0.034
6453484.000 1728500.000 0.644 -0.062 -0.008
6453484.000 1728550.000 0.296 -0.254 -0.072
6453484.000 1728600.000 0.961 0.793 -0.024
6453484.000 1728650.000 1.110 1.037 0.013
6453484.000 1728700.000 1.861 0.982 -0.149
6453484.000 1728750.000 1.205 -1.091 -0.329
6453484.000 1728800.000 0.403 -0.345 -0.088
6453484.000 1728850.000 0.334 -0.609 -0.173
6453484.000 1728900.000 -0.007 -0.129 -0.016
6453534.000 1726100.000 -0.155 -0.615 -0.055
6453534.000 1726150.000 -0.096 -0.380 -0.050
6453534.000 1726200.000 0.326 -0.618 -0.047
6453534.000 1726250.000 -0.017 -0.713 -0.075
6453534.000 1726300.000 0.177 -0.032 -0.073
6453534.000 1726350.000 -0.237 0.170 -0.063
6453534.000 1726400.000 -0.352 0.303 -0.013
6453534.000 1726450.000 -0.295 -0.207 0.003
6453534.000 1726500.000 -1.128 0.389 -0.010
6453534.000 1726550.000 -1.019 1.011 -0.035
6453534.000 1726600.000 0.172 -0.325 -0.018
6453534.000 1726650.000 -0.371 -0.347 -0.046
6453534.000 1726700.000 -0.647 0.422 -0.038
6453534.000 1726750.000 0.014 -0.417 -0.059
6453534.000 1726800.000 1.592 -2.158 -0.065
6453534.000 1726850.000 0.628 -0.789 -0.040
6453534.000 1726900.000 -0.014 0.443 -0.036
6453534.000 1726950.000 0.077 -0.013 -0.043
6453534.000 1727000.000 0.779 -0.881 -0.059
6453534.000 1727050.000 0.826 -0.812 -0.057
6453534.000 1727100.000 0.689 -0.675 -0.054
6453534.000 1727150.000 0.388 0.083 -0.044
6453534.000 1727200.000 0.585 -1.012 -0.060
6453534.000 1727250.000 0.567 -0.985 -0.089
6453534.000 1727300.000 0.253 -0.790 -0.153
6453534.000 1727350.000 0.279 -0.707 -0.167
6453534.000 1727400.000 0.308 -0.787 -0.134
6453534.000 1727450.000 0.002 0.161 -0.103
6453534.000 1727500.000 -0.444 1.039 -0.067
6453534.000 1727550.000 -0.276 0.286 -0.094
6453534.000 1727600.000 -0.287 0.822 -0.078
6453534.000 1727650.000 0.168 0.157 -0.117
6453534.000 1727700.000 0.329 0.137 -0.124
6453534.000 1727750.000 0.577 -0.784 -0.139
6453534.000 1727800.000 0.834 -0.319 -0.132
6453534.000 1727850.000 0.979 -0.265 -0.132
6453534.000 1727900.000 1.089 -0.073 -0.113
6453534.000 1727950.000 0.135 -0.432 -0.126
6453534.000 1728000.000 0.639 -0.206 0.019
6453534.000 1728050.000 0.655 -0.530 -0.050
6453534.000 1728100.000 1.178 -0.652 -0.008
6453534.000 1728150.000 0.848 -0.655 -0.058
6453534.000 1728200.000 0.244 -0.592 -0.150
6453534.000 1728250.000 0.605 -0.193 0.069
6453534.000 1728300.000 0.739 0.735 0.216
6453534.000 1728350.000 1.512 -0.100 0.515
6453534.000 1728400.000 -0.995 -0.579 -0.771
6453534.000 1728450.000 -0.216 -0.220 -0.377
6453534.000 1728500.000 0.154 -0.139 -0.219
6453534.000 1728550.000 -0.184 -1.246 -0.080
6453534.000 1728600.000 -0.673 -1.152 -0.425
6453534.000 1728650.000 1.089 1.124 0.001
6453534.000 1728700.000 1.829 2.771 0.356
6453534.000 1728750.000 1.217 0.618 0.280
6453534.000 1728800.000 0.854 -0.307 -0.081
6453534.000 1728850.000 0.629 -0.329 -0.066
6453534.000 1728900.000 0.678 0.010 0.031
6453584.000 1726100.000 0.052 -0.693 -0.042
6453584.000 1726150.000 0.019 -0.817 -0.052
6453584.000 1726200.000 0.358 -0.957 -0.056
6453584.000 1726250.000 0.609 -0.684 -0.058
6453584.000 1726300.000 0.035 0.024 -0.061
6453584.000 1726350.000 -0.271 0.159 -0.056
6453584.000 1726400.000 -0.135 0.047 -0.028
6453584.000 1726450.000 0.961 -1.373 -0.007
6453584.000 1726500.000 1.896 -2.856 0.014
6453584.000 1726550.000 -1.581 1.830 -0.041
6453584.000 1726600.000 -0.298 0.047 -0.030
6453584.000 1726650.000 -0.879 0.972 -0.039
6453584.000 1726700.000 -1.334 1.337 -0.061
6453584.000 1726750.000 -1.667 1.682 -0.085
6453584.000 1726800.000 0.745 -1.003 -0.060
6453584.000 1726850.000 -2.232 3.317 0.000
6453584.000 1726900.000 0.039 -0.123 -0.037
6453584.000 1726950.000 0.407 -0.741 -0.048
6453584.000 1727000.000 0.681 -0.729 -0.053
6453584.000 1727050.000 0.093 -0.007 -0.046
6453584.000 1727100.000 0.021 0.524 -0.041
6453584.000 1727150.000 0.243 -0.260 -0.048
6453584.000 1727200.000 0.799 -1.306 -0.057
6453584.000 1727250.000 0.382 -0.815 -0.074
6453584.000 1727300.000 0.473 -0.804 -0.110
6453584.000 1727350.000 0.419 -0.669 -0.130
6453584.000 1727400.000 0.400 -0.637 -0.121
6453584.000 1727450.000 0.215 -0.717 -0.132
6453584.000 1727500.000 0.768 -1.029 -0.148
6453584.000 1727550.000 0.026 -0.841 -0.149
6453584.000 1727600.000 -0.156 0.121 -0.085
6453584.000 1727650.000 0.058 -0.110 -0.123
6453584.000 1727700.000 0.323 -0.002 -0.136
6453584.000 1727750.000 0.564 -0.715 -0.159
6453584.000 1727800.000 0.941 -0.319 -0.115
6453584.000 1727850.000 1.094 -0.162 -0.111
6453584.000 1727900.000 1.222 -0.404 -0.141
6453584.000 1727950.000 1.754 -0.571 -0.087
6453584.000 1728000.000 0.423 -0.076 0.051
6453584.000 1728050.000 0.764 -0.782 -0.130
6453584.000 1728100.000 1.218 -0.626 -0.025
6453584.000 1728150.000 0.580 -0.577 -0.135
6453584.000 1728200.000 0.030 -0.173 -0.139
6453584.000 1728250.000 0.488 0.019 0.046
6453584.000 1728300.000 -0.055 0.021 -0.213
6453584.000 1728350.000 -0.659 -0.951 -0.625
6453584.000 1728400.000 0.058 0.004 -0.224
6453584.000 1728450.000 1.560 0.196 0.509
6453584.000 1728500.000 0.352 -0.788 0.089
6453584.000 1728550.000 0.022 -1.153 0.015
6453584.000 1728600.000 -0.360 -1.193 -0.207
6453584.000 1728650.000 0.028 0.136 -0.331
6453584.000 1728700.000 -0.245 -0.244 -0.299
6453584.000 1728750.000 1.334 0.607 0.183
6453584.000 1728800.000 0.507 -0.192 -0.021
6453584.000 1728850.000 0.973 -0.399 -0.182
6453584.000 1728900.000 0.873 -0.225 -0.115
6453634.000 1726100.000 0.033 -1.236 -0.054
6453634.000 1726150.000 0.034 -0.676 -0.051
6453634.000 1726200.000 0.313 -0.331 -0.051
6453634.000 1726250.000 0.342 -0.412 -0.060
6453634.000 1726300.000 0.004 0.036 -0.055
6453634.000 1726350.000 -0.192 0.166 -0.050
6453634.000 1726400.000 -0.918 0.810 -0.030
6453634.000 1726450.000 -0.565 0.125 -0.015
6453634.000 1726500.000 -1.566 1.841 -0.016
6453634.000 1726550.000 -0.293 -0.031 -0.023
6453634.000 1726600.000 0.266 -0.660 -0.023
6453634.000 1726650.000 0.028 -0.233 -0.031
6453634.000 1726700.000 0.187 -0.495 -0.041
6453634.000 1726750.000 0.153 -0.408 -0.040
6453634.000 1726800.000 0.189 -0.453 -0.047
6453634.000 1726850.000 0.282 -0.597 -0.041
6453634.000 1726900.000 0.655 -1.157 -0.054
6453634.000 1726950.000 1.012 -0.996 -0.053
6453634.000 1727000.000 0.442 -0.494 -0.053
6453634.000 1727050.000 0.053 0.013 -0.050
6453634.000 1727100.000 0.306 -0.493 -0.064
6453634.000 1727150.000 0.962 -1.517 -0.055
6453634.000 1727200.000 0.749 -1.232 -0.065
6453634.000 1727250.000 1.278 -1.798 -0.060
6453634.000 1727300.000 0.963 -1.021 -0.058
6453634.000 1727350.000 0.466 -0.079 -0.081
6453634.000 1727400.000 0.521 -0.280 -0.092
6453634.000 1727450.000 0.410 -0.461 -0.124
6453634.000 1727500.000 0.736 -0.257 -0.109
6453634.000 1727550.000 0.482 -0.203 -0.088
6453634.000 1727600.000 0.237 0.366 -0.062
6453634.000 1727650.000 0.056 0.087 -0.111
6453634.000 1727700.000 -0.085 0.129 -0.159
6453634.000 1727750.000 0.420 -0.519 -0.123
6453634.000 1727800.000 0.548 -0.447 -0.127
6453634.000 1727850.000 1.036 -0.594 -0.113
6453634.000 1727900.000 0.618 -0.553 -0.148
6453634.000 1727950.000 1.387 -0.692 -0.113
6453634.000 1728000.000 0.076 0.298 0.115
6453634.000 1728050.000 0.398 -0.034 0.072
6453634.000 1728100.000 0.385 -0.037 0.034
6453634.000 1728150.000 -0.246 0.013 -0.070
6453634.000 1728200.000 -1.682 -0.782 -0.816
6453634.000 1728250.000 -0.341 -0.779 -0.405
6453634.000 1728300.000 -0.157 -1.130 -0.409
6453634.000 1728350.000 -0.184 -1.033 -0.401
6453634.000 1728400.000 0.051 -0.082 -0.200
6453634.000 1728450.000 1.980 0.346 0.737
6453634.000 1728500.000 0.580 -0.936 0.284
6453634.000 1728550.000 0.800 -1.762 0.645
6453634.000 1728600.000 0.569 -1.800 0.484
6453634.000 1728650.000 -0.340 -0.319 -0.452
6453634.000 1728700.000 -0.472 -1.006 -0.301
6453634.000 1728750.000 0.714 -0.126 -0.057
6453634.000 1728800.000 1.112 0.193 0.074
6453634.000 1728850.000 1.090 -0.002 -0.091
6453634.000 1728900.000 0.603 -0.178 -0.008
6453684.000 1726100.000 -0.086 -1.434 -0.059
6453684.000 1726150.000 0.107 -0.740 -0.059
6453684.000 1726200.000 0.238 -0.625 -0.057
6453684.000 1726250.000 0.226 -0.337 -0.054
6453684.000 1726300.000 0.063 -0.139 -0.059
6453684.000 1726350.000 0.750 -0.703 -0.052
6453684.000 1726400.000 1.121 -1.400 -0.010
6453684.000 1726450.000 0.042 -0.885 -0.011
6453684.000 1726500.000 -0.827 0.767 0.002
6453684.000 1726550.000 -0.527 0.352 -0.006
6453684.000 1726600.000 -0.062 -0.562 -0.052
6453684.000 1726650.000 0.310 -0.632 -0.030
6453684.000 1726700.000 0.269 -0.611 -0.049
6453684.000 1726750.000 0.352 -0.596 -0.045
6453684.000 1726800.000 0.467 -0.615 -0.057
6453684.000 1726850.000 0.487 -1.520 -0.050
6453684.000 1726900.000 1.051 -2.079 -0.062
6453684.000 1726950.000 1.274 -1.872 -0.058
6453684.000 1727000.000 0.401 -0.948 -0.074
6453684.000 1727050.000 0.434 -0.851 -0.066
6453684.000 1727100.000 0.564 -0.890 -0.049
6453684.000 1727150.000 0.247 -0.320 -0.061
6453684.000 1727200.000 0.554 -0.963 -0.078
6453684.000 1727250.000 0.503 -0.883 -0.077
6453684.000 1727300.000 0.145 0.564 -0.077
6453684.000 1727350.000 -0.045 0.570 -0.069
6453684.000 1727400.000 0.566 -0.015 -0.074
6453684.000 1727450.000 0.366 -0.544 -0.125
6453684.000 1727500.000 0.746 -0.400 -0.098
6453684.000 1727550.000 0.493 -0.384 -0.112
6453684.000 1727600.000 0.371 0.020 -0.098
6453684.000 1727650.000 0.016 0.029 -0.098
6453684.000 1727700.000 0.008 0.212 -0.115
6453684.000 1727750.000 0.165 -0.147 -0.110
6453684.000 1727800.000 0.219 -0.107 -0.105
6453684.000 1727850.000 1.898 -0.988 -0.113
6453684.000 1727900.000 1.309 -0.504 -0.105
6453684.000 1727950.000 1.627 -0.789 -0.142
6453684.000 1728000.000 0.338 -0.013 -0.015
6453684.000 1728050.000 -0.021 0.273 0.070
6453684.000 1728100.000 0.109 0.228 0.066
6453684.000 1728150.000 -0.211 0.257 0.013
6453684.000 1728200.000 -0.394 0.020 -0.183
6453684.000 1728250.000 0.019 -0.238 -0.181
6453684.000 1728300.000 0.218 -0.455 -0.172
6453684.000 1728350.000 0.054 -0.356 -0.202
6453684.000 1728400.000 -0.601 -0.653 -0.507
6453684.000 1728450.000 -0.783 -0.716 -0.543
6453684.000 1728500.000 -0.792 -0.424 -0.583
6453684.000 1728550.000 0.528 -0.838 0.199
6453684.000 1728600.000 0.402 -1.032 0.207
6453684.000 1728650.000 0.476 -1.134 0.265
6453684.000 1728700.000 0.165 -0.830 0.004
6453684.000 1728750.000 -0.132 -0.419 -0.319
6453684.000 1728800.000 -0.323 -0.363 -0.368
6453684.000 1728850.000 0.336 -0.142 -0.247
6453684.000 1728900.000 0.571 -0.198 -0.076
6453734.000 1726100.000 0.326 -1.427 -0.032
6453734.000 1726150.000 0.312 -0.442 -0.048
6453734.000 1726200.000 0.100 -0.696 -0.070
6453734.000 1726250.000 0.225 -0.517 -0.072
6453734.000 1726300.000 0.108 -0.435 -0.074
6453734.000 1726350.000 0.487 -0.315 -0.064
6453734.000 1726400.000 0.913 -1.538 -0.011
6453734.000 1726450.000 0.641 -1.075 0.008
6453734.000 1726500.000 0.133 -0.840 0.022
6453734.000 1726550.000 0.130 -0.722 0.014
6453734.000 1726600.000 0.588 -1.174 -0.015
6453734.000 1726650.000 0.838 -1.118 -0.029
6453734.000 1726700.000 0.024 -0.144 -0.039
6453734.000 1726750.000 0.338 -0.677 -0.050
6453734.000 1726800.000 0.243 -0.835 -0.058
6453734.000 1726850.000 0.214 -1.257 -0.060
6453734.000 1726900.000 0.342 -1.076 -0.065
6453734.000 1726950.000 1.506 -1.999 -0.072
6453734.000 1727000.000 0.514 -0.892 -0.076
6453734.000 1727050.000 0.489 -0.843 -0.059
6453734.000 1727100.000 0.464 -0.744 -0.026
6453734.000 1727150.000 0.084 0.017 -0.073
6453734.000 1727200.000 0.211 -0.679 -0.087
6453734.000 1727250.000 -1.875 1.121 -0.072
6453734.000 1727300.000 -0.322 0.427 -0.075
6453734.000 1727350.000 -0.307 0.343 -0.064
6453734.000 1727400.000 0.379 -0.204 -0.065
6453734.000 1727450.000 0.488 -0.386 -0.064
6453734.000 1727500.000 0.565 -0.535 -0.087
6453734.000 1727550.000 0.444 -0.546 -0.121
6453734.000 1727600.000 0.424 -0.469 -0.109
6453734.000 1727650.000 0.312 0.149 -0.096
6453734.000 1727700.000 0.341 -0.209 -0.084
6453734.000 1727750.000 0.530 -0.324 -0.069
6453734.000 1727800.000 -0.153 -0.324 -0.087
6453734.000 1727850.000 1.408 -0.920 -0.091
6453734.000 1727900.000 0.856 -0.603 -0.100
6453734.000 1727950.000 1.815 -0.779 -0.088
6453734.000 1728000.000 1.590 -0.583 -0.062
6453734.000 1728050.000 -0.091 0.013 -0.019
6453734.000 1728100.000 0.621 -0.121 0.041
6453734.000 1728150.000 0.319 -0.136 -0.031
6453734.000 1728200.000 -0.277 -0.192 -0.162
6453734.000 1728250.000 0.281 -0.409 -0.157
6453734.000 1728300.000 0.543 -0.604 -0.110
6453734.000 1728350.000 0.418 -0.212 -0.055
6453734.000 1728400.000 0.317 -0.432 -0.092
6453734.000 1728450.000 0.352 -0.311 -0.062
6453734.000 1728500.000 0.130 -0.645 -0.095
6453734.000 1728550.000 0.337 0.647 -0.354
6453734.000 1728600.000 -0.713 -0.988 -0.374
6453734.000 1728650.000 0.849 -0.327 0.169
6453734.000 1728700.000 2.075 1.318 0.159
6453734.000 1728750.000 0.261 -0.459 -0.171
6453734.000 1728800.000 -0.007 -0.559 -0.183
6453734.000 1728850.000 -0.312 -0.644 -0.210
6453734.000 1728900.000 0.521 -0.214 -0.059
6453784.000 1726100.000 0.147 -1.382 -0.020
6453784.000 1726150.000 0.126 -0.612 -0.051
6453784.000 1726200.000 -0.295 -0.257 -0.074
6453784.000 1726250.000 0.041 -0.469 -0.080
6453784.000 1726300.000 0.395 -0.337 -0.073
6453784.000 1726350.000 0.693 -0.402 -0.075
6453784.000 1726400.000 1.232 -1.020 -0.021
6453784.000 1726450.000 0.693 -0.912 0.011
6453784.000 1726500.000 0.094 -0.353 0.038
6453784.000 1726550.000 -0.231 0.059 0.030
6453784.000 1726600.000 0.463 -0.785 0.014
6453784.000 1726650.000 0.214 -0.465 -0.014
6453784.000 1726700.000 -0.062 0.148 -0.027
6453784.000 1726750.000 -0.260 0.433 -0.040
6453784.000 1726800.000 0.820 -0.954 -0.066
6453784.000 1726850.000 0.580 -1.188 -0.070
6453784.000 1726900.000 0.298 -0.619 -0.065
6453784.000 1726950.000 0.522 -0.648 -0.055
6453784.000 1727000.000 0.151 -0.468 -0.059
6453784.000 1727050.000 1.299 -1.892 -0.088
6453784.000 1727100.000 0.639 -1.102 -0.059
6453784.000 1727150.000 0.236 0.007 -0.076
6453784.000 1727200.000 0.280 -0.336 -0.085
6453784.000 1727250.000 0.742 -1.581 -0.087
6453784.000 1727300.000 1.313 -2.160 -0.096
6453784.000 1727350.000 0.023 -0.157 -0.072
6453784.000 1727400.000 0.343 -0.407 -0.073
6453784.000 1727450.000 0.305 -0.373 -0.072
6453784.000 1727500.000 0.329 -0.424 -0.081
6453784.000 1727550.000 0.380 -0.546 -0.133
6453784.000 1727600.000 0.276 -1.001 -0.114
6453784.000 1727650.000 0.383 -0.539 -0.100
6453784.000 1727700.000 -0.104 -0.548 -0.098
6453784.000 1727750.000 0.033 -0.754 -0.092
6453784.000 1727800.000 0.146 -0.561 -0.065
6453784.000 1727850.000 0.722 -0.615 -0.065
6453784.000 1727900.000 0.475 -0.487 -0.096
6453784.000 1727950.000 -0.289 -0.377 -0.244
6453784.000 1728000.000 -0.320 -0.719 -0.387
6453784.000 1728050.000 0.085 -0.333 -0.101
6453784.000 1728100.000 0.613 -0.363 -0.019
6453784.000 1728150.000 0.299 -0.305 -0.083
6453784.000 1728200.000 0.395 -0.545 -0.180
6453784.000 1728250.000 0.102 -0.396 -0.236
6453784.000 1728300.000 0.184 -0.157 -0.107
6453784.000 1728350.000 0.508 0.177 0.050
6453784.000 1728400.000 0.645 -0.058 0.062
6453784.000 1728450.000 0.784 -0.629 0.030
6453784.000 1728500.000 0.747 -0.574 0.035
6453784.000 1728550.000 -0.235 -1.038 -0.196
6453784.000 1728600.000 0.545 1.531 -0.510
6453784.000 1728650.000 0.315 0.204 -0.190
6453784.000 1728700.000 0.742 0.530 -0.147
6453784.000 1728750.000 0.097 -0.905 0.031
6453784.000 1728800.000 -0.238 -0.608 -0.148
6453784.000 1728850.000 -1.647 -1.332 -0.377
6453784.000 1728900.000 -1.650 -1.593 -0.239
6453834.000 1726100.000 -0.238 -0.231 0.012
6453834.000 1726150.000 -1.099 1.732 -0.026
6453834.000 1726200.000 -1.222 1.476 -0.040
6453834.000 1726250.000 -0.496 0.229 -0.038
6453834.000 1726300.000 0.105 -0.289 -0.037
6453834.000 1726350.000 0.661 -0.764 -0.034
6453834.000 1726400.000 1.651 -0.937 0.023
6453834.000 1726450.000 0.814 -0.654 0.056
6453834.000 1726500.000 0.668 -0.876 0.042
6453834.000 1726550.000 -0.151 -0.110 0.030
6453834.000 1726600.000 0.039 -0.652 0.030
6453834.000 1726650.000 0.456 -0.704 0.002
6453834.000 1726700.000 0.296 -0.902 -0.023
6453834.000 1726750.000 -0.221 0.201 -0.029
6453834.000 1726800.000 -0.607 -0.107 -0.046
6453834.000 1726850.000 -0.577 0.635 -0.046
6453834.000 1726900.000 -1.491 1.982 -0.025
6453834.000 1726950.000 -1.465 2.017 -0.020
6453834.000 1727000.000 0.161 -0.236 -0.014
6453834.000 1727050.000 0.543 -0.724 -0.030
6453834.000 1727100.000 0.264 -0.659 -0.039
6453834.000 1727150.000 -0.788 0.877 -0.063
6453834.000 1727200.000 -0.610 0.405 -0.073
6453834.000 1727250.000 1.114 -2.124 -0.110
6453834.000 1727300.000 2.034 -3.083 -0.122
6453834.000 1727350.000 -1.323 0.407 -0.082
6453834.000 1727400.000 -0.434 0.463 -0.067
6453834.000 1727450.000 0.375 -0.439 -0.093
6453834.000 1727500.000 0.275 -0.322 -0.086
6453834.000 1727550.000 0.477 -0.481 -0.090
6453834.000 1727600.000 0.189 -0.369 -0.088
6453834.000 1727650.000 0.416 -0.020 -0.104
6453834.000 1727700.000 0.274 -0.496 -0.085
6453834.000 1727750.000 0.308 -0.636 -0.090
6453834.000 1727800.000 0.616 -0.741 -0.052
6453834.000 1727850.000 0.786 -0.591 -0.064
6453834.000 1727900.000 1.617 -0.768 -0.010
6453834.000 1727950.000 0.291 -0.455 -0.168
6453834.000 1728000.000 0.093 -1.327 -0.534
6453834.000 1728050.000 2.516 -1.070 0.079
6453834.000 1728100.000 1.998 -0.900 0.046
6453834.000 1728150.000 -0.147 -0.428 -0.138
6453834.000 1728200.000 0.382 -0.901 -0.322
6453834.000 1728250.000 -0.246 -0.337 -0.212
6453834.000 1728300.000 0.401 0.035 0.002
6453834.000 1728350.000 0.484 0.470 0.090
6453834.000 1728400.000 0.349 -0.042 0.024
6453834.000 1728450.000 0.432 -0.421 -0.033
6453834.000 1728500.000 -0.147 -1.315 -0.094
6453834.000 1728550.000 -0.500 -1.309 -0.174
6453834.000 1728600.000 0.479 -0.201 -0.037
6453834.000 1728650.000 0.113 -0.528 -0.088
6453834.000 1728700.000 1.158 1.132 -0.258
6453834.000 1728750.000 1.690 2.331 -0.411
6453834.000 1728800.000 1.853 2.060 -0.255
6453834.000 1728850.000 -0.500 -0.702 -0.106
6453834.000 1728900.000 -1.340 -1.912 -0.246
6453884.000 1726100.000 -0.622 -0.603 0.030
6453884.000 1726150.000 -1.316 1.746 -0.014
6453884.000 1726200.000 -0.963 0.642 0.002
6453884.000 1726250.000 -0.628 0.345 -0.008
6453884.000 1726300.000 0.066 -0.144 0.010
6453884.000 1726350.000 0.756 -0.721 0.008
6453884.000 1726400.000 1.013 -0.343 0.099
6453884.000 1726450.000 0.760 -0.618 0.112
6453884.000 1726500.000 0.463 -0.457 0.047
6453884.000 1726550.000 0.163 -0.075 0.024
6453884.000 1726600.000 0.242 -0.323 0.028
6453884.000 1726650.000 0.134 -0.220 0.023
6453884.000 1726700.000 0.222 -0.506 0.005
6453884.000 1726750.000 -1.510 0.829 -0.023
6453884.000 1726800.000 -0.629 -0.038 -0.033
6453884.000 1726850.000 -0.388 -0.084 -0.051
6453884.000 1726900.000 0.325 -0.615 -0.067
6453884.000 1726950.000 -0.082 0.124 -0.040
6453884.000 1727000.000 0.260 -0.073 -0.022
6453884.000 1727050.000 0.978 -1.073 -0.032
6453884.000 1727100.000 0.063 0.175 -0.037
6453884.000 1727150.000 -0.385 0.314 -0.059
6453884.000 1727200.000 0.119 0.041 -0.064
6453884.000 1727250.000 1.952 -2.908 -0.117
6453884.000 1727300.000 1.724 -2.515 -0.105
6453884.000 1727350.000 0.915 -1.484 -0.098
6453884.000 1727400.000 0.553 -1.000 -0.099
6453884.000 1727450.000 -0.113 -0.197 -0.124
6453884.000 1727500.000 -0.046 -0.172 -0.105
6453884.000 1727550.000 0.816 0.912 -0.091
6453884.000 1727600.000 0.429 0.300 -0.099
6453884.000 1727650.000 0.556 0.185 -0.105
6453884.000 1727700.000 0.047 0.015 -0.100
6453884.000 1727750.000 -0.166 0.093 -0.097
6453884.000 1727800.000 -0.150 -0.618 -0.072
6453884.000 1727850.000 -0.238 -0.634 -0.156
6453884.000 1727900.000 0.415 -0.701 -0.176
6453884.000 1727950.000 0.279 -1.593 -0.685
6453884.000 1728000.000 1.628 -0.869 -0.042
6453884.000 1728050.000 2.906 -1.082 0.196
6453884.000 1728100.000 3.192 -1.448 0.180
6453884.000 1728150.000 -0.737 -0.505 -0.256
6453884.000 1728200.000 -0.352 -0.573 -0.259
6453884.000 1728250.000 -2.159 0.987 0.086
6453884.000 1728300.000 0.133 0.069 -0.032
6453884.000 1728350.000 -0.159 0.302 -0.001
6453884.000 1728400.000 -0.307 -0.266 -0.087
6453884.000 1728450.000 -0.333 -0.850 -0.130
6453884.000 1728500.000 0.365 -1.180 -0.058
6453884.000 1728550.000 -0.012 -1.530 -0.079
6453884.000 1728600.000 0.708 -1.002 0.055
6453884.000 1728650.000 0.019 -0.439 -0.113
6453884.000 1728700.000 1.077 1.047 -0.261
6453884.000 1728750.000 1.069 1.032 -0.288
6453884.000 1728800.000 0.336 -0.380 0.037
6453884.000 1728850.000 -0.392 -0.751 -0.106
6453884.000 1728900.000 -1.228 -1.775 -0.185
6453934.000 1726100.000 -0.477 -0.569 0.043
6453934.000 1726150.000 -0.677 -0.371 0.030
6453934.000 1726200.000 -0.997 0.045 0.034
6453934.000 1726250.000 -0.856 0.138 0.044
6453934.000 1726300.000 -0.413 0.030 0.058
6453934.000 1726350.000 -0.072 -0.420 0.061
6453934.000 1726400.000 0.468 -0.569 0.100
6453934.000 1726450.000 0.449 -0.380 0.109
6453934.000 1726500.000 0.427 -1.018 0.073
6453934.000 1726550.000 0.431 -0.860 0.056
6453934.000 1726600.000 -0.216 -0.382 0.056
6453934.000 1726650.000 0.678 -0.326 0.038
6453934.000 1726700.000 0.344 -0.076 0.035
6453934.000 1726750.000 0.063 -0.084 -0.007
6453934.000 1726800.000 -0.519 0.299 -0.007
6453934.000 1726850.000 -0.498 0.506 -0.004
6453934.000 1726900.000 -1.025 1.588 0.014
6453934.000 1726950.000 0.002 0.135 -0.026
6453934.000 1727000.000 0.265 -0.080 -0.018
6453934.000 1727050.000 1.230 -1.163 -0.031
6453934.000 1727100.000 -0.182 0.920 -0.012
6453934.000 1727150.000 0.101 0.751 -0.030
6453934.000 1727200.000 -0.181 0.915 -0.040
6453934.000 1727250.000 0.297 0.207 -0.064
6453934.000 1727300.000 1.142 -1.566 -0.074
6453934.000 1727350.000 0.616 -1.402 -0.083
6453934.000 1727400.000 -0.003 -0.701 -0.089
6453934.000 1727450.000 0.104 -0.106 -0.092
6453934.000 1727500.000 0.763 -0.438 -0.073
6453934.000 1727550.000 1.377 -0.015 -0.073
6453934.000 1727600.000 1.084 -0.221 -0.060
6453934.000 1727650.000 1.004 -0.012 -0.078
6453934.000 1727700.000 0.804 0.046 -0.085
6453934.000 1727750.000 -0.022 -0.003 -0.093
6453934.000 1727800.000 -0.724 -0.467 -0.099
6453934.000 1727850.000 -0.514 -0.543 -0.133
6453934.000 1727900.000 1.430 -1.021 -0.157
6453934.000 1727950.000 -0.062 -1.493 -0.686
6453934.000 1728000.000 1.801 -1.005 -0.078
6453934.000 1728050.000 1.876 -1.131 -0.062
6453934.000 1728100.000 1.587 -1.075 -0.099
6453934.000 1728150.000 -0.531 -0.322 -0.106
6453934.000 1728200.000 0.196 -0.485 -0.127
6453934.000 1728250.000 -1.856 1.644 0.358
6453934.000 1728300.000 0.378 -0.778 -0.226
6453934.000 1728350.000 0.502 -0.659 -0.205
6453934.000 1728400.000 0.400 -0.057 -0.097
6453934.000 1728450.000 0.964 1.994 0.091
6453934.000 1728500.000 1.994 1.250 0.092
6453934.000 1728550.000 0.688 0.195 -0.024
6453934.000 1728600.000 0.107 -1.479 -0.077
6453934.000 1728650.000 -0.185 -0.439 -0.138
6453934.000 1728700.000 0.091 -0.766 -0.107
6453934.000 1728750.000 1.299 0.804 -0.141
6453934.000 1728800.000 0.680 -0.093 0.009
6453934.000 1728850.000 0.289 -0.281 -0.004
6453934.000 1728900.000 0.381 0.052 -0.026
6453984.000 1726100.000 0.001 -0.624 0.049
6453984.000 1726150.000 -0.449 -0.047 0.027
6453984.000 1726200.000 -1.116 0.264 0.031
6453984.000 1726250.000 -0.482 0.074 0.060
6453984.000 1726300.000 -0.030 -0.201 0.059
6453984.000 1726350.000 0.274 -0.539 0.056
6453984.000 1726400.000 0.362 -0.410 0.114
6453984.000 1726450.000 0.074 -0.337 0.130
6453984.000 1726500.000 0.209 -1.095 0.088
6453984.000 1726550.000 0.124 -0.700 0.078
6453984.000 1726600.000 0.008 -0.680 0.048
6453984.000 1726650.000 1.268 -0.435 0.028
6453984.000 1726700.000 0.889 -0.557 -0.029
6453984.000 1726750.000 -0.629 0.432 -0.018
6453984.000 1726800.000 -0.074 0.181 -0.015
6453984.000 1726850.000 0.061 0.040 -0.024
6453984.000 1726900.000 0.426 -0.220 -0.028
6453984.000 1726950.000 0.807 -0.367 -0.045
6453984.000 1727000.000 0.314 -0.318 -0.031
6453984.000 1727050.000 0.924 -1.474 -0.040
6453984.000 1727100.000 -0.161 0.306 -0.046
6453984.000 1727150.000 0.392 0.240 -0.057
6453984.000 1727200.000 0.813 -0.536 -0.072
6453984.000 1727250.000 0.831 -0.507 -0.065
6453984.000 1727300.000 0.930 -1.189 -0.071
6453984.000 1727350.000 0.200 -0.049 -0.084
6453984.000 1727400.000 -0.306 0.425 -0.073
6453984.000 1727450.000 -0.241 0.525 -0.060
6453984.000 1727500.000 -0.266 0.365 -0.049
6453984.000 1727550.000 0.201 -0.411 -0.076
6453984.000 1727600.000 0.284 -0.260 -0.080
6453984.000 1727650.000 0.377 0.110 -0.082
6453984.000 1727700.000 0.109 -0.141 -0.099
6453984.000 1727750.000 -0.460 -0.550 -0.140
6453984.000 1727800.000 -0.610 -0.382 -0.127
6453984.000 1727850.000 -0.923 -0.032 -0.097
6453984.000 1727900.000 -0.158 0.587 0.265
6453984.000 1727950.000 -0.714 -0.730 -0.452
6453984.000 1728000.000 0.348 -0.475 -0.085
6453984.000 1728050.000 0.444 -0.552 -0.062
6453984.000 1728100.000 0.044 -0.561 -0.172
6453984.000 1728150.000 1.053 -1.421 -0.297
6453984.000 1728200.000 -0.136 -0.307 -0.033
6453984.000 1728250.000 -0.060 0.067 0.023
6453984.000 1728300.000 0.944 -1.073 -0.288
6453984.000 1728350.000 1.231 -1.487 -0.382
6453984.000 1728400.000 0.451 -0.790 -0.218
6453984.000 1728450.000 0.471 -0.029 -0.066
6453984.000 1728500.000 0.348 -0.127 -0.010
6453984.000 1728550.000 0.659 -0.172 -0.004
6453984.000 1728600.000 0.069 -1.805 -0.089
6453984.000 1728650.000 0.979 0.682 0.016
6453984.000 1728700.000 -1.447 -2.160 -0.299
6453984.000 1728750.000 0.144 -0.505 -0.155
6453984.000 1728800.000 -4.687 -4.378 -0.769
6453984.000 1728850.000 0.024 -0.433 -0.018
6453984.000 1728900.000 0.392 0.025 0.046
6454034.000 1726100.000 -0.430 -0.063 0.032
6454034.000 1726150.000 -0.500 0.050 0.031
6454034.000 1726200.000 -0.526 0.027 0.038
6454034.000 1726250.000 -0.321 -0.121 0.062
6454034.000 1726300.000 0.193 -0.088 0.082
6454034.000 1726350.000 0.394 -0.344 0.066
6454034.000 1726400.000 0.258 -0.096 0.111
6454034.000 1726450.000 0.034 -0.364 0.124
6454034.000 1726500.000 0.388 -0.760 0.114
6454034.000 1726550.000 1.104 -1.385 0.091
6454034.000 1726600.000 1.892 -2.621 0.059
6454034.000 1726650.000 0.946 -0.625 0.025
6454034.000 1726700.000 0.219 0.068 -0.001
6454034.000 1726750.000 0.163 0.101 0.009
6454034.000 1726800.000 0.136 0.117 0.002
6454034.000 1726850.000 0.125 -0.017 -0.008
6454034.000 1726900.000 0.506 -0.321 -0.023
6454034.000 1726950.000 0.303 -0.324 -0.031
6454034.000 1727000.000 0.394 -0.225 -0.023
6454034.000 1727050.000 0.892 -1.564 -0.043
6454034.000 1727100.000 0.277 -0.437 -0.040
6454034.000 1727150.000 1.751 -2.084 -0.063
6454034.000 1727200.000 0.307 0.162 -0.054
6454034.000 1727250.000 1.258 -0.988 -0.085
6454034.000 1727300.000 -1.165 1.516 -0.031
6454034.000 1727350.000 -1.607 1.636 -0.018
6454034.000 1727400.000 -0.483 0.079 -0.055
6454034.000 1727450.000 -0.039 -0.260 -0.062
6454034.000 1727500.000 -0.088 -0.794 -0.080
6454034.000 1727550.000 -0.008 -0.402 -0.072
6454034.000 1727600.000 0.383 -0.130 -0.078
6454034.000 1727650.000 0.389 -0.127 -0.072
6454034.000 1727700.000 0.669 -0.454 -0.085
6454034.000 1727750.000 0.595 -0.846 -0.108
6454034.000 1727800.000 0.640 -0.778 -0.097
6454034.000 1727850.000 2.576 -1.616 -0.087
6454034.000 1727900.000 -1.514 -0.031 -0.201
6454034.000 1727950.000 -0.703 -1.741 -0.936
6454034.000 1728000.000 1.207 -0.507 0.096
6454034.000 1728050.000 -0.288 -0.369 -0.126
6454034.000 1728100.000 0.461 -0.573 -0.077
6454034.000 1728150.000 0.132 0.287 0.084
6454034.000 1728200.000 1.145 -0.548 -0.114
6454034.000 1728250.000 0.286 -0.443 -0.094
6454034.000 1728300.000 0.413 -0.573 -0.159
6454034.000 1728350.000 0.652 -2.334 -0.459
6454034.000 1728400.000 0.461 -0.741 -0.200
6454034.000 1728450.000 0.267 3.294 0.437
6454034.000 1728500.000 0.487 0.310 0.031
6454034.000 1728550.000 0.688 -0.495 -0.065
6454034.000 1728600.000 0.585 -0.092 -0.071
6454034.000 1728650.000 1.549 1.101 0.030
6454034.000 1728700.000 -0.457 -0.632 -0.180
6454034.000 1728750.000 -0.331 -0.857 -0.210
6454034.000 1728800.000 0.211 0.371 -0.212
6454034.000 1728850.000 0.358 0.712 -0.172
6454034.000 1728900.000 0.361 0.093 -0.088
6454084.000 1726100.000 -0.530 -0.333 0.036
6454084.000 1726150.000 -0.724 0.044 0.021
6454084.000 1726200.000 -0.719 -0.030 0.032
6454084.000 1726250.000 -0.331 0.193 0.110
6454084.000 1726300.000 0.125 -0.242 0.075
6454084.000 1726350.000 0.733 0.347 0.163
6454084.000 1726400.000 0.274 -0.064 0.128
6454084.000 1726450.000 0.211 -0.418 0.130
6454084.000 1726500.000 0.643 -0.828 0.119
6454084.000 1726550.000 0.510 -1.157 0.078
6454084.000 1726600.000 0.385 -1.162 0.017
6454084.000 1726650.000 -0.064 -0.839 0.005
6454084.000 1726700.000 0.369 -0.431 -0.007
6454084.000 1726750.000 0.197 0.697 0.002
6454084.000 1726800.000 0.543 -0.469 -0.012
6454084.000 1726850.000 0.229 -0.383 -0.017
6454084.000 1726900.000 0.200 -0.532 -0.038
6454084.000 1726950.000 0.462 -0.344 -0.033
6454084.000 1727000.000 0.954 -0.942 -0.038
6454084.000 1727050.000 1.001 -1.226 -0.068
6454084.000 1727100.000 0.440 -0.544 -0.062
6454084.000 1727150.000 2.288 -2.874 -0.067
6454084.000 1727200.000 0.512 -0.483 -0.048
6454084.000 1727250.000 0.903 -0.378 -0.069
6454084.000 1727300.000 -0.657 0.077 -0.042
6454084.000 1727350.000 -0.958 0.628 -0.041
6454084.000 1727400.000 0.078 -0.926 -0.078
6454084.000 1727450.000 0.334 -0.597 -0.057
6454084.000 1727500.000 -0.111 -1.105 -0.099
6454084.000 1727550.000 -0.115 -0.100 -0.076
6454084.000 1727600.000 0.359 -0.086 -0.072
6454084.000 1727650.000 0.481 -0.148 -0.075
6454084.000 1727700.000 0.624 -0.477 -0.090
6454084.000 1727750.000 0.272 -0.567 -0.109
6454084.000 1727800.000 -1.201 -0.164 -0.183
6454084.000 1727850.000 -2.175 0.107 -0.289
6454084.000 1727900.000 -1.066 0.471 0.027
6454084.000 1727950.000 1.133 -0.391 0.070
6454084.000 1728000.000 -0.666 -0.279 -0.174
6454084.000 1728050.000 -0.748 -0.198 -0.119
6454084.000 1728100.000 -0.290 -0.307 -0.071
6454084.000 1728150.000 0.154 -0.074 -0.047
6454084.000 1728200.000 0.151 -0.211 -0.039
6454084.000 1728250.000 0.135 -0.133 -0.015
6454084.000 1728300.000 0.468 -0.629 -0.133
6454084.000 1728350.000 0.150 -0.030 0.012
6454084.000 1728400.000 0.295 -0.636 -0.135
6454084.000 1728450.000 -0.014 0.472 0.147
6454084.000 1728500.000 -0.084 0.474 0.236
6454084.000 1728550.000 -0.330 1.265 0.401
6454084.000 1728600.000 0.058 -1.839 -0.193
6454084.000 1728650.000 0.656 -0.005 -0.060
6454084.000 1728700.000 -0.641 -0.586 -0.186
6454084.000 1728750.000 -0.789 -0.595 -0.199
6454084.000 1728800.000 -1.097 -0.741 -0.230
6454084.000 1728850.000 0.149 0.093 -0.075
6454084.000 1728900.000 0.193 -0.115 -0.095
6454134.000 1726100.000 -0.881 -0.148 0.026
6454134.000 1726150.000 -0.375 -0.323 0.049
6454134.000 1726200.000 -1.037 0.428 0.067
6454134.000 1726250.000 -0.311 -0.401 0.095
6454134.000 1726300.000 0.120 0.117 0.121
6454134.000 1726350.000 0.667 0.460 0.156
6454134.000 1726400.000 0.355 0.043 0.125
6454134.000 1726450.000 0.267 -0.907 0.091
6454134.000 1726500.000 0.593 -0.947 0.104
6454134.000 1726550.000 0.305 -1.001 0.059
6454134.000 1726600.000 0.488 -0.989 0.044
6454134.000 1726650.000 0.132 -0.905 0.013
6454134.000 1726700.000 0.301 -0.679 -0.003
6454134.000 1726750.000 0.136 -0.469 -0.001
6454134.000 1726800.000 0.523 -0.729 -0.013
6454134.000 1726850.000 0.310 -0.448 -0.016
6454134.000 1726900.000 0.244 -0.666 -0.043
6454134.000 1726950.000 0.713 -0.941 -0.040
6454134.000 1727000.000 0.778 -0.860 -0.047
6454134.000 1727050.000 0.829 -0.933 -0.067
6454134.000 1727100.000 0.461 -0.476 -0.064
6454134.000 1727150.000 0.759 -1.264 -0.064
6454134.000 1727200.000 0.169 -0.106 -0.048
6454134.000 1727250.000 0.253 0.084 -0.063
6454134.000 1727300.000 0.137 -0.083 -0.058
6454134.000 1727350.000 -0.812 -0.430 -0.073
6454134.000 1727400.000 -0.352 0.547 -0.048
6454134.000 1727450.000 0.675 0.234 -0.033
6454134.000 1727500.000 0.221 0.489 -0.062
6454134.000 1727550.000 0.497 -0.245 -0.070
6454134.000 1727600.000 0.524 -0.245 -0.070
6454134.000 1727650.000 0.417 -0.412 -0.082
6454134.000 1727700.000 1.155 -0.805 -0.115
6454134.000 1727750.000 1.334 -1.204 -0.147
6454134.000 1727800.000 -3.264 0.836 -0.179
6454134.000 1727850.000 -2.316 -0.014 -0.280
6454134.000 1727900.000 -2.064 -0.616 -0.653
6454134.000 1727950.000 -1.054 -0.157 -0.206
6454134.000 1728000.000 -0.206 -0.366 -0.065
6454134.000 1728050.000 -0.653 -0.131 -0.037
6454134.000 1728100.000 -0.408 -0.374 -0.040
6454134.000 1728150.000 -0.756 0.275 0.097
6454134.000 1728200.000 0.014 -0.433 -0.093
6454134.000 1728250.000 0.541 0.065 -0.087
6454134.000 1728300.000 0.470 -0.324 -0.064
6454134.000 1728350.000 0.051 1.280 0.192
6454134.000 1728400.000 -0.219 0.808 0.330
6454134.000 1728450.000 0.276 0.140 -0.002
6454134.000 1728500.000 -0.023 0.535 0.217
6454134.000 1728550.000 0.442 -0.376 -0.016
6454134.000 1728600.000 0.525 -1.592 -0.264
6454134.000 1728650.000 0.613 -0.177 -0.135
6454134.000 1728700.000 0.376 -0.334 -0.182
6454134.000 1728750.000 0.441 -0.197 -0.130
6454134.000 1728800.000 0.296 -0.429 -0.105
6454134.000 1728850.000 0.149 -0.262 -0.096
6454134.000 1728900.000 0.056 -0.275 -0.133
6454184.000 1726100.000 -1.591 0.485 -0.003
6454184.000 1726150.000 0.144 -0.407 0.068
6454184.000 1726200.000 -1.436 0.282 0.081
6454184.000 1726250.000 -1.124 0.060 0.065
6454184.000 1726300.000 0.407 -0.946 0.111
6454184.000 1726350.000 0.870 -1.205 0.102
6454184.000 1726400.000 0.167 -0.844 0.093
6454184.000 1726450.000 0.345 -1.359 0.058
6454184.000 1726500.000 0.139 -1.341 0.047
6454184.000 1726550.000 0.217 -0.931 0.047
6454184.000 1726600.000 -0.123 -0.625 0.034
6454184.000 1726650.000 -0.378 -0.765 0.008
6454184.000 1726700.000 0.589 -0.409 -0.019
6454184.000 1726750.000 0.251 -0.175 -0.024
6454184.000 1726800.000 0.218 -0.257 -0.031
6454184.000 1726850.000 0.060 -0.365 -0.049
6454184.000 1726900.000 0.065 -0.788 -0.059
6454184.000 1726950.000 0.705 -0.910 -0.050
6454184.000 1727000.000 0.640 -0.709 -0.049
6454184.000 1727050.000 0.566 -0.538 -0.048
6454184.000 1727100.000 0.380 -0.153 -0.041
6454184.000 1727150.000 0.650 -0.222 -0.069
6454184.000 1727200.000 0.180 0.515 -0.055
6454184.000 1727250.000 0.213 0.041 -0.076
6454184.000 1727300.000 0.110 0.053 -0.074
6454184.000 1727350.000 0.069 0.302 -0.086
6454184.000 1727400.000 -0.033 0.442 -0.061
6454184.000 1727450.000 0.671 0.248 -0.057
6454184.000 1727500.000 0.355 0.794 -0.065
6454184.000 1727550.000 0.624 -0.093 -0.069
6454184.000 1727600.000 0.907 -0.019 -0.052
6454184.000 1727650.000 1.699 -0.838 -0.057
6454184.000 1727700.000 3.872 -2.556 -0.120
6454184.000 1727750.000 3.031 -2.435 -0.169
6454184.000 1727800.000 0.455 -1.634 -0.410
6454184.000 1727850.000 -2.692 0.785 -0.054
6454184.000 1727900.000 -1.115 -0.497 -0.295
6454184.000 1727950.000 -1.051 -0.063 -0.217
6454184.000 1728000.000 0.099 -0.248 -0.062
6454184.000 1728050.000 0.000 -0.465 -0.095
6454184.000 1728100.000 -1.009 -0.990 -0.117
6454184.000 1728150.000 -0.603 -0.942 -0.122
6454184.000 1728200.000 -0.146 -0.452 -0.105
6454184.000 1728250.000 0.630 -0.784 -0.184
6454184.000 1728300.000 0.513 -0.919 -0.133
6454184.000 1728350.000 0.020 0.438 0.008
6454184.000 1728400.000 0.012 0.634 0.174
6454184.000 1728450.000 0.449 -0.726 -0.366
6454184.000 1728500.000 0.670 -0.400 -0.046
6454184.000 1728550.000 0.752 -0.224 0.105
6454184.000 1728600.000 0.696 -0.551 0.025
6454184.000 1728650.000 0.517 0.842 0.008
6454184.000 1728700.000 1.297 0.095 -0.056
6454184.000 1728750.000 0.641 0.321 -0.033
6454184.000 1728800.000 0.475 -0.111 -0.061
6454184.000 1728850.000 0.683 -0.179 0.024
6454184.000 1728900.000 0.475 -0.248 -0.067
6454234.000 1726100.000 -0.549 0.318 0.039
6454234.000 1726150.000 0.355 -0.418 0.095
6454234.000 1726200.000 -1.855 0.492 0.108
6454234.000 1726250.000 -1.465 0.077 0.064
6454234.000 1726300.000 0.007 -0.314 0.077
6454234.000 1726350.000 -0.155 -0.320 0.069
6454234.000 1726400.000 0.904 -0.911 0.116
6454234.000 1726450.000 0.290 -0.935 0.073
6454234.000 1726500.000 0.580 -0.855 0.120
6454234.000 1726550.000 -0.194 -1.406 -0.005
6454234.000 1726600.000 -0.675 -0.833 0.023
6454234.000 1726650.000 -0.309 -0.788 0.014
6454234.000 1726700.000 0.246 -0.784 -0.008
6454234.000 1726750.000 0.174 -0.389 -0.029
6454234.000 1726800.000 0.213 -0.644 -0.051
6454234.000 1726850.000 0.362 -0.521 -0.041
6454234.000 1726900.000 1.007 -1.898 -0.052
6454234.000 1726950.000 0.431 -0.580 -0.032
6454234.000 1727000.000 -0.081 0.044 -0.004
6454234.000 1727050.000 -0.202 0.124 -0.014
6454234.000 1727100.000 0.058 0.142 -0.043
6454234.000 1727150.000 0.320 0.282 -0.072
6454234.000 1727200.000 0.689 -0.023 -0.071
6454234.000 1727250.000 0.119 0.153 -0.098
6454234.000 1727300.000 -0.066 0.220 -0.106
6454234.000 1727350.000 -0.162 0.417 -0.120
6454234.000 1727400.000 0.090 0.309 -0.063
6454234.000 1727450.000 0.116 0.864 -0.081
6454234.000 1727500.000 1.019 -0.144 -0.067
6454234.000 1727550.000 0.346 -0.050 -0.086
6454234.000 1727600.000 1.180 -0.551 -0.078
6454234.000 1727650.000 1.264 -0.821 -0.096
6454234.000 1727700.000 1.105 -1.146 -0.151
6454234.000 1727750.000 0.481 -0.891 -0.200
6454234.000 1727800.000 -0.232 -1.355 -0.516
6454234.000 1727850.000 0.304 -0.573 -0.211
6454234.000 1727900.000 -0.338 0.460 0.085
6454234.000 1727950.000 0.011 0.034 -0.096
6454234.000 1728000.000 -0.219 -0.092 -0.074
6454234.000 1728050.000 0.485 -0.831 -0.105
6454234.000 1728100.000 0.070 -1.144 -0.161
6454234.000 1728150.000 0.281 0.086 -0.077
6454234.000 1728200.000 0.094 0.252 -0.079
6454234.000 1728250.000 0.771 -0.398 -0.133
6454234.000 1728300.000 0.008 -0.249 -0.144
6454234.000 1728350.000 0.037 -0.017 -0.129
6454234.000 1728400.000 0.682 0.253 0.231
6454234.000 1728450.000 0.339 -0.609 -0.328
6454234.000 1728500.000 0.858 -0.358 0.040
6454234.000 1728550.000 0.692 -0.341 0.032
6454234.000 1728600.000 0.732 -0.626 -0.014
6454234.000 1728650.000 0.493 -0.058 -0.093
6454234.000 1728700.000 0.973 -0.237 -0.099
6454234.000 1728750.000 0.359 -0.014 -0.137
6454234.000 1728800.000 0.449 -0.062 -0.133
6454234.000 1728850.000 0.399 -0.051 -0.046
6454234.000 1728900.000 0.259 0.170 -0.205
6454284.000 1726100.000 -0.504 0.173 0.013
6454284.000 1726150.000 -0.616 -0.451 0.050
6454284.000 1726200.000 -0.984 0.000 0.118
6454284.000 1726250.000 0.410 -0.635 0.097
6454284.000 1726300.000 0.486 -0.591 0.086
6454284.000 1726350.000 1.069 -1.294 0.103
6454284.000 1726400.000 1.674 -1.669 0.124
6454284.000 1726450.000 0.645 -1.088 0.150
6454284.000 1726500.000 0.397 -1.204 0.099
6454284.000 1726550.000 -0.239 -1.451 -0.011
6454284.000 1726600.000 -0.162 -1.327 -0.023
6454284.000 1726650.000 -0.354 -0.924 -0.018
6454284.000 1726700.000 0.015 -0.858 -0.003
6454284.000 1726750.000 0.660 -0.404 0.014
6454284.000 1726800.000 0.868 0.957 -0.009
6454284.000 1726850.000 -0.209 0.284 -0.042
6454284.000 1726900.000 -0.933 1.104 -0.004
6454284.000 1726950.000 -0.111 0.305 -0.016
6454284.000 1727000.000 0.105 -0.153 -0.012
6454284.000 1727050.000 0.026 -0.193 -0.023
6454284.000 1727100.000 0.166 -0.237 -0.033
6454284.000 1727150.000 0.195 -0.009 -0.050
6454284.000 1727200.000 0.273 0.335 -0.064
6454284.000 1727250.000 0.118 0.286 -0.076
6454284.000 1727300.000 0.514 -0.378 -0.083
6454284.000 1727350.000 1.177 -0.924 -0.045
6454284.000 1727400.000 0.161 0.029 -0.092
6454284.000 1727450.000 0.580 -0.301 -0.081
6454284.000 1727500.000 0.558 -0.456 -0.078
6454284.000 1727550.000 0.210 -0.002 -0.081
6454284.000 1727600.000 0.435 -0.451 -0.102
6454284.000 1727650.000 0.931 -0.651 -0.113
6454284.000 1727700.000 0.940 -0.636 -0.108
6454284.000 1727750.000 -0.010 -0.532 -0.154
6454284.000 1727800.000 -0.131 -0.752 -0.301
6454284.000 1727850.000 -0.120 -0.390 -0.126
6454284.000 1727900.000 -0.210 -0.133 -0.109
6454284.000 1727950.000 0.114 -0.165 -0.089
6454284.000 1728000.000 -0.001 -0.031 -0.094
6454284.000 1728050.000 0.235 -0.424 -0.103
6454284.000 1728100.000 0.045 -0.184 -0.099
6454284.000 1728150.000 -0.028 -0.445 -0.163
6454284.000 1728200.000 -0.023 -0.383 -0.135
6454284.000 1728250.000 0.469 -0.340 -0.122
6454284.000 1728300.000 -0.249 -0.144 -0.208
6454284.000 1728350.000 0.003 -0.284 -0.256
6454284.000 1728400.000 0.108 -0.499 -0.302
6454284.000 1728450.000 0.261 -0.437 -0.246
6454284.000 1728500.000 0.390 -0.276 -0.069
6454284.000 1728550.000 0.628 -0.254 0.013
6454284.000 1728600.000 0.525 0.028 0.024
6454284.000 1728650.000 0.177 0.131 -0.080
6454284.000 1728700.000 1.111 -0.360 -0.071
6454284.000 1728750.000 0.686 -0.451 -0.126
6454284.000 1728800.000 0.562 -0.242 -0.080
6454284.000 1728850.000 0.035 0.140 -0.104
6454284.000 1728900.000 0.137 0.322 -0.210
6454334.000 1726100.000 -0.418 -0.072 0.056
6454334.000 1726150.000 -0.459 -0.503 0.070
6454334.000 1726200.000 0.245 -0.329 0.108
6454334.000 1726250.000 1.018 -0.764 0.130
6454334.000 1726300.000 0.688 -0.666 0.111
6454334.000 1726350.000 0.037 -0.279 0.082
6454334.000 1726400.000 -0.088 -0.657 0.073
6454334.000 1726450.000 0.351 -1.019 0.130
6454334.000 1726500.000 0.109 -1.249 0.074
6454334.000 1726550.000 0.116 -1.203 0.049
6454334.000 1726600.000 -0.543 -0.637 0.016
6454334.000 1726650.000 0.114 -0.853 0.009
6454334.000 1726700.000 0.243 -1.119 -0.033
6454334.000 1726750.000 1.155 -0.027 0.056
6454334.000 1726800.000 1.125 0.046 0.004
6454334.000 1726850.000 1.082 -0.293 0.001
6454334.000 1726900.000 -0.088 0.473 0.002
6454334.000 1726950.000 0.146 -0.156 -0.011
6454334.000 1727000.000 -0.009 -0.142 -0.006
6454334.000 1727050.000 -0.035 -0.178 -0.022
6454334.000 1727100.000 -0.142 0.078 -0.025
6454334.000 1727150.000 -0.026 0.192 -0.039
6454334.000 1727200.000 -0.154 0.436 -0.074
6454334.000 1727250.000 0.395 -0.165 -0.096
6454334.000 1727300.000 -0.236 0.583 -0.095
6454334.000 1727350.000 -0.181 0.469 -0.090
6454334.000 1727400.000 0.476 -0.470 -0.081
6454334.000 1727450.000 0.483 -0.688 -0.075
6454334.000 1727500.000 0.893 -0.834 -0.078
6454334.000 1727550.000 0.200 -0.189 -0.092
6454334.000 1727600.000 0.364 -0.329 -0.104
6454334.000 1727650.000 0.742 -0.658 -0.129
6454334.000 1727700.000 0.472 -0.455 -0.119
6454334.000 1727750.000 -0.022 -0.225 -0.084
6454334.000 1727800.000 -0.013 -0.591 -0.219
6454334.000 1727850.000 -0.102 -0.504 -0.177
6454334.000 1727900.000 -0.139 -0.257 -0.152
6454334.000 1727950.000 -0.181 -0.088 -0.095
6454334.000 1728000.000 0.126 -0.263 -0.118
6454334.000 1728050.000 0.324 -0.441 -0.085
6454334.000 1728100.000 0.057 -0.282 -0.074
6454334.000 1728150.000 -0.008 -0.328 -0.100
6454334.000 1728200.000 0.090 -0.198 -0.108
6454334.000 1728250.000 0.610 -0.251 -0.055
6454334.000 1728300.000 0.804 -0.474 -0.015
6454334.000 1728350.000 0.424 -0.400 -0.129
6454334.000 1728400.000 0.361 -0.502 -0.163
6454334.000 1728450.000 0.249 -0.148 -0.118
6454334.000 1728500.000 0.260 -0.124 -0.043
6454334.000 1728550.000 0.322 -0.037 -0.025
6454334.000 1728600.000 1.442 0.034 0.010
6454334.000 1728650.000 0.889 -0.288 -0.057
6454334.000 1728700.000 1.114 -0.627 -0.095
6454334.000 1728750.000 0.786 -0.516 -0.084
6454334.000 1728800.000 0.572 -0.302 -0.051
6454334.000 1728850.000 0.399 -0.134 -0.107
6454334.000 1728900.000 0.402 0.006 -0.113
