6451559.000 1726075.000 -4.842 -4.385 -2.027
6451609.000 1726075.000 -5.437 -0.025 -2.092
6451659.000 1726075.000 -7.649 -4.809 -2.027
6451709.000 1726075.000 -22.206 -16.505 -1.851
6451759.000 1726075.000 -47.027 -26.641 -1.800
6451809.000 1726075.000 -49.671 -37.711 -1.788
6451859.000 1726075.000 45.545 -21.273 -1.931
6451909.000 1726075.000 43.758 -9.564 -2.381
6451959.000 1726075.000 36.102 -4.428 -2.615
6452009.000 1726075.000 19.110 6.463 -2.956
6452059.000 1726075.000 28.935 2.991 -3.182
6452109.000 1726075.000 15.678 2.125 -3.275
6452159.000 1726075.000 0.398 0.468 -3.336
6452209.000 1726075.000 -2.988 4.383 -3.318
6452259.000 1726075.000 -4.106 6.642 -3.266
6452309.000 1726075.000 -5.127 9.435 -3.131
6452359.000 1726075.000 -12.739 7.327 -2.932
6452409.000 1726075.000 9.132 8.573 -3.172
6452459.000 1726075.000 7.779 7.952 -3.318
6452509.000 1726075.000 1.218 0.789 -3.289
6452559.000 1726075.000 -17.862 -5.310 -3.249
6452609.000 1726075.000 -15.426 -4.484 -3.045
6452659.000 1726075.000 -9.284 -3.883 -2.500
6452709.000 1726075.000 0.628 0.083 -0.232
6452759.000 1726075.000 0.514 -0.218 -0.238
6452809.000 1726075.000 0.350 -0.184 -0.251
6452859.000 1726075.000 0.087 -0.213 -0.261
6452909.000 1726075.000 -0.067 -0.424 -0.274
6452959.000 1726075.000 -0.085 -0.514 -0.286
6453009.000 1726075.000 -0.122 -0.553 -0.317
6453059.000 1726075.000 -0.190 -0.582 -0.368
6453109.000 1726075.000 -0.221 -0.646 -0.415
6453159.000 1726075.000 -0.216 -0.666 -0.415
6453209.000 1726075.000 -0.227 -0.688 -0.429
6453259.000 1726075.000 -0.188 -0.588 -0.388
6453309.000 1726075.000 -0.056 -0.370 -0.312
6453359.000 1726075.000 0.135 -0.200 -0.292
6453409.000 1726075.000 0.244 -0.141 -0.293
6453459.000 1726075.000 0.245 -0.095 -0.280
6453509.000 1726075.000 0.248 -0.074 -0.262
6453559.000 1726075.000 0.212 -0.261 -0.265
6453609.000 1726075.000 0.167 -0.365 -0.275
6453659.000 1726075.000 0.181 -0.402 -0.276
6453709.000 1726075.000 0.145 -0.428 -0.273
6453759.000 1726075.000 0.181 -0.436 -0.274
6453809.000 1726075.000 0.066 -0.455 -0.278
6453859.000 1726075.000 0.104 -0.438 -0.255
6453909.000 1726075.000 0.058 -0.504 -0.238
6453959.000 1726075.000 0.073 -0.483 -0.231
6454009.000 1726075.000 0.033 -0.419 -0.225
6454059.000 1726075.000 0.061 -0.435 -0.221
6454109.000 1726075.000 0.118 -0.467 -0.218
6454159.000 1726075.000 0.098 -0.465 -0.218
6454209.000 1726075.000 0.123 -0.468 -0.215
6454259.000 1726075.000 0.118 -0.423 -0.216
6454309.000 1726075.000 0.126 -0.407 -0.217
6454359.000 1726075.000 0.122 -0.423 -0.220
6454409.000 1726075.000 0.111 -0.439 -0.219
6454459.000 1726075.000 0.134 -0.464 -0.223
6454509.000 1726075.000 0.102 -0.454 -0.223
6451559.000 1726125.000 -9.181 -2.221 -2.579
6451609.000 1726125.000 -7.388 -2.114 -2.368
6451659.000 1726125.000 -8.934 0.038 -2.398
6451709.000 1726125.000 -15.245 -0.984 -2.321
6451759.000 1726125.000 -28.115 -20.016 -1.961
6451809.000 1726125.000 -46.667 -47.538 -2.084
6451859.000 1726125.000 45.773 -30.896 -2.272
6451909.000 1726125.000 40.393 -13.008 -2.287
6451959.000 1726125.000 25.180 27.943 -2.650
6452009.000 1726125.000 18.988 16.388 -3.233
6452059.000 1726125.000 4.242 10.112 -3.443
6452109.000 1726125.000 0.660 -0.233 -3.443
6452159.000 1726125.000 -1.519 4.169 -3.482
6452209.000 1726125.000 -2.707 6.424 -3.309
6452259.000 1726125.000 -3.274 7.783 -3.148
6452309.000 1726125.000 -3.960 4.191 -2.982
6452359.000 1726125.000 -6.317 0.985 -2.923
6452409.000 1726125.000 8.348 8.021 -3.441
6452459.000 1726125.000 0.773 1.433 -3.483
6452509.000 1726125.000 -9.080 -6.995 -3.484
6452559.000 1726125.000 -19.756 -12.208 -3.325
6452609.000 1726125.000 -10.962 -5.094 -2.661
6452659.000 1726125.000 0.168 0.322 -0.293
6452709.000 1726125.000 0.388 -0.010 -0.261
6452759.000 1726125.000 0.262 -0.473 -0.264
6452809.000 1726125.000 0.252 -0.181 -0.263
6452859.000 1726125.000 0.078 -0.396 -0.270
6452909.000 1726125.000 0.006 -0.531 -0.280
6452959.000 1726125.000 -0.026 -0.599 -0.288
6453009.000 1726125.000 -0.098 -0.634 -0.335
6453059.000 1726125.000 -0.196 -0.635 -0.393
6453109.000 1726125.000 -0.189 -0.662 -0.383
6453159.000 1726125.000 -0.171 -0.688 -0.361
6453209.000 1726125.000 -0.185 -0.713 -0.367
6453259.000 1726125.000 -0.167 -0.688 -0.352
6453309.000 1726125.000 -0.161 -0.588 -0.334
6453359.000 1726125.000 -0.083 -0.536 -0.321
6453409.000 1726125.000 0.096 -0.482 -0.312
6453459.000 1726125.000 0.181 -0.437 -0.301
6453509.000 1726125.000 0.196 -0.443 -0.296
6453559.000 1726125.000 0.190 -0.472 -0.295
6453609.000 1726125.000 0.162 -0.465 -0.301
6453659.000 1726125.000 0.162 -0.389 -0.303
6453709.000 1726125.000 0.188 -0.359 -0.304
6453759.000 1726125.000 0.212 -0.271 -0.302
6453809.000 1726125.000 0.221 -0.409 -0.306
6453859.000 1726125.000 0.106 -0.247 -0.279
6453909.000 1726125.000 0.074 -0.361 -0.251
6453959.000 1726125.000 0.077 -0.484 -0.234
6454009.000 1726125.000 0.061 -0.446 -0.227
6454059.000 1726125.000 0.083 -0.458 -0.222
6454109.000 1726125.000 0.144 -0.488 -0.215
6454159.000 1726125.000 0.176 -0.517 -0.213
6454209.000 1726125.000 0.185 -0.495 -0.210
6454259.000 1726125.000 0.166 -0.454 -0.208
6454309.000 1726125.000 0.149 -0.413 -0.209
6454359.000 1726125.000 0.140 -0.407 -0.209
6454409.000 1726125.000 0.151 -0.419 -0.208
6454459.000 1726125.000 0.160 -0.425 -0.206
6454509.000 1726125.000 0.123 -0.417 -0.206
6451559.000 1726175.000 -11.226 -2.265 -3.060
6451609.000 1726175.000 -10.865 -3.061 -2.717
6451659.000 1726175.000 -9.978 0.134 -2.610
6451709.000 1726175.000 -10.789 -1.402 -2.500
6451759.000 1726175.000 -13.232 -0.337 -2.624
6451809.000 1726175.000 -9.363 -30.506 -2.519
6451859.000 1726175.000 27.494 -27.074 -2.158
6451909.000 1726175.000 15.414 -35.554 -2.154
6451959.000 1726175.000 17.764 15.073 -2.626
6452009.000 1726175.000 14.261 17.198 -2.919
6452059.000 1726175.000 16.482 10.782 -3.014
6452109.000 1726175.000 4.720 3.835 -3.260
6452159.000 1726175.000 -5.441 7.415 -3.184
6452209.000 1726175.000 -2.288 10.505 -2.848
6452259.000 1726175.000 2.951 6.274 -2.590
6452309.000 1726175.000 2.008 6.871 -2.827
6452359.000 1726175.000 9.164 21.639 -3.459
6452409.000 1726175.000 4.096 3.605 -3.666
6452459.000 1726175.000 -9.268 -2.866 -3.673
6452509.000 1726175.000 -12.655 -8.216 -3.419
6452559.000 1726175.000 -9.480 -5.159 -2.387
6452609.000 1726175.000 0.130 0.312 -0.308
6452659.000 1726175.000 0.452 0.128 -0.279
6452709.000 1726175.000 0.377 -0.174 -0.281
6452759.000 1726175.000 0.195 -0.416 -0.287
6452809.000 1726175.000 0.194 -0.335 -0.290
6452859.000 1726175.000 0.068 -0.558 -0.303
6452909.000 1726175.000 -0.005 -0.620 -0.311
6452959.000 1726175.000 -0.033 -0.647 -0.321
6453009.000 1726175.000 -0.092 -0.642 -0.350
6453059.000 1726175.000 -0.111 -0.633 -0.349
6453109.000 1726175.000 -0.085 -0.650 -0.329
6453159.000 1726175.000 -0.094 -0.684 -0.336
6453209.000 1726175.000 -0.113 -0.706 -0.349
6453259.000 1726175.000 -0.117 -0.676 -0.344
6453309.000 1726175.000 -0.071 -0.597 -0.331
6453359.000 1726175.000 0.139 -0.548 -0.321
6453409.000 1726175.000 0.167 -0.431 -0.316
6453459.000 1726175.000 0.194 -0.447 -0.311
6453509.000 1726175.000 0.233 -0.467 -0.304
6453559.000 1726175.000 0.240 -0.470 -0.303
6453609.000 1726175.000 0.198 -0.439 -0.311
6453659.000 1726175.000 0.185 -0.397 -0.312
6453709.000 1726175.000 0.194 -0.409 -0.313
6453759.000 1726175.000 0.150 -0.328 -0.317
6453809.000 1726175.000 0.192 -0.409 -0.318
6453859.000 1726175.000 0.211 -0.357 -0.279
6453909.000 1726175.000 0.103 -0.524 -0.246
6453959.000 1726175.000 0.150 -0.620 -0.223
6454009.000 1726175.000 0.115 -0.586 -0.220
6454059.000 1726175.000 0.127 -0.565 -0.216
6454109.000 1726175.000 0.130 -0.499 -0.208
6454159.000 1726175.000 0.151 -0.508 -0.206
6454209.000 1726175.000 0.167 -0.487 -0.204
6454259.000 1726175.000 0.215 -0.458 -0.203
6454309.000 1726175.000 0.182 -0.416 -0.203
6454359.000 1726175.000 0.183 -0.416 -0.200
6454409.000 1726175.000 0.166 -0.418 -0.199
6454459.000 1726175.000 0.165 -0.419 -0.197
6454509.000 1726175.000 0.130 -0.409 -0.199
6451559.000 1726225.000 -10.334 -2.541 -3.092
6451609.000 1726225.000 -10.819 -0.970 -2.737
6451659.000 1726225.000 -7.695 3.180 -2.506
6451709.000 1726225.000 -4.774 4.506 -2.518
6451759.000 1726225.000 -16.364 1.137 -2.525
6451809.000 1726225.000 -33.002 -21.479 -2.645
6451859.000 1726225.000 -8.350 -55.306 -2.153
6451909.000 1726225.000 -5.892 -49.570 -2.203
6451959.000 1726225.000 22.575 11.543 -2.581
6452009.000 1726225.000 17.243 14.347 -2.557
6452059.000 1726225.000 14.224 14.443 -2.736
6452109.000 1726225.000 3.120 6.008 -2.991
6452159.000 1726225.000 -1.394 13.743 -2.708
6452209.000 1726225.000 0.187 6.790 -2.489
6452259.000 1726225.000 2.438 7.698 -2.457
6452309.000 1726225.000 9.260 13.089 -3.262
6452359.000 1726225.000 6.436 11.908 -3.534
6452409.000 1726225.000 -23.586 -9.846 -3.987
6452459.000 1726225.000 -20.949 -12.284 -3.805
6452509.000 1726225.000 -9.346 -8.415 -2.642
6452559.000 1726225.000 -0.072 -0.369 -0.330
6452609.000 1726225.000 0.094 -0.241 -0.311
6452659.000 1726225.000 0.212 -0.293 -0.303
6452709.000 1726225.000 0.165 -0.346 -0.304
6452759.000 1726225.000 0.057 -0.501 -0.311
6452809.000 1726225.000 0.075 -0.492 -0.314
6452859.000 1726225.000 0.030 -0.618 -0.325
6452909.000 1726225.000 -0.020 -0.627 -0.333
6452959.000 1726225.000 -0.070 -0.651 -0.352
6453009.000 1726225.000 -0.074 -0.630 -0.356
6453059.000 1726225.000 -0.074 -0.625 -0.342
6453109.000 1726225.000 -0.063 -0.640 -0.330
6453159.000 1726225.000 -0.074 -0.674 -0.340
6453209.000 1726225.000 -0.082 -0.715 -0.348
6453259.000 1726225.000 -0.038 -0.686 -0.343
6453309.000 1726225.000 0.047 -0.542 -0.328
6453359.000 1726225.000 0.197 -0.449 -0.319
6453409.000 1726225.000 0.189 -0.437 -0.314
6453459.000 1726225.000 0.234 -0.448 -0.310
6453509.000 1726225.000 0.264 -0.436 -0.308
6453559.000 1726225.000 0.260 -0.410 -0.313
6453609.000 1726225.000 0.211 -0.408 -0.320
6453659.000 1726225.000 0.194 -0.483 -0.323
6453709.000 1726225.000 0.202 -0.545 -0.331
6453759.000 1726225.000 0.155 -0.484 -0.340
6453809.000 1726225.000 0.191 -0.365 -0.346
6453859.000 1726225.000 0.310 -0.611 -0.296
6453909.000 1726225.000 0.138 -0.632 -0.258
6453959.000 1726225.000 0.158 -0.601 -0.212
6454009.000 1726225.000 0.134 -0.614 -0.210
6454059.000 1726225.000 0.074 -0.715 -0.206
6454109.000 1726225.000 0.172 -0.591 -0.190
6454159.000 1726225.000 0.192 -0.589 -0.193
6454209.000 1726225.000 0.192 -0.522 -0.203
6454259.000 1726225.000 0.244 -0.513 -0.204
6454309.000 1726225.000 0.238 -0.470 -0.206
6454359.000 1726225.000 0.226 -0.438 -0.204
6454409.000 1726225.000 0.179 -0.414 -0.202
6454459.000 1726225.000 0.180 -0.411 -0.198
6454509.000 1726225.000 0.156 -0.391 -0.199
6451559.000 1726275.000 -4.899 -8.829 -2.940
6451609.000 1726275.000 -3.231 -2.688 -2.584
6451659.000 1726275.000 -5.486 -0.107 -2.312
6451709.000 1726275.000 -3.555 -0.660 -2.315
6451759.000 1726275.000 -5.563 4.858 -2.270
6451809.000 1726275.000 -7.567 -9.884 -2.342
6451859.000 1726275.000 -11.730 -6.210 -2.303
6451909.000 1726275.000 -3.006 -7.309 -2.685
6451959.000 1726275.000 22.148 4.807 -2.610
6452009.000 1726275.000 15.272 17.669 -2.527
6452059.000 1726275.000 17.185 15.783 -2.606
6452109.000 1726275.000 3.787 7.203 -2.763
6452159.000 1726275.000 1.669 9.346 -2.471
6452209.000 1726275.000 1.187 8.330 -2.527
6452259.000 1726275.000 6.338 17.480 -3.161
6452309.000 1726275.000 -0.769 3.944 -3.641
6452359.000 1726275.000 -3.275 1.592 -3.693
6452409.000 1726275.000 -22.815 -3.206 -3.785
6452459.000 1726275.000 -21.240 0.173 -2.891
6452509.000 1726275.000 -0.103 -0.498 -0.340
6452559.000 1726275.000 0.127 -0.496 -0.322
6452609.000 1726275.000 0.145 -0.404 -0.315
6452659.000 1726275.000 0.168 -0.488 -0.311
6452709.000 1726275.000 -0.025 -0.511 -0.316
6452759.000 1726275.000 0.061 -0.609 -0.319
6452809.000 1726275.000 0.056 -0.584 -0.325
6452859.000 1726275.000 0.013 -0.593 -0.333
6452909.000 1726275.000 -0.023 -0.607 -0.340
6452959.000 1726275.000 -0.067 -0.631 -0.357
6453009.000 1726275.000 -0.058 -0.612 -0.352
6453059.000 1726275.000 -0.072 -0.605 -0.358
6453109.000 1726275.000 -0.086 -0.612 -0.368
6453159.000 1726275.000 -0.075 -0.619 -0.360
6453209.000 1726275.000 -0.060 -0.616 -0.355
6453259.000 1726275.000 0.154 -0.491 -0.342
6453309.000 1726275.000 0.182 -0.479 -0.332
6453359.000 1726275.000 0.199 -0.451 -0.321
6453409.000 1726275.000 0.207 -0.440 -0.315
6453459.000 1726275.000 0.268 -0.400 -0.312
6453509.000 1726275.000 0.266 -0.366 -0.313
6453559.000 1726275.000 0.255 -0.355 -0.316
6453609.000 1726275.000 0.203 -0.386 -0.320
6453659.000 1726275.000 0.220 -0.555 -0.328
6453709.000 1726275.000 0.225 -0.574 -0.335
6453759.000 1726275.000 0.202 -0.496 -0.342
6453809.000 1726275.000 0.322 -0.407 -0.346
6453859.000 1726275.000 0.351 -0.604 -0.300
6453909.000 1726275.000 0.256 -0.629 -0.255
6453959.000 1726275.000 0.176 -0.558 -0.203
6454009.000 1726275.000 0.177 -0.585 -0.202
6454059.000 1726275.000 0.140 -0.626 -0.193
6454109.000 1726275.000 0.214 -0.571 -0.187
6454159.000 1726275.000 0.207 -0.600 -0.193
6454209.000 1726275.000 0.196 -0.514 -0.210
6454259.000 1726275.000 0.297 -0.446 -0.213
6454309.000 1726275.000 0.244 -0.405 -0.215
6454359.000 1726275.000 0.208 -0.398 -0.212
6454409.000 1726275.000 0.146 -0.410 -0.209
6454459.000 1726275.000 0.115 -0.412 -0.207
6454509.000 1726275.000 0.089 -0.440 -0.209
6451559.000 1726325.000 1.307 -7.156 -2.526
6451609.000 1726325.000 -0.064 3.280 -2.385
6451659.000 1726325.000 -4.363 0.231 -2.218
6451709.000 1726325.000 -5.124 4.030 -2.302
6451759.000 1726325.000 -12.971 8.403 -2.244
6451809.000 1726325.000 -22.936 22.232 -2.499
6451859.000 1726325.000 -31.522 26.402 -2.676
6451909.000 1726325.000 4.946 5.340 -2.989
6451959.000 1726325.000 11.707 8.772 -2.784
6452009.000 1726325.000 15.044 17.831 -2.628
6452059.000 1726325.000 18.612 8.646 -2.559
6452109.000 1726325.000 3.243 -0.554 -2.656
6452159.000 1726325.000 2.952 5.928 -2.596
6452209.000 1726325.000 4.703 12.970 -3.170
6452259.000 1726325.000 -0.352 3.577 -3.742
6452309.000 1726325.000 -10.179 0.932 -3.868
6452359.000 1726325.000 -20.448 -4.122 -3.668
6452409.000 1726325.000 -16.469 -6.477 -3.206
6452459.000 1726325.000 0.187 -0.678 -0.333
6452509.000 1726325.000 0.248 -0.396 -0.320
6452559.000 1726325.000 0.315 -0.331 -0.312
6452609.000 1726325.000 0.211 -0.241 -0.311
6452659.000 1726325.000 0.217 -0.380 -0.309
6452709.000 1726325.000 0.069 -0.522 -0.316
6452759.000 1726325.000 0.081 -0.558 -0.322
6452809.000 1726325.000 0.038 -0.579 -0.333
6452859.000 1726325.000 -0.026 -0.590 -0.343
6452909.000 1726325.000 -0.075 -0.640 -0.352
6452959.000 1726325.000 -0.107 -0.693 -0.369
6453009.000 1726325.000 -0.094 -0.683 -0.349
6453059.000 1726325.000 -0.094 -0.672 -0.351
6453109.000 1726325.000 -0.111 -0.665 -0.370
6453159.000 1726325.000 -0.107 -0.661 -0.368
6453209.000 1726325.000 -0.068 -0.616 -0.358
6453259.000 1726325.000 0.182 -0.469 -0.345
6453309.000 1726325.000 0.187 -0.456 -0.338
6453359.000 1726325.000 0.205 -0.407 -0.327
6453409.000 1726325.000 0.244 -0.347 -0.319
6453459.000 1726325.000 0.261 -0.347 -0.311
6453509.000 1726325.000 0.227 -0.366 -0.308
6453559.000 1726325.000 0.220 -0.363 -0.311
6453609.000 1726325.000 0.190 -0.393 -0.318
6453659.000 1726325.000 0.260 -0.596 -0.331
6453709.000 1726325.000 0.260 -0.552 -0.338
6453759.000 1726325.000 0.228 -0.451 -0.345
6453809.000 1726325.000 0.286 -0.394 -0.350
6453859.000 1726325.000 0.297 -0.606 -0.312
6453909.000 1726325.000 0.239 -0.595 -0.260
6453959.000 1726325.000 0.120 -0.589 -0.215
6454009.000 1726325.000 0.137 -0.592 -0.207
6454059.000 1726325.000 0.094 -0.636 -0.205
6454109.000 1726325.000 0.201 -0.573 -0.201
6454159.000 1726325.000 0.200 -0.528 -0.208
6454209.000 1726325.000 0.234 -0.476 -0.218
6454259.000 1726325.000 0.268 -0.482 -0.217
6454309.000 1726325.000 0.227 -0.460 -0.220
6454359.000 1726325.000 0.191 -0.449 -0.222
6454409.000 1726325.000 0.125 -0.462 -0.223
6454459.000 1726325.000 0.124 -0.456 -0.220
6454509.000 1726325.000 0.094 -0.454 -0.222
6451559.000 1726375.000 7.968 5.163 -2.215
6451609.000 1726375.000 19.921 11.371 -2.398
6451659.000 1726375.000 -12.683 12.583 -2.521
6451709.000 1726375.000 -14.828 8.637 -2.550
6451759.000 1726375.000 -18.133 12.467 -2.482
6451809.000 1726375.000 -18.260 12.675 -2.655
6451859.000 1726375.000 -2.439 4.216 -2.950
6451909.000 1726375.000 2.602 4.090 -3.041
6451959.000 1726375.000 1.852 5.041 -2.916
6452009.000 1726375.000 13.118 12.614 -2.717
6452059.000 1726375.000 16.100 2.633 -2.669
6452109.000 1726375.000 0.350 0.818 -2.813
6452159.000 1726375.000 3.201 7.832 -3.142
6452209.000 1726375.000 1.210 4.105 -3.847
6452259.000 1726375.000 -0.671 1.092 -3.981
6452309.000 1726375.000 -18.050 -6.271 -3.809
6452359.000 1726375.000 -12.609 -9.141 -3.139
6452409.000 1726375.000 -0.072 -0.033 -0.333
6452459.000 1726375.000 0.354 0.025 -0.316
6452509.000 1726375.000 0.359 -0.070 -0.315
6452559.000 1726375.000 0.338 -0.161 -0.311
6452609.000 1726375.000 0.140 -0.310 -0.313
6452659.000 1726375.000 0.158 -0.421 -0.309
6452709.000 1726375.000 0.098 -0.517 -0.313
6452759.000 1726375.000 0.076 -0.542 -0.320
6452809.000 1726375.000 -0.006 -0.579 -0.335
6452859.000 1726375.000 -0.074 -0.631 -0.348
6452909.000 1726375.000 -0.106 -0.735 -0.364
6452959.000 1726375.000 -0.142 -0.781 -0.390
6453009.000 1726375.000 -0.139 -0.761 -0.369
6453059.000 1726375.000 -0.154 -0.752 -0.378
6453109.000 1726375.000 -0.136 -0.730 -0.373
6453159.000 1726375.000 -0.132 -0.703 -0.371
6453209.000 1726375.000 -0.059 -0.628 -0.361
6453259.000 1726375.000 0.172 -0.508 -0.354
6453309.000 1726375.000 0.199 -0.502 -0.352
6453359.000 1726375.000 0.194 -0.472 -0.344
6453409.000 1726375.000 0.196 -0.377 -0.329
6453459.000 1726375.000 0.224 -0.351 -0.314
6453509.000 1726375.000 0.216 -0.368 -0.309
6453559.000 1726375.000 0.199 -0.371 -0.311
6453609.000 1726375.000 0.221 -0.430 -0.323
6453659.000 1726375.000 0.259 -0.532 -0.335
6453709.000 1726375.000 0.216 -0.446 -0.340
6453759.000 1726375.000 0.218 -0.400 -0.343
6453809.000 1726375.000 0.237 -0.391 -0.342
6453859.000 1726375.000 0.251 -0.429 -0.313
6453909.000 1726375.000 0.219 -0.421 -0.258
6453959.000 1726375.000 0.104 -0.557 -0.222
6454009.000 1726375.000 0.118 -0.585 -0.230
6454059.000 1726375.000 0.109 -0.703 -0.252
6454109.000 1726375.000 0.120 -0.601 -0.256
6454159.000 1726375.000 0.171 -0.437 -0.242
6454209.000 1726375.000 0.145 -0.396 -0.245
6454259.000 1726375.000 0.028 -0.317 -0.246
6454309.000 1726375.000 0.004 -0.343 -0.249
6454359.000 1726375.000 0.111 -0.387 -0.262
6454409.000 1726375.000 0.098 -0.411 -0.270
6454459.000 1726375.000 0.049 -0.417 -0.277
6454509.000 1726375.000 -0.027 -0.430 -0.269
6451559.000 1726425.000 12.178 31.350 -2.693
6451609.000 1726425.000 -11.295 36.244 -2.982
6451659.000 1726425.000 -25.750 29.217 -3.196
6451709.000 1726425.000 -22.656 9.453 -2.912
6451759.000 1726425.000 -15.702 3.503 -2.718
6451809.000 1726425.000 -6.606 -4.380 -2.718
6451859.000 1726425.000 -0.675 -9.819 -2.906
6451909.000 1726425.000 -2.012 -9.165 -2.963
6451959.000 1726425.000 -4.106 -2.332 -2.980
6452009.000 1726425.000 8.292 7.659 -2.873
6452059.000 1726425.000 8.454 4.356 -2.980
6452109.000 1726425.000 -0.661 2.528 -3.193
6452159.000 1726425.000 -5.670 -1.508 -3.533
6452209.000 1726425.000 -14.374 -8.624 -3.667
6452259.000 1726425.000 -10.654 -10.550 -3.552
6452309.000 1726425.000 -11.825 -9.388 -3.227
6452359.000 1726425.000 0.124 0.039 -0.342
6452409.000 1726425.000 0.240 -0.153 -0.337
6452459.000 1726425.000 0.200 -0.184 -0.330
6452509.000 1726425.000 0.179 -0.281 -0.326
6452559.000 1726425.000 0.105 -0.446 -0.321
6452609.000 1726425.000 0.156 -0.362 -0.315
6452659.000 1726425.000 0.137 -0.383 -0.308
6452709.000 1726425.000 0.114 -0.396 -0.307
6452759.000 1726425.000 0.083 -0.514 -0.312
6452809.000 1726425.000 0.042 -0.651 -0.327
6452859.000 1726425.000 -0.025 -0.727 -0.341
6452909.000 1726425.000 -0.068 -0.774 -0.355
6452959.000 1726425.000 -0.103 -0.803 -0.367
6453009.000 1726425.000 -0.139 -0.797 -0.383
6453059.000 1726425.000 -0.147 -0.749 -0.368
6453109.000 1726425.000 -0.145 -0.700 -0.358
6453159.000 1726425.000 -0.150 -0.660 -0.357
6453209.000 1726425.000 -0.003 -0.584 -0.349
6453259.000 1726425.000 0.161 -0.479 -0.349
6453309.000 1726425.000 0.160 -0.485 -0.351
6453359.000 1726425.000 0.162 -0.449 -0.347
6453409.000 1726425.000 0.175 -0.418 -0.333
6453459.000 1726425.000 0.204 -0.410 -0.317
6453509.000 1726425.000 0.203 -0.392 -0.312
6453559.000 1726425.000 0.185 -0.402 -0.318
6453609.000 1726425.000 0.226 -0.475 -0.331
6453659.000 1726425.000 0.217 -0.492 -0.340
6453709.000 1726425.000 0.223 -0.451 -0.342
6453759.000 1726425.000 0.177 -0.424 -0.346
6453809.000 1726425.000 0.182 -0.402 -0.346
6453859.000 1726425.000 0.163 -0.449 -0.324
6453909.000 1726425.000 0.147 -0.469 -0.280
6453959.000 1726425.000 0.097 -0.630 -0.248
6454009.000 1726425.000 0.107 -0.562 -0.262
6454059.000 1726425.000 0.214 -0.579 -0.282
6454109.000 1726425.000 0.110 -0.519 -0.288
6454159.000 1726425.000 0.132 -0.469 -0.284
6454209.000 1726425.000 0.093 -0.490 -0.291
6454259.000 1726425.000 0.134 -0.492 -0.295
6454309.000 1726425.000 0.152 -0.492 -0.301
6454359.000 1726425.000 0.143 -0.437 -0.309
6454409.000 1726425.000 0.108 -0.436 -0.322
6454459.000 1726425.000 -0.005 -0.475 -0.329
6454509.000 1726425.000 0.096 -0.505 -0.342
6451559.000 1726475.000 2.105 32.929 -3.105
6451609.000 1726475.000 -16.270 18.836 -3.455
6451659.000 1726475.000 -16.963 3.345 -3.358
6451709.000 1726475.000 -17.391 -4.337 -3.156
6451759.000 1726475.000 -11.408 -5.509 -2.890
6451809.000 1726475.000 -10.968 -2.454 -2.758
6451859.000 1726475.000 -1.796 -9.967 -2.785
6451909.000 1726475.000 -4.366 -11.356 -2.884
6451959.000 1726475.000 -0.898 -3.798 -3.044
6452009.000 1726475.000 -0.381 3.111 -3.132
6452059.000 1726475.000 -0.775 1.720 -3.212
6452109.000 1726475.000 -12.098 -5.721 -3.331
6452159.000 1726475.000 -14.841 -7.912 -3.593
6452209.000 1726475.000 -13.045 -8.905 -3.579
6452259.000 1726475.000 0.581 -0.476 -0.347
6452309.000 1726475.000 0.382 -0.151 -0.328
6452359.000 1726475.000 0.503 -0.252 -0.341
6452409.000 1726475.000 0.293 -0.116 -0.340
6452459.000 1726475.000 0.236 -0.149 -0.335
6452509.000 1726475.000 0.158 -0.268 -0.332
6452559.000 1726475.000 0.049 -0.401 -0.326
6452609.000 1726475.000 0.133 -0.322 -0.320
6452659.000 1726475.000 0.110 -0.388 -0.312
6452709.000 1726475.000 0.117 -0.387 -0.309
6452759.000 1726475.000 0.107 -0.552 -0.308
6452809.000 1726475.000 0.091 -0.686 -0.321
6452859.000 1726475.000 0.031 -0.731 -0.324
6452909.000 1726475.000 -0.023 -0.758 -0.332
6452959.000 1726475.000 -0.065 -0.786 -0.349
6453009.000 1726475.000 -0.088 -0.782 -0.362
6453059.000 1726475.000 -0.096 -0.729 -0.340
6453109.000 1726475.000 -0.111 -0.671 -0.335
6453159.000 1726475.000 -0.125 -0.596 -0.343
6453209.000 1726475.000 0.095 -0.581 -0.334
6453259.000 1726475.000 0.076 -0.582 -0.345
6453309.000 1726475.000 0.104 -0.577 -0.349
6453359.000 1726475.000 0.131 -0.481 -0.345
6453409.000 1726475.000 0.162 -0.445 -0.331
6453459.000 1726475.000 0.176 -0.431 -0.322
6453509.000 1726475.000 0.161 -0.405 -0.325
6453559.000 1726475.000 0.137 -0.408 -0.335
6453609.000 1726475.000 0.181 -0.455 -0.341
6453659.000 1726475.000 0.180 -0.451 -0.345
6453709.000 1726475.000 0.166 -0.437 -0.348
6453759.000 1726475.000 0.124 -0.440 -0.355
6453809.000 1726475.000 0.126 -0.427 -0.356
6453859.000 1726475.000 0.145 -0.448 -0.343
6453909.000 1726475.000 0.136 -0.472 -0.323
6453959.000 1726475.000 0.134 -0.605 -0.297
6454009.000 1726475.000 0.179 -0.494 -0.300
6454059.000 1726475.000 0.140 -0.465 -0.302
6454109.000 1726475.000 0.129 -0.443 -0.308
6454159.000 1726475.000 0.107 -0.407 -0.316
6454209.000 1726475.000 0.129 -0.421 -0.322
6454259.000 1726475.000 0.130 -0.432 -0.324
6454309.000 1726475.000 0.150 -0.438 -0.324
6454359.000 1726475.000 0.117 -0.419 -0.334
6454409.000 1726475.000 0.125 -0.375 -0.338
6454459.000 1726475.000 0.113 -0.299 -0.345
6454509.000 1726475.000 -0.017 -0.233 -0.348
6451559.000 1726525.000 -0.896 3.671 -3.462
6451609.000 1726525.000 -6.238 -5.220 -3.583
6451659.000 1726525.000 -1.253 -26.656 -3.348
6451709.000 1726525.000 -8.779 -22.466 -3.123
6451759.000 1726525.000 -4.001 0.849 -2.832
6451809.000 1726525.000 -7.455 3.782 -2.718
6451859.000 1726525.000 -3.253 -7.668 -2.692
6451909.000 1726525.000 -3.374 -7.954 -2.858
6451959.000 1726525.000 1.617 -4.246 -3.138
6452009.000 1726525.000 -6.922 -0.690 -3.038
6452059.000 1726525.000 -17.605 -5.231 -3.042
6452109.000 1726525.000 -18.429 -6.207 -3.175
6452159.000 1726525.000 -18.710 -6.533 -3.298
6452209.000 1726525.000 0.247 -0.270 -0.254
6452259.000 1726525.000 0.235 -0.316 -0.265
6452309.000 1726525.000 0.376 -0.223 -0.292
6452359.000 1726525.000 0.663 -0.462 -0.327
6452409.000 1726525.000 0.537 -0.422 -0.341
6452459.000 1726525.000 0.244 -0.332 -0.338
6452509.000 1726525.000 0.125 -0.256 -0.333
6452559.000 1726525.000 0.145 -0.469 -0.324
6452609.000 1726525.000 0.355 -0.608 -0.313
6452659.000 1726525.000 0.346 -0.934 -0.299
6452709.000 1726525.000 0.116 -0.687 -0.298
6452759.000 1726525.000 0.108 -0.695 -0.296
6452809.000 1726525.000 0.102 -0.722 -0.299
6452859.000 1726525.000 0.069 -0.731 -0.305
6452909.000 1726525.000 0.008 -0.763 -0.330
6452959.000 1726525.000 -0.014 -0.757 -0.328
6453009.000 1726525.000 -0.023 -0.733 -0.321
6453059.000 1726525.000 -0.029 -0.696 -0.315
6453109.000 1726525.000 -0.007 -0.627 -0.320
6453159.000 1726525.000 0.082 -0.588 -0.323
6453209.000 1726525.000 0.099 -0.567 -0.331
6453259.000 1726525.000 0.105 -0.554 -0.339
6453309.000 1726525.000 0.125 -0.540 -0.342
6453359.000 1726525.000 0.132 -0.486 -0.340
6453409.000 1726525.000 0.137 -0.472 -0.331
6453459.000 1726525.000 0.127 -0.462 -0.330
6453509.000 1726525.000 0.133 -0.458 -0.333
6453559.000 1726525.000 0.179 -0.496 -0.340
6453609.000 1726525.000 0.184 -0.472 -0.342
6453659.000 1726525.000 0.175 -0.459 -0.347
6453709.000 1726525.000 0.152 -0.483 -0.351
6453759.000 1726525.000 0.127 -0.476 -0.358
6453809.000 1726525.000 0.129 -0.463 -0.356
6453859.000 1726525.000 0.183 -0.459 -0.345
6453909.000 1726525.000 0.271 -0.521 -0.333
6453959.000 1726525.000 0.287 -0.591 -0.318
6454009.000 1726525.000 0.185 -0.507 -0.312
6454059.000 1726525.000 0.139 -0.489 -0.306
6454109.000 1726525.000 0.134 -0.486 -0.309
6454159.000 1726525.000 0.109 -0.448 -0.316
6454209.000 1726525.000 0.127 -0.445 -0.320
6454259.000 1726525.000 0.135 -0.439 -0.325
6454309.000 1726525.000 0.141 -0.454 -0.331
6454359.000 1726525.000 0.115 -0.416 -0.339
6454409.000 1726525.000 0.132 -0.359 -0.342
6454459.000 1726525.000 0.113 -0.309 -0.345
6454509.000 1726525.000 0.128 -0.309 -0.346
6451559.000 1726575.000 -1.817 -0.992 -3.476
6451609.000 1726575.000 -1.588 -17.447 -3.303
6451659.000 1726575.000 -6.596 -20.870 -2.998
6451709.000 1726575.000 -18.233 -9.789 -2.802
6451759.000 1726575.000 -13.241 2.493 -2.675
6451809.000 1726575.000 -8.239 5.994 -2.855
6451859.000 1726575.000 -3.020 6.844 -3.026
6451909.000 1726575.000 1.563 -2.241 -3.188
6451959.000 1726575.000 -7.906 -13.857 -3.009
6452009.000 1726575.000 -17.626 -13.301 -2.823
6452059.000 1726575.000 -21.901 -7.453 -2.889
6452109.000 1726575.000 -0.517 1.141 -0.142
6452159.000 1726575.000 0.151 -0.652 -0.250
6452209.000 1726575.000 0.143 -0.617 -0.256
6452259.000 1726575.000 0.111 -0.584 -0.259
6452309.000 1726575.000 0.100 -0.666 -0.274
6452359.000 1726575.000 0.081 -1.274 -0.313
6452409.000 1726575.000 0.100 -1.762 -0.347
6452459.000 1726575.000 0.050 -1.727 -0.347
6452509.000 1726575.000 -0.300 -1.587 -0.334
6452559.000 1726575.000 3.413 -2.434 -0.285
6452609.000 1726575.000 2.679 -2.622 -0.258
6452659.000 1726575.000 0.369 -1.185 -0.245
6452709.000 1726575.000 0.080 -0.883 -0.274
6452759.000 1726575.000 0.073 -0.843 -0.266
6452809.000 1726575.000 0.094 -0.723 -0.210
6452859.000 1726575.000 0.099 -0.695 -0.214
6452909.000 1726575.000 0.002 -0.714 -0.287
6452959.000 1726575.000 0.004 -0.722 -0.292
6453009.000 1726575.000 0.004 -0.705 -0.288
6453059.000 1726575.000 0.041 -0.708 -0.291
6453109.000 1726575.000 0.050 -0.596 -0.307
6453159.000 1726575.000 0.026 -0.536 -0.324
6453209.000 1726575.000 0.066 -0.553 -0.337
6453259.000 1726575.000 0.105 -0.555 -0.344
6453309.000 1726575.000 0.116 -0.545 -0.346
6453359.000 1726575.000 0.111 -0.499 -0.343
6453409.000 1726575.000 0.117 -0.496 -0.339
6453459.000 1726575.000 0.132 -0.501 -0.337
6453509.000 1726575.000 0.197 -0.549 -0.338
6453559.000 1726575.000 0.183 -0.501 -0.341
6453609.000 1726575.000 0.176 -0.479 -0.344
6453659.000 1726575.000 0.174 -0.486 -0.349
6453709.000 1726575.000 0.131 -0.483 -0.358
6453759.000 1726575.000 0.121 -0.470 -0.362
6453809.000 1726575.000 0.110 -0.456 -0.362
6453859.000 1726575.000 0.245 -0.525 -0.347
6453909.000 1726575.000 0.302 -0.628 -0.338
6453959.000 1726575.000 0.246 -0.582 -0.324
6454009.000 1726575.000 0.117 -0.525 -0.321
6454059.000 1726575.000 0.158 -0.537 -0.316
6454109.000 1726575.000 0.169 -0.533 -0.321
6454159.000 1726575.000 0.136 -0.469 -0.325
6454209.000 1726575.000 0.126 -0.462 -0.328
6454259.000 1726575.000 0.132 -0.449 -0.334
6454309.000 1726575.000 0.140 -0.464 -0.339
6454359.000 1726575.000 0.108 -0.401 -0.342
6454409.000 1726575.000 0.111 -0.379 -0.342
6454459.000 1726575.000 0.093 -0.349 -0.342
6454509.000 1726575.000 0.178 -0.342 -0.339
6451559.000 1726625.000 -5.208 -3.755 -2.973
6451609.000 1726625.000 0.176 4.727 -2.415
6451659.000 1726625.000 -8.429 7.132 -2.229
6451709.000 1726625.000 -10.124 10.949 -2.329
6451759.000 1726625.000 -12.744 17.003 -2.621
6451809.000 1726625.000 -10.187 19.222 -2.897
6451859.000 1726625.000 -19.384 3.181 -2.931
6451909.000 1726625.000 -15.762 -10.922 -2.815
6451959.000 1726625.000 -18.080 -13.094 -2.640
6452009.000 1726625.000 -17.016 -12.881 -2.617
6452059.000 1726625.000 0.388 -0.323 -0.033
6452109.000 1726625.000 0.183 -0.872 -0.198
6452159.000 1726625.000 0.350 -0.897 -0.223
6452209.000 1726625.000 0.204 -0.933 -0.241
6452259.000 1726625.000 0.016 -1.131 -0.257
6452309.000 1726625.000 -0.533 -1.292 -0.268
6452359.000 1726625.000 -0.817 -1.458 -0.286
6452409.000 1726625.000 -0.781 -1.685 -0.318
6452459.000 1726625.000 1.015 -1.543 -0.230
6452509.000 1726625.000 2.471 -1.868 -0.203
6452559.000 1726625.000 0.702 -1.016 -0.125
6452609.000 1726625.000 0.405 -0.970 -0.115
6452659.000 1726625.000 0.317 -0.989 -0.130
6452709.000 1726625.000 0.112 -0.940 -0.193
6452759.000 1726625.000 0.055 -0.939 -0.211
6452809.000 1726625.000 0.022 -0.860 -0.195
6452859.000 1726625.000 0.039 -0.791 -0.193
6452909.000 1726625.000 -0.017 -0.729 -0.255
6452959.000 1726625.000 -0.033 -0.721 -0.274
6453009.000 1726625.000 -0.019 -0.715 -0.272
6453059.000 1726625.000 0.056 -0.705 -0.277
6453109.000 1726625.000 -0.035 -0.490 -0.299
6453159.000 1726625.000 -0.074 -0.483 -0.325
6453209.000 1726625.000 0.104 -0.599 -0.340
6453259.000 1726625.000 0.149 -0.539 -0.344
6453309.000 1726625.000 0.133 -0.497 -0.348
6453359.000 1726625.000 0.136 -0.514 -0.348
6453409.000 1726625.000 0.134 -0.509 -0.343
6453459.000 1726625.000 0.149 -0.504 -0.341
6453509.000 1726625.000 0.197 -0.537 -0.340
6453559.000 1726625.000 0.163 -0.489 -0.342
6453609.000 1726625.000 0.188 -0.487 -0.345
6453659.000 1726625.000 0.180 -0.486 -0.353
6453709.000 1726625.000 0.157 -0.488 -0.359
6453759.000 1726625.000 0.153 -0.521 -0.363
6453809.000 1726625.000 0.124 -0.509 -0.367
6453859.000 1726625.000 0.208 -0.556 -0.354
6453909.000 1726625.000 0.223 -0.587 -0.346
6453959.000 1726625.000 0.264 -0.626 -0.332
6454009.000 1726625.000 0.175 -0.619 -0.334
6454059.000 1726625.000 0.191 -0.613 -0.333
6454109.000 1726625.000 0.158 -0.554 -0.333
6454159.000 1726625.000 0.177 -0.544 -0.335
6454209.000 1726625.000 0.156 -0.519 -0.339
6454259.000 1726625.000 0.169 -0.486 -0.344
6454309.000 1726625.000 0.143 -0.465 -0.347
6454359.000 1726625.000 0.132 -0.435 -0.350
6454409.000 1726625.000 0.133 -0.432 -0.352
6454459.000 1726625.000 0.126 -0.428 -0.357
6454509.000 1726625.000 0.147 -0.441 -0.368
6451559.000 1726675.000 -1.592 -3.266 -2.529
6451609.000 1726675.000 -3.678 -9.495 -2.208
6451659.000 1726675.000 -1.022 -2.268 -2.249
6451709.000 1726675.000 -3.240 3.049 -2.448
6451759.000 1726675.000 -9.568 -0.792 -2.638
6451809.000 1726675.000 -7.943 -3.984 -2.705
6451859.000 1726675.000 -10.993 -4.363 -2.628
6451909.000 1726675.000 -10.500 -5.647 -2.227
6451959.000 1726675.000 -8.090 -10.160 -2.233
6452009.000 1726675.000 0.312 -1.123 0.038
6452059.000 1726675.000 0.264 -1.047 -0.063
6452109.000 1726675.000 0.440 -0.910 -0.117
6452159.000 1726675.000 0.684 -0.247 -0.093
6452209.000 1726675.000 -0.113 0.074 -0.107
6452259.000 1726675.000 -0.633 -0.459 -0.153
6452309.000 1726675.000 -0.381 -0.548 -0.138
6452359.000 1726675.000 -0.066 -0.540 -0.103
6452409.000 1726675.000 0.008 -0.427 -0.043
6452459.000 1726675.000 -0.117 -0.337 0.003
6452509.000 1726675.000 0.124 -0.568 0.007
6452559.000 1726675.000 0.284 -0.729 -0.034
6452609.000 1726675.000 0.302 -0.841 -0.091
6452659.000 1726675.000 0.168 -0.935 -0.165
6452709.000 1726675.000 0.072 -0.987 -0.212
6452759.000 1726675.000 0.036 -1.021 -0.231
6452809.000 1726675.000 -0.046 -0.963 -0.230
6452859.000 1726675.000 -0.043 -0.914 -0.225
6452909.000 1726675.000 -0.047 -0.839 -0.247
6452959.000 1726675.000 -0.056 -0.796 -0.264
6453009.000 1726675.000 -0.041 -0.798 -0.260
6453059.000 1726675.000 -0.021 -0.671 -0.270
6453109.000 1726675.000 -0.161 -0.385 -0.296
6453159.000 1726675.000 -0.138 -0.473 -0.327
6453209.000 1726675.000 0.145 -0.673 -0.343
6453259.000 1726675.000 0.178 -0.586 -0.348
6453309.000 1726675.000 0.166 -0.551 -0.351
6453359.000 1726675.000 0.146 -0.528 -0.349
6453409.000 1726675.000 0.134 -0.500 -0.345
6453459.000 1726675.000 0.147 -0.474 -0.342
6453509.000 1726675.000 0.185 -0.532 -0.342
6453559.000 1726675.000 0.181 -0.530 -0.343
6453609.000 1726675.000 0.211 -0.485 -0.348
6453659.000 1726675.000 0.226 -0.499 -0.356
6453709.000 1726675.000 0.201 -0.477 -0.363
6453759.000 1726675.000 0.162 -0.523 -0.372
6453809.000 1726675.000 0.148 -0.449 -0.376
6453859.000 1726675.000 0.131 -0.516 -0.367
6453909.000 1726675.000 0.192 -0.633 -0.357
6453959.000 1726675.000 0.211 -0.653 -0.342
6454009.000 1726675.000 0.166 -0.634 -0.346
6454059.000 1726675.000 0.175 -0.625 -0.344
6454109.000 1726675.000 0.157 -0.622 -0.343
6454159.000 1726675.000 0.212 -0.598 -0.344
6454209.000 1726675.000 0.193 -0.521 -0.348
6454259.000 1726675.000 0.174 -0.481 -0.350
6454309.000 1726675.000 0.145 -0.481 -0.351
6454359.000 1726675.000 0.143 -0.470 -0.356
6454409.000 1726675.000 0.148 -0.477 -0.360
6454459.000 1726675.000 0.126 -0.459 -0.369
6454509.000 1726675.000 0.180 -0.415 -0.376
6451559.000 1726725.000 -1.112 -8.909 -2.339
6451609.000 1726725.000 -0.486 -8.915 -2.331
6451659.000 1726725.000 -0.215 -7.912 -2.459
6451709.000 1726725.000 1.441 -8.197 -2.682
6451759.000 1726725.000 0.723 -6.680 -2.674
6451809.000 1726725.000 2.067 -2.638 -1.612
6451859.000 1726725.000 0.021 -1.535 -0.978
6451909.000 1726725.000 0.223 -1.141 0.172
6451959.000 1726725.000 0.161 -1.155 0.139
6452009.000 1726725.000 0.184 -1.129 0.057
6452059.000 1726725.000 0.005 -0.886 -0.011
6452109.000 1726725.000 0.051 -0.148 -0.026
6452159.000 1726725.000 0.633 0.052 -0.038
6452209.000 1726725.000 0.280 -0.002 -0.056
6452259.000 1726725.000 0.156 -0.264 -0.069
6452309.000 1726725.000 0.290 -0.350 -0.054
6452359.000 1726725.000 0.366 -0.465 -0.027
6452409.000 1726725.000 0.243 -0.594 -0.000
6452459.000 1726725.000 0.297 -0.718 0.012
6452509.000 1726725.000 0.275 -0.758 0.003
6452559.000 1726725.000 0.205 -0.883 -0.115
6452609.000 1726725.000 0.141 -1.001 -0.201
6452659.000 1726725.000 0.075 -1.043 -0.240
6452709.000 1726725.000 0.033 -1.049 -0.271
6452759.000 1726725.000 0.025 -1.054 -0.291
6452809.000 1726725.000 -0.092 -0.952 -0.293
6452859.000 1726725.000 -0.104 -0.870 -0.288
6452909.000 1726725.000 -0.101 -0.826 -0.291
6452959.000 1726725.000 -0.062 -0.797 -0.279
6453009.000 1726725.000 -0.059 -0.822 -0.270
6453059.000 1726725.000 -0.099 -0.679 -0.288
6453109.000 1726725.000 -0.216 -0.395 -0.312
6453159.000 1726725.000 -0.135 -0.654 -0.346
6453209.000 1726725.000 0.096 -0.705 -0.351
6453259.000 1726725.000 0.138 -0.626 -0.357
6453309.000 1726725.000 0.140 -0.580 -0.358
6453359.000 1726725.000 0.164 -0.576 -0.354
6453409.000 1726725.000 0.171 -0.554 -0.350
6453459.000 1726725.000 0.197 -0.556 -0.346
6453509.000 1726725.000 0.195 -0.558 -0.345
6453559.000 1726725.000 0.188 -0.567 -0.348
6453609.000 1726725.000 0.190 -0.507 -0.355
6453659.000 1726725.000 0.208 -0.516 -0.362
6453709.000 1726725.000 0.208 -0.495 -0.370
6453759.000 1726725.000 0.156 -0.457 -0.377
6453809.000 1726725.000 0.175 -0.467 -0.381
6453859.000 1726725.000 0.119 -0.465 -0.373
6453909.000 1726725.000 0.143 -0.601 -0.364
6453959.000 1726725.000 0.180 -0.649 -0.354
6454009.000 1726725.000 0.167 -0.639 -0.355
6454059.000 1726725.000 0.193 -0.653 -0.350
6454109.000 1726725.000 0.183 -0.646 -0.346
6454159.000 1726725.000 0.279 -0.586 -0.347
6454209.000 1726725.000 0.247 -0.555 -0.349
6454259.000 1726725.000 0.253 -0.552 -0.351
6454309.000 1726725.000 0.213 -0.540 -0.355
6454359.000 1726725.000 0.185 -0.509 -0.364
6454409.000 1726725.000 0.178 -0.489 -0.369
6454459.000 1726725.000 0.162 -0.467 -0.374
6454509.000 1726725.000 0.187 -0.448 -0.375
6451559.000 1726775.000 -0.166 -1.079 0.164
6451609.000 1726775.000 -0.125 -1.169 0.176
6451659.000 1726775.000 -0.061 -0.904 0.189
6451709.000 1726775.000 0.054 -0.659 0.244
6451759.000 1726775.000 0.135 -1.027 0.282
6451809.000 1726775.000 0.087 -1.263 0.283
6451859.000 1726775.000 0.156 -1.276 0.227
6451909.000 1726775.000 0.181 -1.331 0.167
6451959.000 1726775.000 0.170 -1.399 0.088
6452009.000 1726775.000 0.153 -1.444 0.030
6452059.000 1726775.000 0.010 -1.290 -0.017
6452109.000 1726775.000 0.258 -1.110 -0.037
6452159.000 1726775.000 0.593 -0.728 -0.046
6452209.000 1726775.000 0.276 -0.825 -0.059
6452259.000 1726775.000 0.133 -0.853 -0.065
6452309.000 1726775.000 0.179 -0.905 -0.051
6452359.000 1726775.000 0.528 -0.986 -0.024
6452409.000 1726775.000 0.489 -0.893 -0.008
6452459.000 1726775.000 0.364 -0.798 -0.013
6452509.000 1726775.000 0.163 -1.008 -0.193
6452559.000 1726775.000 0.113 -1.177 -0.309
6452609.000 1726775.000 0.175 -1.190 -0.318
6452659.000 1726775.000 0.135 -1.184 -0.327
6452709.000 1726775.000 0.056 -1.077 -0.338
6452759.000 1726775.000 -0.028 -0.921 -0.349
6452809.000 1726775.000 -0.111 -0.804 -0.349
6452859.000 1726775.000 -0.140 -0.763 -0.348
6452909.000 1726775.000 -0.124 -0.763 -0.342
6452959.000 1726775.000 -0.078 -0.739 -0.321
6453009.000 1726775.000 -0.122 -0.764 -0.312
6453059.000 1726775.000 -0.165 -0.667 -0.332
6453109.000 1726775.000 -0.217 -0.590 -0.349
6453159.000 1726775.000 -0.137 -0.784 -0.373
6453209.000 1726775.000 0.063 -0.678 -0.367
6453259.000 1726775.000 0.078 -0.577 -0.370
6453309.000 1726775.000 0.073 -0.541 -0.365
6453359.000 1726775.000 0.191 -0.607 -0.358
6453409.000 1726775.000 0.205 -0.601 -0.354
6453459.000 1726775.000 0.222 -0.616 -0.351
6453509.000 1726775.000 0.231 -0.607 -0.350
6453559.000 1726775.000 0.214 -0.607 -0.354
6453609.000 1726775.000 0.205 -0.565 -0.362
6453659.000 1726775.000 0.204 -0.576 -0.369
6453709.000 1726775.000 0.219 -0.479 -0.376
6453759.000 1726775.000 0.199 -0.464 -0.381
6453809.000 1726775.000 0.184 -0.453 -0.384
6453859.000 1726775.000 0.193 -0.482 -0.375
6453909.000 1726775.000 0.160 -0.587 -0.362
6453959.000 1726775.000 0.163 -0.613 -0.357
6454009.000 1726775.000 0.147 -0.609 -0.358
6454059.000 1726775.000 0.204 -0.644 -0.353
6454109.000 1726775.000 0.225 -0.638 -0.348
6454159.000 1726775.000 0.263 -0.612 -0.348
6454209.000 1726775.000 0.249 -0.575 -0.349
6454259.000 1726775.000 0.258 -0.580 -0.352
6454309.000 1726775.000 0.248 -0.596 -0.359
6454359.000 1726775.000 0.188 -0.521 -0.368
6454409.000 1726775.000 0.180 -0.461 -0.372
6454459.000 1726775.000 0.143 -0.460 -0.376
6454509.000 1726775.000 0.124 -0.451 -0.380
6451559.000 1726825.000 -0.130 -1.413 0.144
6451609.000 1726825.000 -0.092 -1.447 0.135
6451659.000 1726825.000 -0.097 -1.457 0.149
6451709.000 1726825.000 -0.026 -1.364 0.197
6451759.000 1726825.000 0.111 -1.219 0.275
6451809.000 1726825.000 -0.048 -1.181 0.252
6451859.000 1726825.000 -0.012 -1.326 0.157
6451909.000 1726825.000 0.121 -1.468 0.072
6451959.000 1726825.000 0.173 -1.647 0.005
6452009.000 1726825.000 0.255 -1.932 -0.025
6452059.000 1726825.000 0.093 -1.866 -0.030
6452109.000 1726825.000 0.546 -1.798 -0.029
6452159.000 1726825.000 -0.552 -1.278 -0.041
6452209.000 1726825.000 0.405 -1.519 -0.064
6452259.000 1726825.000 0.439 -1.362 -0.075
6452309.000 1726825.000 0.206 -1.027 -0.077
6452359.000 1726825.000 0.431 -0.573 -0.072
6452409.000 1726825.000 0.328 -0.619 -0.060
6452459.000 1726825.000 0.142 -0.897 -0.220
6452509.000 1726825.000 0.007 -1.139 -0.349
6452559.000 1726825.000 0.122 -1.198 -0.360
6452609.000 1726825.000 0.193 -1.180 -0.368
6452659.000 1726825.000 0.111 -1.062 -0.383
6452709.000 1726825.000 0.052 -0.920 -0.386
6452759.000 1726825.000 0.011 -0.911 -0.394
6452809.000 1726825.000 -0.047 -0.896 -0.399
6452859.000 1726825.000 -0.099 -0.866 -0.400
6452909.000 1726825.000 -0.103 -0.809 -0.388
6452959.000 1726825.000 -0.085 -0.753 -0.361
6453009.000 1726825.000 -0.155 -0.722 -0.364
6453059.000 1726825.000 -0.177 -0.663 -0.379
6453109.000 1726825.000 -0.188 -0.720 -0.391
6453159.000 1726825.000 -0.080 -0.678 -0.390
6453209.000 1726825.000 0.095 -0.705 -0.390
6453259.000 1726825.000 0.065 -0.611 -0.386
6453309.000 1726825.000 0.066 -0.571 -0.374
6453359.000 1726825.000 0.156 -0.595 -0.363
6453409.000 1726825.000 0.171 -0.578 -0.357
6453459.000 1726825.000 0.196 -0.582 -0.355
6453509.000 1726825.000 0.219 -0.576 -0.353
6453559.000 1726825.000 0.191 -0.568 -0.358
6453609.000 1726825.000 0.173 -0.570 -0.363
6453659.000 1726825.000 0.157 -0.597 -0.369
6453709.000 1726825.000 0.162 -0.533 -0.375
6453759.000 1726825.000 0.194 -0.489 -0.381
6453809.000 1726825.000 0.176 -0.473 -0.384
6453859.000 1726825.000 0.185 -0.523 -0.377
6453909.000 1726825.000 0.150 -0.571 -0.365
6453959.000 1726825.000 0.151 -0.593 -0.365
6454009.000 1726825.000 0.172 -0.612 -0.369
6454059.000 1726825.000 0.211 -0.617 -0.364
6454109.000 1726825.000 0.241 -0.636 -0.356
6454159.000 1726825.000 0.270 -0.636 -0.353
6454209.000 1726825.000 0.338 -0.632 -0.352
6454259.000 1726825.000 0.327 -0.578 -0.362
6454309.000 1726825.000 0.315 -0.525 -0.368
6454359.000 1726825.000 0.215 -0.523 -0.378
6454409.000 1726825.000 0.144 -0.465 -0.382
6454459.000 1726825.000 0.120 -0.471 -0.385
6454509.000 1726825.000 0.082 -0.470 -0.387
6451559.000 1726875.000 -0.108 -1.426 0.123
6451609.000 1726875.000 -0.101 -1.488 0.115
6451659.000 1726875.000 -0.088 -1.358 0.127
6451709.000 1726875.000 -0.010 -1.297 0.158
6451759.000 1726875.000 -0.211 -1.133 0.155
6451809.000 1726875.000 -0.213 -1.206 0.102
6451859.000 1726875.000 -0.035 -1.411 -0.024
6451909.000 1726875.000 0.116 -1.495 -0.096
6451959.000 1726875.000 0.142 -1.364 -0.144
6452009.000 1726875.000 -0.013 -1.098 -0.184
6452059.000 1726875.000 -2.884 -2.616 -0.088
6452109.000 1726875.000 -1.779 -2.393 -0.082
6452159.000 1726875.000 0.839 -2.911 0.023
6452209.000 1726875.000 3.130 -2.961 -0.018
6452259.000 1726875.000 1.966 -1.956 -0.118
6452309.000 1726875.000 0.974 -1.089 -0.128
6452359.000 1726875.000 0.288 -0.577 -0.167
6452409.000 1726875.000 0.113 -0.802 -0.284
6452459.000 1726875.000 -0.031 -0.977 -0.408
6452509.000 1726875.000 -0.015 -0.980 -0.406
6452559.000 1726875.000 0.100 -0.984 -0.397
6452609.000 1726875.000 0.096 -1.037 -0.406
6452659.000 1726875.000 0.083 -1.027 -0.409
6452709.000 1726875.000 0.083 -1.032 -0.412
6452759.000 1726875.000 0.055 -1.034 -0.413
6452809.000 1726875.000 -0.022 -1.033 -0.419
6452859.000 1726875.000 -0.056 -0.971 -0.412
6452909.000 1726875.000 -0.068 -0.925 -0.406
6452959.000 1726875.000 -0.112 -0.769 -0.399
6453009.000 1726875.000 -0.155 -0.740 -0.405
6453059.000 1726875.000 -0.156 -0.719 -0.411
6453109.000 1726875.000 -0.134 -0.727 -0.407
6453159.000 1726875.000 -0.037 -0.669 -0.403
6453209.000 1726875.000 0.072 -0.747 -0.402
6453259.000 1726875.000 0.020 -0.649 -0.391
6453309.000 1726875.000 0.070 -0.637 -0.377
6453359.000 1726875.000 0.144 -0.603 -0.364
6453409.000 1726875.000 0.177 -0.591 -0.357
6453459.000 1726875.000 0.208 -0.572 -0.353
6453509.000 1726875.000 0.231 -0.577 -0.353
6453559.000 1726875.000 0.231 -0.573 -0.356
6453609.000 1726875.000 0.209 -0.588 -0.360
6453659.000 1726875.000 0.190 -0.576 -0.365
6453709.000 1726875.000 0.154 -0.548 -0.371
6453759.000 1726875.000 0.170 -0.536 -0.380
6453809.000 1726875.000 0.143 -0.519 -0.385
6453859.000 1726875.000 0.145 -0.557 -0.384
6453909.000 1726875.000 0.160 -0.573 -0.373
6453959.000 1726875.000 0.157 -0.589 -0.374
6454009.000 1726875.000 0.174 -0.561 -0.375
6454059.000 1726875.000 0.190 -0.574 -0.371
6454109.000 1726875.000 0.212 -0.632 -0.366
6454159.000 1726875.000 0.297 -0.651 -0.361
6454209.000 1726875.000 0.349 -0.607 -0.364
6454259.000 1726875.000 0.362 -0.548 -0.373
6454309.000 1726875.000 0.318 -0.533 -0.380
6454359.000 1726875.000 0.250 -0.513 -0.385
6454409.000 1726875.000 0.189 -0.456 -0.387
6454459.000 1726875.000 0.160 -0.446 -0.389
6454509.000 1726875.000 0.135 -0.437 -0.390
6451559.000 1726925.000 -0.174 -1.620 0.082
6451609.000 1726925.000 -0.174 -1.606 0.055
6451659.000 1726925.000 -0.162 -1.615 -0.002
6451709.000 1726925.000 -0.078 -1.632 -0.087
6451759.000 1726925.000 0.011 -1.615 -0.125
6451809.000 1726925.000 0.093 -1.615 -0.138
6451859.000 1726925.000 0.207 -1.573 -0.181
6451909.000 1726925.000 0.272 -1.353 -0.223
6451959.000 1726925.000 0.058 -1.068 -0.255
6452009.000 1726925.000 -0.170 -0.998 -0.301
6452059.000 1726925.000 -0.174 -0.787 -0.347
6452109.000 1726925.000 -0.589 -0.453 -0.415
6452159.000 1726925.000 -0.140 -0.089 -0.473
6452209.000 1726925.000 0.355 -0.615 -0.403
6452259.000 1726925.000 1.187 -1.304 -0.263
6452309.000 1726925.000 0.812 -1.083 -0.263
6452359.000 1726925.000 0.231 -0.855 -0.336
6452409.000 1726925.000 -0.041 -1.044 -0.489
6452459.000 1726925.000 -0.012 -1.021 -0.462
6452509.000 1726925.000 -0.018 -1.008 -0.454
6452559.000 1726925.000 0.035 -1.017 -0.435
6452609.000 1726925.000 0.086 -1.038 -0.423
6452659.000 1726925.000 0.052 -1.065 -0.421
6452709.000 1726925.000 0.044 -1.059 -0.417
6452759.000 1726925.000 0.013 -1.061 -0.415
6452809.000 1726925.000 -0.027 -1.011 -0.407
6452859.000 1726925.000 -0.032 -0.987 -0.400
6452909.000 1726925.000 -0.053 -0.956 -0.403
6452959.000 1726925.000 -0.113 -0.866 -0.410
6453009.000 1726925.000 -0.131 -0.816 -0.413
6453059.000 1726925.000 -0.143 -0.795 -0.422
6453109.000 1726925.000 -0.097 -0.703 -0.405
6453159.000 1726925.000 -0.046 -0.678 -0.403
6453209.000 1726925.000 -0.038 -0.674 -0.396
6453259.000 1726925.000 -0.011 -0.674 -0.387
6453309.000 1726925.000 0.077 -0.697 -0.375
6453359.000 1726925.000 0.115 -0.610 -0.365
6453409.000 1726925.000 0.185 -0.586 -0.357
6453459.000 1726925.000 0.210 -0.559 -0.351
6453509.000 1726925.000 0.227 -0.571 -0.351
6453559.000 1726925.000 0.223 -0.563 -0.351
6453609.000 1726925.000 0.184 -0.596 -0.355
6453659.000 1726925.000 0.166 -0.572 -0.359
6453709.000 1726925.000 0.136 -0.558 -0.366
6453759.000 1726925.000 0.114 -0.512 -0.377
6453809.000 1726925.000 0.109 -0.509 -0.386
6453859.000 1726925.000 0.117 -0.534 -0.386
6453909.000 1726925.000 0.162 -0.582 -0.377
6453959.000 1726925.000 0.165 -0.564 -0.379
6454009.000 1726925.000 0.185 -0.538 -0.380
6454059.000 1726925.000 0.181 -0.552 -0.382
6454109.000 1726925.000 0.202 -0.582 -0.383
6454159.000 1726925.000 0.304 -0.545 -0.382
6454209.000 1726925.000 0.335 -0.548 -0.384
6454259.000 1726925.000 0.335 -0.543 -0.385
6454309.000 1726925.000 0.347 -0.559 -0.389
6454359.000 1726925.000 0.313 -0.520 -0.390
6454409.000 1726925.000 0.237 -0.457 -0.391
6454459.000 1726925.000 0.208 -0.440 -0.392
6454509.000 1726925.000 0.177 -0.431 -0.394
6451559.000 1726975.000 -0.135 -1.829 -0.072
6451609.000 1726975.000 -0.184 -1.809 -0.125
6451659.000 1726975.000 -0.186 -1.789 -0.176
6451709.000 1726975.000 -0.105 -1.725 -0.186
6451759.000 1726975.000 0.098 -1.677 -0.157
6451809.000 1726975.000 0.189 -1.670 -0.172
6451859.000 1726975.000 0.335 -1.568 -0.226
6451909.000 1726975.000 0.369 -1.442 -0.263
6451959.000 1726975.000 0.110 -1.310 -0.286
6452009.000 1726975.000 -0.027 -1.267 -0.338
6452059.000 1726975.000 -0.032 -0.948 -0.413
6452109.000 1726975.000 -0.011 -0.393 -0.500
6452159.000 1726975.000 0.221 -0.398 -0.541
6452209.000 1726975.000 0.051 -0.814 -0.536
6452259.000 1726975.000 0.125 -0.980 -0.522
6452309.000 1726975.000 0.072 -1.013 -0.535
6452359.000 1726975.000 0.044 -1.053 -0.534
6452409.000 1726975.000 0.012 -1.064 -0.530
6452459.000 1726975.000 0.010 -1.041 -0.501
6452509.000 1726975.000 0.004 -1.033 -0.479
6452559.000 1726975.000 0.067 -1.046 -0.452
6452609.000 1726975.000 0.081 -1.046 -0.439
6452659.000 1726975.000 0.057 -1.049 -0.421
6452709.000 1726975.000 0.037 -1.040 -0.409
6452759.000 1726975.000 0.004 -1.030 -0.403
6452809.000 1726975.000 -0.028 -0.979 -0.389
6452859.000 1726975.000 -0.034 -0.960 -0.383
6452909.000 1726975.000 -0.052 -0.989 -0.389
6452959.000 1726975.000 -0.099 -0.977 -0.396
6453009.000 1726975.000 -0.120 -0.920 -0.403
6453059.000 1726975.000 -0.113 -0.803 -0.400
6453109.000 1726975.000 -0.082 -0.742 -0.391
6453159.000 1726975.000 -0.058 -0.716 -0.387
6453209.000 1726975.000 -0.043 -0.717 -0.381
6453259.000 1726975.000 0.011 -0.740 -0.376
6453309.000 1726975.000 0.065 -0.713 -0.371
6453359.000 1726975.000 0.145 -0.603 -0.367
6453409.000 1726975.000 0.189 -0.583 -0.365
6453459.000 1726975.000 0.213 -0.567 -0.355
6453509.000 1726975.000 0.228 -0.592 -0.353
6453559.000 1726975.000 0.198 -0.581 -0.348
6453609.000 1726975.000 0.133 -0.621 -0.349
6453659.000 1726975.000 0.117 -0.586 -0.353
6453709.000 1726975.000 0.080 -0.545 -0.362
6453759.000 1726975.000 0.079 -0.488 -0.377
6453809.000 1726975.000 0.075 -0.489 -0.384
6453859.000 1726975.000 0.105 -0.501 -0.382
6453909.000 1726975.000 0.165 -0.551 -0.378
6453959.000 1726975.000 0.171 -0.534 -0.380
6454009.000 1726975.000 0.174 -0.539 -0.382
6454059.000 1726975.000 0.192 -0.546 -0.387
6454109.000 1726975.000 0.268 -0.542 -0.391
6454159.000 1726975.000 0.328 -0.524 -0.388
6454209.000 1726975.000 0.337 -0.534 -0.389
6454259.000 1726975.000 0.342 -0.556 -0.389
6454309.000 1726975.000 0.377 -0.558 -0.392
6454359.000 1726975.000 0.380 -0.567 -0.392
6454409.000 1726975.000 0.342 -0.542 -0.392
6454459.000 1726975.000 0.297 -0.518 -0.393
6454509.000 1726975.000 0.210 -0.464 -0.396
6451559.000 1727025.000 -0.227 -1.945 -0.229
6451609.000 1727025.000 -0.258 -1.864 -0.218
6451659.000 1727025.000 -0.216 -1.799 -0.203
6451709.000 1727025.000 -0.091 -1.714 -0.183
6451759.000 1727025.000 0.173 -1.706 -0.165
6451809.000 1727025.000 0.305 -1.637 -0.191
6451859.000 1727025.000 0.392 -1.545 -0.228
6451909.000 1727025.000 0.398 -1.497 -0.250
6451959.000 1727025.000 0.371 -1.302 -0.279
6452009.000 1727025.000 0.022 -1.336 -0.364
6452059.000 1727025.000 0.112 -1.209 -0.473
6452109.000 1727025.000 0.279 -1.164 -0.527
6452159.000 1727025.000 0.215 -1.180 -0.545
6452209.000 1727025.000 0.050 -1.107 -0.566
6452259.000 1727025.000 -0.024 -1.084 -0.580
6452309.000 1727025.000 0.009 -1.072 -0.558
6452359.000 1727025.000 0.012 -1.053 -0.542
6452409.000 1727025.000 0.044 -1.047 -0.522
6452459.000 1727025.000 0.057 -1.043 -0.498
6452509.000 1727025.000 0.089 -1.082 -0.480
6452559.000 1727025.000 0.087 -1.084 -0.453
6452609.000 1727025.000 0.092 -1.057 -0.437
6452659.000 1727025.000 0.059 -1.061 -0.415
6452709.000 1727025.000 0.043 -1.041 -0.400
6452759.000 1727025.000 0.018 -1.019 -0.392
6452809.000 1727025.000 -0.009 -0.963 -0.373
6452859.000 1727025.000 -0.041 -0.964 -0.371
6452909.000 1727025.000 -0.016 -1.070 -0.371
6452959.000 1727025.000 -0.083 -1.028 -0.379
6453009.000 1727025.000 -0.093 -0.963 -0.377
6453059.000 1727025.000 -0.092 -0.869 -0.372
6453109.000 1727025.000 -0.074 -0.796 -0.374
6453159.000 1727025.000 -0.053 -0.772 -0.373
6453209.000 1727025.000 -0.007 -0.777 -0.371
6453259.000 1727025.000 0.022 -0.744 -0.372
6453309.000 1727025.000 0.070 -0.738 -0.371
6453359.000 1727025.000 0.126 -0.620 -0.385
6453409.000 1727025.000 0.147 -0.598 -0.391
6453459.000 1727025.000 0.200 -0.595 -0.373
6453509.000 1727025.000 0.264 -0.672 -0.355
6453559.000 1727025.000 0.169 -0.675 -0.347
6453609.000 1727025.000 0.128 -0.642 -0.348
6453659.000 1727025.000 0.115 -0.642 -0.352
6453709.000 1727025.000 0.096 -0.556 -0.362
6453759.000 1727025.000 0.084 -0.503 -0.375
6453809.000 1727025.000 0.073 -0.500 -0.383
6453859.000 1727025.000 0.102 -0.500 -0.383
6453909.000 1727025.000 0.174 -0.543 -0.382
6453959.000 1727025.000 0.168 -0.540 -0.382
6454009.000 1727025.000 0.159 -0.542 -0.385
6454059.000 1727025.000 0.249 -0.522 -0.393
6454109.000 1727025.000 0.326 -0.500 -0.398
6454159.000 1727025.000 0.340 -0.505 -0.391
6454209.000 1727025.000 0.355 -0.539 -0.389
6454259.000 1727025.000 0.353 -0.545 -0.390
6454309.000 1727025.000 0.377 -0.553 -0.392
6454359.000 1727025.000 0.386 -0.565 -0.394
6454409.000 1727025.000 0.325 -0.542 -0.398
6454459.000 1727025.000 0.300 -0.533 -0.401
6454509.000 1727025.000 0.298 -0.560 -0.406
6451559.000 1727075.000 -0.231 -1.894 -0.228
6451609.000 1727075.000 -0.240 -1.807 -0.221
6451659.000 1727075.000 -0.207 -1.731 -0.212
6451709.000 1727075.000 -0.116 -1.672 -0.197
6451759.000 1727075.000 0.217 -1.712 -0.180
6451809.000 1727075.000 0.343 -1.640 -0.218
6451859.000 1727075.000 0.393 -1.640 -0.243
6451909.000 1727075.000 0.394 -1.645 -0.258
6451959.000 1727075.000 0.379 -1.451 -0.284
6452009.000 1727075.000 -0.026 -1.260 -0.361
6452059.000 1727075.000 0.103 -1.225 -0.457
6452109.000 1727075.000 0.111 -1.125 -0.500
6452159.000 1727075.000 0.054 -1.161 -0.546
6452209.000 1727075.000 -0.016 -1.134 -0.575
6452259.000 1727075.000 -0.064 -1.101 -0.580
6452309.000 1727075.000 -0.021 -1.048 -0.544
6452359.000 1727075.000 0.003 -1.033 -0.530
6452409.000 1727075.000 0.102 -1.040 -0.510
6452459.000 1727075.000 0.121 -1.049 -0.491
6452509.000 1727075.000 0.035 -1.087 -0.470
6452559.000 1727075.000 0.005 -1.071 -0.441
6452609.000 1727075.000 0.042 -1.072 -0.421
6452659.000 1727075.000 0.056 -1.052 -0.399
6452709.000 1727075.000 0.045 -1.034 -0.384
6452759.000 1727075.000 0.022 -0.991 -0.372
6452809.000 1727075.000 0.019 -0.972 -0.358
6452859.000 1727075.000 -0.087 -0.960 -0.363
6452909.000 1727075.000 -0.047 -1.020 -0.361
6452959.000 1727075.000 -0.067 -0.989 -0.360
6453009.000 1727075.000 -0.076 -0.970 -0.363
6453059.000 1727075.000 -0.084 -0.909 -0.366
6453109.000 1727075.000 -0.071 -0.853 -0.372
6453159.000 1727075.000 -0.026 -0.831 -0.370
6453209.000 1727075.000 -0.006 -0.796 -0.372
6453259.000 1727075.000 -0.004 -0.753 -0.376
6453309.000 1727075.000 0.018 -0.763 -0.387
6453359.000 1727075.000 0.067 -0.671 -0.411
6453409.000 1727075.000 0.085 -0.633 -0.421
6453459.000 1727075.000 0.177 -0.623 -0.399
6453509.000 1727075.000 0.244 -0.707 -0.370
6453559.000 1727075.000 0.182 -0.685 -0.351
6453609.000 1727075.000 0.130 -0.644 -0.350
6453659.000 1727075.000 0.137 -0.615 -0.354
6453709.000 1727075.000 0.090 -0.537 -0.366
6453759.000 1727075.000 0.082 -0.527 -0.378
6453809.000 1727075.000 0.070 -0.525 -0.384
6453859.000 1727075.000 0.134 -0.542 -0.386
6453909.000 1727075.000 0.155 -0.552 -0.386
6453959.000 1727075.000 0.153 -0.561 -0.387
6454009.000 1727075.000 0.189 -0.581 -0.392
6454059.000 1727075.000 0.249 -0.521 -0.399
6454109.000 1727075.000 0.294 -0.527 -0.399
6454159.000 1727075.000 0.322 -0.501 -0.392
6454209.000 1727075.000 0.353 -0.520 -0.389
6454259.000 1727075.000 0.353 -0.523 -0.390
6454309.000 1727075.000 0.375 -0.542 -0.392
6454359.000 1727075.000 0.371 -0.556 -0.396
6454409.000 1727075.000 0.327 -0.561 -0.403
6454459.000 1727075.000 0.303 -0.549 -0.411
6454509.000 1727075.000 0.282 -0.569 -0.415
6451559.000 1727125.000 -0.187 -1.906 -0.240
6451609.000 1727125.000 -0.161 -1.779 -0.231
6451659.000 1727125.000 -0.189 -1.735 -0.227
6451709.000 1727125.000 -0.193 -1.618 -0.230
6451759.000 1727125.000 0.092 -1.491 -0.259
6451809.000 1727125.000 0.339 -1.583 -0.274
6451859.000 1727125.000 0.440 -1.616 -0.303
6451909.000 1727125.000 0.449 -1.621 -0.325
6451959.000 1727125.000 0.415 -1.408 -0.355
6452009.000 1727125.000 0.045 -1.260 -0.399
6452059.000 1727125.000 0.102 -1.216 -0.444
6452109.000 1727125.000 0.110 -1.155 -0.491
6452159.000 1727125.000 0.065 -1.164 -0.537
6452209.000 1727125.000 -0.004 -1.135 -0.560
6452259.000 1727125.000 -0.042 -1.110 -0.559
6452309.000 1727125.000 -0.007 -1.086 -0.538
6452359.000 1727125.000 0.010 -1.071 -0.525
6452409.000 1727125.000 0.053 -1.058 -0.509
6452459.000 1727125.000 0.048 -1.130 -0.487
6452509.000 1727125.000 0.018 -1.123 -0.463
6452559.000 1727125.000 0.001 -1.085 -0.440
6452609.000 1727125.000 0.050 -1.069 -0.415
6452659.000 1727125.000 0.061 -1.075 -0.396
6452709.000 1727125.000 0.052 -1.038 -0.380
6452759.000 1727125.000 0.022 -0.992 -0.362
6452809.000 1727125.000 -0.038 -0.942 -0.352
6452859.000 1727125.000 -0.086 -0.945 -0.356
6452909.000 1727125.000 -0.068 -0.953 -0.355
6452959.000 1727125.000 -0.070 -0.967 -0.363
6453009.000 1727125.000 -0.077 -0.968 -0.370
6453059.000 1727125.000 -0.106 -0.915 -0.376
6453109.000 1727125.000 -0.102 -0.816 -0.382
6453159.000 1727125.000 -0.055 -0.786 -0.379
6453209.000 1727125.000 -0.055 -0.734 -0.383
6453259.000 1727125.000 -0.014 -0.725 -0.388
6453309.000 1727125.000 -0.017 -0.732 -0.410
6453359.000 1727125.000 -0.007 -0.721 -0.427
6453409.000 1727125.000 -0.024 -0.680 -0.448
6453459.000 1727125.000 0.138 -0.660 -0.433
6453509.000 1727125.000 0.105 -0.773 -0.404
6453559.000 1727125.000 0.210 -0.697 -0.365
6453609.000 1727125.000 0.209 -0.622 -0.355
6453659.000 1727125.000 0.170 -0.605 -0.365
6453709.000 1727125.000 0.129 -0.560 -0.373
6453759.000 1727125.000 0.063 -0.538 -0.390
6453809.000 1727125.000 0.070 -0.545 -0.397
6453859.000 1727125.000 0.116 -0.553 -0.397
6453909.000 1727125.000 0.133 -0.553 -0.394
6453959.000 1727125.000 0.159 -0.532 -0.393
6454009.000 1727125.000 0.191 -0.499 -0.398
6454059.000 1727125.000 0.226 -0.503 -0.405
6454109.000 1727125.000 0.290 -0.524 -0.396
6454159.000 1727125.000 0.345 -0.516 -0.386
6454209.000 1727125.000 0.378 -0.526 -0.386
6454259.000 1727125.000 0.363 -0.507 -0.388
6454309.000 1727125.000 0.364 -0.504 -0.391
6454359.000 1727125.000 0.351 -0.546 -0.398
6454409.000 1727125.000 0.334 -0.567 -0.404
6454459.000 1727125.000 0.307 -0.556 -0.411
6454509.000 1727125.000 0.284 -0.576 -0.415
6451559.000 1727175.000 -0.214 -1.923 -0.283
6451609.000 1727175.000 -0.090 -1.808 -0.269
6451659.000 1727175.000 -0.099 -1.780 -0.261
6451709.000 1727175.000 -0.148 -1.666 -0.259
6451759.000 1727175.000 -0.017 -1.383 -0.307
6451809.000 1727175.000 0.182 -1.380 -0.342
6451859.000 1727175.000 0.381 -1.481 -0.371
6451909.000 1727175.000 0.408 -1.520 -0.389
6451959.000 1727175.000 0.280 -1.488 -0.402
6452009.000 1727175.000 0.068 -1.319 -0.420
6452059.000 1727175.000 0.065 -1.260 -0.444
6452109.000 1727175.000 0.030 -1.233 -0.494
6452159.000 1727175.000 -0.032 -1.213 -0.539
6452209.000 1727175.000 -0.033 -1.219 -0.547
6452259.000 1727175.000 -0.031 -1.220 -0.547
6452309.000 1727175.000 -0.030 -1.137 -0.535
6452359.000 1727175.000 0.023 -1.081 -0.521
6452409.000 1727175.000 0.018 -1.024 -0.505
6452459.000 1727175.000 -0.003 -1.097 -0.485
6452509.000 1727175.000 0.026 -1.144 -0.467
6452559.000 1727175.000 -0.002 -1.133 -0.457
6452609.000 1727175.000 0.037 -1.115 -0.438
6452659.000 1727175.000 0.076 -1.080 -0.416
6452709.000 1727175.000 0.072 -1.014 -0.393
6452759.000 1727175.000 0.023 -0.958 -0.371
6452809.000 1727175.000 -0.045 -0.877 -0.361
6452859.000 1727175.000 -0.098 -0.893 -0.370
6452909.000 1727175.000 -0.070 -0.954 -0.373
6452959.000 1727175.000 -0.104 -1.035 -0.401
6453009.000 1727175.000 -0.047 -1.044 -0.391
6453059.000 1727175.000 -0.147 -0.899 -0.398
6453109.000 1727175.000 -0.110 -0.809 -0.396
6453159.000 1727175.000 -0.089 -0.786 -0.401
6453209.000 1727175.000 -0.036 -0.733 -0.402
6453259.000 1727175.000 -0.074 -0.703 -0.413
6453309.000 1727175.000 -0.062 -0.731 -0.433
6453359.000 1727175.000 -0.040 -0.763 -0.440
6453409.000 1727175.000 -0.012 -0.713 -0.452
6453459.000 1727175.000 0.039 -0.696 -0.457
6453509.000 1727175.000 0.034 -0.811 -0.442
6453559.000 1727175.000 0.191 -0.622 -0.406
6453609.000 1727175.000 0.228 -0.592 -0.369
6453659.000 1727175.000 0.185 -0.553 -0.373
6453709.000 1727175.000 0.121 -0.539 -0.380
6453759.000 1727175.000 0.023 -0.498 -0.397
6453809.000 1727175.000 0.053 -0.542 -0.399
6453859.000 1727175.000 0.095 -0.596 -0.401
6453909.000 1727175.000 0.146 -0.570 -0.396
6453959.000 1727175.000 0.197 -0.496 -0.396
6454009.000 1727175.000 0.211 -0.504 -0.404
6454059.000 1727175.000 0.229 -0.523 -0.405
6454109.000 1727175.000 0.300 -0.533 -0.394
6454159.000 1727175.000 0.333 -0.515 -0.386
6454209.000 1727175.000 0.355 -0.496 -0.385
6454259.000 1727175.000 0.349 -0.495 -0.386
6454309.000 1727175.000 0.350 -0.527 -0.392
6454359.000 1727175.000 0.337 -0.540 -0.399
6454409.000 1727175.000 0.346 -0.576 -0.405
6454459.000 1727175.000 0.313 -0.566 -0.411
6454509.000 1727175.000 0.295 -0.601 -0.414
6451559.000 1727225.000 -0.266 -1.581 -0.347
6451609.000 1727225.000 -0.115 -1.644 -0.318
6451659.000 1727225.000 -0.151 -1.666 -0.293
6451709.000 1727225.000 -0.025 -1.646 -0.309
6451759.000 1727225.000 0.102 -1.485 -0.335
6451809.000 1727225.000 0.053 -1.337 -0.361
6451859.000 1727225.000 0.292 -1.448 -0.401
6451909.000 1727225.000 0.244 -1.469 -0.430
6451959.000 1727225.000 0.195 -1.542 -0.445
6452009.000 1727225.000 0.047 -1.362 -0.455
6452059.000 1727225.000 -0.000 -1.326 -0.475
6452109.000 1727225.000 -0.076 -1.326 -0.517
6452159.000 1727225.000 -0.093 -1.291 -0.536
6452209.000 1727225.000 -0.048 -1.311 -0.539
6452259.000 1727225.000 -0.032 -1.289 -0.539
6452309.000 1727225.000 -0.007 -1.109 -0.522
6452359.000 1727225.000 0.009 -1.034 -0.512
6452409.000 1727225.000 -0.011 -0.985 -0.505
6452459.000 1727225.000 0.071 -1.036 -0.487
6452509.000 1727225.000 0.085 -1.041 -0.473
6452559.000 1727225.000 0.013 -1.024 -0.466
6452609.000 1727225.000 0.013 -0.992 -0.449
6452659.000 1727225.000 -0.004 -0.929 -0.435
6452709.000 1727225.000 -0.002 -0.915 -0.412
6452759.000 1727225.000 -0.016 -0.942 -0.391
6452809.000 1727225.000 -0.041 -0.908 -0.386
6452859.000 1727225.000 -0.094 -0.869 -0.392
6452909.000 1727225.000 -0.230 -0.770 -0.424
6452959.000 1727225.000 -0.268 -0.734 -0.439
6453009.000 1727225.000 -0.265 -0.712 -0.432
6453059.000 1727225.000 -0.156 -0.778 -0.427
6453109.000 1727225.000 -0.111 -0.760 -0.416
6453159.000 1727225.000 -0.107 -0.767 -0.422
6453209.000 1727225.000 -0.062 -0.776 -0.427
6453259.000 1727225.000 -0.097 -0.752 -0.441
6453309.000 1727225.000 -0.091 -0.739 -0.449
6453359.000 1727225.000 -0.072 -0.727 -0.445
6453409.000 1727225.000 -0.055 -0.680 -0.449
6453459.000 1727225.000 -0.023 -0.703 -0.456
6453509.000 1727225.000 0.003 -0.652 -0.460
6453559.000 1727225.000 0.128 -0.585 -0.447
6453609.000 1727225.000 0.172 -0.576 -0.408
6453659.000 1727225.000 0.203 -0.538 -0.387
6453709.000 1727225.000 0.154 -0.567 -0.388
6453759.000 1727225.000 0.070 -0.484 -0.399
6453809.000 1727225.000 0.052 -0.538 -0.402
6453859.000 1727225.000 0.081 -0.595 -0.406
6453909.000 1727225.000 0.115 -0.554 -0.400
6453959.000 1727225.000 0.193 -0.513 -0.402
6454009.000 1727225.000 0.164 -0.487 -0.408
6454059.000 1727225.000 0.225 -0.519 -0.407
6454109.000 1727225.000 0.312 -0.547 -0.395
6454159.000 1727225.000 0.334 -0.519 -0.387
6454209.000 1727225.000 0.370 -0.515 -0.385
6454259.000 1727225.000 0.339 -0.523 -0.387
6454309.000 1727225.000 0.333 -0.564 -0.396
6454359.000 1727225.000 0.327 -0.574 -0.402
6454409.000 1727225.000 0.330 -0.598 -0.406
6454459.000 1727225.000 0.316 -0.581 -0.409
6454509.000 1727225.000 0.327 -0.586 -0.410
6451559.000 1727275.000 -0.327 -1.660 -0.423
6451609.000 1727275.000 -0.194 -1.572 -0.359
6451659.000 1727275.000 -0.179 -1.580 -0.335
6451709.000 1727275.000 -0.023 -1.589 -0.358
6451759.000 1727275.000 0.073 -1.580 -0.374
6451809.000 1727275.000 0.126 -1.479 -0.394
6451859.000 1727275.000 0.269 -1.663 -0.431
6451909.000 1727275.000 0.289 -1.682 -0.465
6451959.000 1727275.000 0.310 -1.643 -0.477
6452009.000 1727275.000 -0.039 -1.395 -0.503
6452059.000 1727275.000 -0.102 -1.378 -0.516
6452109.000 1727275.000 -0.125 -1.340 -0.517
6452159.000 1727275.000 -0.147 -1.278 -0.526
6452209.000 1727275.000 -0.118 -1.233 -0.510
6452259.000 1727275.000 -0.117 -1.156 -0.495
6452309.000 1727275.000 -0.054 -1.073 -0.503
6452359.000 1727275.000 0.008 -1.008 -0.508
6452409.000 1727275.000 -0.022 -1.005 -0.510
6452459.000 1727275.000 -0.059 -0.974 -0.501
6452509.000 1727275.000 -0.042 -0.975 -0.493
6452559.000 1727275.000 -0.009 -0.996 -0.486
6452609.000 1727275.000 0.019 -1.029 -0.475
6452659.000 1727275.000 0.006 -1.050 -0.472
6452709.000 1727275.000 -0.034 -1.043 -0.451
6452759.000 1727275.000 -0.019 -1.002 -0.415
6452809.000 1727275.000 -0.018 -0.971 -0.410
6452859.000 1727275.000 -0.072 -0.975 -0.431
6452909.000 1727275.000 -0.184 -0.879 -0.458
6452959.000 1727275.000 -0.182 -0.814 -0.460
6453009.000 1727275.000 -0.068 -0.786 -0.457
6453059.000 1727275.000 -0.148 -0.753 -0.448
6453109.000 1727275.000 -0.126 -0.762 -0.435
6453159.000 1727275.000 -0.157 -0.781 -0.450
6453209.000 1727275.000 -0.129 -0.780 -0.453
6453259.000 1727275.000 -0.139 -0.760 -0.457
6453309.000 1727275.000 -0.101 -0.773 -0.456
6453359.000 1727275.000 -0.126 -0.716 -0.447
6453409.000 1727275.000 -0.094 -0.712 -0.447
6453459.000 1727275.000 -0.034 -0.737 -0.453
6453509.000 1727275.000 0.017 -0.662 -0.471
6453559.000 1727275.000 0.038 -0.622 -0.491
6453609.000 1727275.000 0.066 -0.589 -0.469
6453659.000 1727275.000 0.168 -0.547 -0.418
6453709.000 1727275.000 0.136 -0.529 -0.390
6453759.000 1727275.000 0.088 -0.488 -0.395
6453809.000 1727275.000 0.069 -0.546 -0.400
6453859.000 1727275.000 0.079 -0.578 -0.404
6453909.000 1727275.000 0.096 -0.523 -0.400
6453959.000 1727275.000 0.171 -0.508 -0.405
6454009.000 1727275.000 0.146 -0.506 -0.411
6454059.000 1727275.000 0.219 -0.520 -0.408
6454109.000 1727275.000 0.254 -0.520 -0.399
6454159.000 1727275.000 0.297 -0.515 -0.391
6454209.000 1727275.000 0.341 -0.514 -0.388
6454259.000 1727275.000 0.336 -0.502 -0.391
6454309.000 1727275.000 0.321 -0.520 -0.398
6454359.000 1727275.000 0.333 -0.593 -0.406
6454409.000 1727275.000 0.337 -0.632 -0.411
6454459.000 1727275.000 0.337 -0.618 -0.414
6454509.000 1727275.000 0.333 -0.588 -0.414
6451559.000 1727325.000 -0.326 -1.953 -0.540
6451609.000 1727325.000 -0.176 -1.902 -0.510
6451659.000 1727325.000 -0.132 -1.769 -0.444
6451709.000 1727325.000 -0.105 -1.685 -0.430
6451759.000 1727325.000 0.043 -1.553 -0.441
6451809.000 1727325.000 0.237 -1.463 -0.473
6451859.000 1727325.000 0.341 -1.883 -0.507
6451909.000 1727325.000 0.266 -1.907 -0.525
6451959.000 1727325.000 0.254 -1.854 -0.521
6452009.000 1727325.000 0.034 -1.612 -0.539
6452059.000 1727325.000 -0.091 -1.442 -0.540
6452109.000 1727325.000 -0.133 -1.357 -0.523
6452159.000 1727325.000 -0.173 -1.284 -0.526
6452209.000 1727325.000 -0.141 -1.258 -0.493
6452259.000 1727325.000 -0.123 -1.214 -0.480
6452309.000 1727325.000 -0.058 -1.121 -0.495
6452359.000 1727325.000 -0.074 -1.022 -0.509
6452409.000 1727325.000 -0.120 -1.029 -0.521
6452459.000 1727325.000 -0.122 -1.033 -0.523
6452509.000 1727325.000 -0.107 -1.060 -0.519
6452559.000 1727325.000 -0.056 -1.107 -0.521
6452609.000 1727325.000 -0.035 -1.097 -0.496
6452659.000 1727325.000 -0.062 -1.129 -0.497
6452709.000 1727325.000 -0.072 -1.051 -0.450
6452759.000 1727325.000 -0.044 -0.959 -0.420
6452809.000 1727325.000 -0.076 -0.934 -0.436
6452859.000 1727325.000 -0.120 -0.905 -0.455
6452909.000 1727325.000 -0.166 -0.866 -0.467
6452959.000 1727325.000 -0.124 -0.859 -0.468
6453009.000 1727325.000 -0.153 -0.816 -0.469
6453059.000 1727325.000 -0.168 -0.782 -0.469
6453109.000 1727325.000 -0.189 -0.797 -0.481
6453159.000 1727325.000 -0.200 -0.804 -0.481
6453209.000 1727325.000 -0.187 -0.804 -0.475
6453259.000 1727325.000 -0.117 -0.796 -0.466
6453309.000 1727325.000 -0.107 -0.778 -0.459
6453359.000 1727325.000 -0.145 -0.706 -0.451
6453409.000 1727325.000 -0.131 -0.691 -0.448
6453459.000 1727325.000 -0.077 -0.692 -0.449
6453509.000 1727325.000 -0.034 -0.651 -0.475
6453559.000 1727325.000 -0.058 -0.647 -0.514
6453609.000 1727325.000 -0.135 -0.562 -0.546
6453659.000 1727325.000 -0.088 -0.428 -0.492
6453709.000 1727325.000 0.156 -0.596 -0.396
6453759.000 1727325.000 0.117 -0.511 -0.392
6453809.000 1727325.000 0.070 -0.503 -0.402
6453859.000 1727325.000 0.037 -0.503 -0.410
6453909.000 1727325.000 0.023 -0.481 -0.410
6453959.000 1727325.000 0.045 -0.519 -0.413
6454009.000 1727325.000 0.117 -0.549 -0.414
6454059.000 1727325.000 0.186 -0.536 -0.410
6454109.000 1727325.000 0.200 -0.509 -0.404
6454159.000 1727325.000 0.273 -0.519 -0.395
6454209.000 1727325.000 0.364 -0.516 -0.391
6454259.000 1727325.000 0.341 -0.485 -0.393
6454309.000 1727325.000 0.346 -0.529 -0.400
6454359.000 1727325.000 0.339 -0.613 -0.410
6454409.000 1727325.000 0.356 -0.666 -0.412
6454459.000 1727325.000 0.333 -0.616 -0.416
6454509.000 1727325.000 0.320 -0.573 -0.416
6451559.000 1727375.000 -0.360 -2.027 -0.553
6451609.000 1727375.000 -0.208 -2.067 -0.559
6451659.000 1727375.000 -0.017 -2.053 -0.581
6451709.000 1727375.000 -0.009 -1.883 -0.549
6451759.000 1727375.000 0.170 -1.708 -0.559
6451809.000 1727375.000 0.211 -1.594 -0.544
6451859.000 1727375.000 0.256 -1.952 -0.530
6451909.000 1727375.000 0.237 -1.750 -0.493
6451959.000 1727375.000 0.183 -1.790 -0.518
6452009.000 1727375.000 0.048 -1.688 -0.565
6452059.000 1727375.000 -0.031 -1.500 -0.578
6452109.000 1727375.000 -0.126 -1.381 -0.557
6452159.000 1727375.000 -0.183 -1.285 -0.549
6452209.000 1727375.000 -0.122 -1.198 -0.498
6452259.000 1727375.000 -0.067 -1.192 -0.478
6452309.000 1727375.000 -0.020 -1.165 -0.482
6452359.000 1727375.000 -0.059 -1.047 -0.506
6452409.000 1727375.000 -0.197 -1.060 -0.547
6452459.000 1727375.000 -0.234 -1.069 -0.555
6452509.000 1727375.000 -0.212 -1.084 -0.528
6452559.000 1727375.000 -0.121 -1.107 -0.490
6452609.000 1727375.000 -0.092 -1.138 -0.478
6452659.000 1727375.000 -0.074 -1.151 -0.482
6452709.000 1727375.000 -0.045 -1.123 -0.471
6452759.000 1727375.000 -0.042 -1.015 -0.448
6452809.000 1727375.000 -0.080 -0.958 -0.455
6452859.000 1727375.000 -0.120 -0.936 -0.465
6452909.000 1727375.000 -0.144 -0.920 -0.470
6452959.000 1727375.000 -0.159 -0.887 -0.472
6453009.000 1727375.000 -0.177 -0.849 -0.472
6453059.000 1727375.000 -0.193 -0.837 -0.485
6453109.000 1727375.000 -0.216 -0.835 -0.501
6453159.000 1727375.000 -0.217 -0.808 -0.483
6453209.000 1727375.000 -0.167 -0.826 -0.476
6453259.000 1727375.000 -0.118 -0.759 -0.468
6453309.000 1727375.000 -0.132 -0.718 -0.462
6453359.000 1727375.000 -0.164 -0.675 -0.456
6453409.000 1727375.000 -0.134 -0.668 -0.453
6453459.000 1727375.000 -0.108 -0.654 -0.456
6453509.000 1727375.000 -0.092 -0.642 -0.479
6453559.000 1727375.000 -0.196 -0.615 -0.517
6453609.000 1727375.000 -0.235 -0.505 -0.565
6453659.000 1727375.000 -0.083 -0.364 -0.551
6453709.000 1727375.000 0.001 -0.302 -0.478
6453759.000 1727375.000 0.042 -0.447 -0.394
6453809.000 1727375.000 0.042 -0.514 -0.403
6453859.000 1727375.000 0.011 -0.509 -0.413
6453909.000 1727375.000 0.005 -0.515 -0.416
6453959.000 1727375.000 0.007 -0.554 -0.417
6454009.000 1727375.000 0.130 -0.536 -0.417
6454059.000 1727375.000 0.175 -0.556 -0.416
6454109.000 1727375.000 0.189 -0.513 -0.411
6454159.000 1727375.000 0.244 -0.484 -0.398
6454209.000 1727375.000 0.364 -0.437 -0.392
6454259.000 1727375.000 0.381 -0.445 -0.392
6454309.000 1727375.000 0.350 -0.469 -0.400
6454359.000 1727375.000 0.272 -0.458 -0.410
6454409.000 1727375.000 0.301 -0.509 -0.414
6454459.000 1727375.000 0.254 -0.562 -0.418
6454509.000 1727375.000 0.202 -0.576 -0.421
6451559.000 1727425.000 -0.329 -2.137 -0.536
6451609.000 1727425.000 -0.272 -2.104 -0.540
6451659.000 1727425.000 -0.158 -2.109 -0.557
6451709.000 1727425.000 -0.009 -2.074 -0.603
6451759.000 1727425.000 0.157 -2.019 -0.638
6451809.000 1727425.000 0.060 -2.032 -0.639
6451859.000 1727425.000 0.389 -1.771 -0.553
6451909.000 1727425.000 0.093 -1.893 -0.551
6451959.000 1727425.000 0.122 -1.777 -0.525
6452009.000 1727425.000 0.023 -1.784 -0.582
6452059.000 1727425.000 -0.023 -1.631 -0.605
6452109.000 1727425.000 -0.144 -1.491 -0.610
6452159.000 1727425.000 -0.221 -1.319 -0.582
6452209.000 1727425.000 -0.155 -1.198 -0.523
6452259.000 1727425.000 -0.047 -1.290 -0.469
6452309.000 1727425.000 -0.012 -1.261 -0.453
6452359.000 1727425.000 -0.013 -1.103 -0.459
6452409.000 1727425.000 -0.183 -1.088 -0.506
6452459.000 1727425.000 -0.301 -1.087 -0.533
6452509.000 1727425.000 -0.243 -1.102 -0.503
6452559.000 1727425.000 -0.189 -1.109 -0.470
6452609.000 1727425.000 -0.148 -1.147 -0.472
6452659.000 1727425.000 -0.077 -1.131 -0.483
6452709.000 1727425.000 -0.040 -1.072 -0.474
6452759.000 1727425.000 -0.078 -0.981 -0.449
6452809.000 1727425.000 -0.108 -0.954 -0.451
6452859.000 1727425.000 -0.158 -0.910 -0.461
6452909.000 1727425.000 -0.202 -0.897 -0.469
6452959.000 1727425.000 -0.205 -0.868 -0.470
6453009.000 1727425.000 -0.197 -0.850 -0.471
6453059.000 1727425.000 -0.201 -0.831 -0.480
6453109.000 1727425.000 -0.233 -0.812 -0.491
6453159.000 1727425.000 -0.227 -0.797 -0.485
6453209.000 1727425.000 -0.177 -0.834 -0.477
6453259.000 1727425.000 -0.162 -0.741 -0.470
6453309.000 1727425.000 -0.128 -0.740 -0.470
6453359.000 1727425.000 -0.145 -0.725 -0.469
6453409.000 1727425.000 -0.151 -0.703 -0.467
6453459.000 1727425.000 -0.138 -0.660 -0.468
6453509.000 1727425.000 -0.219 -0.546 -0.480
6453559.000 1727425.000 -0.368 -0.452 -0.507
6453609.000 1727425.000 -0.253 -0.526 -0.555
6453659.000 1727425.000 -0.175 -0.578 -0.578
6453709.000 1727425.000 -0.043 -0.629 -0.575
6453759.000 1727425.000 0.071 -0.494 -0.401
6453809.000 1727425.000 0.041 -0.510 -0.409
6453859.000 1727425.000 0.018 -0.514 -0.419
6453909.000 1727425.000 -0.012 -0.512 -0.426
6453959.000 1727425.000 0.001 -0.565 -0.425
6454009.000 1727425.000 0.156 -0.593 -0.424
6454059.000 1727425.000 0.146 -0.579 -0.421
6454109.000 1727425.000 0.173 -0.534 -0.416
6454159.000 1727425.000 0.226 -0.488 -0.405
6454209.000 1727425.000 0.388 -0.407 -0.394
6454259.000 1727425.000 0.356 -0.464 -0.390
6454309.000 1727425.000 0.304 -0.495 -0.394
6454359.000 1727425.000 0.276 -0.464 -0.406
6454409.000 1727425.000 0.310 -0.518 -0.410
6454459.000 1727425.000 0.255 -0.572 -0.417
6454509.000 1727425.000 0.220 -0.595 -0.421
6451559.000 1727475.000 -0.345 -2.182 -0.520
6451609.000 1727475.000 -0.321 -2.132 -0.531
6451659.000 1727475.000 -0.237 -2.121 -0.544
6451709.000 1727475.000 -0.113 -2.050 -0.559
6451759.000 1727475.000 0.094 -2.024 -0.601
6451809.000 1727475.000 0.075 -2.071 -0.617
6451859.000 1727475.000 0.052 -2.088 -0.611
6451909.000 1727475.000 -0.102 -2.134 -0.612
6451959.000 1727475.000 -0.013 -1.969 -0.579
6452009.000 1727475.000 -0.038 -1.892 -0.592
6452059.000 1727475.000 -0.070 -1.643 -0.594
6452109.000 1727475.000 -0.130 -1.456 -0.602
6452159.000 1727475.000 -0.183 -1.365 -0.590
6452209.000 1727475.000 -0.080 -1.292 -0.528
6452259.000 1727475.000 -0.035 -1.318 -0.463
6452309.000 1727475.000 -0.138 -1.397 -0.430
6452359.000 1727475.000 -0.122 -1.410 -0.404
6452409.000 1727475.000 -0.250 -1.331 -0.410
6452459.000 1727475.000 -0.273 -1.195 -0.428
6452509.000 1727475.000 -0.258 -1.158 -0.468
6452559.000 1727475.000 -0.210 -1.140 -0.454
6452609.000 1727475.000 -0.167 -1.130 -0.460
6452659.000 1727475.000 -0.107 -1.081 -0.462
6452709.000 1727475.000 -0.063 -1.060 -0.468
6452759.000 1727475.000 -0.136 -1.003 -0.451
6452809.000 1727475.000 -0.179 -0.931 -0.449
6452859.000 1727475.000 -0.212 -0.906 -0.459
6452909.000 1727475.000 -0.214 -0.905 -0.473
6452959.000 1727475.000 -0.203 -0.893 -0.477
6453009.000 1727475.000 -0.209 -0.867 -0.480
6453059.000 1727475.000 -0.220 -0.839 -0.483
6453109.000 1727475.000 -0.226 -0.822 -0.487
6453159.000 1727475.000 -0.198 -0.819 -0.481
6453209.000 1727475.000 -0.170 -0.827 -0.477
6453259.000 1727475.000 -0.182 -0.751 -0.473
6453309.000 1727475.000 -0.147 -0.800 -0.480
6453359.000 1727475.000 -0.240 -0.721 -0.483
6453409.000 1727475.000 -0.239 -0.693 -0.483
6453459.000 1727475.000 -0.230 -0.647 -0.481
6453509.000 1727475.000 -0.260 -0.514 -0.492
6453559.000 1727475.000 -0.401 -0.422 -0.506
6453609.000 1727475.000 -0.266 -0.530 -0.536
6453659.000 1727475.000 -0.208 -0.567 -0.568
6453709.000 1727475.000 -0.068 -0.634 -0.603
6453759.000 1727475.000 -0.060 -0.564 -0.519
6453809.000 1727475.000 0.048 -0.533 -0.421
6453859.000 1727475.000 0.044 -0.545 -0.421
6453909.000 1727475.000 0.019 -0.551 -0.426
6453959.000 1727475.000 0.046 -0.570 -0.425
6454009.000 1727475.000 0.131 -0.594 -0.427
6454059.000 1727475.000 0.129 -0.555 -0.423
6454109.000 1727475.000 0.163 -0.526 -0.417
6454159.000 1727475.000 0.231 -0.478 -0.406
6454209.000 1727475.000 0.279 -0.480 -0.392
6454259.000 1727475.000 0.281 -0.499 -0.388
6454309.000 1727475.000 0.276 -0.489 -0.392
6454359.000 1727475.000 0.280 -0.477 -0.402
6454409.000 1727475.000 0.312 -0.511 -0.408
6454459.000 1727475.000 0.279 -0.551 -0.415
6454509.000 1727475.000 0.284 -0.547 -0.415
6451559.000 1727525.000 -0.318 -2.188 -0.479
6451609.000 1727525.000 -0.236 -2.114 -0.496
6451659.000 1727525.000 -0.226 -2.092 -0.512
6451709.000 1727525.000 -0.208 -2.058 -0.516
6451759.000 1727525.000 -0.119 -2.017 -0.520
6451809.000 1727525.000 0.032 -2.032 -0.550
6451859.000 1727525.000 0.096 -2.081 -0.569
6451909.000 1727525.000 0.050 -2.119 -0.579
6451959.000 1727525.000 0.010 -2.064 -0.566
6452009.000 1727525.000 0.094 -1.908 -0.533
6452059.000 1727525.000 -0.031 -1.812 -0.543
6452109.000 1727525.000 -0.101 -1.493 -0.559
6452159.000 1727525.000 -0.140 -1.447 -0.578
6452209.000 1727525.000 -0.071 -1.401 -0.546
6452259.000 1727525.000 -0.083 -1.312 -0.467
6452309.000 1727525.000 -0.393 -1.425 -0.432
6452359.000 1727525.000 -0.156 -1.433 -0.395
6452409.000 1727525.000 -0.359 -1.372 -0.390
6452459.000 1727525.000 -0.287 -1.249 -0.376
6452509.000 1727525.000 -0.234 -1.228 -0.394
6452559.000 1727525.000 -0.222 -1.188 -0.423
6452609.000 1727525.000 -0.195 -1.147 -0.456
6452659.000 1727525.000 -0.167 -1.087 -0.462
6452709.000 1727525.000 -0.136 -1.036 -0.465
6452759.000 1727525.000 -0.169 -0.981 -0.454
6452809.000 1727525.000 -0.196 -0.932 -0.454
6452859.000 1727525.000 -0.227 -0.917 -0.471
6452909.000 1727525.000 -0.225 -0.915 -0.484
6452959.000 1727525.000 -0.209 -0.903 -0.482
6453009.000 1727525.000 -0.216 -0.881 -0.481
6453059.000 1727525.000 -0.226 -0.837 -0.483
6453109.000 1727525.000 -0.220 -0.807 -0.486
6453159.000 1727525.000 -0.199 -0.816 -0.484
6453209.000 1727525.000 -0.171 -0.814 -0.482
6453259.000 1727525.000 -0.163 -0.811 -0.484
6453309.000 1727525.000 -0.169 -0.831 -0.493
6453359.000 1727525.000 -0.268 -0.741 -0.503
6453409.000 1727525.000 -0.258 -0.719 -0.500
6453459.000 1727525.000 -0.261 -0.694 -0.499
6453509.000 1727525.000 -0.285 -0.518 -0.506
6453559.000 1727525.000 -0.313 -0.555 -0.520
6453609.000 1727525.000 -0.267 -0.571 -0.535
6453659.000 1727525.000 -0.328 -0.554 -0.559
6453709.000 1727525.000 -0.206 -0.623 -0.596
6453759.000 1727525.000 -0.156 -0.597 -0.571
6453809.000 1727525.000 0.048 -0.530 -0.431
6453859.000 1727525.000 0.055 -0.553 -0.425
6453909.000 1727525.000 0.026 -0.543 -0.427
6453959.000 1727525.000 0.048 -0.538 -0.426
6454009.000 1727525.000 0.120 -0.566 -0.426
6454059.000 1727525.000 0.134 -0.549 -0.422
6454109.000 1727525.000 0.156 -0.522 -0.417
6454159.000 1727525.000 0.200 -0.493 -0.408
6454209.000 1727525.000 0.246 -0.499 -0.395
6454259.000 1727525.000 0.232 -0.451 -0.392
6454309.000 1727525.000 0.233 -0.449 -0.393
6454359.000 1727525.000 0.243 -0.464 -0.400
6454409.000 1727525.000 0.272 -0.543 -0.407
6454459.000 1727525.000 0.261 -0.554 -0.411
6454509.000 1727525.000 0.261 -0.530 -0.412
6451559.000 1727575.000 -0.349 -2.224 -0.444
6451609.000 1727575.000 -0.206 -2.247 -0.465
6451659.000 1727575.000 -0.255 -2.236 -0.481
6451709.000 1727575.000 -0.348 -2.146 -0.478
6451759.000 1727575.000 -0.367 -2.053 -0.471
6451809.000 1727575.000 -0.333 -2.005 -0.468
6451859.000 1727575.000 -0.137 -2.078 -0.517
6451909.000 1727575.000 -0.079 -2.192 -0.571
6451959.000 1727575.000 -0.100 -2.198 -0.579
6452009.000 1727575.000 0.038 -2.066 -0.537
6452059.000 1727575.000 -0.029 -1.994 -0.533
6452109.000 1727575.000 -0.105 -1.769 -0.525
6452159.000 1727575.000 -0.109 -1.611 -0.542
6452209.000 1727575.000 -0.126 -1.451 -0.559
6452259.000 1727575.000 -0.113 -1.376 -0.509
6452309.000 1727575.000 -0.284 -1.318 -0.418
6452359.000 1727575.000 -0.119 -1.399 -0.373
6452409.000 1727575.000 -0.293 -1.493 -0.371
6452459.000 1727575.000 -0.251 -1.392 -0.347
6452509.000 1727575.000 -0.269 -1.320 -0.378
6452559.000 1727575.000 -0.236 -1.260 -0.386
6452609.000 1727575.000 -0.186 -1.245 -0.375
6452659.000 1727575.000 -0.174 -1.211 -0.385
6452709.000 1727575.000 -0.095 -1.117 -0.427
6452759.000 1727575.000 -0.154 -1.020 -0.456
6452809.000 1727575.000 -0.210 -0.968 -0.479
6452859.000 1727575.000 -0.240 -0.954 -0.495
6452909.000 1727575.000 -0.230 -0.927 -0.485
6452959.000 1727575.000 -0.223 -0.916 -0.482
6453009.000 1727575.000 -0.248 -0.883 -0.479
6453059.000 1727575.000 -0.260 -0.794 -0.487
6453109.000 1727575.000 -0.213 -0.760 -0.492
6453159.000 1727575.000 -0.278 -0.704 -0.488
6453209.000 1727575.000 -0.210 -0.693 -0.492
6453259.000 1727575.000 -0.206 -0.708 -0.497
6453309.000 1727575.000 -0.215 -0.774 -0.512
6453359.000 1727575.000 -0.299 -0.715 -0.522
6453409.000 1727575.000 -0.300 -0.689 -0.523
6453459.000 1727575.000 -0.291 -0.669 -0.524
6453509.000 1727575.000 -0.293 -0.614 -0.529
6453559.000 1727575.000 -0.302 -0.603 -0.536
6453609.000 1727575.000 -0.296 -0.615 -0.544
6453659.000 1727575.000 -0.374 -0.576 -0.579
6453709.000 1727575.000 -0.329 -0.524 -0.623
6453759.000 1727575.000 -0.265 -0.435 -0.593
6453809.000 1727575.000 0.040 -0.439 -0.431
6453859.000 1727575.000 0.014 -0.533 -0.423
6453909.000 1727575.000 -0.023 -0.533 -0.426
6453959.000 1727575.000 -0.001 -0.557 -0.428
6454009.000 1727575.000 0.094 -0.544 -0.429
6454059.000 1727575.000 0.128 -0.538 -0.426
6454109.000 1727575.000 0.151 -0.497 -0.419
6454159.000 1727575.000 0.199 -0.488 -0.409
6454209.000 1727575.000 0.236 -0.493 -0.397
6454259.000 1727575.000 0.222 -0.442 -0.394
6454309.000 1727575.000 0.220 -0.443 -0.395
6454359.000 1727575.000 0.223 -0.447 -0.398
6454409.000 1727575.000 0.273 -0.546 -0.404
6454459.000 1727575.000 0.265 -0.535 -0.405
6454509.000 1727575.000 0.259 -0.515 -0.408
6451559.000 1727625.000 -0.359 -2.296 -0.429
6451609.000 1727625.000 -0.357 -2.298 -0.431
6451659.000 1727625.000 -0.328 -2.320 -0.438
6451709.000 1727625.000 -0.445 -2.266 -0.439
6451759.000 1727625.000 -0.487 -2.165 -0.445
6451809.000 1727625.000 -0.502 -2.122 -0.461
6451859.000 1727625.000 -0.345 -2.105 -0.487
6451909.000 1727625.000 -0.241 -2.126 -0.511
6451959.000 1727625.000 -0.125 -2.101 -0.528
6452009.000 1727625.000 0.053 -1.983 -0.502
6452059.000 1727625.000 -0.043 -1.916 -0.505
6452109.000 1727625.000 -0.143 -1.791 -0.511
6452159.000 1727625.000 -0.148 -1.708 -0.522
6452209.000 1727625.000 -0.151 -1.617 -0.543
6452259.000 1727625.000 -0.264 -1.601 -0.608
6452309.000 1727625.000 -0.230 -1.564 -0.590
6452359.000 1727625.000 -0.121 -1.454 -0.464
6452409.000 1727625.000 -0.292 -1.435 -0.389
6452459.000 1727625.000 -0.266 -1.394 -0.360
6452509.000 1727625.000 -0.311 -1.354 -0.398
6452559.000 1727625.000 -0.214 -1.300 -0.367
6452609.000 1727625.000 -0.135 -1.287 -0.335
6452659.000 1727625.000 -0.114 -1.267 -0.331
6452709.000 1727625.000 -0.030 -1.169 -0.351
6452759.000 1727625.000 -0.046 -1.082 -0.377
6452809.000 1727625.000 -0.174 -0.995 -0.450
6452859.000 1727625.000 -0.264 -0.965 -0.489
6452909.000 1727625.000 -0.319 -0.964 -0.486
6452959.000 1727625.000 -0.357 -0.944 -0.488
6453009.000 1727625.000 -0.299 -0.899 -0.489
6453059.000 1727625.000 -0.206 -0.840 -0.501
6453109.000 1727625.000 -0.168 -0.789 -0.502
6453159.000 1727625.000 -0.272 -0.739 -0.501
6453209.000 1727625.000 -0.248 -0.705 -0.509
6453259.000 1727625.000 -0.256 -0.697 -0.521
6453309.000 1727625.000 -0.283 -0.715 -0.534
6453359.000 1727625.000 -0.327 -0.706 -0.539
6453409.000 1727625.000 -0.325 -0.700 -0.537
6453459.000 1727625.000 -0.311 -0.677 -0.535
6453509.000 1727625.000 -0.305 -0.610 -0.541
6453559.000 1727625.000 -0.319 -0.625 -0.551
6453609.000 1727625.000 -0.322 -0.632 -0.561
6453659.000 1727625.000 -0.349 -0.580 -0.577
6453709.000 1727625.000 -0.183 -0.452 -0.552
6453759.000 1727625.000 -0.287 -0.380 -0.451
6453809.000 1727625.000 -0.045 -0.508 -0.422
6453859.000 1727625.000 -0.105 -0.556 -0.429
6453909.000 1727625.000 -0.090 -0.548 -0.435
6453959.000 1727625.000 -0.163 -0.513 -0.442
6454009.000 1727625.000 -0.084 -0.503 -0.442
6454059.000 1727625.000 0.041 -0.465 -0.436
6454109.000 1727625.000 0.110 -0.459 -0.424
6454159.000 1727625.000 0.169 -0.474 -0.412
6454209.000 1727625.000 0.172 -0.487 -0.402
6454259.000 1727625.000 0.197 -0.442 -0.398
6454309.000 1727625.000 0.204 -0.445 -0.398
6454359.000 1727625.000 0.204 -0.456 -0.401
6454409.000 1727625.000 0.265 -0.545 -0.401
6454459.000 1727625.000 0.258 -0.539 -0.399
6454509.000 1727625.000 0.233 -0.493 -0.400
6451559.000 1727675.000 -0.413 -2.264 -0.360
6451609.000 1727675.000 -0.465 -2.267 -0.382
6451659.000 1727675.000 -0.450 -2.292 -0.391
6451709.000 1727675.000 -0.433 -2.319 -0.402
6451759.000 1727675.000 -0.418 -2.294 -0.414
6451809.000 1727675.000 -0.399 -2.194 -0.428
6451859.000 1727675.000 -0.344 -2.140 -0.453
6451909.000 1727675.000 -0.303 -2.140 -0.498
6451959.000 1727675.000 -0.143 -2.135 -0.548
6452009.000 1727675.000 0.029 -2.097 -0.566
6452059.000 1727675.000 -0.076 -1.991 -0.554
6452109.000 1727675.000 -0.250 -1.855 -0.547
6452159.000 1727675.000 -0.227 -1.784 -0.534
6452209.000 1727675.000 -0.194 -1.697 -0.529
6452259.000 1727675.000 -0.230 -1.606 -0.554
6452309.000 1727675.000 -0.266 -1.563 -0.601
6452359.000 1727675.000 -0.095 -1.560 -0.566
6452409.000 1727675.000 -0.165 -1.545 -0.524
6452459.000 1727675.000 -0.201 -1.550 -0.501
6452509.000 1727675.000 -0.270 -1.474 -0.468
6452559.000 1727675.000 -0.223 -1.375 -0.401
6452609.000 1727675.000 -0.041 -1.428 -0.347
6452659.000 1727675.000 -0.025 -1.379 -0.305
6452709.000 1727675.000 -0.051 -1.337 -0.282
6452759.000 1727675.000 -0.057 -1.268 -0.251
6452809.000 1727675.000 -0.131 -1.210 -0.240
6452859.000 1727675.000 -0.276 -1.231 -0.272
6452909.000 1727675.000 -0.403 -1.071 -0.434
6452959.000 1727675.000 -0.428 -0.975 -0.481
6453009.000 1727675.000 -0.426 -0.940 -0.496
6453059.000 1727675.000 -0.300 -0.889 -0.513
6453109.000 1727675.000 -0.259 -0.825 -0.521
6453159.000 1727675.000 -0.327 -0.814 -0.531
6453209.000 1727675.000 -0.324 -0.826 -0.542
6453259.000 1727675.000 -0.287 -0.781 -0.546
6453309.000 1727675.000 -0.284 -0.739 -0.547
6453359.000 1727675.000 -0.335 -0.722 -0.549
6453409.000 1727675.000 -0.330 -0.697 -0.540
6453459.000 1727675.000 -0.317 -0.672 -0.534
6453509.000 1727675.000 -0.321 -0.610 -0.547
6453559.000 1727675.000 -0.334 -0.676 -0.566
6453609.000 1727675.000 -0.323 -0.620 -0.573
6453659.000 1727675.000 -0.216 -0.419 -0.561
6453709.000 1727675.000 0.080 -0.562 -0.400
6453759.000 1727675.000 -0.012 -0.535 -0.399
6453809.000 1727675.000 -0.077 -0.539 -0.412
6453859.000 1727675.000 -0.121 -0.561 -0.424
6453909.000 1727675.000 -0.159 -0.531 -0.435
6453959.000 1727675.000 -0.230 -0.506 -0.449
6454009.000 1727675.000 -0.245 -0.484 -0.461
6454059.000 1727675.000 -0.262 -0.403 -0.467
6454109.000 1727675.000 -0.260 -0.360 -0.465
6454159.000 1727675.000 -0.055 -0.437 -0.441
6454209.000 1727675.000 0.311 -0.488 -0.409
6454259.000 1727675.000 0.205 -0.456 -0.398
6454309.000 1727675.000 0.145 -0.506 -0.399
6454359.000 1727675.000 0.232 -0.525 -0.396
6454409.000 1727675.000 0.314 -0.515 -0.397
6454459.000 1727675.000 0.331 -0.547 -0.395
6454509.000 1727675.000 0.291 -0.507 -0.392
6451559.000 1727725.000 -0.410 -2.224 -0.265
6451609.000 1727725.000 -0.467 -2.268 -0.324
6451659.000 1727725.000 -0.470 -2.282 -0.348
6451709.000 1727725.000 -0.428 -2.274 -0.359
6451759.000 1727725.000 -0.369 -2.251 -0.373
6451809.000 1727725.000 -0.279 -2.197 -0.398
6451859.000 1727725.000 -0.356 -2.178 -0.453
6451909.000 1727725.000 -0.357 -2.166 -0.504
6451959.000 1727725.000 -0.152 -2.089 -0.540
6452009.000 1727725.000 -0.039 -2.052 -0.557
6452059.000 1727725.000 -0.148 -1.962 -0.554
6452109.000 1727725.000 -0.233 -1.856 -0.546
6452159.000 1727725.000 -0.227 -1.781 -0.528
6452209.000 1727725.000 -0.214 -1.715 -0.521
6452259.000 1727725.000 -0.227 -1.645 -0.529
6452309.000 1727725.000 -0.297 -1.534 -0.571
6452359.000 1727725.000 -0.162 -1.549 -0.570
6452409.000 1727725.000 -0.102 -1.553 -0.573
6452459.000 1727725.000 -0.141 -1.559 -0.548
6452509.000 1727725.000 -0.213 -1.508 -0.498
6452559.000 1727725.000 -0.203 -1.413 -0.435
6452609.000 1727725.000 0.003 -1.438 -0.370
6452659.000 1727725.000 -0.037 -1.353 -0.308
6452709.000 1727725.000 -0.212 -1.307 -0.257
6452759.000 1727725.000 -0.226 -1.273 -0.223
6452809.000 1727725.000 -0.163 -1.334 -0.220
6452859.000 1727725.000 -0.181 -1.325 -0.199
6452909.000 1727725.000 -0.250 -1.315 -0.201
6452959.000 1727725.000 -0.332 -1.214 -0.307
6453009.000 1727725.000 -0.458 -1.000 -0.490
6453059.000 1727725.000 -0.377 -0.915 -0.519
6453109.000 1727725.000 -0.336 -0.794 -0.539
6453159.000 1727725.000 -0.358 -0.791 -0.553
6453209.000 1727725.000 -0.308 -0.832 -0.560
6453259.000 1727725.000 -0.282 -0.790 -0.559
6453309.000 1727725.000 -0.251 -0.733 -0.556
6453359.000 1727725.000 -0.318 -0.727 -0.551
6453409.000 1727725.000 -0.313 -0.699 -0.538
6453459.000 1727725.000 -0.324 -0.706 -0.531
6453509.000 1727725.000 -0.333 -0.662 -0.562
6453559.000 1727725.000 -0.184 -0.596 -0.602
6453609.000 1727725.000 -0.154 -0.571 -0.572
6453659.000 1727725.000 0.094 -0.603 -0.404
6453709.000 1727725.000 0.051 -0.600 -0.383
6453759.000 1727725.000 -0.039 -0.583 -0.396
6453809.000 1727725.000 -0.070 -0.552 -0.409
6453859.000 1727725.000 -0.111 -0.569 -0.424
6453909.000 1727725.000 -0.174 -0.557 -0.443
6453959.000 1727725.000 -0.252 -0.523 -0.462
6454009.000 1727725.000 -0.266 -0.503 -0.477
6454059.000 1727725.000 -0.306 -0.480 -0.495
6454109.000 1727725.000 -0.352 -0.486 -0.506
6454159.000 1727725.000 -0.475 -0.423 -0.506
6451559.000 1727775.000 -0.465 -2.218 -0.276
6451609.000 1727775.000 -0.481 -2.249 -0.314
6451659.000 1727775.000 -0.467 -2.267 -0.330
6451709.000 1727775.000 -0.426 -2.257 -0.343
6451759.000 1727775.000 -0.364 -2.246 -0.361
6451809.000 1727775.000 -0.307 -2.202 -0.401
6451859.000 1727775.000 -0.389 -2.158 -0.456
6451909.000 1727775.000 -0.401 -2.127 -0.501
6451959.000 1727775.000 -0.138 -2.056 -0.539
6452009.000 1727775.000 -0.159 -2.023 -0.551
6452059.000 1727775.000 -0.221 -1.957 -0.551
6452109.000 1727775.000 -0.248 -1.886 -0.543
6452159.000 1727775.000 -0.205 -1.784 -0.527
6452209.000 1727775.000 -0.219 -1.678 -0.510
6452259.000 1727775.000 -0.219 -1.612 -0.507
6452309.000 1727775.000 -0.269 -1.501 -0.538
6452359.000 1727775.000 -0.156 -1.522 -0.534
6452409.000 1727775.000 -0.090 -1.536 -0.539
6452459.000 1727775.000 -0.112 -1.560 -0.530
6452509.000 1727775.000 -0.160 -1.510 -0.502
6452559.000 1727775.000 -0.131 -1.489 -0.459
6452609.000 1727775.000 -0.044 -1.454 -0.404
6452659.000 1727775.000 -0.052 -1.387 -0.336
6452709.000 1727775.000 -0.120 -1.350 -0.297
6452759.000 1727775.000 -0.127 -1.305 -0.244
6452809.000 1727775.000 -0.132 -1.257 -0.190
6452859.000 1727775.000 -0.166 -1.262 -0.167
6452909.000 1727775.000 -0.232 -1.295 -0.175
6452959.000 1727775.000 -0.247 -1.293 -0.199
6453009.000 1727775.000 -0.327 -1.269 -0.291
6453059.000 1727775.000 -0.452 -1.012 -0.507
6453109.000 1727775.000 -0.474 -0.823 -0.558
6453159.000 1727775.000 -0.459 -0.797 -0.567
6453209.000 1727775.000 -0.452 -0.798 -0.564
6453259.000 1727775.000 -0.325 -0.799 -0.567
6453309.000 1727775.000 -0.272 -0.721 -0.566
6453359.000 1727775.000 -0.341 -0.715 -0.564
6453409.000 1727775.000 -0.305 -0.653 -0.550
6453459.000 1727775.000 -0.339 -0.731 -0.549
6453509.000 1727775.000 -0.207 -0.515 -0.587
6453559.000 1727775.000 -0.061 -0.627 -0.608
6453609.000 1727775.000 -0.012 -0.597 -0.533
6453659.000 1727775.000 0.126 -0.576 -0.377
6453709.000 1727775.000 0.027 -0.601 -0.381
6453759.000 1727775.000 -0.030 -0.560 -0.388
6453809.000 1727775.000 -0.064 -0.522 -0.397
6453859.000 1727775.000 -0.118 -0.526 -0.412
6453909.000 1727775.000 -0.199 -0.521 -0.437
6453959.000 1727775.000 -0.305 -0.509 -0.460
6454009.000 1727775.000 -0.305 -0.487 -0.477
6454059.000 1727775.000 -0.359 -0.452 -0.493
6454109.000 1727775.000 -0.396 -0.428 -0.501
6454159.000 1727775.000 0.166 0.021 -0.430
6454209.000 1727775.000 0.328 0.344 -0.443
6454259.000 1727775.000 0.291 0.154 -0.486
6454309.000 1727775.000 0.207 0.526 -0.336
6454359.000 1727775.000 0.326 0.121 -0.462
6454409.000 1727775.000 0.378 0.027 -0.443
6454459.000 1727775.000 0.387 0.002 -0.442
6454509.000 1727775.000 0.387 -0.041 -0.447
6451559.000 1727825.000 -0.484 -2.164 -0.319
6451609.000 1727825.000 -0.494 -2.150 -0.320
6451659.000 1727825.000 -0.486 -2.174 -0.332
6451709.000 1727825.000 -0.465 -2.182 -0.351
6451759.000 1727825.000 -0.401 -2.182 -0.377
6451809.000 1727825.000 -0.354 -2.145 -0.429
6451859.000 1727825.000 -0.383 -2.113 -0.483
6451909.000 1727825.000 -0.344 -2.028 -0.490
6451959.000 1727825.000 -0.266 -1.928 -0.489
6452009.000 1727825.000 -0.264 -1.878 -0.475
6452059.000 1727825.000 -0.214 -1.871 -0.469
6452109.000 1727825.000 -0.219 -1.817 -0.479
6452159.000 1727825.000 -0.139 -1.761 -0.504
6452209.000 1727825.000 -0.230 -1.672 -0.502
6452259.000 1727825.000 -0.191 -1.606 -0.478
6452309.000 1727825.000 -0.165 -1.563 -0.462
6452359.000 1727825.000 -0.117 -1.606 -0.470
6452409.000 1727825.000 -0.097 -1.643 -0.495
6452459.000 1727825.000 -0.072 -1.640 -0.508
6452509.000 1727825.000 -0.113 -1.570 -0.506
6452559.000 1727825.000 -0.118 -1.541 -0.488
6452609.000 1727825.000 -0.091 -1.515 -0.453
6452659.000 1727825.000 -0.084 -1.509 -0.437
6452709.000 1727825.000 -0.087 -1.494 -0.424
6452759.000 1727825.000 -0.145 -1.504 -0.424
6452809.000 1727825.000 -0.169 -1.511 -0.424
6452859.000 1727825.000 -0.139 -1.532 -0.423
6452909.000 1727825.000 -0.160 -1.387 -0.301
6452959.000 1727825.000 -0.145 -1.298 -0.233
6453009.000 1727825.000 -0.152 -1.311 -0.231
6453059.000 1727825.000 -0.127 -1.211 -0.285
6453109.000 1727825.000 -0.491 -0.848 -0.574
6453159.000 1727825.000 -0.521 -0.838 -0.588
6453209.000 1727825.000 -0.521 -0.817 -0.582
6453259.000 1727825.000 -0.485 -0.773 -0.579
6453309.000 1727825.000 -0.369 -0.708 -0.580
6453359.000 1727825.000 -0.398 -0.722 -0.574
6453409.000 1727825.000 -0.365 -0.662 -0.566
6453459.000 1727825.000 -0.215 -0.612 -0.562
6453509.000 1727825.000 -0.018 -0.568 -0.562
6453559.000 1727825.000 0.166 -0.629 -0.506
6453609.000 1727825.000 0.218 -0.498 -0.376
6453659.000 1727825.000 0.071 -0.555 -0.376
6453709.000 1727825.000 0.039 -0.560 -0.381
6453759.000 1727825.000 0.005 -0.538 -0.387
6453809.000 1727825.000 -0.055 -0.521 -0.398
6453859.000 1727825.000 -0.132 -0.520 -0.416
6453909.000 1727825.000 -0.227 -0.520 -0.445
6453959.000 1727825.000 -0.365 -0.472 -0.462
6454009.000 1727825.000 -0.385 -0.432 -0.476
6454059.000 1727825.000 -0.442 -0.375 -0.489
6454109.000 1727825.000 -0.413 -0.300 -0.500
6454159.000 1727825.000 0.286 0.241 -0.327
6454209.000 1727825.000 0.332 0.368 -0.329
6454259.000 1727825.000 0.270 0.283 -0.391
6454309.000 1727825.000 0.285 0.265 -0.403
6454359.000 1727825.000 0.288 0.202 -0.437
6454409.000 1727825.000 0.303 0.144 -0.427
6454459.000 1727825.000 0.337 0.065 -0.427
6454509.000 1727825.000 0.328 0.037 -0.419
6451559.000 1727875.000 -0.497 -2.096 -0.350
6451609.000 1727875.000 -0.535 -2.078 -0.355
6451659.000 1727875.000 -0.495 -2.088 -0.361
6451709.000 1727875.000 -0.488 -2.082 -0.386
6451759.000 1727875.000 -0.432 -2.049 -0.420
6451809.000 1727875.000 -0.454 -1.998 -0.469
6451859.000 1727875.000 -0.316 -1.907 -0.488
6451909.000 1727875.000 -0.282 -1.905 -0.475
6451959.000 1727875.000 -0.265 -1.871 -0.454
6452009.000 1727875.000 -0.256 -1.852 -0.432
6452059.000 1727875.000 -0.216 -1.849 -0.427
6452109.000 1727875.000 -0.167 -1.811 -0.436
6452159.000 1727875.000 -0.048 -1.759 -0.452
6452209.000 1727875.000 -0.210 -1.663 -0.462
6452259.000 1727875.000 -0.157 -1.648 -0.449
6452309.000 1727875.000 -0.120 -1.657 -0.430
6452359.000 1727875.000 -0.112 -1.644 -0.436
6452409.000 1727875.000 -0.189 -1.549 -0.459
6452459.000 1727875.000 -0.141 -1.536 -0.481
6452509.000 1727875.000 -0.131 -1.528 -0.490
6452559.000 1727875.000 -0.109 -1.503 -0.463
6452609.000 1727875.000 -0.119 -1.489 -0.442
6452659.000 1727875.000 -0.123 -1.500 -0.432
6452709.000 1727875.000 -0.139 -1.497 -0.428
6452759.000 1727875.000 -0.171 -1.514 -0.431
6452809.000 1727875.000 -0.189 -1.508 -0.436
6452859.000 1727875.000 -0.142 -1.528 -0.449
6452909.000 1727875.000 -0.020 -1.524 -0.480
6452959.000 1727875.000 -0.026 -1.512 -0.486
6453009.000 1727875.000 -0.184 -1.348 -0.371
6453059.000 1727875.000 -0.216 -1.200 -0.316
6453109.000 1727875.000 -0.326 -0.912 -0.393
6453159.000 1727875.000 -0.538 -0.867 -0.593
6453209.000 1727875.000 -0.530 -0.805 -0.598
6453259.000 1727875.000 -0.498 -0.735 -0.593
6453309.000 1727875.000 -0.459 -0.615 -0.596
6453359.000 1727875.000 -0.505 -0.620 -0.599
6453409.000 1727875.000 -0.463 -0.532 -0.588
6453459.000 1727875.000 -0.200 -0.513 -0.571
6453509.000 1727875.000 0.091 -0.559 -0.462
6453559.000 1727875.000 0.151 -0.535 -0.392
6453609.000 1727875.000 0.087 -0.512 -0.377
6453659.000 1727875.000 0.050 -0.487 -0.387
6453709.000 1727875.000 0.018 -0.459 -0.389
6453759.000 1727875.000 -0.077 -0.454 -0.394
6453809.000 1727875.000 -0.127 -0.462 -0.406
6453859.000 1727875.000 -0.249 -0.453 -0.422
6453909.000 1727875.000 -0.369 -0.428 -0.452
6453959.000 1727875.000 -0.481 -0.388 -0.470
6454009.000 1727875.000 -0.499 -0.391 -0.503
6454059.000 1727875.000 -0.448 -0.332 -0.545
6454109.000 1727875.000 -0.189 -0.176 -0.539
6454159.000 1727875.000 0.310 0.262 -0.387
6454209.000 1727875.000 0.342 0.396 -0.350
6454259.000 1727875.000 0.247 0.231 -0.432
6454309.000 1727875.000 0.251 0.182 -0.457
6454359.000 1727875.000 0.248 0.154 -0.466
6454409.000 1727875.000 0.263 0.126 -0.449
6454459.000 1727875.000 0.289 0.075 -0.441
6454509.000 1727875.000 0.292 0.039 -0.434
6451559.000 1727925.000 -0.511 -2.013 -0.453
6451609.000 1727925.000 -0.591 -1.991 -0.435
6451659.000 1727925.000 -0.502 -1.977 -0.414
6451709.000 1727925.000 -0.469 -1.948 -0.421
6451759.000 1727925.000 -0.397 -1.906 -0.438
6451809.000 1727925.000 -0.387 -1.847 -0.447
6451859.000 1727925.000 -0.301 -1.759 -0.418
6451909.000 1727925.000 -0.244 -1.824 -0.398
6451959.000 1727925.000 -0.272 -1.830 -0.402
6452009.000 1727925.000 -0.245 -1.851 -0.398
6452059.000 1727925.000 -0.233 -1.814 -0.402
6452109.000 1727925.000 -0.124 -1.765 -0.414
6452159.000 1727925.000 -0.111 -1.739 -0.436
6452209.000 1727925.000 -0.215 -1.663 -0.457
6452259.000 1727925.000 -0.288 -1.574 -0.443
6452309.000 1727925.000 -0.271 -1.491 -0.426
6452359.000 1727925.000 -0.250 -1.405 -0.417
6452409.000 1727925.000 -0.258 -1.428 -0.433
6452459.000 1727925.000 -0.220 -1.436 -0.453
6452509.000 1727925.000 -0.181 -1.457 -0.456
6452559.000 1727925.000 -0.135 -1.465 -0.444
6452609.000 1727925.000 -0.154 -1.482 -0.438
6452659.000 1727925.000 -0.207 -1.501 -0.440
6452709.000 1727925.000 -0.246 -1.534 -0.446
6452759.000 1727925.000 -0.251 -1.525 -0.453
6452809.000 1727925.000 -0.229 -1.534 -0.463
6452859.000 1727925.000 -0.222 -1.551 -0.492
6452909.000 1727925.000 0.001 -1.571 -0.546
6452959.000 1727925.000 -0.074 -1.604 -0.596
6453009.000 1727925.000 -0.087 -1.488 -0.601
6453059.000 1727925.000 -0.282 -1.274 -0.428
6453109.000 1727925.000 -0.300 -0.978 -0.352
6453159.000 1727925.000 -0.485 -0.865 -0.536
6453209.000 1727925.000 -0.546 -0.756 -0.621
6453259.000 1727925.000 -0.511 -0.695 -0.620
6453309.000 1727925.000 -0.443 -0.613 -0.614
6453359.000 1727925.000 -0.495 -0.619 -0.615
6453409.000 1727925.000 -0.375 -0.623 -0.605
6453459.000 1727925.000 -0.241 -0.565 -0.524
6453509.000 1727925.000 0.009 -0.506 -0.374
6453559.000 1727925.000 -0.036 -0.521 -0.366
6453609.000 1727925.000 -0.001 -0.515 -0.375
6453659.000 1727925.000 0.041 -0.505 -0.390
6453709.000 1727925.000 -0.027 -0.435 -0.404
6453759.000 1727925.000 -0.125 -0.411 -0.431
6453809.000 1727925.000 -0.217 -0.419 -0.470
6453859.000 1727925.000 -0.321 -0.428 -0.483
6453909.000 1727925.000 -0.386 -0.360 -0.492
6453959.000 1727925.000 -0.489 -0.334 -0.517
6454009.000 1727925.000 -0.533 -0.356 -0.573
6454059.000 1727925.000 -0.504 -0.263 -0.588
6454109.000 1727925.000 -0.231 -0.110 -0.552
6454159.000 1727925.000 0.193 0.176 -0.451
6454209.000 1727925.000 0.200 0.228 -0.459
6454259.000 1727925.000 0.204 0.196 -0.461
6454309.000 1727925.000 0.219 0.176 -0.466
6454359.000 1727925.000 0.220 0.149 -0.462
6454409.000 1727925.000 0.238 0.127 -0.445
6454459.000 1727925.000 0.257 0.086 -0.435
6454509.000 1727925.000 0.269 0.061 -0.430
6451559.000 1727975.000 -0.493 -1.953 -0.550
6451609.000 1727975.000 -0.637 -1.934 -0.559
6451659.000 1727975.000 -0.677 -1.874 -0.549
6451709.000 1727975.000 -0.638 -1.831 -0.515
6451759.000 1727975.000 -0.499 -1.765 -0.461
6451809.000 1727975.000 -0.388 -1.725 -0.411
6451859.000 1727975.000 -0.337 -1.726 -0.379
6451909.000 1727975.000 -0.376 -1.673 -0.376
6451959.000 1727975.000 -0.351 -1.597 -0.376
6452009.000 1727975.000 -0.297 -1.575 -0.381
6452059.000 1727975.000 -0.265 -1.573 -0.386
6452109.000 1727975.000 -0.292 -1.594 -0.402
6452159.000 1727975.000 -0.285 -1.565 -0.419
6452209.000 1727975.000 -0.239 -1.562 -0.435
6452259.000 1727975.000 -0.270 -1.515 -0.435
6452309.000 1727975.000 -0.294 -1.453 -0.429
6452359.000 1727975.000 -0.278 -1.401 -0.425
6452409.000 1727975.000 -0.258 -1.421 -0.427
6452459.000 1727975.000 -0.264 -1.421 -0.453
6452509.000 1727975.000 -0.230 -1.452 -0.458
6452559.000 1727975.000 -0.152 -1.457 -0.449
6452609.000 1727975.000 -0.200 -1.482 -0.450
6452659.000 1727975.000 -0.225 -1.496 -0.455
6452709.000 1727975.000 -0.259 -1.514 -0.465
6452759.000 1727975.000 -0.254 -1.506 -0.480
6452809.000 1727975.000 -0.232 -1.486 -0.502
6452859.000 1727975.000 -0.201 -1.486 -0.543
6452909.000 1727975.000 -0.098 -1.501 -0.593
6452959.000 1727975.000 -0.134 -1.492 -0.628
6453009.000 1727975.000 -0.145 -1.414 -0.652
6453059.000 1727975.000 -0.215 -1.404 -0.632
6453109.000 1727975.000 -0.443 -1.099 -0.389
6453159.000 1727975.000 -0.339 -0.962 -0.394
6453209.000 1727975.000 -0.593 -0.752 -0.652
6453259.000 1727975.000 -0.543 -0.714 -0.653
6453309.000 1727975.000 -0.490 -0.723 -0.642
6453359.000 1727975.000 -0.480 -0.709 -0.635
6453409.000 1727975.000 -0.444 -0.676 -0.618
6453459.000 1727975.000 -0.211 -0.626 -0.540
6453509.000 1727975.000 0.038 -0.521 -0.381
6453559.000 1727975.000 -0.036 -0.509 -0.364
6453609.000 1727975.000 0.002 -0.497 -0.378
6453659.000 1727975.000 0.010 -0.479 -0.401
6453709.000 1727975.000 -0.097 -0.407 -0.435
6453759.000 1727975.000 -0.133 -0.355 -0.469
6453809.000 1727975.000 -0.243 -0.334 -0.501
6453859.000 1727975.000 -0.341 -0.305 -0.492
6453909.000 1727975.000 -0.421 -0.247 -0.479
6453959.000 1727975.000 -0.493 -0.237 -0.486
6454009.000 1727975.000 -0.496 -0.180 -0.494
6454059.000 1727975.000 -0.380 -0.052 -0.477
6454109.000 1727975.000 0.176 0.114 -0.419
6454159.000 1727975.000 0.240 0.153 -0.416
6454209.000 1727975.000 0.238 0.186 -0.421
6454259.000 1727975.000 0.195 0.190 -0.431
6454309.000 1727975.000 0.177 0.194 -0.448
6454359.000 1727975.000 0.166 0.129 -0.456
6454409.000 1727975.000 0.208 0.077 -0.446
6454459.000 1727975.000 0.215 0.058 -0.435
6454509.000 1727975.000 0.219 0.052 -0.428
6451559.000 1728025.000 -0.517 -1.899 -0.558
6451609.000 1728025.000 -0.567 -1.893 -0.565
6451659.000 1728025.000 -0.727 -1.839 -0.575
6451709.000 1728025.000 -0.782 -1.754 -0.556
6451759.000 1728025.000 -0.679 -1.670 -0.501
6451809.000 1728025.000 -0.428 -1.662 -0.424
6451859.000 1728025.000 -0.367 -1.674 -0.384
6451909.000 1728025.000 -0.316 -1.640 -0.362
6451959.000 1728025.000 -0.338 -1.561 -0.362
6452009.000 1728025.000 -0.286 -1.531 -0.370
6452059.000 1728025.000 -0.270 -1.507 -0.379
6452109.000 1728025.000 -0.282 -1.514 -0.396
6452159.000 1728025.000 -0.301 -1.493 -0.423
6452209.000 1728025.000 -0.269 -1.484 -0.438
6452259.000 1728025.000 -0.261 -1.467 -0.445
6452309.000 1728025.000 -0.309 -1.425 -0.444
6452359.000 1728025.000 -0.339 -1.396 -0.455
6452409.000 1728025.000 -0.323 -1.397 -0.455
6452459.000 1728025.000 -0.320 -1.409 -0.472
6452509.000 1728025.000 -0.243 -1.446 -0.459
6452559.000 1728025.000 -0.153 -1.431 -0.457
6452609.000 1728025.000 -0.181 -1.411 -0.464
6452659.000 1728025.000 -0.182 -1.379 -0.479
6452709.000 1728025.000 -0.239 -1.347 -0.507
6452759.000 1728025.000 -0.274 -1.310 -0.543
6452809.000 1728025.000 -0.269 -1.246 -0.576
6452859.000 1728025.000 -0.222 -1.255 -0.603
6452909.000 1728025.000 -0.141 -1.249 -0.629
6452959.000 1728025.000 -0.109 -1.281 -0.648
6453009.000 1728025.000 -0.124 -1.302 -0.672
6453059.000 1728025.000 -0.169 -1.357 -0.697
6453109.000 1728025.000 -0.561 -1.226 -0.516
6453159.000 1728025.000 -0.410 -0.932 -0.438
6453209.000 1728025.000 -0.465 -0.786 -0.610
6453259.000 1728025.000 -0.443 -0.646 -0.654
6453309.000 1728025.000 -0.304 -0.703 -0.624
6453359.000 1728025.000 -0.280 -0.645 -0.594
6453409.000 1728025.000 -0.217 -0.575 -0.537
6453459.000 1728025.000 -0.153 -0.544 -0.483
6453509.000 1728025.000 0.083 -0.500 -0.356
6453559.000 1728025.000 0.035 -0.485 -0.353
6453609.000 1728025.000 0.049 -0.446 -0.360
6453659.000 1728025.000 0.030 -0.396 -0.377
6453709.000 1728025.000 -0.098 -0.332 -0.426
6453759.000 1728025.000 -0.104 -0.302 -0.444
6453809.000 1728025.000 -0.191 -0.297 -0.452
6453859.000 1728025.000 -0.255 -0.279 -0.453
6453909.000 1728025.000 -0.411 -0.210 -0.468
6453959.000 1728025.000 -0.483 -0.199 -0.486
6454009.000 1728025.000 -0.470 -0.146 -0.495
6454059.000 1728025.000 -0.087 0.001 -0.434
6454109.000 1728025.000 0.224 0.107 -0.409
6454159.000 1728025.000 0.241 0.132 -0.410
6454209.000 1728025.000 0.230 0.149 -0.410
6454259.000 1728025.000 0.158 0.160 -0.413
6454309.000 1728025.000 0.150 0.196 -0.413
6454359.000 1728025.000 0.174 0.175 -0.389
6454409.000 1728025.000 0.210 0.160 -0.373
6454459.000 1728025.000 0.184 0.155 -0.368
6454509.000 1728025.000 0.164 0.139 -0.369
6451559.000 1728075.000 -0.584 -1.935 -0.567
6451609.000 1728075.000 -0.618 -1.923 -0.574
6451659.000 1728075.000 -0.753 -1.856 -0.582
6451709.000 1728075.000 -0.838 -1.761 -0.571
6451759.000 1728075.000 -0.730 -1.651 -0.518
6451809.000 1728075.000 -0.505 -1.615 -0.441
6451859.000 1728075.000 -0.413 -1.631 -0.393
6451909.000 1728075.000 -0.253 -1.640 -0.350
6451959.000 1728075.000 -0.291 -1.611 -0.333
6452009.000 1728075.000 -0.271 -1.594 -0.336
6452059.000 1728075.000 -0.246 -1.513 -0.376
6452109.000 1728075.000 -0.270 -1.455 -0.418
6452159.000 1728075.000 -0.312 -1.445 -0.446
6452209.000 1728075.000 -0.255 -1.453 -0.450
6452259.000 1728075.000 -0.195 -1.471 -0.466
6452309.000 1728075.000 -0.328 -1.443 -0.460
6452359.000 1728075.000 -0.396 -1.439 -0.481
6452409.000 1728075.000 -0.341 -1.387 -0.460
6452459.000 1728075.000 -0.312 -1.357 -0.472
6452509.000 1728075.000 -0.216 -1.353 -0.461
6452559.000 1728075.000 -0.151 -1.347 -0.470
6452609.000 1728075.000 -0.155 -1.332 -0.485
6452659.000 1728075.000 -0.196 -1.360 -0.524
6452709.000 1728075.000 -0.218 -1.368 -0.571
6452759.000 1728075.000 -0.216 -1.321 -0.607
6452809.000 1728075.000 -0.226 -1.295 -0.635
6452859.000 1728075.000 -0.206 -1.274 -0.645
6452909.000 1728075.000 -0.169 -1.266 -0.660
6452959.000 1728075.000 -0.125 -1.276 -0.667
6453009.000 1728075.000 -0.145 -1.300 -0.690
6453059.000 1728075.000 -0.180 -1.334 -0.721
6453109.000 1728075.000 -0.239 -1.338 -0.730
6453159.000 1728075.000 -0.444 -1.158 -0.589
6453209.000 1728075.000 -0.248 -1.003 -0.538
6453259.000 1728075.000 -0.102 -0.769 -0.509
6453309.000 1728075.000 -0.105 -0.643 -0.526
6453359.000 1728075.000 -0.072 -0.476 -0.479
6453409.000 1728075.000 0.017 -0.456 -0.419
6453459.000 1728075.000 0.001 -0.415 -0.393
6453509.000 1728075.000 0.122 -0.468 -0.355
6453559.000 1728075.000 0.110 -0.428 -0.367
6453609.000 1728075.000 0.033 -0.386 -0.391
6453659.000 1728075.000 -0.016 -0.359 -0.411
6453709.000 1728075.000 -0.057 -0.324 -0.428
6453759.000 1728075.000 -0.066 -0.309 -0.439
6453809.000 1728075.000 -0.128 -0.293 -0.444
6453859.000 1728075.000 -0.192 -0.286 -0.444
6453909.000 1728075.000 -0.322 -0.219 -0.450
6453959.000 1728075.000 -0.366 -0.193 -0.455
6454009.000 1728075.000 -0.338 -0.143 -0.454
6454059.000 1728075.000 0.065 -0.015 -0.415
6454109.000 1728075.000 0.257 0.073 -0.403
6454159.000 1728075.000 0.242 0.084 -0.404
6454209.000 1728075.000 0.184 0.105 -0.389
6454259.000 1728075.000 0.180 0.106 -0.392
6454309.000 1728075.000 0.237 0.120 -0.388
6454359.000 1728075.000 0.262 0.114 -0.374
6454409.000 1728075.000 0.267 0.126 -0.363
6454459.000 1728075.000 0.165 0.146 -0.361
6454509.000 1728075.000 0.045 0.157 -0.360
6451559.000 1728125.000 -0.569 -2.068 -0.568
6451609.000 1728125.000 -0.524 -2.042 -0.582
6451659.000 1728125.000 -0.547 -1.992 -0.579
6451709.000 1728125.000 -0.579 -1.906 -0.570
6451759.000 1728125.000 -0.549 -1.786 -0.527
6451809.000 1728125.000 -0.455 -1.631 -0.461
6451859.000 1728125.000 -0.412 -1.617 -0.411
6451909.000 1728125.000 -0.289 -1.626 -0.363
6451959.000 1728125.000 -0.314 -1.583 -0.341
6452009.000 1728125.000 -0.266 -1.563 -0.346
6452059.000 1728125.000 -0.216 -1.480 -0.379
6452109.000 1728125.000 -0.236 -1.463 -0.413
6452159.000 1728125.000 -0.331 -1.477 -0.461
6452209.000 1728125.000 -0.277 -1.449 -0.482
6452259.000 1728125.000 -0.216 -1.437 -0.496
6452309.000 1728125.000 -0.351 -1.451 -0.479
6452359.000 1728125.000 -0.399 -1.431 -0.488
6452409.000 1728125.000 -0.352 -1.378 -0.462
6452459.000 1728125.000 -0.281 -1.357 -0.462
6452509.000 1728125.000 -0.186 -1.354 -0.454
6452559.000 1728125.000 -0.145 -1.327 -0.474
6452609.000 1728125.000 -0.157 -1.263 -0.500
6452659.000 1728125.000 -0.252 -1.351 -0.579
6452709.000 1728125.000 -0.145 -1.377 -0.622
6452759.000 1728125.000 -0.154 -1.368 -0.649
6452809.000 1728125.000 -0.175 -1.331 -0.661
6452859.000 1728125.000 -0.245 -1.326 -0.687
6452909.000 1728125.000 -0.284 -1.356 -0.719
6452959.000 1728125.000 -0.271 -1.397 -0.745
6453009.000 1728125.000 -0.214 -1.368 -0.743
6453059.000 1728125.000 -0.183 -1.340 -0.757
6453109.000 1728125.000 -0.236 -1.296 -0.745
6453159.000 1728125.000 -0.317 -1.278 -0.714
6453209.000 1728125.000 -0.229 -1.020 -0.576
6453259.000 1728125.000 -0.038 -0.728 -0.449
6453309.000 1728125.000 0.022 -0.581 -0.411
6453359.000 1728125.000 0.129 -0.477 -0.349
6453409.000 1728125.000 0.173 -0.473 -0.338
6453459.000 1728125.000 0.198 -0.461 -0.335
6453509.000 1728125.000 0.178 -0.447 -0.353
6453559.000 1728125.000 0.158 -0.410 -0.377
6453609.000 1728125.000 0.123 -0.397 -0.392
6453659.000 1728125.000 0.065 -0.361 -0.406
6453709.000 1728125.000 0.004 -0.334 -0.422
6453759.000 1728125.000 -0.039 -0.312 -0.433
6453809.000 1728125.000 -0.075 -0.288 -0.430
6453859.000 1728125.000 -0.109 -0.259 -0.423
6453909.000 1728125.000 -0.187 -0.200 -0.420
6453959.000 1728125.000 -0.261 -0.194 -0.435
6454009.000 1728125.000 -0.184 -0.144 -0.420
6454059.000 1728125.000 0.133 -0.000 -0.390
6454109.000 1728125.000 0.226 0.086 -0.382
6454159.000 1728125.000 0.183 0.090 -0.384
6454209.000 1728125.000 0.133 0.079 -0.370
6454259.000 1728125.000 0.180 0.054 -0.380
6454309.000 1728125.000 0.257 0.021 -0.376
6454359.000 1728125.000 0.295 0.002 -0.368
6454409.000 1728125.000 0.302 -0.007 -0.359
6454459.000 1728125.000 0.254 -0.053 -0.357
6454509.000 1728125.000 0.101 -0.058 -0.357
6451559.000 1728175.000 -0.536 -2.109 -0.537
6451609.000 1728175.000 -0.498 -2.046 -0.542
6451659.000 1728175.000 -0.507 -1.953 -0.537
6451709.000 1728175.000 -0.507 -1.843 -0.527
6451759.000 1728175.000 -0.484 -1.774 -0.505
6451809.000 1728175.000 -0.452 -1.679 -0.460
6451859.000 1728175.000 -0.415 -1.621 -0.417
6451909.000 1728175.000 -0.311 -1.623 -0.377
6451959.000 1728175.000 -0.330 -1.579 -0.359
6452009.000 1728175.000 -0.278 -1.554 -0.350
6452059.000 1728175.000 -0.169 -1.493 -0.365
6452109.000 1728175.000 -0.154 -1.481 -0.390
6452159.000 1728175.000 -0.327 -1.479 -0.466
6452209.000 1728175.000 -0.294 -1.434 -0.499
6452259.000 1728175.000 -0.233 -1.431 -0.513
6452309.000 1728175.000 -0.352 -1.426 -0.489
6452359.000 1728175.000 -0.384 -1.360 -0.497
6452409.000 1728175.000 -0.360 -1.334 -0.487
6452459.000 1728175.000 -0.275 -1.304 -0.488
6452509.000 1728175.000 -0.102 -1.315 -0.464
6452559.000 1728175.000 -0.099 -1.285 -0.497
6452609.000 1728175.000 -0.143 -1.135 -0.543
6452659.000 1728175.000 -0.263 -1.183 -0.645
6452709.000 1728175.000 -0.144 -1.284 -0.681
6452759.000 1728175.000 -0.178 -1.340 -0.694
6452809.000 1728175.000 -0.195 -1.336 -0.698
6452859.000 1728175.000 -0.291 -1.363 -0.741
6452909.000 1728175.000 -0.391 -1.456 -0.798
6452959.000 1728175.000 -0.414 -1.475 -0.817
6453009.000 1728175.000 -0.257 -1.429 -0.800
6453059.000 1728175.000 -0.180 -1.346 -0.795
6453109.000 1728175.000 -0.228 -1.323 -0.783
6453159.000 1728175.000 -0.282 -1.349 -0.772
6453209.000 1728175.000 -0.215 -1.226 -0.704
6453259.000 1728175.000 -0.093 -0.726 -0.479
6453309.000 1728175.000 0.004 -0.529 -0.411
6453359.000 1728175.000 0.157 -0.458 -0.341
6453409.000 1728175.000 0.212 -0.432 -0.336
6453459.000 1728175.000 0.238 -0.430 -0.337
6453509.000 1728175.000 0.190 -0.435 -0.372
6453559.000 1728175.000 0.162 -0.442 -0.395
6453609.000 1728175.000 0.126 -0.424 -0.414
6453659.000 1728175.000 0.084 -0.394 -0.427
6453709.000 1728175.000 0.058 -0.337 -0.428
6453759.000 1728175.000 -0.002 -0.294 -0.430
6453809.000 1728175.000 -0.061 -0.245 -0.419
6453859.000 1728175.000 -0.108 -0.213 -0.416
6453909.000 1728175.000 -0.143 -0.184 -0.418
6453959.000 1728175.000 -0.172 -0.163 -0.420
6454009.000 1728175.000 -0.092 -0.141 -0.404
6454059.000 1728175.000 0.110 -0.031 -0.381
6454109.000 1728175.000 0.195 0.074 -0.368
6454159.000 1728175.000 0.144 0.076 -0.356
6454209.000 1728175.000 0.159 0.020 -0.357
6454259.000 1728175.000 0.189 -0.031 -0.364
6454309.000 1728175.000 0.252 -0.032 -0.368
6454359.000 1728175.000 0.257 -0.064 -0.368
6454409.000 1728175.000 0.247 -0.072 -0.358
6454459.000 1728175.000 0.212 -0.091 -0.357
6454509.000 1728175.000 0.164 -0.063 -0.353
6451559.000 1728225.000 -0.426 -2.060 -0.469
6451609.000 1728225.000 -0.467 -1.973 -0.480
6451659.000 1728225.000 -0.485 -1.908 -0.478
6451709.000 1728225.000 -0.544 -1.794 -0.472
6451759.000 1728225.000 -0.492 -1.721 -0.462
6451809.000 1728225.000 -0.442 -1.657 -0.443
6451859.000 1728225.000 -0.391 -1.612 -0.417
6451909.000 1728225.000 -0.341 -1.602 -0.390
6451959.000 1728225.000 -0.327 -1.580 -0.369
6452009.000 1728225.000 -0.274 -1.549 -0.355
6452059.000 1728225.000 -0.139 -1.443 -0.355
6452109.000 1728225.000 -0.124 -1.442 -0.374
6452159.000 1728225.000 -0.335 -1.450 -0.468
6452209.000 1728225.000 -0.299 -1.408 -0.499
6452259.000 1728225.000 -0.270 -1.385 -0.509
6452309.000 1728225.000 -0.334 -1.364 -0.494
6452359.000 1728225.000 -0.386 -1.334 -0.531
6452409.000 1728225.000 -0.404 -1.353 -0.560
6452459.000 1728225.000 -0.210 -1.294 -0.549
6452509.000 1728225.000 -0.038 -1.301 -0.551
6452559.000 1728225.000 -0.090 -1.175 -0.615
6452609.000 1728225.000 -0.213 -1.047 -0.699
6452659.000 1728225.000 -0.156 -1.182 -0.744
6452709.000 1728225.000 -0.180 -1.196 -0.749
6452759.000 1728225.000 -0.218 -1.330 -0.752
6452809.000 1728225.000 -0.237 -1.452 -0.769
6452859.000 1728225.000 -0.291 -1.557 -0.808
6452909.000 1728225.000 -0.363 -1.583 -0.853
6452959.000 1728225.000 -0.344 -1.550 -0.858
6453009.000 1728225.000 -0.259 -1.466 -0.844
6453059.000 1728225.000 -0.204 -1.371 -0.838
6453109.000 1728225.000 -0.284 -1.347 -0.832
6453159.000 1728225.000 -0.299 -1.361 -0.830
6453209.000 1728225.000 -0.133 -1.207 -0.797
6453259.000 1728225.000 -0.112 -0.899 -0.647
6453309.000 1728225.000 -0.079 -0.594 -0.489
6453359.000 1728225.000 0.148 -0.466 -0.349
6453409.000 1728225.000 0.212 -0.420 -0.355
6453459.000 1728225.000 0.250 -0.427 -0.356
6453509.000 1728225.000 0.205 -0.442 -0.383
6453559.000 1728225.000 0.183 -0.425 -0.390
6453609.000 1728225.000 0.159 -0.393 -0.394
6453659.000 1728225.000 0.134 -0.370 -0.398
6453709.000 1728225.000 0.091 -0.345 -0.409
6453759.000 1728225.000 0.016 -0.302 -0.420
6453809.000 1728225.000 -0.047 -0.253 -0.419
6453859.000 1728225.000 -0.091 -0.204 -0.413
6453909.000 1728225.000 -0.124 -0.166 -0.409
6453959.000 1728225.000 -0.098 -0.149 -0.409
6454009.000 1728225.000 0.055 -0.091 -0.383
6454059.000 1728225.000 0.164 0.005 -0.365
6454109.000 1728225.000 0.217 0.047 -0.357
6454159.000 1728225.000 0.164 0.005 -0.345
6454209.000 1728225.000 0.188 -0.065 -0.345
6454259.000 1728225.000 0.193 -0.067 -0.348
6454309.000 1728225.000 0.219 -0.060 -0.354
6454359.000 1728225.000 0.248 -0.074 -0.360
6454409.000 1728225.000 0.247 -0.070 -0.361
6454459.000 1728225.000 0.258 -0.074 -0.358
6454509.000 1728225.000 0.212 -0.058 -0.357
6451559.000 1728275.000 -0.351 -2.061 -0.417
6451609.000 1728275.000 -0.372 -2.025 -0.420
6451659.000 1728275.000 -0.422 -1.983 -0.415
6451709.000 1728275.000 -0.491 -1.854 -0.410
6451759.000 1728275.000 -0.439 -1.743 -0.405
6451809.000 1728275.000 -0.383 -1.685 -0.395
6451859.000 1728275.000 -0.359 -1.612 -0.392
6451909.000 1728275.000 -0.373 -1.574 -0.385
6451959.000 1728275.000 -0.331 -1.566 -0.374
6452009.000 1728275.000 -0.272 -1.559 -0.356
6452059.000 1728275.000 -0.214 -1.485 -0.350
6452109.000 1728275.000 -0.151 -1.459 -0.357
6452159.000 1728275.000 -0.298 -1.430 -0.448
6452209.000 1728275.000 -0.288 -1.387 -0.483
6452259.000 1728275.000 -0.253 -1.352 -0.498
6452309.000 1728275.000 -0.309 -1.319 -0.506
6452359.000 1728275.000 -0.380 -1.267 -0.571
6452409.000 1728275.000 -0.425 -1.208 -0.631
6452459.000 1728275.000 -0.164 -1.177 -0.627
6452509.000 1728275.000 -0.140 -1.141 -0.695
6452559.000 1728275.000 -0.143 -1.094 -0.744
6452609.000 1728275.000 -0.140 -1.179 -0.786
6452659.000 1728275.000 -0.105 -1.220 -0.786
6452709.000 1728275.000 -0.169 -1.205 -0.786
6452759.000 1728275.000 -0.247 -1.322 -0.811
6452809.000 1728275.000 -0.315 -1.529 -0.856
6452859.000 1728275.000 -0.355 -1.654 -0.891
6452909.000 1728275.000 -0.268 -1.610 -0.891
6452959.000 1728275.000 -0.240 -1.529 -0.901
6453009.000 1728275.000 -0.211 -1.388 -0.902
6453059.000 1728275.000 -0.209 -1.303 -0.910
6453109.000 1728275.000 -0.177 -1.281 -0.936
6453159.000 1728275.000 -0.204 -1.222 -0.919
6453209.000 1728275.000 -0.041 -1.088 -0.888
6453259.000 1728275.000 -0.013 -0.885 -0.753
6453309.000 1728275.000 -0.046 -0.586 -0.527
6453359.000 1728275.000 0.171 -0.468 -0.387
6453409.000 1728275.000 0.209 -0.433 -0.391
6453459.000 1728275.000 0.247 -0.442 -0.372
6453509.000 1728275.000 0.219 -0.460 -0.375
6453559.000 1728275.000 0.185 -0.431 -0.382
6453609.000 1728275.000 0.171 -0.392 -0.385
6453659.000 1728275.000 0.138 -0.373 -0.396
6453709.000 1728275.000 0.115 -0.353 -0.407
6453759.000 1728275.000 0.068 -0.324 -0.414
6453809.000 1728275.000 -0.011 -0.280 -0.425
6453859.000 1728275.000 -0.096 -0.229 -0.428
6453909.000 1728275.000 -0.088 -0.206 -0.422
6453959.000 1728275.000 -0.013 -0.144 -0.401
6454009.000 1728275.000 0.111 -0.105 -0.383
6454059.000 1728275.000 0.244 -0.032 -0.372
6454109.000 1728275.000 0.257 0.009 -0.364
6454159.000 1728275.000 0.236 -0.022 -0.349
6454209.000 1728275.000 0.211 -0.056 -0.343
6454259.000 1728275.000 0.231 -0.072 -0.341
6454309.000 1728275.000 0.235 -0.052 -0.341
6454359.000 1728275.000 0.239 -0.043 -0.345
6454409.000 1728275.000 0.238 -0.028 -0.344
6454459.000 1728275.000 0.239 -0.028 -0.343
6454509.000 1728275.000 0.241 -0.029 -0.341
6451559.000 1728325.000 -0.352 -2.054 -0.349
6451609.000 1728325.000 -0.367 -1.997 -0.362
6451659.000 1728325.000 -0.327 -1.984 -0.372
6451709.000 1728325.000 -0.386 -1.861 -0.373
6451759.000 1728325.000 -0.331 -1.750 -0.371
6451809.000 1728325.000 -0.281 -1.691 -0.374
6451859.000 1728325.000 -0.270 -1.600 -0.386
6451909.000 1728325.000 -0.319 -1.512 -0.394
6451959.000 1728325.000 -0.292 -1.481 -0.395
6452009.000 1728325.000 -0.199 -1.503 -0.392
6452059.000 1728325.000 -0.206 -1.442 -0.397
6452109.000 1728325.000 -0.233 -1.461 -0.404
6452159.000 1728325.000 -0.278 -1.436 -0.449
6452209.000 1728325.000 -0.297 -1.416 -0.478
6452259.000 1728325.000 -0.269 -1.367 -0.500
6452309.000 1728325.000 -0.325 -1.324 -0.524
6452359.000 1728325.000 -0.409 -1.279 -0.612
6452409.000 1728325.000 -0.497 -1.229 -0.709
6452459.000 1728325.000 -0.213 -1.268 -0.717
6452509.000 1728325.000 -0.121 -1.270 -0.769
6452559.000 1728325.000 -0.074 -1.285 -0.803
6452609.000 1728325.000 -0.068 -1.289 -0.817
6452659.000 1728325.000 -0.105 -1.299 -0.835
6452709.000 1728325.000 -0.160 -1.248 -0.824
6452759.000 1728325.000 -0.237 -1.269 -0.843
6452809.000 1728325.000 -0.201 -1.265 -0.862
6452859.000 1728325.000 -0.233 -1.298 -0.900
6452909.000 1728325.000 -0.165 -1.294 -0.920
6452959.000 1728325.000 -0.090 -1.232 -0.930
6453009.000 1728325.000 -0.076 -1.083 -0.953
6453059.000 1728325.000 -0.098 -1.057 -0.973
6453109.000 1728325.000 -0.075 -1.053 -1.001
6453159.000 1728325.000 -0.096 -0.991 -0.975
6453209.000 1728325.000 -0.036 -1.003 -0.940
6453259.000 1728325.000 0.115 -0.809 -0.707
6453309.000 1728325.000 0.066 -0.491 -0.433
6453359.000 1728325.000 0.249 -0.377 -0.394
6453409.000 1728325.000 0.220 -0.385 -0.395
6453459.000 1728325.000 0.275 -0.417 -0.354
6453509.000 1728325.000 0.239 -0.447 -0.362
6453559.000 1728325.000 0.195 -0.443 -0.377
6453609.000 1728325.000 0.170 -0.403 -0.384
6453659.000 1728325.000 0.134 -0.381 -0.399
6453709.000 1728325.000 0.096 -0.375 -0.419
6453759.000 1728325.000 0.068 -0.370 -0.429
6453809.000 1728325.000 -0.005 -0.338 -0.447
6453859.000 1728325.000 -0.027 -0.244 -0.429
6453909.000 1728325.000 0.022 -0.204 -0.413
6453959.000 1728325.000 0.073 -0.143 -0.394
6454009.000 1728325.000 0.191 -0.093 -0.377
6454059.000 1728325.000 0.295 -0.049 -0.372
6454109.000 1728325.000 0.277 -0.038 -0.362
6454159.000 1728325.000 0.267 -0.051 -0.359
6454209.000 1728325.000 0.217 -0.059 -0.344
6454259.000 1728325.000 0.267 -0.086 -0.336
6454309.000 1728325.000 0.275 -0.072 -0.337
6454359.000 1728325.000 0.279 -0.065 -0.346
6454409.000 1728325.000 0.278 -0.070 -0.354
6454459.000 1728325.000 0.268 -0.064 -0.348
6454509.000 1728325.000 0.270 -0.076 -0.343
6451559.000 1728375.000 -0.340 -1.912 -0.324
6451609.000 1728375.000 -0.320 -1.820 -0.341
6451659.000 1728375.000 -0.202 -1.824 -0.359
6451709.000 1728375.000 -0.263 -1.746 -0.364
6451759.000 1728375.000 -0.289 -1.677 -0.368
6451809.000 1728375.000 -0.292 -1.607 -0.379
6451859.000 1728375.000 -0.275 -1.524 -0.398
6451909.000 1728375.000 -0.286 -1.445 -0.411
6451959.000 1728375.000 -0.361 -1.348 -0.429
6452009.000 1728375.000 -0.190 -1.378 -0.453
6452059.000 1728375.000 -0.177 -1.321 -0.464
6452109.000 1728375.000 -0.256 -1.365 -0.473
6452159.000 1728375.000 -0.283 -1.399 -0.474
6452209.000 1728375.000 -0.316 -1.379 -0.500
6452259.000 1728375.000 -0.280 -1.355 -0.518
6452309.000 1728375.000 -0.347 -1.344 -0.542
6452359.000 1728375.000 -0.424 -1.284 -0.627
6452409.000 1728375.000 -0.495 -1.230 -0.718
6452459.000 1728375.000 -0.420 -1.198 -0.752
6452509.000 1728375.000 -0.195 -1.295 -0.785
6452559.000 1728375.000 -0.078 -1.320 -0.796
6452609.000 1728375.000 -0.075 -1.316 -0.817
6452659.000 1728375.000 -0.150 -1.333 -0.856
6452709.000 1728375.000 -0.222 -1.325 -0.881
6452759.000 1728375.000 -0.263 -1.285 -0.900
6452809.000 1728375.000 -0.073 -1.040 -0.889
6452859.000 1728375.000 -0.064 -0.984 -0.914
6452909.000 1728375.000 -0.166 -0.902 -0.983
6452959.000 1728375.000 -0.057 -0.854 -0.976
6453009.000 1728375.000 -0.090 -0.846 -1.009
6453059.000 1728375.000 -0.053 -0.958 -1.027
6453109.000 1728375.000 -0.025 -1.028 -1.043
6453159.000 1728375.000 -0.086 -1.069 -1.017
6453209.000 1728375.000 0.020 -0.892 -0.796
6453259.000 1728375.000 0.114 -0.457 -0.390
6453309.000 1728375.000 0.161 -0.455 -0.359
6453359.000 1728375.000 0.253 -0.378 -0.369
6453409.000 1728375.000 0.247 -0.379 -0.374
6453459.000 1728375.000 0.296 -0.417 -0.337
6453509.000 1728375.000 0.258 -0.444 -0.353
6453559.000 1728375.000 0.220 -0.441 -0.364
6453609.000 1728375.000 0.166 -0.415 -0.383
6453659.000 1728375.000 0.126 -0.388 -0.405
6453709.000 1728375.000 0.102 -0.358 -0.417
6453759.000 1728375.000 0.099 -0.339 -0.417
6453809.000 1728375.000 0.066 -0.297 -0.424
6453859.000 1728375.000 0.049 -0.207 -0.418
6453909.000 1728375.000 0.131 -0.166 -0.399
6453959.000 1728375.000 0.169 -0.113 -0.381
6454009.000 1728375.000 0.254 -0.098 -0.373
6454059.000 1728375.000 0.312 -0.069 -0.368
6454109.000 1728375.000 0.285 -0.052 -0.358
6454159.000 1728375.000 0.275 -0.090 -0.356
6454209.000 1728375.000 0.248 -0.107 -0.352
6454259.000 1728375.000 0.303 -0.123 -0.339
6454309.000 1728375.000 0.318 -0.118 -0.346
6454359.000 1728375.000 0.321 -0.095 -0.343
6454409.000 1728375.000 0.324 -0.098 -0.338
6454459.000 1728375.000 0.291 -0.094 -0.328
6454509.000 1728375.000 0.290 -0.118 -0.327
6451559.000 1728425.000 -0.293 -1.883 -0.317
6451609.000 1728425.000 -0.313 -1.787 -0.335
6451659.000 1728425.000 -0.197 -1.776 -0.356
6451709.000 1728425.000 -0.220 -1.702 -0.366
6451759.000 1728425.000 -0.239 -1.662 -0.374
6451809.000 1728425.000 -0.258 -1.588 -0.394
6451859.000 1728425.000 -0.250 -1.533 -0.421
6451909.000 1728425.000 -0.207 -1.508 -0.436
6451959.000 1728425.000 -0.207 -1.499 -0.467
6452009.000 1728425.000 -0.225 -1.343 -0.513
6452059.000 1728425.000 -0.088 -1.313 -0.528
6452109.000 1728425.000 -0.234 -1.299 -0.529
6452159.000 1728425.000 -0.286 -1.356 -0.518
6452209.000 1728425.000 -0.319 -1.353 -0.528
6452259.000 1728425.000 -0.321 -1.355 -0.539
6452309.000 1728425.000 -0.379 -1.363 -0.556
6452359.000 1728425.000 -0.440 -1.289 -0.634
6452409.000 1728425.000 -0.495 -1.270 -0.733
6452459.000 1728425.000 -0.465 -1.260 -0.782
6452509.000 1728425.000 -0.264 -1.276 -0.763
6452559.000 1728425.000 -0.133 -1.277 -0.757
6452609.000 1728425.000 -0.184 -1.242 -0.798
6452659.000 1728425.000 -0.250 -1.287 -0.861
6452709.000 1728425.000 -0.272 -1.275 -0.895
6452759.000 1728425.000 -0.177 -1.231 -0.923
6452809.000 1728425.000 -0.025 -1.139 -0.958
6452859.000 1728425.000 -0.028 -1.116 -0.981
6452909.000 1728425.000 -0.068 -1.102 -1.010
6452959.000 1728425.000 -0.147 -1.094 -1.051
6453009.000 1728425.000 -0.196 -1.003 -1.071
6453059.000 1728425.000 -0.060 -0.976 -1.057
6453109.000 1728425.000 0.016 -1.035 -1.067
6453159.000 1728425.000 0.020 -1.069 -0.977
6453209.000 1728425.000 0.045 -0.453 -0.433
6453259.000 1728425.000 0.143 -0.444 -0.334
6453309.000 1728425.000 0.230 -0.390 -0.345
6453359.000 1728425.000 0.258 -0.366 -0.355
6453409.000 1728425.000 0.267 -0.354 -0.363
6453459.000 1728425.000 0.290 -0.384 -0.344
6453509.000 1728425.000 0.275 -0.416 -0.350
6453559.000 1728425.000 0.241 -0.417 -0.365
6453609.000 1728425.000 0.200 -0.423 -0.369
6453659.000 1728425.000 0.182 -0.381 -0.383
6453709.000 1728425.000 0.144 -0.341 -0.402
6453759.000 1728425.000 0.150 -0.305 -0.408
6453809.000 1728425.000 0.133 -0.273 -0.409
6453859.000 1728425.000 0.152 -0.194 -0.399
6453909.000 1728425.000 0.206 -0.149 -0.383
6453959.000 1728425.000 0.228 -0.109 -0.366
6454009.000 1728425.000 0.275 -0.102 -0.363
6454059.000 1728425.000 0.297 -0.078 -0.350
6454109.000 1728425.000 0.285 -0.064 -0.350
6454159.000 1728425.000 0.291 -0.091 -0.342
6454209.000 1728425.000 0.290 -0.127 -0.344
6454259.000 1728425.000 0.337 -0.137 -0.326
6454309.000 1728425.000 0.338 -0.145 -0.340
6454359.000 1728425.000 0.333 -0.119 -0.333
6454409.000 1728425.000 0.334 -0.116 -0.327
6454459.000 1728425.000 0.305 -0.130 -0.317
6454509.000 1728425.000 0.311 -0.145 -0.317
6451559.000 1728475.000 -0.331 -1.851 -0.341
6451609.000 1728475.000 -0.313 -1.800 -0.352
6451659.000 1728475.000 -0.212 -1.765 -0.370
6451709.000 1728475.000 -0.201 -1.720 -0.375
6451759.000 1728475.000 -0.213 -1.646 -0.387
6451809.000 1728475.000 -0.241 -1.569 -0.413
6451859.000 1728475.000 -0.209 -1.503 -0.441
6451909.000 1728475.000 -0.180 -1.510 -0.455
6451959.000 1728475.000 -0.126 -1.531 -0.501
6452009.000 1728475.000 -0.189 -1.455 -0.548
6452059.000 1728475.000 -0.134 -1.410 -0.567
6452109.000 1728475.000 -0.239 -1.429 -0.565
6452159.000 1728475.000 -0.317 -1.392 -0.564
6452209.000 1728475.000 -0.355 -1.382 -0.553
6452259.000 1728475.000 -0.378 -1.413 -0.546
6452309.000 1728475.000 -0.414 -1.436 -0.545
6452359.000 1728475.000 -0.441 -1.402 -0.572
6452409.000 1728475.000 -0.501 -1.363 -0.680
6452459.000 1728475.000 -0.542 -1.338 -0.804
6452509.000 1728475.000 -0.385 -1.332 -0.809
6452559.000 1728475.000 -0.107 -1.364 -0.766
6452609.000 1728475.000 -0.176 -1.354 -0.827
6452659.000 1728475.000 -0.274 -1.340 -0.885
6452709.000 1728475.000 -0.330 -1.253 -0.901
6452759.000 1728475.000 -0.204 -1.222 -0.922
6452809.000 1728475.000 0.005 -1.224 -0.971
6452859.000 1728475.000 0.073 -1.204 -0.985
6452909.000 1728475.000 0.108 -1.139 -0.976
6452959.000 1728475.000 0.036 -1.109 -1.003
6453009.000 1728475.000 -0.174 -0.950 -1.053
6453059.000 1728475.000 -0.111 -0.967 -1.034
6453109.000 1728475.000 0.006 -0.934 -0.845
6453159.000 1728475.000 0.091 -0.500 -0.434
6453209.000 1728475.000 0.156 -0.416 -0.342
6453259.000 1728475.000 0.179 -0.441 -0.334
6453309.000 1728475.000 0.254 -0.355 -0.335
6453359.000 1728475.000 0.285 -0.339 -0.346
6453409.000 1728475.000 0.311 -0.325 -0.353
6453459.000 1728475.000 0.314 -0.349 -0.348
6453509.000 1728475.000 0.310 -0.389 -0.343
6453559.000 1728475.000 0.293 -0.388 -0.350
6453609.000 1728475.000 0.250 -0.375 -0.371
6453659.000 1728475.000 0.238 -0.349 -0.377
6453709.000 1728475.000 0.206 -0.333 -0.389
6453759.000 1728475.000 0.189 -0.310 -0.403
6453809.000 1728475.000 0.222 -0.262 -0.385
6453859.000 1728475.000 0.241 -0.170 -0.381
6453909.000 1728475.000 0.259 -0.141 -0.366
6453959.000 1728475.000 0.273 -0.146 -0.355
6454009.000 1728475.000 0.288 -0.136 -0.350
6454059.000 1728475.000 0.292 -0.089 -0.335
6454109.000 1728475.000 0.301 -0.065 -0.342
6454159.000 1728475.000 0.317 -0.104 -0.335
6454209.000 1728475.000 0.336 -0.131 -0.328
6454259.000 1728475.000 0.369 -0.127 -0.307
6454309.000 1728475.000 0.361 -0.138 -0.320
6454359.000 1728475.000 0.343 -0.121 -0.318
6454409.000 1728475.000 0.332 -0.113 -0.319
6454459.000 1728475.000 0.312 -0.131 -0.310
6454509.000 1728475.000 0.323 -0.129 -0.309
6451559.000 1728525.000 -0.397 -1.887 -0.381
6451609.000 1728525.000 -0.317 -1.829 -0.393
6451659.000 1728525.000 -0.223 -1.768 -0.399
6451709.000 1728525.000 -0.191 -1.727 -0.396
6451759.000 1728525.000 -0.200 -1.627 -0.414
6451809.000 1728525.000 -0.189 -1.567 -0.440
6451859.000 1728525.000 -0.177 -1.549 -0.464
6451909.000 1728525.000 -0.168 -1.544 -0.481
6451959.000 1728525.000 -0.141 -1.565 -0.520
6452009.000 1728525.000 -0.201 -1.607 -0.554
6452059.000 1728525.000 -0.208 -1.545 -0.571
6452109.000 1728525.000 -0.220 -1.543 -0.581
6452159.000 1728525.000 -0.314 -1.449 -0.585
6452209.000 1728525.000 -0.400 -1.384 -0.580
6452259.000 1728525.000 -0.492 -1.372 -0.565
6452309.000 1728525.000 -0.573 -1.390 -0.564
6452359.000 1728525.000 -0.489 -1.480 -0.495
6452409.000 1728525.000 -0.514 -1.510 -0.554
6452459.000 1728525.000 -0.662 -1.443 -0.817
6452509.000 1728525.000 -0.878 -1.351 -1.128
6452559.000 1728525.000 -0.616 -1.561 -1.075
6452609.000 1728525.000 -0.239 -1.504 -0.916
6452659.000 1728525.000 -0.250 -1.344 -0.882
6452709.000 1728525.000 -0.296 -1.170 -0.869
6452759.000 1728525.000 -0.149 -0.991 -0.810
6452809.000 1728525.000 -0.063 -0.962 -0.804
6452859.000 1728525.000 0.153 -1.020 -0.854
6452909.000 1728525.000 0.171 -1.056 -0.894
6452959.000 1728525.000 0.025 -1.075 -0.916
6453009.000 1728525.000 -0.113 -0.853 -0.813
6453059.000 1728525.000 0.146 -0.548 -0.459
6453109.000 1728525.000 0.190 -0.452 -0.361
6453159.000 1728525.000 0.186 -0.460 -0.351
6453209.000 1728525.000 0.227 -0.429 -0.343
6453259.000 1728525.000 0.253 -0.395 -0.339
6453309.000 1728525.000 0.278 -0.336 -0.330
6453359.000 1728525.000 0.316 -0.317 -0.343
6453409.000 1728525.000 0.353 -0.295 -0.342
6453459.000 1728525.000 0.344 -0.309 -0.345
6453509.000 1728525.000 0.343 -0.353 -0.336
6453559.000 1728525.000 0.326 -0.376 -0.341
6453609.000 1728525.000 0.290 -0.356 -0.371
6453659.000 1728525.000 0.287 -0.341 -0.374
6453709.000 1728525.000 0.256 -0.314 -0.394
6453759.000 1728525.000 0.215 -0.301 -0.406
6453809.000 1728525.000 0.283 -0.297 -0.352
6453859.000 1728525.000 0.258 -0.205 -0.357
6453909.000 1728525.000 0.255 -0.152 -0.352
6453959.000 1728525.000 0.289 -0.167 -0.341
6454009.000 1728525.000 0.311 -0.164 -0.335
6454059.000 1728525.000 0.297 -0.131 -0.321
6454109.000 1728525.000 0.326 -0.108 -0.334
6454159.000 1728525.000 0.343 -0.115 -0.321
6454209.000 1728525.000 0.367 -0.120 -0.300
6454259.000 1728525.000 0.386 -0.124 -0.287
6454309.000 1728525.000 0.358 -0.115 -0.291
6454359.000 1728525.000 0.349 -0.113 -0.295
6454409.000 1728525.000 0.335 -0.110 -0.307
6454459.000 1728525.000 0.329 -0.122 -0.307
6454509.000 1728525.000 0.336 -0.117 -0.312
6451559.000 1728575.000 -0.336 -1.991 -0.420
6451609.000 1728575.000 -0.305 -1.879 -0.443
6451659.000 1728575.000 -0.203 -1.752 -0.446
6451709.000 1728575.000 -0.172 -1.694 -0.441
6451759.000 1728575.000 -0.156 -1.614 -0.463
6451809.000 1728575.000 -0.192 -1.566 -0.486
6451859.000 1728575.000 -0.152 -1.574 -0.506
6451909.000 1728575.000 -0.123 -1.601 -0.518
6451959.000 1728575.000 -0.123 -1.613 -0.542
6452009.000 1728575.000 -0.141 -1.649 -0.567
6452059.000 1728575.000 -0.167 -1.609 -0.583
6452109.000 1728575.000 -0.215 -1.539 -0.604
6452159.000 1728575.000 -0.304 -1.399 -0.615
6452209.000 1728575.000 -0.438 -1.308 -0.615
6452259.000 1728575.000 -0.633 -1.326 -0.604
6452309.000 1728575.000 -1.052 -0.925 -0.678
6452359.000 1728575.000 -1.359 -0.358 -0.825
6452409.000 1728575.000 -2.374 -0.652 -1.632
6452459.000 1728575.000 -1.911 -1.089 -1.528
6452509.000 1728575.000 -1.957 -0.885 -1.940
6452559.000 1728575.000 -2.187 -0.907 -2.305
6452609.000 1728575.000 -1.743 -1.407 -2.013
6452659.000 1728575.000 -0.315 -1.462 -0.940
6452709.000 1728575.000 -0.284 -1.218 -0.854
6452759.000 1728575.000 -0.222 -1.123 -0.813
6452809.000 1728575.000 -0.074 -1.123 -0.809
6452859.000 1728575.000 0.064 -1.086 -0.824
6452909.000 1728575.000 -0.019 -1.085 -0.841
6452959.000 1728575.000 -0.172 -0.803 -0.738
6453009.000 1728575.000 0.101 -0.469 -0.397
6453059.000 1728575.000 0.188 -0.471 -0.355
6453109.000 1728575.000 0.245 -0.449 -0.340
6453159.000 1728575.000 0.259 -0.382 -0.321
6453209.000 1728575.000 0.320 -0.352 -0.323
6453259.000 1728575.000 0.308 -0.359 -0.322
6453309.000 1728575.000 0.307 -0.354 -0.318
6453359.000 1728575.000 0.327 -0.299 -0.318
6453409.000 1728575.000 0.368 -0.263 -0.312
6453459.000 1728575.000 0.357 -0.274 -0.317
6453509.000 1728575.000 0.355 -0.348 -0.321
6453559.000 1728575.000 0.360 -0.391 -0.319
6453609.000 1728575.000 0.352 -0.382 -0.322
6453659.000 1728575.000 0.322 -0.365 -0.347
6453709.000 1728575.000 0.288 -0.358 -0.363
6453759.000 1728575.000 0.251 -0.355 -0.376
6453809.000 1728575.000 0.316 -0.327 -0.319
6453859.000 1728575.000 0.264 -0.216 -0.343
6453909.000 1728575.000 0.220 -0.155 -0.347
6453959.000 1728575.000 0.278 -0.203 -0.330
6454009.000 1728575.000 0.363 -0.225 -0.316
6454059.000 1728575.000 0.381 -0.211 -0.308
6454109.000 1728575.000 0.390 -0.223 -0.313
6454159.000 1728575.000 0.399 -0.178 -0.297
6454209.000 1728575.000 0.417 -0.156 -0.275
6454259.000 1728575.000 0.417 -0.163 -0.275
6454309.000 1728575.000 0.395 -0.158 -0.278
6454359.000 1728575.000 0.360 -0.183 -0.278
6454409.000 1728575.000 0.351 -0.168 -0.280
6454459.000 1728575.000 0.350 -0.169 -0.280
6454509.000 1728575.000 0.359 -0.163 -0.287
6451559.000 1728625.000 -0.272 -2.080 -0.440
6451609.000 1728625.000 -0.219 -2.056 -0.428
6451659.000 1728625.000 -0.111 -1.873 -0.438
6451709.000 1728625.000 -0.132 -1.666 -0.485
6451759.000 1728625.000 -0.138 -1.526 -0.534
6451809.000 1728625.000 -0.168 -1.465 -0.553
6451859.000 1728625.000 -0.143 -1.483 -0.552
6451909.000 1728625.000 -0.120 -1.516 -0.557
6451959.000 1728625.000 -0.143 -1.563 -0.568
6452009.000 1728625.000 -0.109 -1.645 -0.596
6452059.000 1728625.000 -0.143 -1.603 -0.610
6452109.000 1728625.000 -0.140 -1.543 -0.643
6452159.000 1728625.000 -0.238 -1.422 -0.662
6452209.000 1728625.000 -0.412 -1.312 -0.650
6452259.000 1728625.000 -0.667 -1.232 -0.643
6452309.000 1728625.000 -1.426 -0.776 -0.725
6452359.000 1728625.000 -1.777 -0.338 -0.904
6452409.000 1728625.000 -2.674 -0.360 -1.601
6452459.000 1728625.000 -2.620 -0.746 -1.676
6452509.000 1728625.000 -2.177 -1.137 -1.675
6452559.000 1728625.000 -2.168 -1.038 -2.126
6452609.000 1728625.000 -1.947 -0.904 -2.365
6452659.000 1728625.000 -1.060 -1.527 -1.720
6452709.000 1728625.000 -0.328 -1.395 -0.870
6452759.000 1728625.000 -0.290 -1.333 -0.836
6452809.000 1728625.000 0.037 -1.200 -0.834
6452859.000 1728625.000 0.146 -1.026 -0.854
6452909.000 1728625.000 -0.111 -1.024 -0.818
6452959.000 1728625.000 -0.207 -0.535 -0.550
6453009.000 1728625.000 0.091 -0.476 -0.379
6453059.000 1728625.000 0.239 -0.435 -0.340
6453109.000 1728625.000 0.303 -0.418 -0.329
6453159.000 1728625.000 0.341 -0.400 -0.322
6453209.000 1728625.000 0.373 -0.421 -0.330
6453259.000 1728625.000 0.363 -0.409 -0.327
6453309.000 1728625.000 0.360 -0.406 -0.327
6453359.000 1728625.000 0.375 -0.359 -0.327
6453409.000 1728625.000 0.386 -0.318 -0.318
6453459.000 1728625.000 0.373 -0.310 -0.323
6453509.000 1728625.000 0.348 -0.349 -0.321
6453559.000 1728625.000 0.341 -0.394 -0.331
6453609.000 1728625.000 0.354 -0.403 -0.311
6453659.000 1728625.000 0.349 -0.402 -0.315
6453709.000 1728625.000 0.347 -0.391 -0.311
6453759.000 1728625.000 0.313 -0.364 -0.333
6453809.000 1728625.000 0.296 -0.323 -0.310
6453859.000 1728625.000 0.274 -0.283 -0.315
6453909.000 1728625.000 0.241 -0.223 -0.328
6453959.000 1728625.000 0.304 -0.240 -0.317
6454009.000 1728625.000 0.398 -0.228 -0.300
6454059.000 1728625.000 0.419 -0.220 -0.299
6454109.000 1728625.000 0.423 -0.226 -0.299
6454159.000 1728625.000 0.387 -0.219 -0.296
6454209.000 1728625.000 0.411 -0.201 -0.276
6454259.000 1728625.000 0.420 -0.220 -0.267
6454309.000 1728625.000 0.401 -0.215 -0.266
6454359.000 1728625.000 0.382 -0.213 -0.266
6454409.000 1728625.000 0.363 -0.231 -0.275
6454459.000 1728625.000 0.365 -0.252 -0.281
6454509.000 1728625.000 0.371 -0.266 -0.294
6451559.000 1728675.000 -0.229 -2.093 -0.490
6451609.000 1728675.000 -0.168 -2.064 -0.455
6451659.000 1728675.000 -0.100 -1.981 -0.439
6451709.000 1728675.000 -0.170 -1.949 -0.490
6451759.000 1728675.000 -0.074 -1.691 -0.569
6451809.000 1728675.000 -0.150 -1.487 -0.612
6451859.000 1728675.000 -0.127 -1.435 -0.611
6451909.000 1728675.000 -0.109 -1.416 -0.618
6451959.000 1728675.000 -0.108 -1.458 -0.624
6452009.000 1728675.000 -0.048 -1.517 -0.639
6452059.000 1728675.000 -0.091 -1.499 -0.650
6452109.000 1728675.000 -0.130 -1.439 -0.684
6452159.000 1728675.000 -0.231 -1.443 -0.700
6452209.000 1728675.000 -0.305 -1.390 -0.680
6452259.000 1728675.000 -0.393 -1.322 -0.658
6452309.000 1728675.000 -1.464 -0.503 -0.720
6452359.000 1728675.000 -1.841 -0.387 -0.806
6452409.000 1728675.000 -2.641 -0.237 -1.388
6452459.000 1728675.000 -2.835 -0.130 -1.667
6452509.000 1728675.000 -2.456 -0.819 -1.584
6452559.000 1728675.000 -2.177 -1.010 -1.774
6452609.000 1728675.000 -2.185 -1.195 -2.155
6452659.000 1728675.000 -1.355 -1.467 -1.930
6452709.000 1728675.000 -0.465 -1.604 -0.906
6452759.000 1728675.000 -0.447 -1.507 -0.848
6452809.000 1728675.000 -0.435 -1.282 -0.879
6452859.000 1728675.000 -0.143 -0.916 -0.873
6452909.000 1728675.000 -0.168 -0.947 -0.807
6452959.000 1728675.000 0.021 -0.408 -0.423
6453009.000 1728675.000 0.148 -0.468 -0.369
6453059.000 1728675.000 0.244 -0.422 -0.346
6453109.000 1728675.000 0.328 -0.427 -0.334
6453159.000 1728675.000 0.389 -0.429 -0.328
6453209.000 1728675.000 0.401 -0.430 -0.329
6453259.000 1728675.000 0.397 -0.417 -0.326
6453309.000 1728675.000 0.386 -0.430 -0.330
6453359.000 1728675.000 0.386 -0.420 -0.328
6453409.000 1728675.000 0.386 -0.390 -0.321
6453459.000 1728675.000 0.381 -0.372 -0.323
6453509.000 1728675.000 0.362 -0.355 -0.322
6453559.000 1728675.000 0.338 -0.381 -0.338
6453609.000 1728675.000 0.339 -0.383 -0.327
6453659.000 1728675.000 0.317 -0.388 -0.335
6453709.000 1728675.000 0.321 -0.387 -0.326
6453759.000 1728675.000 0.326 -0.371 -0.329
6453809.000 1728675.000 0.303 -0.328 -0.314
6453859.000 1728675.000 0.273 -0.306 -0.313
6453909.000 1728675.000 0.230 -0.321 -0.308
6453959.000 1728675.000 0.253 -0.324 -0.315
6454009.000 1728675.000 0.442 -0.253 -0.294
6454059.000 1728675.000 0.468 -0.234 -0.297
6454109.000 1728675.000 0.457 -0.265 -0.299
6454159.000 1728675.000 0.411 -0.283 -0.301
6454209.000 1728675.000 0.428 -0.257 -0.281
6454259.000 1728675.000 0.459 -0.231 -0.265
6454309.000 1728675.000 0.425 -0.228 -0.272
6454359.000 1728675.000 0.387 -0.252 -0.279
6454409.000 1728675.000 0.396 -0.304 -0.289
6454459.000 1728675.000 0.402 -0.338 -0.287
6454509.000 1728675.000 0.424 -0.353 -0.305
6451559.000 1728725.000 -0.292 -1.987 -0.525
6451609.000 1728725.000 -0.187 -2.049 -0.482
6451659.000 1728725.000 -0.133 -2.080 -0.449
6451709.000 1728725.000 -0.140 -2.232 -0.493
6451759.000 1728725.000 0.067 -2.262 -0.579
6451809.000 1728725.000 0.146 -1.953 -0.615
6451859.000 1728725.000 -0.150 -1.557 -0.632
6451909.000 1728725.000 -0.134 -1.540 -0.633
6451959.000 1728725.000 -0.103 -1.526 -0.627
6452009.000 1728725.000 -0.057 -1.575 -0.629
6452059.000 1728725.000 -0.083 -1.547 -0.645
6452109.000 1728725.000 -0.120 -1.503 -0.678
6452159.000 1728725.000 -0.206 -1.476 -0.708
6452209.000 1728725.000 -0.284 -1.469 -0.702
6452259.000 1728725.000 -0.298 -1.433 -0.674
6452309.000 1728725.000 -0.381 -1.385 -0.664
6452359.000 1728725.000 -1.405 -0.257 -0.673
6452409.000 1728725.000 -1.927 -0.285 -0.905
6452459.000 1728725.000 -2.353 -0.041 -1.417
6452509.000 1728725.000 -2.427 -0.134 -1.567
6452559.000 1728725.000 -2.200 -0.357 -1.618
6452609.000 1728725.000 -2.192 -0.842 -1.889
6452659.000 1728725.000 -1.569 -1.422 -1.756
6452709.000 1728725.000 -0.641 -1.582 -0.898
6452759.000 1728725.000 -0.643 -1.554 -0.875
6452809.000 1728725.000 -0.817 -1.444 -0.942
6452859.000 1728725.000 -0.490 -1.134 -0.894
6452909.000 1728725.000 -0.182 -0.789 -0.719
6452959.000 1728725.000 0.083 -0.485 -0.439
6453009.000 1728725.000 0.163 -0.459 -0.373
6453059.000 1728725.000 0.245 -0.424 -0.357
6453109.000 1728725.000 0.320 -0.425 -0.343
6453159.000 1728725.000 0.374 -0.420 -0.338
6453209.000 1728725.000 0.370 -0.391 -0.330
6453259.000 1728725.000 0.381 -0.384 -0.331
6453309.000 1728725.000 0.374 -0.385 -0.332
6453359.000 1728725.000 0.383 -0.400 -0.334
6453409.000 1728725.000 0.371 -0.391 -0.329
6453459.000 1728725.000 0.373 -0.382 -0.334
6453509.000 1728725.000 0.378 -0.360 -0.341
6453559.000 1728725.000 0.337 -0.352 -0.345
6453609.000 1728725.000 0.342 -0.344 -0.344
6453659.000 1728725.000 0.329 -0.355 -0.340
6453709.000 1728725.000 0.325 -0.356 -0.336
6453759.000 1728725.000 0.298 -0.370 -0.334
6453809.000 1728725.000 0.275 -0.356 -0.324
6453859.000 1728725.000 0.247 -0.322 -0.330
6453909.000 1728725.000 0.232 -0.312 -0.334
6453959.000 1728725.000 0.244 -0.333 -0.341
6454009.000 1728725.000 0.387 -0.324 -0.305
6454059.000 1728725.000 0.450 -0.281 -0.303
6454109.000 1728725.000 0.446 -0.297 -0.304
6454159.000 1728725.000 0.423 -0.318 -0.307
6454209.000 1728725.000 0.432 -0.315 -0.300
6454259.000 1728725.000 0.448 -0.290 -0.293
6454309.000 1728725.000 0.415 -0.300 -0.302
6454359.000 1728725.000 0.419 -0.313 -0.304
6454409.000 1728725.000 0.426 -0.333 -0.308
6454459.000 1728725.000 0.431 -0.344 -0.310
6454509.000 1728725.000 0.447 -0.348 -0.325
6451559.000 1728775.000 -0.419 -2.059 -0.573
6451609.000 1728775.000 -0.366 -2.123 -0.523
6451659.000 1728775.000 -0.285 -2.193 -0.475
6451709.000 1728775.000 -0.107 -2.252 -0.450
6451759.000 1728775.000 0.040 -2.410 -0.539
6451809.000 1728775.000 0.313 -2.310 -0.607
6451859.000 1728775.000 0.062 -1.925 -0.618
6451909.000 1728775.000 -0.210 -1.715 -0.627
6451959.000 1728775.000 -0.167 -1.732 -0.630
6452009.000 1728775.000 -0.090 -1.614 -0.629
6452059.000 1728775.000 -0.105 -1.592 -0.642
6452109.000 1728775.000 -0.125 -1.523 -0.662
6452159.000 1728775.000 -0.200 -1.465 -0.694
6452209.000 1728775.000 -0.272 -1.467 -0.699
6452259.000 1728775.000 -0.263 -1.467 -0.681
6452309.000 1728775.000 -0.288 -1.456 -0.673
6452359.000 1728775.000 -0.648 -0.959 -0.638
6452409.000 1728775.000 -1.228 -0.121 -0.676
6452459.000 1728775.000 -1.378 -0.123 -0.818
6452509.000 1728775.000 -2.024 -0.171 -1.292
6452559.000 1728775.000 -1.950 -0.370 -1.481
6452609.000 1728775.000 -1.575 -0.813 -1.410
6452659.000 1728775.000 -0.680 -1.325 -0.837
6452709.000 1728775.000 -0.605 -1.505 -0.755
6452759.000 1728775.000 -0.618 -1.535 -0.770
6452809.000 1728775.000 -0.620 -1.429 -0.778
6452859.000 1728775.000 -0.595 -1.230 -0.814
6452909.000 1728775.000 -0.240 -0.892 -0.692
6452959.000 1728775.000 0.037 -0.552 -0.500
6453009.000 1728775.000 0.174 -0.415 -0.374
6453059.000 1728775.000 0.283 -0.446 -0.362
6453109.000 1728775.000 0.314 -0.450 -0.351
6453159.000 1728775.000 0.333 -0.437 -0.345
6453209.000 1728775.000 0.331 -0.382 -0.332
6453259.000 1728775.000 0.353 -0.373 -0.337
6453309.000 1728775.000 0.363 -0.358 -0.340
6453359.000 1728775.000 0.361 -0.375 -0.337
6453409.000 1728775.000 0.374 -0.388 -0.335
6453459.000 1728775.000 0.386 -0.382 -0.338
6453509.000 1728775.000 0.381 -0.366 -0.342
6453559.000 1728775.000 0.359 -0.362 -0.347
6453609.000 1728775.000 0.352 -0.348 -0.346
6453659.000 1728775.000 0.330 -0.345 -0.339
6453709.000 1728775.000 0.306 -0.356 -0.339
6453759.000 1728775.000 0.278 -0.380 -0.337
6453809.000 1728775.000 0.257 -0.370 -0.344
6453859.000 1728775.000 0.239 -0.346 -0.338
6453909.000 1728775.000 0.189 -0.348 -0.346
6453959.000 1728775.000 0.186 -0.395 -0.343
6454009.000 1728775.000 0.247 -0.374 -0.348
6454059.000 1728775.000 0.420 -0.350 -0.312
6454109.000 1728775.000 0.426 -0.322 -0.308
6454159.000 1728775.000 0.430 -0.341 -0.304
6454209.000 1728775.000 0.433 -0.355 -0.307
6454259.000 1728775.000 0.440 -0.344 -0.310
6454309.000 1728775.000 0.438 -0.340 -0.313
6454359.000 1728775.000 0.433 -0.335 -0.313
6454409.000 1728775.000 0.439 -0.345 -0.316
6454459.000 1728775.000 0.441 -0.348 -0.320
6454509.000 1728775.000 0.445 -0.356 -0.325
6451559.000 1728825.000 -0.519 -2.001 -0.604
6451609.000 1728825.000 -0.591 -2.073 -0.566
6451659.000 1728825.000 -0.538 -2.194 -0.529
6451709.000 1728825.000 -0.189 -2.237 -0.436
6451759.000 1728825.000 -0.114 -2.341 -0.461
6451809.000 1728825.000 0.197 -2.353 -0.565
6451859.000 1728825.000 0.086 -2.321 -0.595
6451909.000 1728825.000 -0.165 -2.149 -0.600
6451959.000 1728825.000 -0.162 -2.062 -0.602
6452009.000 1728825.000 0.007 -1.720 -0.618
6452059.000 1728825.000 -0.162 -1.538 -0.629
6452109.000 1728825.000 -0.156 -1.503 -0.645
6452159.000 1728825.000 -0.171 -1.486 -0.674
6452209.000 1728825.000 -0.259 -1.497 -0.697
6452259.000 1728825.000 -0.266 -1.509 -0.685
6452309.000 1728825.000 -0.277 -1.517 -0.679
6452359.000 1728825.000 -0.340 -1.483 -0.668
6452409.000 1728825.000 -0.802 -0.825 -0.636
6452459.000 1728825.000 -0.986 -0.615 -0.644
6452509.000 1728825.000 -1.206 -0.495 -0.696
6452559.000 1728825.000 -0.700 -0.989 -0.504
6452609.000 1728825.000 -0.456 -1.260 -0.605
6452659.000 1728825.000 -0.461 -1.508 -0.660
6452709.000 1728825.000 -0.459 -1.590 -0.666
6452759.000 1728825.000 -0.490 -1.670 -0.672
6452809.000 1728825.000 -0.546 -1.633 -0.706
6452859.000 1728825.000 -0.594 -1.426 -0.791
6452909.000 1728825.000 -0.398 -1.150 -0.805
6452959.000 1728825.000 -0.186 -1.002 -0.742
6453009.000 1728825.000 0.159 -0.416 -0.396
6453059.000 1728825.000 0.219 -0.431 -0.361
6453109.000 1728825.000 0.319 -0.447 -0.347
6453159.000 1728825.000 0.322 -0.421 -0.338
6453209.000 1728825.000 0.307 -0.377 -0.330
6453259.000 1728825.000 0.329 -0.370 -0.344
6453309.000 1728825.000 0.349 -0.352 -0.357
6453359.000 1728825.000 0.347 -0.369 -0.355
6453409.000 1728825.000 0.354 -0.396 -0.345
6453459.000 1728825.000 0.348 -0.401 -0.346
6453509.000 1728825.000 0.343 -0.389 -0.347
6453559.000 1728825.000 0.330 -0.392 -0.354
6453609.000 1728825.000 0.338 -0.372 -0.355
6453659.000 1728825.000 0.329 -0.350 -0.347
6453709.000 1728825.000 0.312 -0.344 -0.347
6453759.000 1728825.000 0.293 -0.360 -0.345
6453809.000 1728825.000 0.257 -0.362 -0.352
6453859.000 1728825.000 0.221 -0.349 -0.350
6453909.000 1728825.000 0.155 -0.350 -0.365
6453959.000 1728825.000 0.217 -0.370 -0.352
6454009.000 1728825.000 0.280 -0.359 -0.347
6454059.000 1728825.000 0.392 -0.381 -0.322
6454109.000 1728825.000 0.414 -0.372 -0.317
6454159.000 1728825.000 0.419 -0.374 -0.310
6454209.000 1728825.000 0.421 -0.372 -0.310
6454259.000 1728825.000 0.428 -0.362 -0.307
6454309.000 1728825.000 0.438 -0.362 -0.307
6454359.000 1728825.000 0.432 -0.347 -0.312
6454409.000 1728825.000 0.443 -0.351 -0.322
6454459.000 1728825.000 0.443 -0.355 -0.329
6454509.000 1728825.000 0.435 -0.372 -0.334
6451559.000 1728875.000 -0.348 -2.129 -0.682
6451609.000 1728875.000 -0.518 -1.980 -0.597
6451659.000 1728875.000 -0.584 -2.066 -0.573
6451709.000 1728875.000 -0.277 -2.161 -0.494
6451759.000 1728875.000 -0.094 -2.257 -0.447
6451809.000 1728875.000 0.077 -2.255 -0.486
6451859.000 1728875.000 -0.012 -2.214 -0.503
6451909.000 1728875.000 -0.063 -2.110 -0.536
6451959.000 1728875.000 -0.164 -2.078 -0.558
6452009.000 1728875.000 0.015 -2.057 -0.620
6452059.000 1728875.000 -0.154 -2.038 -0.624
6452109.000 1728875.000 -0.198 -2.015 -0.651
6452159.000 1728875.000 -0.226 -1.929 -0.658
6452209.000 1728875.000 -0.254 -1.613 -0.672
6452259.000 1728875.000 -0.299 -1.565 -0.668
6452309.000 1728875.000 -0.287 -1.555 -0.664
6452359.000 1728875.000 -0.292 -1.570 -0.670
6452409.000 1728875.000 -0.323 -1.538 -0.687
6452459.000 1728875.000 -0.509 -1.242 -0.690
6452509.000 1728875.000 -1.828 -1.565 -0.717
6452559.000 1728875.000 -0.843 -3.100 0.045
6452609.000 1728875.000 -0.253 -1.486 -0.494
6452659.000 1728875.000 -0.390 -1.498 -0.658
6452709.000 1728875.000 -0.391 -1.601 -0.648
6452759.000 1728875.000 -0.427 -1.686 -0.629
6452809.000 1728875.000 -0.530 -1.687 -0.672
6452859.000 1728875.000 -0.591 -1.428 -0.785
6452909.000 1728875.000 -0.577 -1.249 -0.900
6452959.000 1728875.000 -0.268 -1.241 -0.849
6453009.000 1728875.000 0.134 -0.528 -0.461
6453059.000 1728875.000 0.216 -0.439 -0.365
6453109.000 1728875.000 0.304 -0.450 -0.347
6453159.000 1728875.000 0.308 -0.431 -0.341
6453209.000 1728875.000 0.290 -0.412 -0.340
6453259.000 1728875.000 0.310 -0.397 -0.357
6453309.000 1728875.000 0.344 -0.379 -0.382
6453359.000 1728875.000 0.339 -0.398 -0.385
6453409.000 1728875.000 0.344 -0.423 -0.377
6453459.000 1728875.000 0.329 -0.425 -0.364
6453509.000 1728875.000 0.330 -0.413 -0.356
6453559.000 1728875.000 0.314 -0.424 -0.362
6453609.000 1728875.000 0.305 -0.402 -0.361
6453659.000 1728875.000 0.300 -0.376 -0.357
6453709.000 1728875.000 0.288 -0.358 -0.351
6453759.000 1728875.000 0.293 -0.346 -0.349
6453809.000 1728875.000 0.285 -0.332 -0.355
6453859.000 1728875.000 0.251 -0.338 -0.348
6453909.000 1728875.000 0.158 -0.362 -0.358
6453959.000 1728875.000 0.202 -0.407 -0.354
6454009.000 1728875.000 0.296 -0.381 -0.349
6454059.000 1728875.000 0.393 -0.373 -0.331
6454109.000 1728875.000 0.416 -0.352 -0.321
6454159.000 1728875.000 0.402 -0.357 -0.317
6454209.000 1728875.000 0.402 -0.359 -0.316
6454259.000 1728875.000 0.411 -0.360 -0.310
6454309.000 1728875.000 0.425 -0.363 -0.311
6454359.000 1728875.000 0.418 -0.347 -0.319
6454409.000 1728875.000 0.424 -0.355 -0.328
6454459.000 1728875.000 0.406 -0.360 -0.332
6454509.000 1728875.000 0.403 -0.361 -0.333
6451559.000 1728925.000 -0.142 -2.359 -0.778
6451609.000 1728925.000 -0.155 -2.269 -0.755
6451659.000 1728925.000 -0.433 -2.082 -0.644
6451709.000 1728925.000 -0.434 -2.075 -0.598
6451759.000 1728925.000 -0.176 -2.148 -0.539
6451809.000 1728925.000 -0.002 -2.209 -0.512
6451859.000 1728925.000 -0.063 -2.234 -0.499
6451909.000 1728925.000 -0.108 -2.130 -0.515
6451959.000 1728925.000 -0.155 -2.106 -0.533
6452009.000 1728925.000 -0.075 -2.120 -0.575
6452059.000 1728925.000 -0.115 -2.070 -0.570
6452109.000 1728925.000 -0.131 -2.053 -0.595
6452159.000 1728925.000 -0.085 -1.962 -0.604
6452209.000 1728925.000 -0.057 -1.871 -0.641
6452259.000 1728925.000 -0.212 -1.674 -0.644
6452309.000 1728925.000 -0.269 -1.576 -0.652
6452359.000 1728925.000 -0.283 -1.578 -0.685
6452409.000 1728925.000 -0.287 -1.596 -0.721
6452459.000 1728925.000 -0.334 -1.595 -0.747
6452509.000 1728925.000 -4.652 -0.632 -1.182
6452559.000 1728925.000 -2.233 -5.671 -1.329
6452609.000 1728925.000 -1.498 -5.403 -1.233
6452659.000 1728925.000 -0.367 -1.623 -0.747
6452709.000 1728925.000 -0.336 -1.690 -0.653
6452759.000 1728925.000 -0.368 -1.678 -0.617
6452809.000 1728925.000 -0.528 -1.683 -0.680
6452859.000 1728925.000 -0.666 -1.532 -0.828
6452909.000 1728925.000 -0.762 -1.393 -0.981
6452959.000 1728925.000 -0.324 -1.347 -0.882
6453009.000 1728925.000 0.090 -0.687 -0.524
6453059.000 1728925.000 0.225 -0.457 -0.372
6453109.000 1728925.000 0.301 -0.455 -0.346
6453159.000 1728925.000 0.288 -0.437 -0.340
6453209.000 1728925.000 0.275 -0.432 -0.345
6453259.000 1728925.000 0.307 -0.407 -0.366
6453309.000 1728925.000 0.337 -0.393 -0.391
6453359.000 1728925.000 0.331 -0.419 -0.399
6453409.000 1728925.000 0.322 -0.442 -0.389
6453459.000 1728925.000 0.310 -0.453 -0.378
6453509.000 1728925.000 0.304 -0.439 -0.364
6453559.000 1728925.000 0.290 -0.448 -0.368
6453609.000 1728925.000 0.281 -0.425 -0.365
6453659.000 1728925.000 0.285 -0.402 -0.365
6453709.000 1728925.000 0.283 -0.379 -0.362
6453759.000 1728925.000 0.289 -0.352 -0.359
6453809.000 1728925.000 0.269 -0.335 -0.363
6453859.000 1728925.000 0.241 -0.328 -0.349
6453909.000 1728925.000 0.180 -0.330 -0.344
6453959.000 1728925.000 0.174 -0.398 -0.364
6454009.000 1728925.000 0.199 -0.414 -0.386
6454059.000 1728925.000 0.411 -0.376 -0.340
6454109.000 1728925.000 0.490 -0.347 -0.329
6454159.000 1728925.000 0.437 -0.347 -0.351
6454209.000 1728925.000 0.439 -0.343 -0.353
6454259.000 1728925.000 0.375 -0.339 -0.337
6454309.000 1728925.000 0.382 -0.349 -0.331
6454359.000 1728925.000 0.375 -0.359 -0.329
6454409.000 1728925.000 0.378 -0.345 -0.334
6454459.000 1728925.000 0.377 -0.343 -0.333
6454509.000 1728925.000 0.370 -0.333 -0.332
6451559.000 1728975.000 -0.115 -2.396 -0.779
6451609.000 1728975.000 -0.142 -2.364 -0.781
6451659.000 1728975.000 -0.103 -2.361 -0.788
6451709.000 1728975.000 -0.384 -2.125 -0.649
6451759.000 1728975.000 -0.303 -2.027 -0.592
6451809.000 1728975.000 -0.046 -2.054 -0.547
6451859.000 1728975.000 -0.145 -2.148 -0.512
6451909.000 1728975.000 -0.125 -2.143 -0.518
6451959.000 1728975.000 -0.175 -2.112 -0.538
6452009.000 1728975.000 -0.074 -2.133 -0.560
6452059.000 1728975.000 -0.076 -2.070 -0.539
6452109.000 1728975.000 -0.090 -2.054 -0.558
6452159.000 1728975.000 -0.075 -1.964 -0.584
6452209.000 1728975.000 -0.031 -1.882 -0.626
6452259.000 1728975.000 -0.159 -1.692 -0.626
6452309.000 1728975.000 -0.241 -1.575 -0.640
6452359.000 1728975.000 -0.262 -1.579 -0.689
6452409.000 1728975.000 -0.280 -1.603 -0.742
6452459.000 1728975.000 -0.325 -1.612 -0.772
6452509.000 1728975.000 -5.621 -0.568 -1.507
6452559.000 1728975.000 -2.565 -20.628 -3.614
6452609.000 1728975.000 -3.931 -13.317 -3.721
6452659.000 1728975.000 -0.412 -1.524 -0.912
6452709.000 1728975.000 -0.315 -1.729 -0.670
6452759.000 1728975.000 -0.379 -1.718 -0.635
6452809.000 1728975.000 -0.547 -1.665 -0.689
6452859.000 1728975.000 -0.658 -1.556 -0.812
6452909.000 1728975.000 -0.796 -1.400 -0.981
6452959.000 1728975.000 -0.369 -1.403 -0.897
6453009.000 1728975.000 0.057 -0.794 -0.562
6453059.000 1728975.000 0.240 -0.464 -0.374
6453109.000 1728975.000 0.296 -0.462 -0.348
6453159.000 1728975.000 0.278 -0.448 -0.342
6453209.000 1728975.000 0.273 -0.445 -0.349
6453259.000 1728975.000 0.304 -0.421 -0.372
6453309.000 1728975.000 0.333 -0.407 -0.402
6453359.000 1728975.000 0.332 -0.428 -0.414
6453409.000 1728975.000 0.322 -0.444 -0.403
6453459.000 1728975.000 0.309 -0.458 -0.385
6453509.000 1728975.000 0.303 -0.443 -0.366
6453559.000 1728975.000 0.292 -0.445 -0.365
6453609.000 1728975.000 0.278 -0.424 -0.361
6453659.000 1728975.000 0.278 -0.402 -0.361
6453709.000 1728975.000 0.275 -0.375 -0.356
6453759.000 1728975.000 0.286 -0.346 -0.358
6453809.000 1728975.000 0.277 -0.344 -0.375
6453859.000 1728975.000 0.233 -0.322 -0.348
6453909.000 1728975.000 0.174 -0.319 -0.336
6453959.000 1728975.000 0.169 -0.387 -0.359
6454009.000 1728975.000 0.122 -0.426 -0.428
6454059.000 1728975.000 0.421 -0.378 -0.342
6454109.000 1728975.000 0.514 -0.346 -0.325
6454159.000 1728975.000 0.447 -0.353 -0.358
6454209.000 1728975.000 0.457 -0.349 -0.364
6454259.000 1728975.000 0.358 -0.339 -0.342
6454309.000 1728975.000 0.340 -0.343 -0.334
6454359.000 1728975.000 0.347 -0.342 -0.330
6454409.000 1728975.000 0.366 -0.335 -0.335
6454459.000 1728975.000 0.365 -0.331 -0.331
6454509.000 1728975.000 0.367 -0.326 -0.327
6451559.000 1729025.000 -0.110 -2.456 -0.772
6451609.000 1729025.000 -0.141 -2.482 -0.791
6451659.000 1729025.000 -0.107 -2.427 -0.791
6451709.000 1729025.000 -0.142 -2.315 -0.753
6451759.000 1729025.000 -0.252 -2.012 -0.633
6451809.000 1729025.000 -0.100 -1.999 -0.610
6451859.000 1729025.000 -0.145 -2.052 -0.593
6451909.000 1729025.000 -0.210 -2.141 -0.571
6451959.000 1729025.000 -0.155 -2.186 -0.563
6452009.000 1729025.000 -0.085 -2.188 -0.540
6452059.000 1729025.000 -0.009 -2.155 -0.525
6452109.000 1729025.000 -0.088 -2.096 -0.526
6452159.000 1729025.000 -0.039 -1.955 -0.550
6452209.000 1729025.000 0.006 -1.905 -0.595
6452259.000 1729025.000 -0.029 -1.754 -0.601
6452309.000 1729025.000 -0.214 -1.617 -0.646
6452359.000 1729025.000 -0.249 -1.544 -0.724
6452409.000 1729025.000 -0.294 -1.606 -0.783
6452459.000 1729025.000 -0.345 -1.629 -0.807
6452509.000 1729025.000 -6.181 0.278 -1.537
6452559.000 1729025.000 -7.465 -4.015 -3.967
6452609.000 1729025.000 -5.693 -10.090 -5.026
6452659.000 1729025.000 -0.493 -1.420 -1.042
6452709.000 1729025.000 -0.327 -1.786 -0.703
6452759.000 1729025.000 -0.376 -1.839 -0.658
6452809.000 1729025.000 -0.519 -1.691 -0.681
6452859.000 1729025.000 -0.634 -1.633 -0.789
6452909.000 1729025.000 -0.712 -1.433 -0.914
6452959.000 1729025.000 -0.344 -1.340 -0.854
6453009.000 1729025.000 0.095 -0.671 -0.499
6453059.000 1729025.000 0.279 -0.503 -0.373
6453109.000 1729025.000 0.300 -0.466 -0.346
6453159.000 1729025.000 0.269 -0.448 -0.340
6453209.000 1729025.000 0.272 -0.448 -0.349
6453259.000 1729025.000 0.311 -0.425 -0.376
6453309.000 1729025.000 0.327 -0.411 -0.400
6453359.000 1729025.000 0.306 -0.435 -0.404
6453409.000 1729025.000 0.299 -0.447 -0.385
6453459.000 1729025.000 0.306 -0.462 -0.376
6453509.000 1729025.000 0.291 -0.449 -0.363
6453559.000 1729025.000 0.281 -0.459 -0.367
6453609.000 1729025.000 0.281 -0.435 -0.360
6453659.000 1729025.000 0.283 -0.416 -0.363
6453709.000 1729025.000 0.272 -0.391 -0.361
6453759.000 1729025.000 0.267 -0.360 -0.368
6453809.000 1729025.000 0.272 -0.350 -0.377
6453859.000 1729025.000 0.234 -0.321 -0.348
6453909.000 1729025.000 0.163 -0.290 -0.324
6453959.000 1729025.000 0.137 -0.273 -0.344
6454009.000 1729025.000 0.041 -0.234 -0.417
6454059.000 1729025.000 0.381 -0.423 -0.389
6454109.000 1729025.000 0.430 -0.424 -0.423
6454159.000 1729025.000 0.395 -0.469 -0.434
6454209.000 1729025.000 0.450 -0.470 -0.428
6454259.000 1729025.000 0.356 -0.377 -0.365
6454309.000 1729025.000 0.344 -0.327 -0.338
6454359.000 1729025.000 0.346 -0.335 -0.333
6454409.000 1729025.000 0.348 -0.341 -0.341
6454459.000 1729025.000 0.359 -0.332 -0.330
6454509.000 1729025.000 0.343 -0.349 -0.346
