6451559.000 1726075.000 -5.211 -3.251 -1.716
6451609.000 1726075.000 -4.279 -6.709 -1.318
6451659.000 1726075.000 -4.034 -4.582 -1.506
6451709.000 1726075.000 -6.845 -6.648 -1.484
6451759.000 1726075.000 -3.875 -3.111 -0.703
6451809.000 1726075.000 -99.000 -99.000 -99.000
6451859.000 1726075.000 -99.000 -99.000 -99.000
6451909.000 1726075.000 -99.000 -99.000 -99.000
6451959.000 1726075.000 -99.000 -99.000 -99.000
6452009.000 1726075.000 -8.553 -15.939 -0.773
6452059.000 1726075.000 -99.000 -99.000 -99.000
6452109.000 1726075.000 -8.409 9.041 -1.299
6452159.000 1726075.000 -13.528 4.548 -1.912
6452209.000 1726075.000 -15.863 7.112 -2.633
6452259.000 1726075.000 -3.895 8.101 -2.691
6452309.000 1726075.000 -1.597 0.637 -2.844
6452359.000 1726075.000 -1.689 10.557 -2.219
6452409.000 1726075.000 -14.710 7.491 -2.325
6452459.000 1726075.000 -99.000 -99.000 -99.000
6452509.000 1726075.000 17.122 0.018 -1.985
6452559.000 1726075.000 -9.460 4.100 -2.313
6452609.000 1726075.000 -13.353 -3.651 -2.861
6452659.000 1726075.000 -6.823 10.929 -3.496
6452709.000 1726075.000 -9.251 0.611 -2.645
6452759.000 1726075.000 -10.822 -2.717 -2.000
6452809.000 1726075.000 0.176 -0.758 -0.056
6452859.000 1726075.000 0.151 -0.551 -0.062
6452909.000 1726075.000 0.142 -0.466 -0.061
6452959.000 1726075.000 0.188 -0.470 -0.056
6453009.000 1726075.000 0.239 -0.462 -0.058
6453059.000 1726075.000 0.167 -0.540 -0.065
6453109.000 1726075.000 0.172 -0.589 -0.070
6453159.000 1726075.000 0.205 -0.557 -0.060
6453209.000 1726075.000 0.082 -0.709 -0.157
6453259.000 1726075.000 0.097 -0.689 -0.106
6453309.000 1726075.000 0.135 -0.678 -0.093
6453359.000 1726075.000 0.168 -0.717 -0.112
6453409.000 1726075.000 0.193 -0.699 -0.103
6453459.000 1726075.000 0.212 -0.662 -0.076
6453509.000 1726075.000 0.229 -0.607 -0.051
6453559.000 1726075.000 0.187 -0.528 -0.042
6453609.000 1726075.000 0.207 -0.474 -0.027
6453659.000 1726075.000 0.125 -0.552 -0.025
6453709.000 1726075.000 0.049 -0.582 -0.015
6453759.000 1726075.000 0.142 -0.656 -0.008
6453809.000 1726075.000 0.048 -0.625 -0.001
6453859.000 1726075.000 -0.263 -0.218 0.071
6453909.000 1726075.000 -0.003 -0.689 0.070
6453959.000 1726075.000 0.077 -0.611 0.053
6454009.000 1726075.000 -0.064 -0.675 0.052
6454059.000 1726075.000 -0.130 -0.626 0.057
6454109.000 1726075.000 -0.164 -0.589 0.058
6454159.000 1726075.000 0.049 -0.723 0.064
6454209.000 1726075.000 0.019 -0.716 0.061
6454259.000 1726075.000 -0.003 -0.729 0.065
6454309.000 1726075.000 -0.056 -0.694 0.071
6454359.000 1726075.000 0.062 -0.645 0.079
6454409.000 1726075.000 0.089 -0.617 0.079
6454459.000 1726075.000 -0.036 -0.625 0.071
6454509.000 1726075.000 -0.055 -0.653 0.072
6451559.000 1726125.000 -4.206 -4.261 -1.539
6451609.000 1726125.000 1.701 -7.811 -1.551
6451659.000 1726125.000 -9.720 -10.172 -1.752
6451709.000 1726125.000 -20.496 -10.970 -1.721
6451759.000 1726125.000 -99.000 -99.000 -99.000
6451809.000 1726125.000 -99.000 -99.000 -99.000
6451859.000 1726125.000 -99.000 -99.000 -99.000
6451909.000 1726125.000 -99.000 -99.000 -99.000
6451959.000 1726125.000 -99.000 -99.000 -99.000
6452009.000 1726125.000 -99.000 -99.000 -99.000
6452059.000 1726125.000 -99.000 -99.000 -99.000
6452109.000 1726125.000 15.426 11.750 -2.145
6452159.000 1726125.000 -24.722 14.527 -2.575
6452209.000 1726125.000 -9.914 -3.002 -2.240
6452259.000 1726125.000 1.799 5.493 -2.489
6452309.000 1726125.000 -7.788 4.505 -2.527
6452359.000 1726125.000 0.823 3.106 -2.184
6452409.000 1726125.000 -7.739 2.937 -2.230
6452459.000 1726125.000 -21.350 2.172 -2.135
6452509.000 1726125.000 -2.808 12.023 -2.254
6452559.000 1726125.000 5.387 3.307 -3.436
6452609.000 1726125.000 0.938 -2.286 -3.701
6452659.000 1726125.000 -1.316 -7.678 -3.375
6452709.000 1726125.000 -11.109 -10.174 -2.828
6452759.000 1726125.000 0.115 -0.578 -0.085
6452809.000 1726125.000 0.122 -0.510 -0.066
6452859.000 1726125.000 0.127 -0.552 -0.062
6452909.000 1726125.000 0.151 -0.569 -0.062
6452959.000 1726125.000 0.207 -0.456 -0.057
6453009.000 1726125.000 0.193 -0.552 -0.064
6453059.000 1726125.000 0.139 -0.571 -0.071
6453109.000 1726125.000 0.131 -0.596 -0.089
6453159.000 1726125.000 0.156 -0.611 -0.106
6453209.000 1726125.000 0.088 -0.663 -0.128
6453259.000 1726125.000 0.105 -0.708 -0.107
6453309.000 1726125.000 0.130 -0.725 -0.127
6453359.000 1726125.000 0.149 -0.706 -0.101
6453409.000 1726125.000 0.181 -0.647 -0.058
6453459.000 1726125.000 0.232 -0.614 -0.037
6453509.000 1726125.000 0.188 -0.540 -0.038
6453559.000 1726125.000 0.196 -0.588 -0.041
6453609.000 1726125.000 0.207 -0.568 -0.031
6453659.000 1726125.000 0.140 -0.536 -0.044
6453709.000 1726125.000 0.096 -0.497 -0.042
6453759.000 1726125.000 0.142 -0.466 -0.034
6453809.000 1726125.000 0.182 -0.416 -0.027
6453859.000 1726125.000 -0.129 -0.182 -0.013
6453909.000 1726125.000 -0.031 -0.663 0.018
6453959.000 1726125.000 0.003 -0.649 0.042
6454009.000 1726125.000 -0.080 -0.674 0.044
6454059.000 1726125.000 -0.104 -0.649 0.051
6454109.000 1726125.000 -0.036 -0.646 0.058
6454159.000 1726125.000 0.058 -0.696 0.060
6454209.000 1726125.000 0.019 -0.679 0.058
6454259.000 1726125.000 0.004 -0.719 0.064
6454309.000 1726125.000 -0.046 -0.707 0.069
6454359.000 1726125.000 0.031 -0.620 0.075
6454409.000 1726125.000 0.026 -0.646 0.075
6454459.000 1726125.000 -0.084 -0.638 0.066
6454509.000 1726125.000 -0.101 -0.662 0.062
6451559.000 1726175.000 -2.948 -9.233 -1.937
6451609.000 1726175.000 -3.730 -8.890 -2.104
6451659.000 1726175.000 -10.386 -4.688 -2.155
6451709.000 1726175.000 -4.483 -2.300 -1.735
6451759.000 1726175.000 -99.000 -99.000 -99.000
6451809.000 1726175.000 -99.000 -99.000 -99.000
6451859.000 1726175.000 -99.000 -99.000 -99.000
6451909.000 1726175.000 -99.000 -99.000 -99.000
6451959.000 1726175.000 -99.000 -99.000 -99.000
6452009.000 1726175.000 -99.000 -99.000 -99.000
6452059.000 1726175.000 -99.000 -99.000 -99.000
6452109.000 1726175.000 3.407 10.488 -2.356
6452159.000 1726175.000 -3.444 -8.146 -2.712
6452209.000 1726175.000 2.189 1.477 -2.637
6452259.000 1726175.000 -2.463 12.312 -3.023
6452309.000 1726175.000 -13.136 15.140 -2.601
6452359.000 1726175.000 4.198 5.183 -2.277
6452409.000 1726175.000 -4.323 2.397 -2.353
6452459.000 1726175.000 -4.814 0.412 -2.509
6452509.000 1726175.000 7.158 5.220 -3.306
6452559.000 1726175.000 1.471 -0.646 -3.693
6452609.000 1726175.000 -23.414 -19.850 -3.321
6452659.000 1726175.000 -11.148 -8.463 -2.026
6452709.000 1726175.000 0.103 0.211 -0.083
6452759.000 1726175.000 0.203 -0.441 -0.060
6452809.000 1726175.000 0.090 -0.400 -0.058
6452859.000 1726175.000 0.197 -0.404 -0.058
6452909.000 1726175.000 0.266 -0.442 -0.059
6452959.000 1726175.000 0.158 -0.437 -0.057
6453009.000 1726175.000 0.145 -0.544 -0.069
6453059.000 1726175.000 0.117 -0.587 -0.094
6453109.000 1726175.000 0.106 -0.586 -0.103
6453159.000 1726175.000 0.117 -0.570 -0.106
6453209.000 1726175.000 0.192 -0.567 -0.061
6453259.000 1726175.000 0.181 -0.578 -0.044
6453309.000 1726175.000 0.159 -0.589 -0.069
6453359.000 1726175.000 0.187 -0.590 -0.059
6453409.000 1726175.000 0.232 -0.588 -0.057
6453459.000 1726175.000 0.180 -0.529 -0.057
6453509.000 1726175.000 0.238 -0.516 -0.044
6453559.000 1726175.000 0.259 -0.576 -0.036
6453609.000 1726175.000 0.177 -0.593 -0.049
6453659.000 1726175.000 0.155 -0.560 -0.050
6453709.000 1726175.000 0.123 -0.577 -0.045
6453759.000 1726175.000 0.118 -0.435 -0.044
6453809.000 1726175.000 0.331 -0.284 -0.030
6453859.000 1726175.000 0.240 -0.348 -0.038
6453909.000 1726175.000 0.031 -0.523 -0.014
6453959.000 1726175.000 -0.100 -0.704 0.025
6454009.000 1726175.000 -0.188 -0.721 0.032
6454059.000 1726175.000 -0.149 -0.506 0.036
6454109.000 1726175.000 -0.028 -0.627 0.051
6454159.000 1726175.000 -0.028 -0.639 0.053
6454209.000 1726175.000 0.052 -0.650 0.067
6454259.000 1726175.000 0.073 -0.658 0.068
6454309.000 1726175.000 0.097 -0.655 0.062
6454359.000 1726175.000 0.081 -0.638 0.072
6454409.000 1726175.000 0.093 -0.642 0.083
6454459.000 1726175.000 0.057 -0.631 0.087
6454509.000 1726175.000 0.059 -0.598 0.082
6451559.000 1726225.000 0.327 4.771 -3.031
6451609.000 1726225.000 -6.040 3.885 -2.753
6451659.000 1726225.000 -23.790 -7.567 -2.331
6451709.000 1726225.000 -4.345 -7.049 -1.918
6451759.000 1726225.000 -5.077 3.118 -1.824
6451809.000 1726225.000 -11.165 0.827 -2.373
6451859.000 1726225.000 -99.000 -99.000 -99.000
6451909.000 1726225.000 -99.000 -99.000 -99.000
6451959.000 1726225.000 -99.000 -99.000 -99.000
6452009.000 1726225.000 -99.000 -99.000 -99.000
6452059.000 1726225.000 -99.000 -99.000 -99.000
6452109.000 1726225.000 -99.000 -99.000 -99.000
6452159.000 1726225.000 -11.459 11.586 -2.721
6452209.000 1726225.000 -5.078 1.346 -3.138
6452259.000 1726225.000 -1.397 4.879 -3.318
6452309.000 1726225.000 -5.442 10.782 -2.262
6452359.000 1726225.000 -1.909 0.634 -2.373
6452409.000 1726225.000 -0.922 4.284 -2.689
6452459.000 1726225.000 5.622 1.745 -3.305
6452509.000 1726225.000 -0.884 0.279 -3.481
6452559.000 1726225.000 -20.402 -23.299 -3.316
6452609.000 1726225.000 -2.731 -4.962 -1.310
6452659.000 1726225.000 0.669 -0.228 -0.148
6452709.000 1726225.000 0.239 -0.094 -0.064
6452759.000 1726225.000 0.256 -0.396 -0.063
6452809.000 1726225.000 0.351 -0.134 -0.058
6452859.000 1726225.000 0.149 -0.471 -0.064
6452909.000 1726225.000 0.188 -0.412 -0.061
6452959.000 1726225.000 0.155 -0.451 -0.068
6453009.000 1726225.000 0.140 -0.582 -0.090
6453059.000 1726225.000 0.133 -0.572 -0.094
6453109.000 1726225.000 0.138 -0.573 -0.091
6453159.000 1726225.000 0.140 -0.566 -0.084
6453209.000 1726225.000 0.185 -0.554 -0.046
6453259.000 1726225.000 0.164 -0.592 -0.058
6453309.000 1726225.000 0.161 -0.584 -0.060
6453359.000 1726225.000 0.197 -0.542 -0.058
6453409.000 1726225.000 0.265 -0.566 -0.056
6453459.000 1726225.000 0.274 -0.546 -0.054
6453509.000 1726225.000 0.261 -0.505 -0.052
6453559.000 1726225.000 0.252 -0.485 -0.056
6453609.000 1726225.000 0.270 -0.474 -0.064
6453659.000 1726225.000 0.242 -0.521 -0.062
6453709.000 1726225.000 0.198 -0.535 -0.063
6453759.000 1726225.000 0.178 -0.350 -0.064
6453809.000 1726225.000 0.214 -0.385 -0.069
6453859.000 1726225.000 0.158 -0.407 -0.074
6453909.000 1726225.000 0.014 -0.345 -0.056
6453959.000 1726225.000 0.037 -0.665 0.031
6454009.000 1726225.000 0.094 -0.694 0.047
6454059.000 1726225.000 -0.024 -0.797 0.047
6454109.000 1726225.000 0.024 -0.695 0.056
6454159.000 1726225.000 0.054 -0.635 0.067
6454209.000 1726225.000 0.068 -0.632 0.074
6454259.000 1726225.000 0.057 -0.683 0.075
6454309.000 1726225.000 -0.029 -0.612 0.086
6454359.000 1726225.000 0.060 -0.591 0.088
6454409.000 1726225.000 0.081 -0.582 0.087
6454459.000 1726225.000 0.049 -0.604 0.092
6454509.000 1726225.000 0.025 -0.600 0.092
6451559.000 1726275.000 1.911 -8.558 -3.071
6451609.000 1726275.000 4.647 -1.310 -2.879
6451659.000 1726275.000 -10.134 1.288 -2.711
6451709.000 1726275.000 -6.389 2.538 -2.108
6451759.000 1726275.000 -5.086 3.300 -2.130
6451809.000 1726275.000 -1.081 -2.713 -2.528
6451859.000 1726275.000 -15.006 -38.554 -1.657
6451909.000 1726275.000 -7.527 7.013 -1.452
6451959.000 1726275.000 -0.521 11.461 -1.562
6452009.000 1726275.000 -99.000 -99.000 -99.000
6452059.000 1726275.000 -99.000 -99.000 -99.000
6452109.000 1726275.000 11.448 11.760 -2.449
6452159.000 1726275.000 -2.436 2.675 -2.687
6452209.000 1726275.000 -6.177 11.378 -2.626
6452259.000 1726275.000 -5.272 20.307 -2.508
6452309.000 1726275.000 -2.239 2.332 -2.156
6452359.000 1726275.000 6.162 3.399 -2.861
6452409.000 1726275.000 6.290 5.007 -3.575
6452459.000 1726275.000 2.194 0.832 -3.500
6452509.000 1726275.000 -10.931 -7.679 -3.385
6452559.000 1726275.000 -3.713 -1.894 -1.060
6452609.000 1726275.000 0.049 -0.088 -0.069
6452659.000 1726275.000 0.133 -0.213 -0.056
6452709.000 1726275.000 0.099 -0.406 -0.061
6452759.000 1726275.000 0.155 -0.474 -0.060
6452809.000 1726275.000 0.054 -0.518 -0.065
6452859.000 1726275.000 0.110 -0.565 -0.065
6452909.000 1726275.000 0.164 -0.473 -0.063
6452959.000 1726275.000 0.150 -0.431 -0.068
6453009.000 1726275.000 0.159 -0.512 -0.079
6453059.000 1726275.000 0.160 -0.535 -0.073
6453109.000 1726275.000 0.145 -0.537 -0.089
6453159.000 1726275.000 0.138 -0.531 -0.097
6453209.000 1726275.000 0.154 -0.552 -0.077
6453259.000 1726275.000 0.160 -0.638 -0.087
6453309.000 1726275.000 0.211 -0.563 -0.076
6453359.000 1726275.000 0.244 -0.575 -0.071
6453409.000 1726275.000 0.258 -0.603 -0.069
6453459.000 1726275.000 0.135 -0.526 -0.066
6453509.000 1726275.000 0.208 -0.481 -0.064
6453559.000 1726275.000 0.262 -0.454 -0.062
6453609.000 1726275.000 0.273 -0.435 -0.065
6453659.000 1726275.000 0.256 -0.404 -0.069
6453709.000 1726275.000 0.303 -0.422 -0.070
6453759.000 1726275.000 0.147 -0.292 -0.063
6453809.000 1726275.000 0.147 -0.453 -0.075
6453859.000 1726275.000 0.272 -0.407 -0.075
6453909.000 1726275.000 0.517 -0.523 -0.058
6453959.000 1726275.000 0.136 -0.626 0.079
6454009.000 1726275.000 0.139 -0.613 0.081
6454059.000 1726275.000 0.099 -0.640 0.078
6454109.000 1726275.000 0.137 -0.645 0.073
6454159.000 1726275.000 0.134 -0.585 0.072
6454209.000 1726275.000 0.059 -0.587 0.078
6454259.000 1726275.000 0.053 -0.649 0.084
6454309.000 1726275.000 -0.067 -0.647 0.092
6454359.000 1726275.000 0.048 -0.607 0.086
6454409.000 1726275.000 0.064 -0.609 0.086
6454459.000 1726275.000 0.029 -0.576 0.089
6454509.000 1726275.000 -0.028 -0.558 0.092
6451559.000 1726325.000 2.963 -1.796 -2.732
6451609.000 1726325.000 -0.879 -6.573 -2.629
6451659.000 1726325.000 -6.519 -0.047 -2.258
6451709.000 1726325.000 -7.866 0.341 -1.923
6451759.000 1726325.000 -3.144 0.412 -2.078
6451809.000 1726325.000 -20.839 -1.021 -1.970
6451859.000 1726325.000 7.829 22.387 -0.953
6451909.000 1726325.000 -4.161 0.841 -1.267
6451959.000 1726325.000 6.860 11.073 -2.091
6452009.000 1726325.000 -99.000 -99.000 -99.000
6452059.000 1726325.000 0.183 10.231 -1.853
6452109.000 1726325.000 0.904 11.599 -2.616
6452159.000 1726325.000 -4.050 4.663 -2.818
6452209.000 1726325.000 -1.951 2.845 -2.512
6452259.000 1726325.000 -2.309 0.596 -2.254
6452309.000 1726325.000 -2.761 -2.393 -2.343
6452359.000 1726325.000 10.129 -1.166 -3.577
6452409.000 1726325.000 -3.403 -0.642 -3.664
6452459.000 1726325.000 -16.910 -3.627 -3.348
6452509.000 1726325.000 -7.080 -0.636 -1.241
6452559.000 1726325.000 0.334 -0.081 -0.047
6452609.000 1726325.000 0.139 -0.420 -0.059
6452659.000 1726325.000 0.311 -0.146 -0.051
6452709.000 1726325.000 0.285 -0.249 -0.052
6452759.000 1726325.000 0.145 -0.276 -0.054
6452809.000 1726325.000 0.077 -0.462 -0.063
6452859.000 1726325.000 0.122 -0.574 -0.064
6452909.000 1726325.000 0.117 -0.542 -0.066
6452959.000 1726325.000 0.129 -0.448 -0.069
6453009.000 1726325.000 0.189 -0.424 -0.067
6453059.000 1726325.000 0.183 -0.532 -0.061
6453109.000 1726325.000 0.175 -0.514 -0.063
6453159.000 1726325.000 0.182 -0.494 -0.061
6453209.000 1726325.000 0.158 -0.505 -0.079
6453259.000 1726325.000 0.175 -0.447 -0.077
6453309.000 1726325.000 0.198 -0.515 -0.078
6453359.000 1726325.000 0.183 -0.440 -0.069
6453409.000 1726325.000 0.213 -0.420 -0.065
6453459.000 1726325.000 0.116 -0.471 -0.063
6453509.000 1726325.000 0.291 -0.450 -0.057
6453559.000 1726325.000 0.305 -0.421 -0.061
6453609.000 1726325.000 0.235 -0.345 -0.069
6453659.000 1726325.000 0.285 -0.380 -0.063
6453709.000 1726325.000 0.298 -0.454 -0.064
6453759.000 1726325.000 0.275 -0.478 -0.070
6453809.000 1726325.000 0.291 -0.488 -0.074
6453859.000 1726325.000 0.255 -0.371 -0.079
6453909.000 1726325.000 0.195 -0.406 -0.081
6453959.000 1726325.000 0.084 -0.822 0.016
6454009.000 1726325.000 0.063 -0.663 0.064
6454059.000 1726325.000 0.082 -0.715 0.062
6454109.000 1726325.000 0.100 -0.648 0.064
6454159.000 1726325.000 0.129 -0.582 0.071
6454209.000 1726325.000 0.056 -0.591 0.078
6454259.000 1726325.000 0.090 -0.596 0.082
6454309.000 1726325.000 0.145 -0.656 0.082
6454359.000 1726325.000 0.036 -0.584 0.078
6454409.000 1726325.000 -0.063 -0.500 0.072
6454459.000 1726325.000 0.084 -0.597 0.088
6454509.000 1726325.000 0.077 -0.604 0.089
6451559.000 1726375.000 -0.241 -5.522 -2.363
6451609.000 1726375.000 -3.071 -2.192 -2.188
6451659.000 1726375.000 -3.291 0.397 -1.957
6451709.000 1726375.000 -1.988 0.325 -2.116
6451759.000 1726375.000 -2.778 -1.315 -1.965
6451809.000 1726375.000 -3.517 4.821 -1.343
6451859.000 1726375.000 -26.257 7.670 -1.128
6451909.000 1726375.000 -5.359 17.597 -2.186
6451959.000 1726375.000 -1.307 7.598 -2.267
6452009.000 1726375.000 7.195 4.281 -2.253
6452059.000 1726375.000 8.443 6.490 -2.697
6452109.000 1726375.000 1.617 1.313 -3.080
6452159.000 1726375.000 -0.684 -1.986 -2.774
6452209.000 1726375.000 -3.787 2.732 -2.577
6452259.000 1726375.000 -4.354 -1.132 -2.273
6452309.000 1726375.000 -0.338 2.053 -2.796
6452359.000 1726375.000 2.533 0.379 -3.449
6452409.000 1726375.000 -12.218 1.929 -3.335
6452459.000 1726375.000 -9.542 -8.466 -2.349
6452509.000 1726375.000 0.163 0.175 0.088
6452559.000 1726375.000 0.543 0.347 0.096
6452609.000 1726375.000 0.505 0.638 0.077
6452659.000 1726375.000 0.634 -0.284 0.045
6452709.000 1726375.000 0.120 -0.911 0.008
6452759.000 1726375.000 0.774 -0.308 0.026
6452809.000 1726375.000 0.141 -0.718 0.018
6452859.000 1726375.000 0.221 -0.772 0.031
6452909.000 1726375.000 0.149 -0.626 0.031
6452959.000 1726375.000 0.114 -0.843 -0.028
6453009.000 1726375.000 0.161 -0.806 -0.032
6453059.000 1726375.000 0.190 -0.654 0.015
6453109.000 1726375.000 0.189 -0.574 -0.023
6453159.000 1726375.000 0.210 -0.588 -0.036
6453209.000 1726375.000 0.177 -0.513 -0.079
6453259.000 1726375.000 0.203 -0.429 -0.080
6453309.000 1726375.000 0.220 -0.481 -0.082
6453359.000 1726375.000 0.228 -0.437 -0.068
6453409.000 1726375.000 0.267 -0.422 -0.056
6453459.000 1726375.000 0.314 -0.391 -0.059
6453509.000 1726375.000 0.278 -0.316 -0.063
6453559.000 1726375.000 0.331 -0.342 -0.059
6453609.000 1726375.000 0.283 -0.341 -0.057
6453659.000 1726375.000 0.262 -0.300 -0.051
6453709.000 1726375.000 0.278 -0.369 -0.056
6453759.000 1726375.000 0.301 -0.427 -0.065
6453809.000 1726375.000 0.276 -0.343 -0.070
6453859.000 1726375.000 0.281 -0.304 -0.072
6453909.000 1726375.000 0.351 -0.335 -0.054
6453959.000 1726375.000 0.668 -0.022 0.041
6454009.000 1726375.000 0.110 -0.497 0.052
6454059.000 1726375.000 0.099 -0.546 0.048
6454109.000 1726375.000 0.112 -0.553 0.049
6454159.000 1726375.000 0.100 -0.623 0.047
6454209.000 1726375.000 0.133 -0.626 0.070
6454259.000 1726375.000 0.365 -0.762 0.074
6454309.000 1726375.000 0.166 -0.545 0.055
6454359.000 1726375.000 -0.015 -0.434 0.052
6454409.000 1726375.000 -0.201 -0.399 0.044
6454459.000 1726375.000 0.160 -0.643 0.072
6454509.000 1726375.000 0.207 -0.398 0.082
6451559.000 1726425.000 1.054 1.447 -2.049
6451609.000 1726425.000 -0.454 -1.014 -2.012
6451659.000 1726425.000 -8.979 -7.364 -1.998
6451709.000 1726425.000 2.864 3.244 -2.400
6451759.000 1726425.000 -2.246 -5.034 -1.959
6451809.000 1726425.000 -8.788 -9.184 -1.789
6451859.000 1726425.000 3.819 8.431 -2.679
6451909.000 1726425.000 -3.206 3.519 -2.650
6451959.000 1726425.000 -2.345 9.224 -2.851
6452009.000 1726425.000 -3.478 12.708 -2.913
6452059.000 1726425.000 -7.149 0.488 -2.816
6452109.000 1726425.000 13.958 6.417 -2.428
6452159.000 1726425.000 3.704 0.179 -2.494
6452209.000 1726425.000 -3.753 4.225 -2.582
6452259.000 1726425.000 0.024 0.040 -2.826
6452309.000 1726425.000 1.114 0.546 -3.277
6452359.000 1726425.000 -8.304 -3.136 -3.252
6452409.000 1726425.000 -13.461 -7.060 -2.830
6452459.000 1726425.000 0.253 -0.267 0.051
6452509.000 1726425.000 0.145 -1.501 0.039
6452559.000 1726425.000 0.653 -1.233 0.099
6452609.000 1726425.000 0.728 -0.955 0.106
6452659.000 1726425.000 0.417 -1.215 0.072
6452709.000 1726425.000 0.170 -1.051 0.043
6452759.000 1726425.000 0.386 -0.829 0.032
6452809.000 1726425.000 0.278 -0.905 0.040
6452859.000 1726425.000 0.374 -0.969 0.067
6452909.000 1726425.000 0.292 -0.794 0.081
6452959.000 1726425.000 0.333 -0.703 0.111
6453009.000 1726425.000 0.289 -0.748 0.061
6453059.000 1726425.000 0.332 -0.813 0.090
6453109.000 1726425.000 0.412 -0.758 0.132
6453159.000 1726425.000 0.335 -0.650 0.057
6453209.000 1726425.000 0.303 -0.614 0.003
6453259.000 1726425.000 0.340 -0.354 0.009
6453309.000 1726425.000 0.192 -0.465 -0.023
6453359.000 1726425.000 0.329 -0.408 -0.007
6453409.000 1726425.000 0.430 -0.458 0.010
6453459.000 1726425.000 0.141 -0.706 -0.004
6453509.000 1726425.000 0.178 -0.804 -0.006
6453559.000 1726425.000 0.283 -0.379 -0.023
6453609.000 1726425.000 0.183 -0.408 -0.013
6453659.000 1726425.000 0.174 -0.187 -0.033
6453709.000 1726425.000 0.369 -0.285 -0.041
6453759.000 1726425.000 0.337 -0.356 -0.029
6453809.000 1726425.000 0.087 -0.590 -0.030
6453859.000 1726425.000 0.133 -0.455 -0.048
6453909.000 1726425.000 0.352 -0.175 0.002
6453959.000 1726425.000 -0.116 -0.567 0.027
6454009.000 1726425.000 0.133 -0.409 0.103
6454059.000 1726425.000 0.168 -0.520 0.045
6454109.000 1726425.000 0.079 -0.498 0.046
6454159.000 1726425.000 0.359 -0.036 0.117
6454209.000 1726425.000 0.178 -0.516 0.052
6454259.000 1726425.000 0.190 -0.571 0.046
6454309.000 1726425.000 0.060 -0.278 0.136
6454359.000 1726425.000 0.028 -0.518 0.116
6454409.000 1726425.000 0.094 -0.536 0.048
6454459.000 1726425.000 0.072 -0.569 0.046
6454509.000 1726425.000 0.080 -0.529 0.050
6451559.000 1726475.000 1.214 -0.850 -2.126
6451609.000 1726475.000 -13.629 -5.404 -2.174
6451659.000 1726475.000 3.719 10.047 -2.957
6451709.000 1726475.000 -3.557 0.686 -2.509
6451759.000 1726475.000 -14.067 0.090 -2.357
6451809.000 1726475.000 8.367 2.884 -2.582
6451859.000 1726475.000 3.506 -4.465 -2.817
6451909.000 1726475.000 -0.269 -1.350 -3.013
6451959.000 1726475.000 -0.020 -2.887 -3.053
6452009.000 1726475.000 -1.503 -9.338 -2.929
6452059.000 1726475.000 -12.110 -11.389 -2.548
6452109.000 1726475.000 7.104 6.641 -2.102
6452159.000 1726475.000 2.946 1.763 -2.358
6452209.000 1726475.000 -4.724 -0.674 -2.788
6452259.000 1726475.000 2.288 -1.658 -3.281
6452309.000 1726475.000 -2.078 -3.542 -3.166
6452359.000 1726475.000 -10.882 -8.833 -2.909
6452409.000 1726475.000 0.980 -0.266 0.056
6452459.000 1726475.000 0.357 -0.976 0.032
6452509.000 1726475.000 0.198 -1.009 0.047
6452559.000 1726475.000 0.226 -1.201 0.064
6452609.000 1726475.000 -0.004 -1.233 0.062
6452659.000 1726475.000 0.276 -1.159 0.056
6452709.000 1726475.000 0.070 -1.131 0.030
6452759.000 1726475.000 0.292 -0.833 0.020
6452809.000 1726475.000 0.259 -0.935 0.024
6452859.000 1726475.000 0.319 -0.968 0.041
6452909.000 1726475.000 0.307 -0.750 0.055
6452959.000 1726475.000 0.299 -0.753 0.058
6453009.000 1726475.000 0.309 -0.772 0.069
6453059.000 1726475.000 0.323 -0.841 0.061
6453109.000 1726475.000 0.419 -0.779 0.109
6453159.000 1726475.000 0.353 -0.719 0.069
6453209.000 1726475.000 0.346 -0.785 0.050
6453259.000 1726475.000 0.402 -0.973 0.073
6453309.000 1726475.000 0.359 -0.925 0.063
6453359.000 1726475.000 0.247 -0.988 0.043
6453409.000 1726475.000 0.415 -0.902 0.025
6453459.000 1726475.000 0.318 -0.827 0.034
6453509.000 1726475.000 0.351 -0.990 0.055
6453559.000 1726475.000 0.417 -0.687 0.049
6453609.000 1726475.000 0.342 -0.649 0.047
6453659.000 1726475.000 0.268 -0.775 0.034
6453709.000 1726475.000 0.406 -0.705 0.042
6453759.000 1726475.000 0.307 -0.646 0.049
6453809.000 1726475.000 0.210 -0.616 0.038
6453859.000 1726475.000 0.037 -0.291 0.008
6453909.000 1726475.000 0.116 -0.331 0.007
6453959.000 1726475.000 0.413 -0.685 0.118
6454009.000 1726475.000 0.282 -0.797 0.172
6454059.000 1726475.000 0.090 -0.987 0.144
6454109.000 1726475.000 0.096 -0.934 0.137
6454159.000 1726475.000 0.261 -1.166 0.129
6454209.000 1726475.000 0.283 -1.080 0.116
6454259.000 1726475.000 0.189 -1.148 0.074
6454309.000 1726475.000 -0.018 -0.822 0.152
6454359.000 1726475.000 0.056 -0.840 0.160
6454409.000 1726475.000 0.317 -0.783 0.103
6454459.000 1726475.000 0.180 -0.525 0.089
6454509.000 1726475.000 0.201 -0.618 0.048
6451559.000 1726525.000 -3.816 11.622 -2.893
6451609.000 1726525.000 11.259 7.730 -3.211
6451659.000 1726525.000 5.805 -3.088 -2.885
6451709.000 1726525.000 2.688 4.402 -2.745
6451759.000 1726525.000 -1.528 2.238 -2.833
6451809.000 1726525.000 1.849 0.926 -2.592
6451859.000 1726525.000 -1.233 -1.188 -2.712
6451909.000 1726525.000 -4.759 -10.823 -2.939
6451959.000 1726525.000 -3.018 -11.329 -2.438
6452009.000 1726525.000 -0.174 3.911 -2.425
6452059.000 1726525.000 -1.346 0.908 -2.074
6452109.000 1726525.000 -1.312 -2.833 -1.989
6452159.000 1726525.000 -10.504 0.245 -2.801
6452209.000 1726525.000 0.259 1.608 -3.589
6452259.000 1726525.000 -19.586 -8.521 -3.462
6452309.000 1726525.000 -9.126 -10.304 -2.853
6452359.000 1726525.000 0.251 -0.610 0.008
6452409.000 1726525.000 0.325 -0.857 0.012
6452459.000 1726525.000 0.468 -1.090 0.024
6452509.000 1726525.000 0.078 -0.932 0.034
6452559.000 1726525.000 0.307 -1.175 0.047
6452609.000 1726525.000 0.307 -1.385 0.044
6452659.000 1726525.000 0.407 -1.448 0.038
6452709.000 1726525.000 0.125 -1.044 0.024
6452759.000 1726525.000 0.317 -0.705 0.013
6452809.000 1726525.000 0.394 -0.574 0.018
6452859.000 1726525.000 0.411 -0.730 0.053
6452909.000 1726525.000 0.396 -0.632 0.090
6452959.000 1726525.000 0.339 -0.675 0.078
6453009.000 1726525.000 0.301 -0.713 0.042
6453059.000 1726525.000 0.289 -0.686 0.040
6453109.000 1726525.000 0.264 -0.748 0.017
6453159.000 1726525.000 0.299 -0.789 0.013
6453209.000 1726525.000 0.304 -0.803 0.029
6453259.000 1726525.000 0.359 -0.911 0.039
6453309.000 1726525.000 0.349 -0.914 0.037
6453359.000 1726525.000 0.333 -0.793 0.022
6453409.000 1726525.000 0.333 -0.649 0.008
6453459.000 1726525.000 0.314 -0.633 0.006
6453509.000 1726525.000 0.354 -0.736 0.018
6453559.000 1726525.000 0.362 -0.687 0.015
6453609.000 1726525.000 0.260 -0.835 0.012
6453659.000 1726525.000 0.221 -0.736 0.011
6453709.000 1726525.000 0.356 -0.850 0.017
6453759.000 1726525.000 0.237 -0.664 0.021
6453809.000 1726525.000 0.256 -0.626 0.029
6453859.000 1726525.000 0.058 -0.187 -0.016
6453909.000 1726525.000 0.088 -0.277 -0.000
6453959.000 1726525.000 0.246 -0.760 0.064
6454009.000 1726525.000 0.320 -0.807 0.077
6454059.000 1726525.000 0.301 -0.959 0.100
6454109.000 1726525.000 0.241 -0.921 0.110
6454159.000 1726525.000 0.243 -0.962 0.110
6454209.000 1726525.000 0.134 -1.031 0.064
6454259.000 1726525.000 0.215 -0.964 0.059
6454309.000 1726525.000 0.297 -0.805 0.079
6454359.000 1726525.000 0.162 -0.788 0.068
6454409.000 1726525.000 0.127 -0.789 0.046
6454459.000 1726525.000 0.178 -0.744 0.044
6454509.000 1726525.000 0.226 -0.822 0.048
6451559.000 1726575.000 4.855 2.762 -3.120
6451609.000 1726575.000 -3.852 -2.914 -3.081
6451659.000 1726575.000 10.716 0.799 -2.632
6451709.000 1726575.000 0.686 -2.386 -2.753
6451759.000 1726575.000 0.652 -3.918 -2.810
6451809.000 1726575.000 -1.065 2.688 -2.702
6451859.000 1726575.000 -3.020 -0.863 -2.611
6451909.000 1726575.000 -7.929 -3.121 -1.889
6451959.000 1726575.000 1.966 -0.319 -1.794
6452009.000 1726575.000 4.957 3.361 -2.269
6452059.000 1726575.000 -0.993 -0.069 -2.179
6452109.000 1726575.000 -4.215 4.865 -2.246
6452159.000 1726575.000 -0.213 -1.996 -3.684
6452209.000 1726575.000 -14.252 -13.158 -3.753
6452259.000 1726575.000 -0.037 -0.592 -0.009
6452309.000 1726575.000 0.110 -0.803 -0.003
6452359.000 1726575.000 0.213 -0.783 -0.004
6452409.000 1726575.000 0.457 -0.525 0.003
6452459.000 1726575.000 0.112 -0.843 -0.000
6452509.000 1726575.000 0.136 -0.926 0.008
6452559.000 1726575.000 0.114 -0.923 0.019
6452609.000 1726575.000 0.098 -1.122 0.018
6452659.000 1726575.000 0.712 -1.495 0.023
6452709.000 1726575.000 0.640 -1.021 0.007
6452759.000 1726575.000 0.371 -0.658 -0.003
6452809.000 1726575.000 0.362 -0.593 -0.001
6452859.000 1726575.000 0.349 -0.684 0.005
6452909.000 1726575.000 0.381 -0.643 0.003
6452959.000 1726575.000 0.342 -0.650 0.036
6453009.000 1726575.000 0.324 -0.708 0.013
6453059.000 1726575.000 0.272 -0.688 -0.002
6453109.000 1726575.000 0.256 -0.666 0.001
6453159.000 1726575.000 0.346 -0.655 0.006
6453209.000 1726575.000 0.362 -0.711 0.018
6453259.000 1726575.000 0.394 -0.722 0.022
6453309.000 1726575.000 0.357 -0.747 0.017
6453359.000 1726575.000 0.344 -0.648 0.013
6453409.000 1726575.000 0.350 -0.598 0.008
6453459.000 1726575.000 0.338 -0.609 0.004
6453509.000 1726575.000 0.271 -0.741 -0.004
6453559.000 1726575.000 0.320 -0.794 -0.011
6453609.000 1726575.000 0.343 -0.813 -0.004
6453659.000 1726575.000 0.311 -0.795 0.000
6453709.000 1726575.000 0.349 -0.628 -0.005
6453759.000 1726575.000 0.321 -0.686 0.004
6453809.000 1726575.000 0.330 -0.465 0.002
6453859.000 1726575.000 0.281 -0.386 -0.024
6453909.000 1726575.000 0.254 -0.207 0.015
6453959.000 1726575.000 0.230 -0.765 0.051
6454009.000 1726575.000 0.335 -0.949 0.063
6454059.000 1726575.000 0.220 -0.936 0.074
6454109.000 1726575.000 0.210 -0.903 0.081
6454159.000 1726575.000 0.201 -0.951 0.066
6454209.000 1726575.000 0.323 -0.737 0.058
6454259.000 1726575.000 0.303 -0.778 0.050
6454309.000 1726575.000 0.310 -0.853 0.057
6454359.000 1726575.000 0.156 -0.776 0.050
6454409.000 1726575.000 0.157 -0.691 0.044
6454459.000 1726575.000 0.154 -0.647 0.030
6454509.000 1726575.000 0.358 -0.738 0.029
6451559.000 1726625.000 3.246 -1.384 -2.983
6451609.000 1726625.000 -0.541 -6.317 -2.813
6451659.000 1726625.000 4.065 -3.394 -2.443
6451709.000 1726625.000 -0.174 -6.920 -2.612
6451759.000 1726625.000 0.199 -3.685 -2.686
6451809.000 1726625.000 -2.884 -6.978 -2.662
6451859.000 1726625.000 -6.470 -6.275 -1.975
6451909.000 1726625.000 -0.943 -8.693 -1.914
6451959.000 1726625.000 1.658 2.920 -2.250
6452009.000 1726625.000 4.175 0.434 -2.200
6452059.000 1726625.000 -1.065 0.433 -2.275
6452109.000 1726625.000 -14.198 -7.413 -2.379
6452159.000 1726625.000 -1.199 1.359 0.220
6452209.000 1726625.000 0.178 -0.601 0.031
6452259.000 1726625.000 0.183 -0.699 -0.001
6452309.000 1726625.000 0.045 -0.707 -0.014
6452359.000 1726625.000 0.137 -0.786 -0.013
6452409.000 1726625.000 0.226 -0.522 -0.013
6452459.000 1726625.000 0.101 -0.606 -0.018
6452509.000 1726625.000 0.349 -0.806 -0.015
6452559.000 1726625.000 0.220 -0.679 0.000
6452609.000 1726625.000 1.215 -0.988 0.003
6452659.000 1726625.000 2.128 -1.457 0.018
6452709.000 1726625.000 1.471 -0.995 0.040
6452759.000 1726625.000 0.386 -0.759 -0.073
6452809.000 1726625.000 0.373 -0.651 -0.005
6452859.000 1726625.000 0.317 -0.689 -0.004
6452909.000 1726625.000 0.311 -0.681 -0.003
6452959.000 1726625.000 0.339 -0.683 0.008
6453009.000 1726625.000 0.300 -0.695 0.004
6453059.000 1726625.000 0.311 -0.767 0.000
6453109.000 1726625.000 0.265 -0.696 0.000
6453159.000 1726625.000 0.330 -0.607 -0.006
6453209.000 1726625.000 0.358 -0.677 0.001
6453259.000 1726625.000 0.343 -0.749 -0.005
6453309.000 1726625.000 0.340 -0.822 0.003
6453359.000 1726625.000 0.321 -0.790 0.002
6453409.000 1726625.000 0.352 -0.704 -0.005
6453459.000 1726625.000 0.319 -0.631 -0.004
6453509.000 1726625.000 0.339 -0.791 -0.009
6453559.000 1726625.000 0.413 -0.888 -0.015
6453609.000 1726625.000 0.323 -0.733 -0.016
6453659.000 1726625.000 0.337 -0.571 -0.016
6453709.000 1726625.000 0.303 -0.508 -0.017
6453759.000 1726625.000 0.279 -0.538 -0.014
6453809.000 1726625.000 0.278 -0.465 -0.012
6453859.000 1726625.000 0.260 -0.374 -0.032
6453909.000 1726625.000 0.283 -0.205 0.008
6453959.000 1726625.000 0.316 -0.763 0.044
6454009.000 1726625.000 0.333 -0.803 0.046
6454059.000 1726625.000 0.188 -0.832 0.050
6454109.000 1726625.000 0.031 -0.887 0.042
6454159.000 1726625.000 0.288 -0.685 0.039
6454209.000 1726625.000 0.255 -0.727 0.034
6454259.000 1726625.000 0.325 -0.850 0.024
6454309.000 1726625.000 0.282 -0.883 0.033
6454359.000 1726625.000 0.221 -0.713 0.033
6454409.000 1726625.000 0.236 -0.654 0.020
6454459.000 1726625.000 0.250 -0.717 0.012
6454509.000 1726625.000 0.204 -0.731 0.006
6451559.000 1726675.000 0.280 6.888 -2.483
6451609.000 1726675.000 -4.896 3.908 -2.011
6451659.000 1726675.000 -1.234 -0.737 -1.948
6451709.000 1726675.000 -5.684 5.372 -2.009
6451759.000 1726675.000 -11.323 12.586 -1.897
6451809.000 1726675.000 -11.298 8.791 -1.660
6451859.000 1726675.000 1.615 10.933 -3.402
6451909.000 1726675.000 -0.421 7.525 -2.834
6451959.000 1726675.000 -4.656 5.725 -2.636
6452009.000 1726675.000 -5.739 -1.715 -2.414
6452059.000 1726675.000 -6.799 -19.221 -2.354
6452109.000 1726675.000 -7.329 -15.789 -2.089
6452159.000 1726675.000 0.121 -0.437 0.050
6452209.000 1726675.000 -0.006 -0.563 -0.022
6452259.000 1726675.000 0.098 -0.575 -0.023
6452309.000 1726675.000 0.117 -0.434 -0.015
6452359.000 1726675.000 0.391 -0.334 -0.013
6452409.000 1726675.000 0.228 -0.419 -0.024
6452459.000 1726675.000 0.418 -0.712 -0.035
6452509.000 1726675.000 0.364 -0.835 -0.030
6452559.000 1726675.000 0.609 -0.847 0.007
6452609.000 1726675.000 0.551 -0.755 0.012
6452659.000 1726675.000 0.560 -0.619 0.037
6452709.000 1726675.000 0.388 -0.707 -0.027
6452759.000 1726675.000 0.336 -0.739 -0.074
6452809.000 1726675.000 0.343 -0.675 -0.039
6452859.000 1726675.000 0.291 -0.696 -0.020
6452909.000 1726675.000 0.258 -0.637 -0.021
6452959.000 1726675.000 0.328 -0.605 0.003
6453009.000 1726675.000 0.298 -0.655 -0.015
6453059.000 1726675.000 0.339 -0.669 -0.008
6453109.000 1726675.000 0.356 -0.615 -0.008
6453159.000 1726675.000 0.365 -0.670 -0.009
6453209.000 1726675.000 0.364 -0.722 -0.016
6453259.000 1726675.000 0.328 -0.894 -0.026
6453309.000 1726675.000 0.287 -0.885 -0.020
6453359.000 1726675.000 0.286 -0.916 -0.017
6453409.000 1726675.000 0.374 -0.911 -0.020
6453459.000 1726675.000 0.341 -0.770 -0.016
6453509.000 1726675.000 0.376 -0.624 -0.023
6453559.000 1726675.000 0.340 -0.583 -0.031
6453609.000 1726675.000 0.337 -0.528 -0.030
6453659.000 1726675.000 0.315 -0.521 -0.029
6453709.000 1726675.000 0.330 -0.511 -0.028
6453759.000 1726675.000 0.342 -0.547 -0.026
6453809.000 1726675.000 0.354 -0.559 -0.025
6453859.000 1726675.000 0.470 -0.590 -0.019
6453909.000 1726675.000 0.247 -0.747 -0.002
6453959.000 1726675.000 0.309 -0.729 0.018
6454009.000 1726675.000 0.232 -0.703 0.021
6454059.000 1726675.000 0.206 -0.630 0.016
6454109.000 1726675.000 0.286 -0.581 0.025
6454159.000 1726675.000 0.313 -0.688 0.009
6454209.000 1726675.000 0.206 -0.720 0.011
6454259.000 1726675.000 0.246 -0.720 0.004
6454309.000 1726675.000 0.299 -0.701 -0.001
6454359.000 1726675.000 0.264 -0.741 0.001
6454409.000 1726675.000 0.196 -0.766 -0.001
6454459.000 1726675.000 0.202 -0.768 -0.003
6454509.000 1726675.000 0.243 -0.729 -0.004
6451559.000 1726725.000 0.331 3.215 -2.094
6451609.000 1726725.000 -2.876 -1.357 -1.895
6451659.000 1726725.000 1.462 2.446 -1.595
6451709.000 1726725.000 -3.448 0.761 -1.588
6451759.000 1726725.000 -9.608 7.579 -2.162
6451809.000 1726725.000 -1.779 11.393 -2.805
6451859.000 1726725.000 -8.853 21.557 -2.526
6451909.000 1726725.000 -12.194 14.824 -2.348
6451959.000 1726725.000 -17.219 -3.003 -2.438
6452009.000 1726725.000 -13.828 -6.475 -2.330
6452059.000 1726725.000 -6.300 4.938 0.833
6452109.000 1726725.000 0.238 -0.619 0.001
6452159.000 1726725.000 0.052 -0.477 -0.023
6452209.000 1726725.000 -0.007 -0.381 -0.019
6452259.000 1726725.000 0.298 -0.482 -0.024
6452309.000 1726725.000 0.264 -0.454 -0.027
6452359.000 1726725.000 0.296 -0.573 -0.046
6452409.000 1726725.000 0.257 -0.682 -0.057
6452459.000 1726725.000 0.347 -0.726 -0.051
6452509.000 1726725.000 0.322 -0.758 -0.036
6452559.000 1726725.000 0.823 -1.088 -0.031
6452609.000 1726725.000 0.278 -0.567 -0.011
6452659.000 1726725.000 0.227 -0.637 -0.068
6452709.000 1726725.000 0.292 -0.549 -0.044
6452759.000 1726725.000 0.274 -0.595 -0.047
6452809.000 1726725.000 0.283 -0.682 -0.056
6452859.000 1726725.000 0.320 -0.715 -0.043
6452909.000 1726725.000 0.270 -0.572 -0.041
6452959.000 1726725.000 0.310 -0.582 -0.036
6453009.000 1726725.000 0.321 -0.586 -0.032
6453059.000 1726725.000 0.346 -0.608 -0.022
6453109.000 1726725.000 0.332 -0.598 -0.018
6453159.000 1726725.000 0.326 -0.578 -0.023
6453209.000 1726725.000 0.338 -0.707 -0.035
6453259.000 1726725.000 0.300 -0.814 -0.043
6453309.000 1726725.000 0.302 -0.703 -0.036
6453359.000 1726725.000 0.342 -0.677 -0.029
6453409.000 1726725.000 0.351 -0.695 -0.026
6453459.000 1726725.000 0.364 -0.744 -0.032
6453509.000 1726725.000 0.361 -0.650 -0.038
6453559.000 1726725.000 0.387 -0.565 -0.041
6453609.000 1726725.000 0.341 -0.516 -0.037
6453659.000 1726725.000 0.324 -0.490 -0.042
6453709.000 1726725.000 0.412 -0.558 -0.042
6453759.000 1726725.000 0.366 -0.564 -0.037
6453809.000 1726725.000 0.343 -0.485 -0.037
6453859.000 1726725.000 0.321 -0.563 -0.037
6453909.000 1726725.000 0.178 -0.658 -0.028
6453959.000 1726725.000 0.245 -0.833 -0.001
6454009.000 1726725.000 0.217 -0.753 -0.007
6454059.000 1726725.000 0.302 -0.603 -0.007
6454109.000 1726725.000 0.309 -0.636 -0.004
6454159.000 1726725.000 0.299 -0.689 -0.002
6454209.000 1726725.000 0.216 -0.679 -0.001
6454259.000 1726725.000 0.255 -0.669 -0.013
6454309.000 1726725.000 0.340 -0.665 -0.013
6454359.000 1726725.000 0.298 -0.577 -0.009
6454409.000 1726725.000 0.259 -0.636 -0.010
6454459.000 1726725.000 0.303 -0.575 -0.014
6454509.000 1726725.000 0.350 -0.564 -0.016
6451559.000 1726775.000 0.560 -5.936 -2.280
6451609.000 1726775.000 0.507 -4.790 -2.263
6451659.000 1726775.000 -10.078 -12.195 -2.279
6451709.000 1726775.000 -1.069 -15.039 -2.863
6451759.000 1726775.000 -2.166 -11.835 -2.742
6451809.000 1726775.000 -0.380 -3.419 -2.324
6451859.000 1726775.000 0.928 -2.644 -2.003
6451909.000 1726775.000 -2.392 -3.808 -1.974
6451959.000 1726775.000 0.675 -0.211 -0.178
6452009.000 1726775.000 0.279 -0.674 0.019
6452059.000 1726775.000 0.300 -0.751 0.006
6452109.000 1726775.000 0.216 -0.727 -0.026
6452159.000 1726775.000 0.170 -0.517 -0.025
6452209.000 1726775.000 0.214 -0.660 -0.035
6452259.000 1726775.000 0.159 -0.676 -0.047
6452309.000 1726775.000 0.028 -0.547 -0.053
6452359.000 1726775.000 0.207 -0.521 -0.051
6452409.000 1726775.000 0.324 -0.529 -0.058
6452459.000 1726775.000 0.198 -0.434 -0.058
6452509.000 1726775.000 0.229 -0.487 -0.050
6452559.000 1726775.000 0.356 -0.594 -0.048
6452609.000 1726775.000 0.287 -0.681 -0.112
6452659.000 1726775.000 0.281 -0.648 -0.089
6452709.000 1726775.000 0.296 -0.617 -0.090
6452759.000 1726775.000 0.324 -0.623 -0.083
6452809.000 1726775.000 0.338 -0.663 -0.074
6452859.000 1726775.000 0.323 -0.652 -0.066
6452909.000 1726775.000 0.298 -0.541 -0.058
6452959.000 1726775.000 0.308 -0.526 -0.060
6453009.000 1726775.000 0.319 -0.545 -0.048
6453059.000 1726775.000 0.329 -0.543 -0.043
6453109.000 1726775.000 0.328 -0.555 -0.035
6453159.000 1726775.000 0.315 -0.551 -0.045
6453209.000 1726775.000 0.363 -0.721 -0.052
6453259.000 1726775.000 0.339 -0.699 -0.055
6453309.000 1726775.000 0.373 -0.690 -0.051
6453359.000 1726775.000 0.381 -0.650 -0.041
6453409.000 1726775.000 0.371 -0.622 -0.041
6453459.000 1726775.000 0.367 -0.598 -0.047
6453509.000 1726775.000 0.395 -0.570 -0.049
6453559.000 1726775.000 0.404 -0.590 -0.049
6453609.000 1726775.000 0.395 -0.684 -0.051
6453659.000 1726775.000 0.407 -0.518 -0.053
6453709.000 1726775.000 0.433 -0.513 -0.055
6453759.000 1726775.000 0.429 -0.513 -0.048
6453809.000 1726775.000 0.412 -0.466 -0.053
6453859.000 1726775.000 0.297 -0.422 -0.054
6453909.000 1726775.000 0.289 -0.662 -0.053
6453959.000 1726775.000 0.387 -0.678 -0.011
6454009.000 1726775.000 0.386 -0.691 -0.016
6454059.000 1726775.000 0.345 -0.652 -0.019
6454109.000 1726775.000 0.275 -0.621 -0.013
6454159.000 1726775.000 0.188 -0.615 -0.008
6454209.000 1726775.000 0.304 -0.554 -0.021
6454259.000 1726775.000 0.335 -0.579 -0.025
6454309.000 1726775.000 0.439 -0.613 -0.017
6454359.000 1726775.000 0.444 -0.667 -0.012
6454409.000 1726775.000 0.470 -0.689 -0.019
6454459.000 1726775.000 0.393 -0.484 -0.023
6454509.000 1726775.000 0.345 -0.456 -0.028
6451559.000 1726825.000 -0.512 1.400 -0.200
6451609.000 1726825.000 0.330 -0.506 -0.067
6451659.000 1726825.000 0.135 0.620 -0.231
6451709.000 1726825.000 0.440 0.303 -0.227
6451759.000 1726825.000 0.429 -0.109 -0.127
6451809.000 1726825.000 0.257 -0.319 -0.031
6451859.000 1726825.000 0.317 -0.644 0.006
6451909.000 1726825.000 0.262 -0.654 0.006
6451959.000 1726825.000 0.279 -0.591 0.003
6452009.000 1726825.000 0.286 -0.655 -0.017
6452059.000 1726825.000 0.272 -0.796 -0.027
6452109.000 1726825.000 0.170 -0.731 -0.021
6452159.000 1726825.000 0.035 -0.639 -0.032
6452209.000 1726825.000 0.130 -0.851 -0.051
6452259.000 1726825.000 0.171 -0.771 -0.063
6452309.000 1726825.000 0.148 -0.763 -0.068
6452359.000 1726825.000 0.235 -0.511 -0.074
6452409.000 1726825.000 0.307 -0.472 -0.077
6452459.000 1726825.000 0.379 -0.473 -0.076
6452509.000 1726825.000 0.355 -0.560 -0.070
6452559.000 1726825.000 0.300 -0.620 -0.102
6452609.000 1726825.000 0.268 -0.664 -0.107
6452659.000 1726825.000 0.290 -0.637 -0.102
6452709.000 1726825.000 0.342 -0.672 -0.096
6452759.000 1726825.000 0.355 -0.639 -0.092
6452809.000 1726825.000 0.302 -0.540 -0.097
6452859.000 1726825.000 0.296 -0.576 -0.094
6452909.000 1726825.000 0.286 -0.554 -0.085
6452959.000 1726825.000 0.317 -0.499 -0.073
6453009.000 1726825.000 0.332 -0.526 -0.064
6453059.000 1726825.000 0.322 -0.558 -0.052
6453109.000 1726825.000 0.312 -0.498 -0.051
6453159.000 1726825.000 0.305 -0.508 -0.063
6453209.000 1726825.000 0.356 -0.549 -0.061
6453259.000 1726825.000 0.302 -0.596 -0.070
6453309.000 1726825.000 0.317 -0.517 -0.063
6453359.000 1726825.000 0.358 -0.550 -0.057
6453409.000 1726825.000 0.344 -0.457 -0.055
6453459.000 1726825.000 0.335 -0.437 -0.057
6453509.000 1726825.000 0.335 -0.445 -0.057
6453559.000 1726825.000 0.360 -0.500 -0.057
6453609.000 1726825.000 0.467 -0.524 -0.062
6453659.000 1726825.000 0.439 -0.531 -0.058
6453709.000 1726825.000 0.398 -0.500 -0.055
6453759.000 1726825.000 0.401 -0.476 -0.056
6453809.000 1726825.000 0.447 -0.473 -0.063
6453859.000 1726825.000 0.385 -0.435 -0.066
6453909.000 1726825.000 0.414 -0.425 -0.054
6453959.000 1726825.000 0.379 -0.642 -0.022
6454009.000 1726825.000 0.384 -0.649 -0.024
6454059.000 1726825.000 0.375 -0.653 -0.029
6454109.000 1726825.000 0.338 -0.580 -0.023
6454159.000 1726825.000 0.321 -0.513 -0.022
6454209.000 1726825.000 0.381 -0.596 -0.028
6454259.000 1726825.000 0.451 -0.650 -0.027
6454309.000 1726825.000 0.498 -0.629 -0.022
6454359.000 1726825.000 0.433 -0.584 -0.017
6454409.000 1726825.000 0.448 -0.616 -0.026
6454459.000 1726825.000 0.465 -0.500 -0.034
6454509.000 1726825.000 0.205 -0.606 -0.064
6451559.000 1726875.000 0.186 -0.584 -0.081
6451609.000 1726875.000 0.250 -0.599 -0.084
6451659.000 1726875.000 0.253 -0.651 -0.089
6451709.000 1726875.000 0.251 -0.756 -0.080
6451759.000 1726875.000 0.296 -0.712 -0.060
6451809.000 1726875.000 0.324 -0.647 -0.042
6451859.000 1726875.000 0.386 -0.634 -0.039
6451909.000 1726875.000 0.299 -0.566 -0.040
6451959.000 1726875.000 0.294 -0.618 -0.055
6452009.000 1726875.000 0.316 -0.705 -0.070
6452059.000 1726875.000 0.172 -0.362 -0.094
6452109.000 1726875.000 0.366 -0.827 -0.069
6452159.000 1726875.000 -1.172 1.666 -0.115
6452209.000 1726875.000 -0.995 1.818 -0.137
6452259.000 1726875.000 -0.012 -0.393 -0.103
6452309.000 1726875.000 0.224 -0.374 -0.098
6452359.000 1726875.000 0.218 -0.363 -0.105
6452409.000 1726875.000 0.280 -0.393 -0.095
6452459.000 1726875.000 0.302 -0.408 -0.092
6452509.000 1726875.000 0.301 -0.479 -0.111
6452559.000 1726875.000 0.259 -0.538 -0.110
6452609.000 1726875.000 0.284 -0.538 -0.104
6452659.000 1726875.000 0.314 -0.498 -0.097
6452709.000 1726875.000 0.352 -0.538 -0.096
6452759.000 1726875.000 0.349 -0.554 -0.093
6452809.000 1726875.000 0.354 -0.566 -0.093
6452859.000 1726875.000 0.369 -0.607 -0.093
6452909.000 1726875.000 0.331 -0.558 -0.093
6452959.000 1726875.000 0.323 -0.542 -0.090
6453009.000 1726875.000 0.328 -0.528 -0.070
6453059.000 1726875.000 0.319 -0.536 -0.060
6453109.000 1726875.000 0.321 -0.526 -0.059
6453159.000 1726875.000 0.308 -0.511 -0.074
6453209.000 1726875.000 0.305 -0.435 -0.066
6453259.000 1726875.000 0.338 -0.455 -0.072
6453309.000 1726875.000 0.317 -0.407 -0.070
6453359.000 1726875.000 0.355 -0.462 -0.062
6453409.000 1726875.000 0.383 -0.486 -0.055
6453459.000 1726875.000 0.345 -0.419 -0.057
6453509.000 1726875.000 0.425 -0.545 -0.059
6453559.000 1726875.000 0.401 -0.462 -0.058
6453609.000 1726875.000 0.437 -0.490 -0.060
6453659.000 1726875.000 0.481 -0.516 -0.058
6453709.000 1726875.000 0.455 -0.488 -0.060
6453759.000 1726875.000 0.444 -0.458 -0.063
6453809.000 1726875.000 0.395 -0.365 -0.065
6453859.000 1726875.000 0.408 -0.369 -0.067
6453909.000 1726875.000 0.325 -0.427 -0.057
6453959.000 1726875.000 0.420 -0.551 -0.028
6454009.000 1726875.000 0.414 -0.549 -0.031
6454059.000 1726875.000 0.374 -0.611 -0.033
6454109.000 1726875.000 0.324 -0.446 -0.032
6454159.000 1726875.000 0.377 -0.504 -0.029
6454209.000 1726875.000 0.416 -0.593 -0.032
6454259.000 1726875.000 0.527 -0.609 -0.028
6454309.000 1726875.000 0.553 -0.595 -0.028
6454359.000 1726875.000 0.445 -0.525 -0.032
6454409.000 1726875.000 0.293 -0.497 -0.035
6454459.000 1726875.000 0.413 -0.460 -0.037
6454509.000 1726875.000 0.389 -0.445 -0.047
6451559.000 1726925.000 0.230 -0.618 -0.095
6451609.000 1726925.000 0.214 -0.605 -0.100
6451659.000 1726925.000 0.241 -0.631 -0.106
6451709.000 1726925.000 0.260 -0.602 -0.109
6451759.000 1726925.000 0.255 -0.645 -0.111
6451809.000 1726925.000 0.275 -0.598 -0.097
6451859.000 1726925.000 0.236 -0.560 -0.089
6451909.000 1726925.000 0.256 -0.601 -0.096
6451959.000 1726925.000 0.329 -0.506 -0.108
6452009.000 1726925.000 0.305 -0.405 -0.120
6452059.000 1726925.000 0.076 -0.005 -0.139
6452109.000 1726925.000 0.215 -0.013 -0.146
6452159.000 1726925.000 -0.942 0.025 -0.046
6452209.000 1726925.000 -0.857 -1.629 0.142
6452259.000 1726925.000 0.318 -0.327 -0.120
6452309.000 1726925.000 0.349 -0.376 -0.112
6452359.000 1726925.000 0.265 -0.342 -0.116
6452409.000 1726925.000 0.267 -0.409 -0.102
6452459.000 1726925.000 0.263 -0.423 -0.115
6452509.000 1726925.000 0.288 -0.454 -0.110
6452559.000 1726925.000 0.240 -0.511 -0.108
6452609.000 1726925.000 0.307 -0.555 -0.103
6452659.000 1726925.000 0.313 -0.488 -0.096
6452709.000 1726925.000 0.313 -0.504 -0.096
6452759.000 1726925.000 0.326 -0.535 -0.089
6452809.000 1726925.000 0.341 -0.532 -0.088
6452859.000 1726925.000 0.349 -0.581 -0.089
6452909.000 1726925.000 0.325 -0.525 -0.085
6452959.000 1726925.000 0.360 -0.541 -0.078
6453009.000 1726925.000 0.326 -0.517 -0.074
6453059.000 1726925.000 0.312 -0.468 -0.074
6453109.000 1726925.000 0.331 -0.493 -0.074
6453159.000 1726925.000 0.339 -0.489 -0.073
6453209.000 1726925.000 0.419 -0.500 -0.067
6453259.000 1726925.000 0.346 -0.459 -0.073
6453309.000 1726925.000 0.281 -0.347 -0.069
6453359.000 1726925.000 0.387 -0.483 -0.058
6453409.000 1726925.000 0.408 -0.471 -0.054
6453459.000 1726925.000 0.395 -0.454 -0.053
6453509.000 1726925.000 0.464 -0.529 -0.055
6453559.000 1726925.000 0.451 -0.458 -0.051
6453609.000 1726925.000 0.407 -0.425 -0.055
6453659.000 1726925.000 0.375 -0.360 -0.056
6453709.000 1726925.000 0.358 -0.346 -0.058
6453759.000 1726925.000 0.360 -0.354 -0.062
6453809.000 1726925.000 0.357 -0.363 -0.064
6453859.000 1726925.000 0.448 -0.331 -0.060
6453909.000 1726925.000 0.358 -0.552 -0.061
6453959.000 1726925.000 0.392 -0.565 -0.037
6454009.000 1726925.000 0.391 -0.573 -0.035
6454059.000 1726925.000 0.427 -0.507 -0.033
6454109.000 1726925.000 0.458 -0.555 -0.033
6454159.000 1726925.000 0.472 -0.552 -0.032
6454209.000 1726925.000 0.376 -0.535 -0.036
6454259.000 1726925.000 0.414 -0.447 -0.035
6454309.000 1726925.000 0.472 -0.497 -0.033
6454359.000 1726925.000 0.354 -0.477 -0.034
6454409.000 1726925.000 0.386 -0.503 -0.034
6454459.000 1726925.000 0.358 -0.436 -0.038
6454509.000 1726925.000 0.418 -0.410 -0.048
6451559.000 1726975.000 0.249 -0.695 -0.093
6451609.000 1726975.000 0.255 -0.662 -0.099
6451659.000 1726975.000 0.238 -0.715 -0.127
6451709.000 1726975.000 0.249 -0.755 -0.155
6451759.000 1726975.000 0.255 -0.668 -0.127
6451809.000 1726975.000 0.294 -0.631 -0.111
6451859.000 1726975.000 0.315 -0.600 -0.105
6451909.000 1726975.000 0.333 -0.575 -0.121
6451959.000 1726975.000 0.352 -0.525 -0.131
6452009.000 1726975.000 0.365 -0.466 -0.138
6452059.000 1726975.000 0.180 -0.328 -0.146
6452109.000 1726975.000 0.131 -0.311 -0.157
6452159.000 1726975.000 0.051 -0.208 -0.155
6452209.000 1726975.000 0.151 -0.216 -0.155
6452259.000 1726975.000 0.202 -0.263 -0.140
6452309.000 1726975.000 0.319 -0.372 -0.123
6452359.000 1726975.000 0.275 -0.321 -0.115
6452409.000 1726975.000 0.254 -0.312 -0.123
6452459.000 1726975.000 0.339 -0.424 -0.118
6452509.000 1726975.000 0.310 -0.434 -0.110
6452559.000 1726975.000 0.282 -0.509 -0.106
6452609.000 1726975.000 0.316 -0.530 -0.100
6452659.000 1726975.000 0.377 -0.506 -0.081
6452709.000 1726975.000 0.352 -0.464 -0.080
6452759.000 1726975.000 0.356 -0.548 -0.087
6452809.000 1726975.000 0.363 -0.545 -0.084
6452859.000 1726975.000 0.327 -0.470 -0.071
6452909.000 1726975.000 0.338 -0.464 -0.071
6452959.000 1726975.000 0.372 -0.511 -0.071
6453009.000 1726975.000 0.315 -0.447 -0.071
6453059.000 1726975.000 0.332 -0.469 -0.069
6453109.000 1726975.000 0.376 -0.482 -0.065
6453159.000 1726975.000 0.377 -0.427 -0.056
6453209.000 1726975.000 0.401 -0.439 -0.054
6453259.000 1726975.000 0.368 -0.479 -0.065
6453309.000 1726975.000 0.323 -0.445 -0.063
6453359.000 1726975.000 0.367 -0.403 -0.058
6453409.000 1726975.000 0.436 -0.493 -0.052
6453459.000 1726975.000 0.434 -0.454 -0.049
6453509.000 1726975.000 0.436 -0.395 -0.052
6453559.000 1726975.000 0.429 -0.392 -0.052
6453609.000 1726975.000 0.401 -0.417 -0.054
6453659.000 1726975.000 0.358 -0.280 -0.052
6453709.000 1726975.000 0.373 -0.276 -0.056
6453759.000 1726975.000 0.369 -0.310 -0.060
6453809.000 1726975.000 0.377 -0.342 -0.062
6453859.000 1726975.000 0.357 -0.297 -0.062
6453909.000 1726975.000 0.398 -0.401 -0.046
6453959.000 1726975.000 0.382 -0.618 -0.034
6454009.000 1726975.000 0.575 -0.562 -0.033
6454059.000 1726975.000 0.457 -0.441 -0.032
6454109.000 1726975.000 0.479 -0.522 -0.035
6454159.000 1726975.000 0.463 -0.526 -0.036
6454209.000 1726975.000 0.356 -0.437 -0.038
6454259.000 1726975.000 0.424 -0.441 -0.034
6454309.000 1726975.000 0.432 -0.430 -0.035
6454359.000 1726975.000 0.317 -0.418 -0.031
6454409.000 1726975.000 0.458 -0.459 -0.033
6454459.000 1726975.000 0.462 -0.454 -0.040
6454509.000 1726975.000 0.286 -0.308 -0.044
6451559.000 1727025.000 0.265 -0.702 -0.086
6451609.000 1727025.000 0.212 -0.724 -0.094
6451659.000 1727025.000 0.203 -0.764 -0.143
6451709.000 1727025.000 0.289 -0.712 -0.106
6451759.000 1727025.000 0.303 -0.659 -0.104
6451809.000 1727025.000 0.316 -0.622 -0.092
6451859.000 1727025.000 0.353 -0.576 -0.089
6451909.000 1727025.000 0.347 -0.596 -0.100
6451959.000 1727025.000 0.316 -0.508 -0.107
6452009.000 1727025.000 0.391 -0.497 -0.133
6452059.000 1727025.000 0.327 -0.469 -0.151
6452109.000 1727025.000 0.232 -0.472 -0.158
6452159.000 1727025.000 0.261 -0.294 -0.160
6452209.000 1727025.000 0.243 -0.310 -0.153
6452259.000 1727025.000 0.254 -0.349 -0.140
6452309.000 1727025.000 0.324 -0.386 -0.119
6452359.000 1727025.000 0.350 -0.391 -0.105
6452409.000 1727025.000 0.315 -0.525 -0.163
6452459.000 1727025.000 0.400 -0.432 -0.122
6452509.000 1727025.000 0.370 -0.463 -0.110
6452559.000 1727025.000 0.332 -0.472 -0.092
6452609.000 1727025.000 0.351 -0.501 -0.088
6452659.000 1727025.000 0.334 -0.494 -0.080
6452709.000 1727025.000 0.336 -0.451 -0.080
6452759.000 1727025.000 0.336 -0.452 -0.080
6452809.000 1727025.000 0.348 -0.494 -0.077
6452859.000 1727025.000 0.357 -0.497 -0.074
6452909.000 1727025.000 0.381 -0.469 -0.052
6452959.000 1727025.000 0.354 -0.462 -0.064
6453009.000 1727025.000 0.326 -0.441 -0.066
6453059.000 1727025.000 0.357 -0.488 -0.060
6453109.000 1727025.000 0.399 -0.459 -0.053
6453159.000 1727025.000 0.389 -0.460 -0.055
6453209.000 1727025.000 0.370 -0.386 -0.042
6453259.000 1727025.000 0.362 -0.425 -0.059
6453309.000 1727025.000 0.363 -0.405 -0.057
6453359.000 1727025.000 0.404 -0.455 -0.054
6453409.000 1727025.000 0.416 -0.459 -0.051
6453459.000 1727025.000 0.426 -0.395 -0.054
6453509.000 1727025.000 0.432 -0.406 -0.053
6453559.000 1727025.000 0.444 -0.385 -0.052
6453609.000 1727025.000 0.418 -0.416 -0.052
6453659.000 1727025.000 0.335 -0.261 -0.050
6453709.000 1727025.000 0.365 -0.331 -0.053
6453759.000 1727025.000 0.369 -0.272 -0.055
6453809.000 1727025.000 0.402 -0.347 -0.059
6453859.000 1727025.000 0.374 -0.347 -0.062
6453909.000 1727025.000 0.421 -0.374 -0.048
6453959.000 1727025.000 0.506 -0.534 -0.035
6454009.000 1727025.000 0.484 -0.411 -0.031
6454059.000 1727025.000 0.491 -0.447 -0.032
6454109.000 1727025.000 0.486 -0.467 -0.042
6454159.000 1727025.000 0.505 -0.450 -0.038
6454209.000 1727025.000 0.465 -0.411 -0.037
6454259.000 1727025.000 0.397 -0.348 -0.034
6454309.000 1727025.000 0.302 -0.383 -0.033
6454359.000 1727025.000 0.448 -0.405 -0.032
6454409.000 1727025.000 0.497 -0.409 -0.032
6454459.000 1727025.000 0.027 -0.029 -0.035
6454509.000 1727025.000 0.379 -0.348 -0.040
6451559.000 1727075.000 0.285 -0.784 -0.111
6451609.000 1727075.000 0.291 -0.754 -0.096
6451659.000 1727075.000 0.272 -0.734 -0.088
6451709.000 1727075.000 0.280 -0.704 -0.092
6451759.000 1727075.000 0.310 -0.577 -0.071
6451809.000 1727075.000 0.326 -0.522 -0.060
6451859.000 1727075.000 0.338 -0.486 -0.057
6451909.000 1727075.000 0.345 -0.479 -0.068
6451959.000 1727075.000 0.353 -0.487 -0.081
6452009.000 1727075.000 0.344 -0.470 -0.108
6452059.000 1727075.000 0.381 -0.480 -0.128
6452109.000 1727075.000 0.354 -0.518 -0.158
6452159.000 1727075.000 0.196 -0.368 -0.146
6452209.000 1727075.000 0.198 -0.349 -0.142
6452259.000 1727075.000 0.247 -0.339 -0.136
6452309.000 1727075.000 0.354 -0.378 -0.126
6452359.000 1727075.000 0.365 -0.444 -0.131
6452409.000 1727075.000 0.339 -0.430 -0.117
6452459.000 1727075.000 0.338 -0.415 -0.108
6452509.000 1727075.000 0.317 -0.430 -0.098
6452559.000 1727075.000 0.338 -0.499 -0.087
6452609.000 1727075.000 0.287 -0.454 -0.086
6452659.000 1727075.000 0.359 -0.436 -0.074
6452709.000 1727075.000 0.367 -0.481 -0.081
6452759.000 1727075.000 0.314 -0.429 -0.080
6452809.000 1727075.000 0.348 -0.461 -0.074
6452859.000 1727075.000 0.367 -0.471 -0.068
6452909.000 1727075.000 0.390 -0.419 -0.053
6452959.000 1727075.000 0.377 -0.436 -0.058
6453009.000 1727075.000 0.360 -0.457 -0.061
6453059.000 1727075.000 0.376 -0.501 -0.060
6453109.000 1727075.000 0.391 -0.417 -0.058
6453159.000 1727075.000 0.391 -0.465 -0.053
6453209.000 1727075.000 0.378 -0.423 -0.039
6453259.000 1727075.000 0.368 -0.403 -0.051
6453309.000 1727075.000 0.255 -0.294 -0.056
6453359.000 1727075.000 0.400 -0.448 -0.053
6453409.000 1727075.000 0.421 -0.449 -0.052
6453459.000 1727075.000 0.412 -0.377 -0.058
6453509.000 1727075.000 0.385 -0.332 -0.054
6453559.000 1727075.000 0.478 -0.371 -0.049
6453609.000 1727075.000 0.443 -0.366 -0.051
6453659.000 1727075.000 0.338 -0.279 -0.048
6453709.000 1727075.000 0.343 -0.298 -0.044
6453759.000 1727075.000 0.407 -0.291 -0.053
6453809.000 1727075.000 0.405 -0.322 -0.059
6453859.000 1727075.000 0.411 -0.387 -0.057
6453909.000 1727075.000 0.597 -0.418 -0.057
6453959.000 1727075.000 0.546 -0.433 -0.040
6454009.000 1727075.000 0.416 -0.400 -0.033
6454059.000 1727075.000 0.436 -0.417 -0.028
6454109.000 1727075.000 0.547 -0.498 -0.046
6454159.000 1727075.000 0.460 -0.459 -0.047
6454209.000 1727075.000 0.432 -0.395 -0.045
6454259.000 1727075.000 0.382 -0.355 -0.038
6454309.000 1727075.000 0.270 -0.370 -0.034
6454359.000 1727075.000 0.525 -0.449 -0.036
6454409.000 1727075.000 0.486 -0.336 -0.030
6454459.000 1727075.000 0.348 -0.291 -0.033
6454509.000 1727075.000 0.393 -0.333 -0.040
6451559.000 1727125.000 0.286 -0.768 -0.102
6451609.000 1727125.000 0.333 -0.724 -0.078
6451659.000 1727125.000 0.331 -0.692 -0.066
6451709.000 1727125.000 0.423 -0.741 -0.060
6451759.000 1727125.000 0.410 -0.704 -0.055
6451809.000 1727125.000 0.404 -0.486 -0.060
6451859.000 1727125.000 0.343 -0.450 -0.049
6451909.000 1727125.000 0.356 -0.434 -0.055
6451959.000 1727125.000 0.393 -0.498 -0.075
6452009.000 1727125.000 0.350 -0.618 -0.102
6452059.000 1727125.000 0.415 -0.609 -0.106
6452109.000 1727125.000 0.459 -0.609 -0.151
6452159.000 1727125.000 0.328 -0.395 -0.133
6452209.000 1727125.000 0.250 -0.363 -0.136
6452259.000 1727125.000 0.372 -0.379 -0.087
6452309.000 1727125.000 0.342 -0.360 -0.080
6452359.000 1727125.000 0.312 -0.367 -0.088
6452409.000 1727125.000 0.287 -0.378 -0.091
6452459.000 1727125.000 0.375 -0.427 -0.096
6452509.000 1727125.000 0.318 -0.469 -0.088
6452559.000 1727125.000 0.315 -0.483 -0.083
6452609.000 1727125.000 0.305 -0.429 -0.075
6452659.000 1727125.000 0.359 -0.438 -0.068
6452709.000 1727125.000 0.376 -0.448 -0.071
6452759.000 1727125.000 0.340 -0.469 -0.078
6452809.000 1727125.000 0.405 -0.481 -0.069
6452859.000 1727125.000 0.385 -0.477 -0.065
6452909.000 1727125.000 0.292 -0.384 -0.065
6452959.000 1727125.000 0.374 -0.449 -0.058
6453009.000 1727125.000 0.388 -0.443 -0.048
6453059.000 1727125.000 0.402 -0.439 -0.048
6453109.000 1727125.000 0.412 -0.420 -0.041
6453159.000 1727125.000 0.424 -0.377 -0.036
6453209.000 1727125.000 0.481 -0.435 -0.028
6453259.000 1727125.000 0.389 -0.387 -0.047
6453309.000 1727125.000 0.289 -0.330 -0.059
6453359.000 1727125.000 0.385 -0.433 -0.062
6453409.000 1727125.000 0.439 -0.415 -0.063
6453459.000 1727125.000 0.444 -0.423 -0.064
6453509.000 1727125.000 0.414 -0.286 -0.057
6453559.000 1727125.000 0.463 -0.320 -0.049
6453609.000 1727125.000 0.425 -0.406 -0.049
6453659.000 1727125.000 0.389 -0.351 -0.043
6453709.000 1727125.000 0.384 -0.342 -0.045
6453759.000 1727125.000 0.450 -0.373 -0.050
6453809.000 1727125.000 0.422 -0.357 -0.059
6453859.000 1727125.000 0.423 -0.370 -0.063
6453909.000 1727125.000 0.441 -0.457 -0.048
6453959.000 1727125.000 0.436 -0.428 -0.039
6454009.000 1727125.000 0.344 -0.388 -0.039
6454059.000 1727125.000 0.333 -0.394 -0.034
6454109.000 1727125.000 0.515 -0.484 -0.041
6454159.000 1727125.000 0.454 -0.412 -0.039
6454209.000 1727125.000 0.416 -0.383 -0.038
6454259.000 1727125.000 0.384 -0.326 -0.040
6454309.000 1727125.000 0.415 -0.357 -0.035
6454359.000 1727125.000 0.358 -0.221 -0.019
6454409.000 1727125.000 0.369 -0.226 -0.019
6454459.000 1727125.000 0.452 -0.391 -0.025
6454509.000 1727125.000 0.515 -0.457 -0.042
6451559.000 1727175.000 0.226 -0.675 -0.070
6451609.000 1727175.000 0.259 -0.675 -0.062
6451659.000 1727175.000 0.249 -0.624 -0.054
6451709.000 1727175.000 0.292 -0.584 -0.055
6451759.000 1727175.000 0.516 -0.540 -0.095
6451809.000 1727175.000 0.453 -0.546 -0.054
6451859.000 1727175.000 0.360 -0.457 -0.045
6451909.000 1727175.000 0.377 -0.467 -0.054
6451959.000 1727175.000 0.400 -0.478 -0.069
6452009.000 1727175.000 0.308 -0.621 -0.086
6452059.000 1727175.000 0.430 -0.590 -0.096
6452109.000 1727175.000 0.307 -0.376 -0.100
6452159.000 1727175.000 0.325 -0.382 -0.108
6452209.000 1727175.000 0.313 -0.367 -0.099
6452259.000 1727175.000 0.237 -0.341 -0.083
6452309.000 1727175.000 0.251 -0.357 -0.082
6452359.000 1727175.000 0.356 -0.407 -0.092
6452409.000 1727175.000 0.297 -0.390 -0.102
6452459.000 1727175.000 0.316 -0.408 -0.098
6452509.000 1727175.000 0.254 -0.444 -0.091
6452559.000 1727175.000 0.300 -0.497 -0.091
6452609.000 1727175.000 0.358 -0.470 -0.078
6452659.000 1727175.000 0.375 -0.434 -0.064
6452709.000 1727175.000 0.343 -0.407 -0.060
6452759.000 1727175.000 0.361 -0.442 -0.065
6452809.000 1727175.000 0.361 -0.457 -0.062
6452859.000 1727175.000 0.312 -0.423 -0.062
6452909.000 1727175.000 0.333 -0.422 -0.059
6452959.000 1727175.000 0.370 -0.421 -0.050
6453009.000 1727175.000 0.369 -0.411 -0.045
6453059.000 1727175.000 0.397 -0.427 -0.047
6453109.000 1727175.000 0.394 -0.387 -0.040
6453159.000 1727175.000 0.424 -0.329 -0.031
6453209.000 1727175.000 0.450 -0.310 -0.020
6453259.000 1727175.000 0.419 -0.362 -0.037
6453309.000 1727175.000 0.369 -0.397 -0.066
6453359.000 1727175.000 0.395 -0.414 -0.076
6453409.000 1727175.000 0.406 -0.418 -0.069
6453459.000 1727175.000 0.449 -0.350 -0.063
6453509.000 1727175.000 0.404 -0.294 -0.060
6453559.000 1727175.000 0.405 -0.228 -0.050
6453609.000 1727175.000 0.443 -0.301 -0.048
6453659.000 1727175.000 0.428 -0.432 -0.048
6453709.000 1727175.000 0.462 -0.344 -0.050
6453759.000 1727175.000 0.419 -0.344 -0.064
6453809.000 1727175.000 0.410 -0.449 -0.064
6453859.000 1727175.000 0.465 -0.322 -0.081
6453909.000 1727175.000 0.476 -0.469 -0.063
6453959.000 1727175.000 0.485 -0.422 -0.048
6454009.000 1727175.000 0.418 -0.483 -0.051
6454059.000 1727175.000 0.645 -0.496 -0.041
6454109.000 1727175.000 0.514 -0.447 -0.056
6454159.000 1727175.000 0.485 -0.452 -0.061
6454209.000 1727175.000 0.298 -0.630 -0.048
6454259.000 1727175.000 0.617 -0.493 -0.070
6454309.000 1727175.000 0.615 -0.529 -0.059
6454359.000 1727175.000 0.429 -0.510 -0.049
6454409.000 1727175.000 0.387 -0.315 -0.028
6454459.000 1727175.000 0.485 -0.356 -0.024
6454509.000 1727175.000 0.370 -0.440 -0.088
6451559.000 1727225.000 0.198 -0.649 -0.070
6451609.000 1727225.000 0.286 -0.610 -0.060
6451659.000 1727225.000 0.297 -0.577 -0.053
6451709.000 1727225.000 0.282 -0.578 -0.050
6451759.000 1727225.000 0.286 -0.522 -0.039
6451809.000 1727225.000 0.468 -0.460 -0.050
6451859.000 1727225.000 0.346 -0.410 -0.051
6451909.000 1727225.000 0.382 -0.466 -0.070
6451959.000 1727225.000 0.372 -0.528 -0.077
6452009.000 1727225.000 0.169 -0.504 -0.081
6452059.000 1727225.000 0.431 -0.510 -0.087
6452109.000 1727225.000 0.467 -0.452 -0.097
6452159.000 1727225.000 0.103 -0.268 -0.104
6452209.000 1727225.000 0.256 -0.377 -0.099
6452259.000 1727225.000 0.341 -0.348 -0.089
6452309.000 1727225.000 0.353 -0.373 -0.092
6452359.000 1727225.000 0.326 -0.350 -0.110
6452409.000 1727225.000 0.306 -0.357 -0.109
6452459.000 1727225.000 0.331 -0.371 -0.100
6452509.000 1727225.000 0.295 -0.435 -0.097
6452559.000 1727225.000 0.357 -0.397 -0.082
6452609.000 1727225.000 0.342 -0.352 -0.066
6452659.000 1727225.000 0.350 -0.300 -0.051
6452709.000 1727225.000 0.353 -0.341 -0.058
6452759.000 1727225.000 0.360 -0.361 -0.063
6452809.000 1727225.000 0.387 -0.395 -0.052
6452859.000 1727225.000 0.339 -0.418 -0.058
6452909.000 1727225.000 0.344 -0.436 -0.061
6452959.000 1727225.000 0.363 -0.376 -0.050
6453009.000 1727225.000 0.396 -0.352 -0.047
6453059.000 1727225.000 0.450 -0.426 -0.048
6453109.000 1727225.000 0.478 -0.370 -0.042
6453159.000 1727225.000 0.484 -0.382 -0.031
6453209.000 1727225.000 0.431 -0.350 -0.030
6453259.000 1727225.000 0.265 -0.278 -0.049
6453309.000 1727225.000 0.397 -0.353 -0.074
6453359.000 1727225.000 0.420 -0.447 -0.096
6453409.000 1727225.000 0.446 -0.479 -0.095
6453459.000 1727225.000 0.460 -0.455 -0.103
6453509.000 1727225.000 0.408 -0.358 -0.096
6453559.000 1727225.000 0.360 -0.307 -0.079
6453609.000 1727225.000 0.396 -0.458 -0.076
6453659.000 1727225.000 0.506 -0.384 -0.081
6453709.000 1727225.000 0.478 -0.379 -0.076
6453759.000 1727225.000 0.407 -0.324 -0.085
6453809.000 1727225.000 0.337 -0.205 -0.088
6453859.000 1727225.000 0.405 -0.278 -0.101
6453909.000 1727225.000 0.463 -0.467 -0.092
6453959.000 1727225.000 0.579 -0.497 -0.072
6454009.000 1727225.000 0.509 -0.505 -0.077
6454059.000 1727225.000 0.510 -0.478 -0.073
6454109.000 1727225.000 0.550 -0.509 -0.083
6454159.000 1727225.000 0.604 -0.540 -0.083
6454209.000 1727225.000 0.661 -0.562 -0.089
6454259.000 1727225.000 0.542 -0.519 -0.091
6454309.000 1727225.000 0.542 -0.539 -0.091
6454359.000 1727225.000 0.244 -0.640 -0.094
6454409.000 1727225.000 0.593 -0.480 -0.078
6454459.000 1727225.000 0.537 -0.448 -0.088
6454509.000 1727225.000 0.329 -0.431 -0.089
6451559.000 1727275.000 0.125 -0.630 -0.080
6451609.000 1727275.000 0.271 -0.499 -0.060
6451659.000 1727275.000 0.329 -0.543 -0.049
6451709.000 1727275.000 0.298 -0.526 -0.037
6451759.000 1727275.000 0.353 -0.491 -0.039
6451809.000 1727275.000 0.313 -0.423 -0.035
6451859.000 1727275.000 0.395 -0.383 -0.061
6451909.000 1727275.000 0.246 -0.528 -0.077
6451959.000 1727275.000 0.264 -0.487 -0.085
6452009.000 1727275.000 0.414 -0.527 -0.081
6452059.000 1727275.000 0.410 -0.458 -0.079
6452109.000 1727275.000 0.387 -0.452 -0.102
6452159.000 1727275.000 0.087 -0.305 -0.106
6452209.000 1727275.000 0.059 -0.291 -0.101
6452259.000 1727275.000 0.331 -0.436 -0.090
6452309.000 1727275.000 0.368 -0.450 -0.087
6452359.000 1727275.000 0.306 -0.280 -0.082
6452409.000 1727275.000 0.322 -0.347 -0.096
6452459.000 1727275.000 0.324 -0.372 -0.102
6452509.000 1727275.000 0.243 -0.442 -0.085
6452559.000 1727275.000 0.339 -0.471 -0.066
6452609.000 1727275.000 0.264 -0.437 -0.061
6452659.000 1727275.000 0.293 -0.392 -0.054
6452709.000 1727275.000 0.313 -0.434 -0.064
6452759.000 1727275.000 0.368 -0.430 -0.064
6452809.000 1727275.000 0.371 -0.462 -0.065
6452859.000 1727275.000 0.365 -0.481 -0.062
6452909.000 1727275.000 0.384 -0.489 -0.062
6452959.000 1727275.000 0.392 -0.450 -0.058
6453009.000 1727275.000 0.370 -0.348 -0.069
6453059.000 1727275.000 0.510 -0.390 -0.062
6453109.000 1727275.000 0.521 -0.354 -0.055
6453159.000 1727275.000 0.478 -0.402 -0.050
6453209.000 1727275.000 0.473 -0.380 -0.036
6453259.000 1727275.000 0.115 -0.227 -0.054
6453309.000 1727275.000 0.373 -0.459 -0.092
6453359.000 1727275.000 0.408 -0.423 -0.099
6453409.000 1727275.000 0.401 -0.534 -0.095
6453459.000 1727275.000 0.346 -0.494 -0.098
6453509.000 1727275.000 0.332 -0.429 -0.105
6453559.000 1727275.000 0.144 -0.363 -0.112
6453609.000 1727275.000 0.022 -0.182 -0.100
6453659.000 1727275.000 0.320 -0.370 -0.099
6453709.000 1727275.000 0.465 -0.318 -0.080
6453759.000 1727275.000 0.435 -0.455 -0.084
6453809.000 1727275.000 0.392 -0.387 -0.083
6453859.000 1727275.000 0.248 -0.270 -0.088
6453909.000 1727275.000 0.376 -0.449 -0.090
6453959.000 1727275.000 0.528 -0.588 -0.084
6454009.000 1727275.000 0.452 -0.539 -0.086
6454059.000 1727275.000 0.463 -0.451 -0.077
6454109.000 1727275.000 0.500 -0.486 -0.078
6454159.000 1727275.000 0.447 -0.519 -0.073
6454209.000 1727275.000 0.584 -0.638 -0.081
6454259.000 1727275.000 0.385 -0.595 -0.068
6454309.000 1727275.000 0.356 -0.590 -0.067
6454359.000 1727275.000 0.384 -0.511 -0.082
6454409.000 1727275.000 0.506 -0.498 -0.085
6454459.000 1727275.000 0.461 -0.352 -0.087
6454509.000 1727275.000 0.463 -0.534 -0.081
6451559.000 1727325.000 0.153 -0.769 -0.094
6451609.000 1727325.000 0.194 -0.721 -0.073
6451659.000 1727325.000 0.302 -0.546 -0.052
6451709.000 1727325.000 0.271 -0.570 -0.028
6451759.000 1727325.000 0.293 -0.560 -0.028
6451809.000 1727325.000 0.299 -0.497 -0.036
6451859.000 1727325.000 0.233 -0.559 -0.046
6451909.000 1727325.000 0.253 -0.680 -0.072
6451959.000 1727325.000 0.285 -0.732 -0.095
6452009.000 1727325.000 0.414 -0.600 -0.098
6452059.000 1727325.000 0.386 -0.556 -0.097
6452109.000 1727325.000 0.322 -0.434 -0.133
6452159.000 1727325.000 0.316 -0.399 -0.102
6452209.000 1727325.000 0.215 -0.386 -0.099
6452259.000 1727325.000 0.313 -0.497 -0.109
6452309.000 1727325.000 0.373 -0.527 -0.096
6452359.000 1727325.000 0.186 -0.673 -0.094
6452409.000 1727325.000 0.192 -0.645 -0.099
6452459.000 1727325.000 0.292 -0.577 -0.102
6452509.000 1727325.000 0.308 -0.521 -0.091
6452559.000 1727325.000 0.288 -0.447 -0.077
6452609.000 1727325.000 0.278 -0.440 -0.074
6452659.000 1727325.000 0.258 -0.459 -0.079
6452709.000 1727325.000 0.311 -0.481 -0.076
6452759.000 1727325.000 0.306 -0.538 -0.094
6452809.000 1727325.000 0.314 -0.574 -0.089
6452859.000 1727325.000 0.304 -0.596 -0.087
6452909.000 1727325.000 0.350 -0.556 -0.079
6452959.000 1727325.000 0.347 -0.483 -0.076
6453009.000 1727325.000 0.359 -0.444 -0.074
6453059.000 1727325.000 0.473 -0.493 -0.068
6453109.000 1727325.000 0.468 -0.469 -0.062
6453159.000 1727325.000 0.430 -0.496 -0.058
6453209.000 1727325.000 0.441 -0.495 -0.040
6453259.000 1727325.000 0.389 -0.508 -0.069
6453309.000 1727325.000 0.330 -0.507 -0.097
6453359.000 1727325.000 0.352 -0.502 -0.093
6453409.000 1727325.000 0.315 -0.523 -0.086
6453459.000 1727325.000 0.322 -0.530 -0.087
6453509.000 1727325.000 0.299 -0.483 -0.088
6453559.000 1727325.000 0.312 -0.515 -0.098
6453609.000 1727325.000 0.102 -0.260 -0.104
6453659.000 1727325.000 0.234 -0.322 -0.108
6453709.000 1727325.000 0.353 -0.353 -0.087
6453759.000 1727325.000 0.362 -0.414 -0.077
6453809.000 1727325.000 0.370 -0.400 -0.079
6453859.000 1727325.000 0.147 -0.007 -0.074
6453909.000 1727325.000 0.212 -0.031 -0.071
6453959.000 1727325.000 0.398 -0.393 -0.073
6454009.000 1727325.000 0.393 -0.579 -0.072
6454059.000 1727325.000 0.377 -0.524 -0.070
6454109.000 1727325.000 0.371 -0.507 -0.069
6454159.000 1727325.000 0.328 -0.469 -0.070
6454209.000 1727325.000 0.281 -0.534 -0.071
6454259.000 1727325.000 0.372 -0.607 -0.064
6454309.000 1727325.000 0.341 -0.595 -0.067
6454359.000 1727325.000 0.361 -0.529 -0.072
6454409.000 1727325.000 0.412 -0.541 -0.077
6454459.000 1727325.000 0.493 -0.431 -0.078
6454509.000 1727325.000 0.446 -0.472 -0.076
6451559.000 1727375.000 0.191 -0.900 -0.116
6451609.000 1727375.000 0.186 -0.881 -0.119
6451659.000 1727375.000 0.206 -0.817 -0.120
6451709.000 1727375.000 0.235 -0.800 -0.107
6451759.000 1727375.000 0.212 -0.740 -0.061
6451809.000 1727375.000 0.251 -0.576 -0.067
6451859.000 1727375.000 0.309 -0.690 -0.079
6451909.000 1727375.000 0.286 -0.781 -0.100
6451959.000 1727375.000 0.318 -0.750 -0.095
6452009.000 1727375.000 0.405 -0.688 -0.101
6452059.000 1727375.000 0.325 -0.637 -0.120
6452109.000 1727375.000 0.253 -0.629 -0.153
6452159.000 1727375.000 0.238 -0.519 -0.162
6452209.000 1727375.000 0.267 -0.533 -0.122
6452259.000 1727375.000 0.276 -0.468 -0.115
6452309.000 1727375.000 0.287 -0.535 -0.109
6452359.000 1727375.000 0.208 -0.557 -0.106
6452409.000 1727375.000 0.130 -0.454 -0.119
6452459.000 1727375.000 0.239 -0.538 -0.110
6452509.000 1727375.000 0.279 -0.544 -0.107
6452559.000 1727375.000 0.284 -0.499 -0.115
6452609.000 1727375.000 0.244 -0.500 -0.138
6452659.000 1727375.000 0.249 -0.524 -0.141
6452709.000 1727375.000 0.299 -0.499 -0.100
6452759.000 1727375.000 0.358 -0.502 -0.094
6452809.000 1727375.000 0.299 -0.527 -0.101
6452859.000 1727375.000 0.314 -0.512 -0.084
6452909.000 1727375.000 0.337 -0.502 -0.083
6452959.000 1727375.000 0.326 -0.460 -0.085
6453009.000 1727375.000 0.404 -0.463 -0.077
6453059.000 1727375.000 0.414 -0.466 -0.072
6453109.000 1727375.000 0.442 -0.540 -0.067
6453159.000 1727375.000 0.429 -0.433 -0.046
6453209.000 1727375.000 0.388 -0.521 -0.090
6453259.000 1727375.000 0.372 -0.513 -0.099
6453309.000 1727375.000 0.322 -0.426 -0.099
6453359.000 1727375.000 0.295 -0.519 -0.091
6453409.000 1727375.000 0.322 -0.532 -0.089
6453459.000 1727375.000 0.326 -0.558 -0.088
6453509.000 1727375.000 0.277 -0.510 -0.093
6453559.000 1727375.000 0.385 -0.447 -0.099
6453609.000 1727375.000 0.376 -0.401 -0.104
6453659.000 1727375.000 0.339 -0.407 -0.112
6453709.000 1727375.000 0.284 -0.534 -0.100
6453759.000 1727375.000 0.421 -0.474 -0.077
6453809.000 1727375.000 0.302 -0.257 -0.077
6453859.000 1727375.000 0.232 -0.045 -0.077
6453909.000 1727375.000 0.172 -0.037 -0.076
6453959.000 1727375.000 0.390 -0.498 -0.074
6454009.000 1727375.000 0.329 -0.524 -0.072
6454059.000 1727375.000 0.283 -0.416 -0.070
6454109.000 1727375.000 0.327 -0.456 -0.071
6454159.000 1727375.000 0.288 -0.508 -0.071
6454209.000 1727375.000 0.291 -0.549 -0.071
6454259.000 1727375.000 0.401 -0.512 -0.074
6454309.000 1727375.000 0.417 -0.505 -0.076
6454359.000 1727375.000 0.373 -0.522 -0.080
6454409.000 1727375.000 0.470 -0.506 -0.078
6454459.000 1727375.000 0.439 -0.477 -0.080
6454509.000 1727375.000 0.357 -0.417 -0.082
6451559.000 1727425.000 0.161 -0.942 -0.125
6451609.000 1727425.000 0.193 -0.960 -0.124
6451659.000 1727425.000 0.196 -0.876 -0.124
6451709.000 1727425.000 0.240 -0.862 -0.134
6451759.000 1727425.000 0.208 -0.773 -0.114
6451809.000 1727425.000 0.222 -0.700 -0.119
6451859.000 1727425.000 0.250 -0.789 -0.134
6451909.000 1727425.000 0.399 -0.803 -0.125
6451959.000 1727425.000 0.371 -0.717 -0.105
6452009.000 1727425.000 0.304 -0.791 -0.115
6452059.000 1727425.000 0.238 -0.657 -0.139
6452109.000 1727425.000 0.265 -0.618 -0.143
6452159.000 1727425.000 0.175 -0.527 -0.129
6452209.000 1727425.000 0.259 -0.609 -0.106
6452259.000 1727425.000 0.308 -0.515 -0.106
6452309.000 1727425.000 0.195 -0.435 -0.104
6452359.000 1727425.000 0.221 -0.532 -0.096
6452409.000 1727425.000 0.232 -0.534 -0.113
6452459.000 1727425.000 0.253 -0.542 -0.118
6452509.000 1727425.000 0.264 -0.530 -0.104
6452559.000 1727425.000 0.278 -0.498 -0.109
6452609.000 1727425.000 0.221 -0.493 -0.114
6452659.000 1727425.000 0.237 -0.508 -0.100
6452709.000 1727425.000 0.276 -0.543 -0.128
6452759.000 1727425.000 0.399 -0.469 -0.105
6452809.000 1727425.000 0.354 -0.464 -0.089
6452859.000 1727425.000 0.303 -0.456 -0.091
6452909.000 1727425.000 0.345 -0.518 -0.091
6452959.000 1727425.000 0.304 -0.460 -0.088
6453009.000 1727425.000 0.347 -0.463 -0.081
6453059.000 1727425.000 0.390 -0.464 -0.075
6453109.000 1727425.000 0.414 -0.467 -0.077
6453159.000 1727425.000 0.375 -0.411 -0.053
6453209.000 1727425.000 0.439 -0.507 -0.061
6453259.000 1727425.000 0.327 -0.508 -0.084
6453309.000 1727425.000 0.232 -0.454 -0.096
6453359.000 1727425.000 0.261 -0.452 -0.095
6453409.000 1727425.000 0.276 -0.504 -0.095
6453459.000 1727425.000 0.243 -0.554 -0.098
6453509.000 1727425.000 0.308 -0.369 -0.099
6453559.000 1727425.000 0.279 -0.435 -0.103
6453609.000 1727425.000 0.337 -0.382 -0.110
6453659.000 1727425.000 0.338 -0.346 -0.117
6453709.000 1727425.000 0.301 -0.457 -0.127
6453759.000 1727425.000 0.356 -0.418 -0.092
6453809.000 1727425.000 0.377 -0.350 -0.076
6453859.000 1727425.000 0.383 -0.344 -0.078
6453909.000 1727425.000 0.161 -0.164 -0.086
6453959.000 1727425.000 0.331 -0.459 -0.081
6454009.000 1727425.000 0.402 -0.453 -0.082
6454059.000 1727425.000 0.332 -0.392 -0.073
6454109.000 1727425.000 0.305 -0.430 -0.073
6454159.000 1727425.000 0.318 -0.545 -0.074
6454209.000 1727425.000 0.412 -0.486 -0.072
6454259.000 1727425.000 0.422 -0.485 -0.075
6454309.000 1727425.000 0.520 -0.397 -0.076
6454359.000 1727425.000 0.396 -0.401 -0.080
6454409.000 1727425.000 0.479 -0.480 -0.077
6454459.000 1727425.000 0.414 -0.455 -0.080
6454509.000 1727425.000 0.192 -0.476 -0.082
6451559.000 1727475.000 0.143 -0.956 -0.122
6451609.000 1727475.000 0.161 -0.957 -0.120
6451659.000 1727475.000 0.175 -0.897 -0.118
6451709.000 1727475.000 0.179 -0.880 -0.116
6451759.000 1727475.000 0.152 -0.851 -0.114
6451809.000 1727475.000 0.210 -0.884 -0.159
6451859.000 1727475.000 0.212 -0.900 -0.165
6451909.000 1727475.000 0.211 -0.929 -0.177
6451959.000 1727475.000 0.286 -0.867 -0.165
6452009.000 1727475.000 0.282 -0.831 -0.146
6452059.000 1727475.000 0.287 -0.764 -0.143
6452109.000 1727475.000 0.284 -0.596 -0.150
6452159.000 1727475.000 0.185 -0.543 -0.146
6452209.000 1727475.000 0.149 -0.510 -0.128
6452259.000 1727475.000 0.299 -0.581 -0.092
6452309.000 1727475.000 0.159 -0.495 -0.094
6452359.000 1727475.000 0.266 -0.521 -0.094
6452409.000 1727475.000 0.218 -0.539 -0.100
6452459.000 1727475.000 0.276 -0.553 -0.091
6452509.000 1727475.000 0.288 -0.497 -0.089
6452559.000 1727475.000 0.247 -0.506 -0.104
6452609.000 1727475.000 0.205 -0.519 -0.121
6452659.000 1727475.000 0.230 -0.522 -0.110
6452709.000 1727475.000 0.248 -0.520 -0.110
6452759.000 1727475.000 0.313 -0.517 -0.122
6452809.000 1727475.000 0.270 -0.455 -0.103
6452859.000 1727475.000 0.291 -0.434 -0.094
6452909.000 1727475.000 0.276 -0.479 -0.096
6452959.000 1727475.000 0.332 -0.488 -0.097
6453009.000 1727475.000 0.374 -0.467 -0.095
6453059.000 1727475.000 0.390 -0.417 -0.069
6453109.000 1727475.000 0.382 -0.430 -0.079
6453159.000 1727475.000 0.348 -0.400 -0.066
6453209.000 1727475.000 0.495 -0.464 -0.051
6453259.000 1727475.000 0.384 -0.467 -0.076
6453309.000 1727475.000 0.250 -0.456 -0.104
6453359.000 1727475.000 0.273 -0.480 -0.104
6453409.000 1727475.000 0.314 -0.505 -0.101
6453459.000 1727475.000 0.296 -0.433 -0.101
6453509.000 1727475.000 0.290 -0.463 -0.104
6453559.000 1727475.000 0.269 -0.480 -0.108
6453609.000 1727475.000 0.338 -0.354 -0.113
6453659.000 1727475.000 0.303 -0.351 -0.119
6453709.000 1727475.000 0.357 -0.458 -0.134
6453759.000 1727475.000 0.283 -0.339 -0.106
6453809.000 1727475.000 0.364 -0.348 -0.079
6453859.000 1727475.000 0.363 -0.350 -0.076
6453909.000 1727475.000 0.310 -0.361 -0.087
6453959.000 1727475.000 0.296 -0.437 -0.086
6454009.000 1727475.000 0.439 -0.297 -0.085
6454059.000 1727475.000 0.327 -0.363 -0.077
6454109.000 1727475.000 0.333 -0.502 -0.081
6454159.000 1727475.000 0.389 -0.485 -0.076
6454209.000 1727475.000 0.416 -0.444 -0.077
6454259.000 1727475.000 0.484 -0.422 -0.081
6454309.000 1727475.000 0.380 -0.515 -0.076
6454359.000 1727475.000 0.408 -0.459 -0.080
6454409.000 1727475.000 0.482 -0.524 -0.077
6454459.000 1727475.000 0.408 -0.476 -0.079
6454509.000 1727475.000 0.301 -0.446 -0.078
6451559.000 1727525.000 0.122 -0.900 -0.111
6451609.000 1727525.000 0.162 -0.940 -0.113
6451659.000 1727525.000 0.162 -0.917 -0.118
6451709.000 1727525.000 0.158 -0.938 -0.126
6451759.000 1727525.000 0.147 -0.885 -0.119
6451809.000 1727525.000 0.186 -0.891 -0.155
6451859.000 1727525.000 0.167 -0.933 -0.170
6451909.000 1727525.000 0.204 -0.909 -0.163
6451959.000 1727525.000 0.188 -0.905 -0.170
6452009.000 1727525.000 0.222 -0.894 -0.165
6452059.000 1727525.000 0.245 -0.837 -0.153
6452109.000 1727525.000 0.301 -0.718 -0.142
6452159.000 1727525.000 0.201 -0.502 -0.140
6452209.000 1727525.000 0.112 -0.480 -0.134
6452259.000 1727525.000 0.168 -0.445 -0.111
6452309.000 1727525.000 0.139 -0.523 -0.100
6452359.000 1727525.000 0.258 -0.519 -0.090
6452409.000 1727525.000 0.178 -0.500 -0.091
6452459.000 1727525.000 0.228 -0.535 -0.091
6452509.000 1727525.000 0.241 -0.504 -0.101
6452559.000 1727525.000 0.269 -0.554 -0.043
6452609.000 1727525.000 0.231 -0.526 -0.104
6452659.000 1727525.000 0.231 -0.510 -0.119
6452709.000 1727525.000 0.276 -0.508 -0.125
6452759.000 1727525.000 0.300 -0.484 -0.123
6452809.000 1727525.000 0.263 -0.464 -0.098
6452859.000 1727525.000 0.227 -0.499 -0.098
6452909.000 1727525.000 0.202 -0.439 -0.098
6452959.000 1727525.000 0.309 -0.440 -0.095
6453009.000 1727525.000 0.341 -0.439 -0.089
6453059.000 1727525.000 0.385 -0.442 -0.087
6453109.000 1727525.000 0.408 -0.424 -0.074
6453159.000 1727525.000 0.386 -0.428 -0.076
6453209.000 1727525.000 0.511 -0.446 -0.047
6453259.000 1727525.000 0.461 -0.374 -0.074
6453309.000 1727525.000 0.284 -0.464 -0.110
6453359.000 1727525.000 0.288 -0.496 -0.112
6453409.000 1727525.000 0.271 -0.455 -0.106
6453459.000 1727525.000 0.255 -0.466 -0.107
6453509.000 1727525.000 0.315 -0.442 -0.109
6453559.000 1727525.000 0.305 -0.359 -0.109
6453609.000 1727525.000 0.287 -0.319 -0.114
6453659.000 1727525.000 0.314 -0.409 -0.121
6453709.000 1727525.000 0.286 -0.386 -0.123
6453759.000 1727525.000 0.319 -0.439 -0.151
6453809.000 1727525.000 0.361 -0.316 -0.100
6453859.000 1727525.000 0.359 -0.367 -0.094
6453909.000 1727525.000 0.422 -0.455 -0.094
6453959.000 1727525.000 0.442 -0.422 -0.083
6454009.000 1727525.000 0.337 -0.348 -0.081
6454059.000 1727525.000 0.404 -0.444 -0.079
6454109.000 1727525.000 0.348 -0.405 -0.079
6454159.000 1727525.000 0.320 -0.429 -0.081
6454209.000 1727525.000 0.341 -0.427 -0.083
6454259.000 1727525.000 0.325 -0.404 -0.087
6454309.000 1727525.000 0.306 -0.534 -0.079
6454359.000 1727525.000 0.336 -0.506 -0.082
6454409.000 1727525.000 0.338 -0.491 -0.084
6454459.000 1727525.000 0.380 -0.466 -0.078
6454509.000 1727525.000 0.385 -0.474 -0.079
6451559.000 1727575.000 0.163 -0.869 -0.098
6451609.000 1727575.000 0.120 -0.848 -0.101
6451659.000 1727575.000 0.173 -0.864 -0.110
6451709.000 1727575.000 0.187 -0.892 -0.119
6451759.000 1727575.000 0.174 -0.910 -0.120
6451809.000 1727575.000 0.189 -0.847 -0.119
6451859.000 1727575.000 0.164 -0.847 -0.125
6451909.000 1727575.000 0.185 -0.897 -0.149
6451959.000 1727575.000 0.213 -0.894 -0.151
6452009.000 1727575.000 0.239 -0.849 -0.146
6452059.000 1727575.000 0.319 -0.759 -0.125
6452109.000 1727575.000 0.314 -0.751 -0.120
6452159.000 1727575.000 0.215 -0.551 -0.129
6452209.000 1727575.000 0.168 -0.435 -0.118
6452259.000 1727575.000 0.191 -0.411 -0.103
6452309.000 1727575.000 0.151 -0.390 -0.107
6452359.000 1727575.000 0.308 -0.499 -0.087
6452409.000 1727575.000 0.124 -0.473 -0.087
6452459.000 1727575.000 0.197 -0.504 -0.081
6452509.000 1727575.000 0.207 -0.512 -0.096
6452559.000 1727575.000 0.232 -0.521 -0.093
6452609.000 1727575.000 0.252 -0.496 -0.095
6452659.000 1727575.000 0.243 -0.493 -0.112
6452709.000 1727575.000 0.238 -0.521 -0.124
6452759.000 1727575.000 0.274 -0.497 -0.112
6452809.000 1727575.000 0.257 -0.431 -0.103
6452859.000 1727575.000 0.264 -0.452 -0.100
6452909.000 1727575.000 0.279 -0.431 -0.095
6452959.000 1727575.000 0.276 -0.446 -0.103
6453009.000 1727575.000 0.315 -0.461 -0.100
6453059.000 1727575.000 0.329 -0.473 -0.092
6453109.000 1727575.000 0.415 -0.390 -0.077
6453159.000 1727575.000 0.406 -0.401 -0.075
6453209.000 1727575.000 0.302 -0.434 -0.074
6453259.000 1727575.000 0.248 -0.307 -0.103
6453309.000 1727575.000 0.266 -0.441 -0.113
6453359.000 1727575.000 0.300 -0.422 -0.110
6453409.000 1727575.000 0.258 -0.493 -0.110
6453459.000 1727575.000 0.251 -0.448 -0.112
6453509.000 1727575.000 0.302 -0.383 -0.112
6453559.000 1727575.000 0.293 -0.320 -0.116
6453609.000 1727575.000 0.287 -0.327 -0.115
6453659.000 1727575.000 0.237 -0.371 -0.118
6453709.000 1727575.000 0.300 -0.367 -0.121
6453759.000 1727575.000 0.315 -0.344 -0.139
6453809.000 1727575.000 0.320 -0.285 -0.126
6453859.000 1727575.000 0.371 -0.341 -0.108
6453909.000 1727575.000 0.426 -0.364 -0.094
6453959.000 1727575.000 0.333 -0.400 -0.081
6454009.000 1727575.000 0.306 -0.403 -0.077
6454059.000 1727575.000 0.319 -0.411 -0.074
6454109.000 1727575.000 0.335 -0.435 -0.077
6454159.000 1727575.000 0.312 -0.352 -0.077
6454209.000 1727575.000 0.351 -0.345 -0.076
6454259.000 1727575.000 0.363 -0.400 -0.088
6454309.000 1727575.000 0.378 -0.487 -0.088
6454359.000 1727575.000 0.301 -0.462 -0.089
6454409.000 1727575.000 0.336 -0.449 -0.082
6454459.000 1727575.000 0.351 -0.444 -0.073
6454509.000 1727575.000 0.353 -0.459 -0.076
6451559.000 1727625.000 0.154 -0.817 -0.075
6451609.000 1727625.000 0.147 -0.883 -0.083
6451659.000 1727625.000 0.166 -0.910 -0.093
6451709.000 1727625.000 0.215 -0.894 -0.100
6451759.000 1727625.000 0.142 -0.904 -0.104
6451809.000 1727625.000 0.110 -0.864 -0.102
6451859.000 1727625.000 0.143 -0.836 -0.105
6451909.000 1727625.000 0.140 -0.836 -0.114
6451959.000 1727625.000 0.140 -0.912 -0.147
6452009.000 1727625.000 0.186 -0.877 -0.145
6452059.000 1727625.000 0.226 -0.809 -0.129
6452109.000 1727625.000 0.306 -0.771 -0.105
6452159.000 1727625.000 0.205 -0.553 -0.104
6452209.000 1727625.000 0.229 -0.458 -0.106
6452259.000 1727625.000 0.188 -0.450 -0.142
6452309.000 1727625.000 0.181 -0.465 -0.171
6452359.000 1727625.000 0.101 -0.466 -0.116
6452409.000 1727625.000 0.153 -0.462 -0.093
6452459.000 1727625.000 0.198 -0.480 -0.079
6452509.000 1727625.000 0.210 -0.516 -0.085
6452559.000 1727625.000 0.182 -0.536 -0.114
6452609.000 1727625.000 0.199 -0.504 -0.122
6452659.000 1727625.000 0.246 -0.527 -0.097
6452709.000 1727625.000 0.247 -0.569 -0.082
6452759.000 1727625.000 0.288 -0.571 -0.097
6452809.000 1727625.000 0.250 -0.446 -0.107
6452859.000 1727625.000 0.285 -0.471 -0.107
6452909.000 1727625.000 0.310 -0.462 -0.104
6452959.000 1727625.000 0.318 -0.485 -0.103
6453009.000 1727625.000 0.356 -0.400 -0.096
6453059.000 1727625.000 0.358 -0.382 -0.092
6453109.000 1727625.000 0.360 -0.307 -0.082
6453159.000 1727625.000 0.402 -0.299 -0.081
6453209.000 1727625.000 0.371 -0.339 -0.076
6453259.000 1727625.000 0.284 -0.384 -0.105
6453309.000 1727625.000 0.263 -0.468 -0.117
6453359.000 1727625.000 0.353 -0.472 -0.114
6453409.000 1727625.000 0.262 -0.467 -0.117
6453459.000 1727625.000 0.253 -0.493 -0.115
6453509.000 1727625.000 0.241 -0.329 -0.118
6453559.000 1727625.000 0.262 -0.358 -0.121
6453609.000 1727625.000 0.267 -0.358 -0.120
6453659.000 1727625.000 0.277 -0.369 -0.117
6453709.000 1727625.000 0.336 -0.318 -0.122
6453759.000 1727625.000 0.316 -0.310 -0.138
6453809.000 1727625.000 0.260 -0.273 -0.141
6453859.000 1727625.000 0.310 -0.302 -0.105
6453909.000 1727625.000 0.333 -0.372 -0.100
6453959.000 1727625.000 0.407 -0.360 -0.082
6454009.000 1727625.000 0.318 -0.395 -0.070
6454059.000 1727625.000 0.319 -0.404 -0.070
6454109.000 1727625.000 0.361 -0.410 -0.079
6454159.000 1727625.000 0.359 -0.322 -0.082
6454209.000 1727625.000 0.453 -0.345 -0.079
6454259.000 1727625.000 0.365 -0.447 -0.092
6454309.000 1727625.000 0.265 -0.459 -0.096
6454359.000 1727625.000 0.266 -0.389 -0.092
6454409.000 1727625.000 0.308 -0.448 -0.085
6454459.000 1727625.000 0.333 -0.434 -0.075
6454509.000 1727625.000 0.312 -0.458 -0.071
6451559.000 1727675.000 0.117 -0.980 -0.082
6451609.000 1727675.000 0.132 -0.849 -0.068
6451659.000 1727675.000 0.026 -0.783 -0.068
6451709.000 1727675.000 0.130 -0.791 -0.070
6451759.000 1727675.000 0.188 -0.903 -0.084
6451809.000 1727675.000 0.109 -0.836 -0.090
6451859.000 1727675.000 0.183 -0.789 -0.094
6451909.000 1727675.000 0.220 -0.811 -0.109
6451959.000 1727675.000 0.105 -0.831 -0.119
6452009.000 1727675.000 0.117 -0.871 -0.135
6452059.000 1727675.000 0.158 -0.819 -0.125
6452109.000 1727675.000 0.280 -0.725 -0.085
6452159.000 1727675.000 0.075 -0.635 -0.119
6452209.000 1727675.000 0.148 -0.568 -0.128
6452259.000 1727675.000 0.228 -0.405 -0.113
6452309.000 1727675.000 0.205 -0.450 -0.176
6452359.000 1727675.000 0.109 -0.471 -0.140
6452409.000 1727675.000 0.237 -0.441 -0.118
6452459.000 1727675.000 0.216 -0.478 -0.107
6452509.000 1727675.000 0.177 -0.492 -0.111
6452559.000 1727675.000 0.186 -0.496 -0.120
6452609.000 1727675.000 0.200 -0.518 -0.114
6452659.000 1727675.000 0.225 -0.525 -0.088
6452709.000 1727675.000 0.235 -0.529 -0.083
6452759.000 1727675.000 0.315 -0.512 -0.069
6452809.000 1727675.000 0.281 -0.493 -0.102
6452859.000 1727675.000 0.283 -0.504 -0.101
6452909.000 1727675.000 0.275 -0.522 -0.096
6452959.000 1727675.000 0.264 -0.548 -0.101
6453009.000 1727675.000 0.351 -0.343 -0.090
6453059.000 1727675.000 0.384 -0.412 -0.083
6453109.000 1727675.000 0.371 -0.399 -0.085
6453159.000 1727675.000 0.360 -0.391 -0.084
6453209.000 1727675.000 0.268 -0.347 -0.076
6453259.000 1727675.000 0.199 -0.467 -0.113
6453309.000 1727675.000 0.241 -0.448 -0.118
6453359.000 1727675.000 0.253 -0.520 -0.118
6453409.000 1727675.000 0.244 -0.481 -0.117
6453459.000 1727675.000 0.252 -0.486 -0.116
6453509.000 1727675.000 0.252 -0.408 -0.120
6453559.000 1727675.000 0.285 -0.393 -0.121
6453609.000 1727675.000 0.276 -0.332 -0.120
6453659.000 1727675.000 0.286 -0.298 -0.118
6453709.000 1727675.000 0.310 -0.354 -0.126
6453759.000 1727675.000 0.311 -0.294 -0.141
6453809.000 1727675.000 0.234 -0.283 -0.115
6453859.000 1727675.000 0.295 -0.292 -0.091
6453909.000 1727675.000 0.398 -0.331 -0.089
6453959.000 1727675.000 0.402 -0.318 -0.076
6454009.000 1727675.000 0.389 -0.315 -0.070
6454059.000 1727675.000 0.364 -0.305 -0.072
6454109.000 1727675.000 0.394 -0.337 -0.077
6454159.000 1727675.000 0.360 -0.386 -0.085
6454209.000 1727675.000 0.130 -0.369 -0.092
6454259.000 1727675.000 0.096 -0.403 -0.092
6454309.000 1727675.000 0.286 -0.471 -0.098
6454359.000 1727675.000 0.347 -0.347 -0.098
6454409.000 1727675.000 0.218 -0.387 -0.089
6454459.000 1727675.000 0.235 -0.379 -0.082
6454509.000 1727675.000 0.244 -0.371 -0.075
6451559.000 1727725.000 0.607 -0.996 0.109
6451609.000 1727725.000 0.067 -0.784 0.219
6451659.000 1727725.000 0.156 -0.808 -0.074
6451709.000 1727725.000 0.161 -0.879 -0.067
6451759.000 1727725.000 0.142 -0.873 -0.069
6451809.000 1727725.000 0.110 -0.842 -0.077
6451859.000 1727725.000 0.129 -0.758 -0.087
6451909.000 1727725.000 0.192 -0.747 -0.092
6451959.000 1727725.000 0.188 -0.777 -0.114
6452009.000 1727725.000 0.198 -0.836 -0.144
6452059.000 1727725.000 0.211 -0.892 -0.180
6452109.000 1727725.000 0.231 -0.801 -0.156
6452159.000 1727725.000 0.067 -0.598 -0.112
6452209.000 1727725.000 0.144 -0.534 -0.119
6452259.000 1727725.000 0.198 -0.528 -0.116
6452309.000 1727725.000 0.213 -0.454 -0.150
6452359.000 1727725.000 0.232 -0.471 -0.145
6452409.000 1727725.000 0.220 -0.453 -0.131
6452459.000 1727725.000 0.215 -0.471 -0.140
6452509.000 1727725.000 0.175 -0.478 -0.132
6452559.000 1727725.000 0.173 -0.480 -0.130
6452609.000 1727725.000 0.193 -0.483 -0.102
6452659.000 1727725.000 0.244 -0.555 -0.087
6452709.000 1727725.000 0.231 -0.431 -0.080
6452759.000 1727725.000 0.251 -0.451 -0.070
6452809.000 1727725.000 0.308 -0.547 -0.063
6452859.000 1727725.000 0.298 -0.555 -0.066
6452909.000 1727725.000 0.308 -0.531 -0.077
6452959.000 1727725.000 0.280 -0.519 -0.093
6453009.000 1727725.000 0.297 -0.475 -0.091
6453059.000 1727725.000 0.332 -0.437 -0.083
6453109.000 1727725.000 0.359 -0.290 -0.077
6453159.000 1727725.000 0.321 -0.342 -0.078
6453209.000 1727725.000 0.280 -0.420 -0.084
6453259.000 1727725.000 0.244 -0.407 -0.109
6453309.000 1727725.000 0.305 -0.374 -0.118
6453359.000 1727725.000 0.349 -0.354 -0.117
6453409.000 1727725.000 0.311 -0.434 -0.117
6453459.000 1727725.000 0.277 -0.472 -0.119
6453509.000 1727725.000 0.296 -0.423 -0.122
6453559.000 1727725.000 0.296 -0.335 -0.117
6453609.000 1727725.000 0.323 -0.306 -0.124
6453659.000 1727725.000 0.303 -0.292 -0.134
6453709.000 1727725.000 0.297 -0.325 -0.133
6453759.000 1727725.000 0.365 -0.303 -0.093
6453809.000 1727725.000 0.320 -0.251 -0.089
6453859.000 1727725.000 0.309 -0.246 -0.089
6453909.000 1727725.000 0.427 -0.312 -0.087
6453959.000 1727725.000 0.449 -0.353 -0.075
6454009.000 1727725.000 0.296 -0.333 -0.071
6454059.000 1727725.000 0.301 -0.331 -0.076
6454109.000 1727725.000 0.318 -0.331 -0.081
6454159.000 1727725.000 0.400 -0.392 -0.084
6454209.000 1727725.000 0.266 -0.297 -0.088
6454259.000 1727725.000 0.219 -0.330 -0.087
6454309.000 1727725.000 0.324 -0.392 -0.095
6454359.000 1727725.000 0.272 -0.415 -0.099
6454409.000 1727725.000 0.320 -0.421 -0.094
6454459.000 1727725.000 0.284 -0.358 -0.073
6454509.000 1727725.000 0.263 -0.348 -0.067
6451559.000 1727775.000 7.345 -0.349 0.429
6451609.000 1727775.000 0.067 -0.359 0.303
6451659.000 1727775.000 0.194 -0.836 -0.074
6451709.000 1727775.000 0.184 -0.848 -0.077
6451759.000 1727775.000 0.184 -0.839 -0.068
6451809.000 1727775.000 0.127 -0.861 -0.073
6451859.000 1727775.000 0.180 -0.762 -0.071
6451909.000 1727775.000 0.133 -0.720 -0.091
6451959.000 1727775.000 0.115 -0.714 -0.125
6452009.000 1727775.000 0.213 -0.735 -0.151
6452059.000 1727775.000 0.226 -0.800 -0.173
6452109.000 1727775.000 0.208 -0.676 -0.153
6452159.000 1727775.000 0.155 -0.598 -0.132
6452209.000 1727775.000 0.092 -0.528 -0.121
6452259.000 1727775.000 0.147 -0.567 -0.136
6452309.000 1727775.000 0.174 -0.563 -0.137
6452359.000 1727775.000 0.159 -0.505 -0.145
6452409.000 1727775.000 0.166 -0.470 -0.118
6452459.000 1727775.000 0.220 -0.480 -0.124
6452509.000 1727775.000 0.210 -0.471 -0.119
6452559.000 1727775.000 0.215 -0.445 -0.108
6452609.000 1727775.000 0.180 -0.444 -0.103
6452659.000 1727775.000 0.226 -0.465 -0.092
6452709.000 1727775.000 0.284 -0.515 -0.079
6452759.000 1727775.000 0.251 -0.512 -0.065
6452809.000 1727775.000 0.240 -0.456 -0.058
6452859.000 1727775.000 0.253 -0.494 -0.049
6452909.000 1727775.000 0.307 -0.498 -0.044
6452959.000 1727775.000 0.312 -0.497 -0.052
6453009.000 1727775.000 0.326 -0.482 -0.051
6453059.000 1727775.000 0.333 -0.452 -0.077
6453109.000 1727775.000 0.340 -0.392 -0.077
6453159.000 1727775.000 0.337 -0.367 -0.078
6453209.000 1727775.000 0.317 -0.358 -0.079
6453259.000 1727775.000 0.256 -0.392 -0.101
6453309.000 1727775.000 0.307 -0.399 -0.125
6453359.000 1727775.000 0.214 -0.462 -0.130
6453409.000 1727775.000 0.275 -0.397 -0.123
6453459.000 1727775.000 0.322 -0.389 -0.114
6453509.000 1727775.000 0.296 -0.367 -0.115
6453559.000 1727775.000 0.260 -0.285 -0.121
6453609.000 1727775.000 0.360 -0.300 -0.136
6453659.000 1727775.000 0.294 -0.277 -0.135
6453709.000 1727775.000 0.291 -0.272 -0.098
6453759.000 1727775.000 0.327 -0.272 -0.086
6453809.000 1727775.000 0.313 -0.256 -0.086
6453859.000 1727775.000 0.323 -0.298 -0.086
6453909.000 1727775.000 0.357 -0.293 -0.079
6453959.000 1727775.000 0.257 -0.308 -0.075
6454009.000 1727775.000 0.272 -0.321 -0.070
6454059.000 1727775.000 0.247 -0.392 -0.078
6454109.000 1727775.000 0.258 -0.352 -0.087
6454159.000 1727775.000 0.284 -0.353 -0.085
6454209.000 1727775.000 0.289 -0.321 -0.090
6454259.000 1727775.000 0.388 -0.401 -0.091
6454309.000 1727775.000 0.246 -0.393 -0.102
6454359.000 1727775.000 0.222 -0.407 -0.105
6454409.000 1727775.000 0.294 -0.398 -0.094
6454459.000 1727775.000 0.256 -0.362 -0.070
6454509.000 1727775.000 0.260 -0.344 -0.055
6451559.000 1727825.000 0.073 -0.745 0.077
6451609.000 1727825.000 0.164 -0.814 -0.017
6451659.000 1727825.000 0.193 -0.815 -0.079
6451709.000 1727825.000 0.194 -0.834 -0.084
6451759.000 1727825.000 0.193 -0.829 -0.082
6451809.000 1727825.000 0.171 -0.829 -0.091
6451859.000 1727825.000 0.214 -0.840 -0.120
6451909.000 1727825.000 0.142 -0.794 -0.143
6451959.000 1727825.000 0.227 -0.696 -0.141
6452009.000 1727825.000 0.236 -0.653 -0.142
6452059.000 1727825.000 0.239 -0.686 -0.154
6452109.000 1727825.000 0.219 -0.665 -0.154
6452159.000 1727825.000 0.165 -0.618 -0.148
6452209.000 1727825.000 0.114 -0.485 -0.119
6452259.000 1727825.000 0.120 -0.498 -0.125
6452309.000 1727825.000 0.164 -0.467 -0.111
6452359.000 1727825.000 0.165 -0.486 -0.121
6452409.000 1727825.000 0.165 -0.527 -0.129
6452459.000 1727825.000 0.169 -0.520 -0.123
6452509.000 1727825.000 0.150 -0.492 -0.107
6452559.000 1727825.000 0.221 -0.458 -0.105
6452609.000 1727825.000 0.215 -0.483 -0.104
6452659.000 1727825.000 0.190 -0.479 -0.100
6452709.000 1727825.000 0.187 -0.495 -0.104
6452759.000 1727825.000 0.214 -0.492 -0.102
6452809.000 1727825.000 0.226 -0.463 -0.086
6452859.000 1727825.000 0.239 -0.481 -0.101
6452909.000 1727825.000 0.253 -0.455 -0.062
6452959.000 1727825.000 0.260 -0.447 -0.046
6453009.000 1727825.000 0.313 -0.472 -0.057
6453059.000 1727825.000 0.337 -0.460 -0.060
6453109.000 1727825.000 0.351 -0.468 -0.075
6453159.000 1727825.000 0.288 -0.501 -0.074
6453209.000 1727825.000 0.317 -0.377 -0.082
6453259.000 1727825.000 0.262 -0.361 -0.104
6453309.000 1727825.000 0.261 -0.372 -0.106
6453359.000 1727825.000 0.255 -0.449 -0.124
6453409.000 1727825.000 0.272 -0.380 -0.120
6453459.000 1727825.000 0.307 -0.370 -0.115
6453509.000 1727825.000 0.300 -0.326 -0.114
6453559.000 1727825.000 0.251 -0.257 -0.138
6453609.000 1727825.000 0.338 -0.366 -0.146
6453659.000 1727825.000 0.400 -0.299 -0.104
6453709.000 1727825.000 0.372 -0.365 -0.088
6453759.000 1727825.000 0.317 -0.326 -0.087
6453809.000 1727825.000 0.352 -0.278 -0.082
6453859.000 1727825.000 0.363 -0.287 -0.080
6453909.000 1727825.000 0.297 -0.297 -0.071
6453959.000 1727825.000 0.283 -0.394 -0.062
6454009.000 1727825.000 0.250 -0.397 -0.072
6454059.000 1727825.000 0.291 -0.367 -0.073
6454109.000 1727825.000 0.259 -0.358 -0.077
6454159.000 1727825.000 0.260 -0.333 -0.074
6454209.000 1727825.000 0.255 -0.370 -0.101
6454259.000 1727825.000 0.360 -0.511 -0.118
6454309.000 1727825.000 0.123 -0.407 -0.107
6454359.000 1727825.000 0.150 -0.410 -0.103
6454409.000 1727825.000 0.146 -0.390 -0.094
6454459.000 1727825.000 0.175 -0.372 -0.067
6454509.000 1727825.000 0.200 -0.387 -0.070
6451559.000 1727875.000 0.199 -0.768 -0.074
6451609.000 1727875.000 0.212 -0.788 -0.077
6451659.000 1727875.000 0.187 -0.812 -0.082
6451709.000 1727875.000 0.205 -0.822 -0.086
6451759.000 1727875.000 0.186 -0.806 -0.096
6451809.000 1727875.000 0.187 -0.791 -0.096
6451859.000 1727875.000 0.203 -0.747 -0.119
6451909.000 1727875.000 0.187 -0.697 -0.133
6451959.000 1727875.000 0.243 -0.641 -0.138
6452009.000 1727875.000 0.160 -0.644 -0.138
6452059.000 1727875.000 0.176 -0.629 -0.139
6452109.000 1727875.000 0.208 -0.623 -0.131
6452159.000 1727875.000 0.204 -0.596 -0.131
6452209.000 1727875.000 0.201 -0.524 -0.146
6452259.000 1727875.000 0.099 -0.566 -0.149
6452309.000 1727875.000 0.181 -0.549 -0.111
6452359.000 1727875.000 0.214 -0.534 -0.093
6452409.000 1727875.000 0.164 -0.606 -0.107
6452459.000 1727875.000 0.224 -0.618 -0.107
6452509.000 1727875.000 0.207 -0.536 -0.104
6452559.000 1727875.000 0.180 -0.506 -0.110
6452609.000 1727875.000 0.164 -0.509 -0.124
6452659.000 1727875.000 0.160 -0.525 -0.142
6452709.000 1727875.000 0.189 -0.529 -0.144
6452759.000 1727875.000 0.225 -0.508 -0.129
6452809.000 1727875.000 0.222 -0.492 -0.118
6452859.000 1727875.000 0.222 -0.482 -0.122
6452909.000 1727875.000 0.250 -0.472 -0.122
6452959.000 1727875.000 0.271 -0.503 -0.116
6453009.000 1727875.000 0.244 -0.531 -0.125
6453059.000 1727875.000 0.211 -0.519 -0.083
6453109.000 1727875.000 0.368 -0.497 -0.059
6453159.000 1727875.000 0.321 -0.445 -0.087
6453209.000 1727875.000 0.288 -0.465 -0.101
6453259.000 1727875.000 0.256 -0.417 -0.118
6453309.000 1727875.000 0.286 -0.319 -0.092
6453359.000 1727875.000 0.324 -0.285 -0.095
6453409.000 1727875.000 0.231 -0.392 -0.126
6453459.000 1727875.000 0.189 -0.406 -0.127
6453509.000 1727875.000 0.274 -0.335 -0.134
6453559.000 1727875.000 0.274 -0.352 -0.147
6453609.000 1727875.000 0.394 -0.426 -0.111
6453659.000 1727875.000 0.361 -0.286 -0.089
6453709.000 1727875.000 0.391 -0.320 -0.089
6453759.000 1727875.000 0.422 -0.350 -0.080
6453809.000 1727875.000 0.349 -0.355 -0.076
6453859.000 1727875.000 0.340 -0.337 -0.073
6453909.000 1727875.000 0.236 -0.324 -0.070
6453959.000 1727875.000 0.152 -0.372 -0.075
6454009.000 1727875.000 0.094 -0.402 -0.095
6454059.000 1727875.000 0.187 -0.412 -0.085
6454109.000 1727875.000 0.197 -0.375 -0.072
6454159.000 1727875.000 0.158 -0.296 -0.064
6454209.000 1727875.000 0.074 -0.308 -0.087
6454259.000 1727875.000 0.162 -0.298 -0.052
6454309.000 1727875.000 0.069 -0.396 -0.099
6454359.000 1727875.000 0.058 -0.396 -0.090
6454409.000 1727875.000 0.111 -0.392 -0.100
6454459.000 1727875.000 0.126 -0.424 -0.096
6454509.000 1727875.000 0.156 -0.440 -0.094
6451559.000 1727925.000 0.154 -0.754 -0.083
6451609.000 1727925.000 0.159 -0.778 -0.084
6451659.000 1727925.000 0.187 -0.794 -0.090
6451709.000 1727925.000 0.228 -0.784 -0.090
6451759.000 1727925.000 0.182 -0.766 -0.109
6451809.000 1727925.000 0.205 -0.731 -0.127
6451859.000 1727925.000 0.214 -0.694 -0.138
6451909.000 1727925.000 0.227 -0.676 -0.161
6451959.000 1727925.000 0.165 -0.703 -0.197
6452009.000 1727925.000 0.126 -0.667 -0.184
6452059.000 1727925.000 0.141 -0.644 -0.168
6452109.000 1727925.000 0.218 -0.665 -0.166
6452159.000 1727925.000 0.184 -0.677 -0.159
6452209.000 1727925.000 0.162 -0.662 -0.158
6452259.000 1727925.000 -0.042 -0.693 -0.157
6452309.000 1727925.000 -0.080 -0.700 -0.144
6452359.000 1727925.000 0.109 -0.516 -0.118
6452409.000 1727925.000 0.129 -0.524 -0.119
6452459.000 1727925.000 0.245 -0.540 -0.116
6452509.000 1727925.000 0.161 -0.537 -0.125
6452559.000 1727925.000 0.159 -0.533 -0.134
6452609.000 1727925.000 0.137 -0.529 -0.139
6452659.000 1727925.000 0.139 -0.522 -0.136
6452709.000 1727925.000 0.163 -0.500 -0.127
6452759.000 1727925.000 0.189 -0.496 -0.118
6452809.000 1727925.000 0.208 -0.505 -0.115
6452859.000 1727925.000 0.211 -0.496 -0.116
6452909.000 1727925.000 0.188 -0.503 -0.117
6452959.000 1727925.000 0.203 -0.520 -0.118
6453009.000 1727925.000 0.270 -0.522 -0.127
6453059.000 1727925.000 0.249 -0.506 -0.101
6453109.000 1727925.000 0.243 -0.545 -0.089
6453159.000 1727925.000 0.316 -0.474 -0.096
6453209.000 1727925.000 0.232 -0.519 -0.134
6453259.000 1727925.000 0.185 -0.541 -0.150
6453309.000 1727925.000 0.170 -0.444 -0.132
6453359.000 1727925.000 0.165 -0.455 -0.127
6453409.000 1727925.000 0.136 -0.418 -0.126
6453459.000 1727925.000 0.145 -0.421 -0.131
6453509.000 1727925.000 0.284 -0.354 -0.151
6453559.000 1727925.000 0.286 -0.328 -0.133
6453609.000 1727925.000 0.154 -0.406 -0.102
6453659.000 1727925.000 0.386 -0.351 -0.093
6453709.000 1727925.000 0.317 -0.269 -0.096
6453759.000 1727925.000 0.325 -0.251 -0.088
6453809.000 1727925.000 0.362 -0.361 -0.091
6453859.000 1727925.000 0.369 -0.387 -0.106
6453909.000 1727925.000 0.236 -0.383 -0.123
6453959.000 1727925.000 0.059 -0.351 -0.113
6454009.000 1727925.000 0.119 -0.374 -0.106
6454059.000 1727925.000 0.094 -0.326 -0.103
6454109.000 1727925.000 0.081 -0.380 -0.133
6454159.000 1727925.000 0.081 -0.384 -0.145
6454209.000 1727925.000 0.086 -0.357 -0.126
6454259.000 1727925.000 0.118 -0.345 -0.120
6454309.000 1727925.000 0.136 -0.384 -0.103
6454359.000 1727925.000 0.094 -0.385 -0.103
6454409.000 1727925.000 0.061 -0.406 -0.123
6454459.000 1727925.000 0.081 -0.400 -0.110
6454509.000 1727925.000 0.138 -0.408 -0.091
6451559.000 1727975.000 -0.019 -0.775 -0.162
6451609.000 1727975.000 0.069 -0.761 -0.160
6451659.000 1727975.000 0.083 -0.808 -0.164
6451709.000 1727975.000 0.113 -0.826 -0.162
6451759.000 1727975.000 0.109 -0.825 -0.174
6451809.000 1727975.000 0.154 -0.760 -0.171
6451859.000 1727975.000 0.153 -0.697 -0.168
6451909.000 1727975.000 0.145 -0.723 -0.226
6451959.000 1727975.000 0.134 -0.680 -0.195
6452009.000 1727975.000 0.161 -0.738 -0.161
6452059.000 1727975.000 0.087 -0.846 -0.143
6452109.000 1727975.000 0.092 -0.709 -0.142
6452159.000 1727975.000 0.143 -0.692 -0.146
6452209.000 1727975.000 0.071 -0.635 -0.139
6452259.000 1727975.000 -0.120 -0.603 -0.140
6452309.000 1727975.000 -0.160 -0.583 -0.139
6452359.000 1727975.000 -0.160 -0.412 -0.116
6452409.000 1727975.000 -0.051 -0.396 -0.106
6452459.000 1727975.000 0.104 -0.518 -0.118
6452509.000 1727975.000 0.118 -0.551 -0.136
6452559.000 1727975.000 0.125 -0.526 -0.133
6452609.000 1727975.000 0.111 -0.507 -0.123
6452659.000 1727975.000 0.152 -0.531 -0.117
6452709.000 1727975.000 0.184 -0.537 -0.114
6452759.000 1727975.000 0.213 -0.536 -0.112
6452809.000 1727975.000 0.209 -0.568 -0.113
6452859.000 1727975.000 0.168 -0.545 -0.114
6452909.000 1727975.000 0.186 -0.528 -0.105
6452959.000 1727975.000 0.178 -0.554 -0.129
6453009.000 1727975.000 0.246 -0.553 -0.158
6453059.000 1727975.000 0.137 -0.577 -0.151
6453109.000 1727975.000 0.061 -0.442 -0.088
6453159.000 1727975.000 0.267 -0.442 -0.102
6453209.000 1727975.000 0.212 -0.499 -0.129
6453259.000 1727975.000 0.160 -0.538 -0.153
6453309.000 1727975.000 0.145 -0.486 -0.141
6453359.000 1727975.000 0.116 -0.428 -0.129
6453409.000 1727975.000 0.121 -0.396 -0.129
6453459.000 1727975.000 0.134 -0.407 -0.138
6453509.000 1727975.000 0.179 -0.433 -0.137
6453559.000 1727975.000 0.151 -0.388 -0.105
6453609.000 1727975.000 0.134 -0.325 -0.104
6453659.000 1727975.000 0.277 -0.327 -0.084
6453709.000 1727975.000 0.309 -0.276 -0.099
6453759.000 1727975.000 0.155 -0.277 -0.128
6453809.000 1727975.000 0.120 -0.293 -0.126
6453859.000 1727975.000 0.234 -0.345 -0.129
6453909.000 1727975.000 0.176 -0.355 -0.157
6453959.000 1727975.000 0.023 -0.386 -0.186
6454009.000 1727975.000 0.057 -0.336 -0.144
6454059.000 1727975.000 0.026 -0.349 -0.150
6454109.000 1727975.000 -0.019 -0.401 -0.193
6454159.000 1727975.000 0.065 -0.405 -0.181
6454209.000 1727975.000 0.060 -0.526 -0.229
6454259.000 1727975.000 0.121 -0.427 -0.175
6454309.000 1727975.000 0.073 -0.359 -0.135
6454359.000 1727975.000 0.015 -0.377 -0.137
6454409.000 1727975.000 0.035 -0.419 -0.147
6454459.000 1727975.000 0.018 -0.404 -0.147
6454509.000 1727975.000 0.085 -0.437 -0.121
6451559.000 1728025.000 -0.080 -0.799 -0.166
6451609.000 1728025.000 0.022 -0.819 -0.167
6451659.000 1728025.000 0.079 -0.805 -0.165
6451709.000 1728025.000 0.123 -0.769 -0.165
6451759.000 1728025.000 -0.007 -0.770 -0.160
6451809.000 1728025.000 -0.038 -0.735 -0.144
6451859.000 1728025.000 0.002 -0.704 -0.130
6451909.000 1728025.000 0.057 -0.708 -0.121
6451959.000 1728025.000 -0.086 -0.670 -0.128
6452009.000 1728025.000 -0.128 -0.688 -0.148
6452059.000 1728025.000 0.020 -0.712 -0.139
6452109.000 1728025.000 0.004 -0.721 -0.125
6452159.000 1728025.000 0.077 -0.695 -0.132
6452209.000 1728025.000 0.027 -0.554 -0.132
6452259.000 1728025.000 -0.063 -0.539 -0.132
6452309.000 1728025.000 -0.140 -0.520 -0.093
6452359.000 1728025.000 0.058 -0.583 -0.064
6452409.000 1728025.000 0.155 -0.453 -0.080
6452459.000 1728025.000 0.154 -0.503 -0.102
6452509.000 1728025.000 0.123 -0.548 -0.107
6452559.000 1728025.000 0.081 -0.511 -0.124
6452609.000 1728025.000 0.065 -0.536 -0.121
6452659.000 1728025.000 0.113 -0.534 -0.116
6452709.000 1728025.000 0.143 -0.560 -0.116
6452759.000 1728025.000 0.155 -0.580 -0.117
6452809.000 1728025.000 0.153 -0.574 -0.118
6452859.000 1728025.000 0.101 -0.554 -0.124
6452909.000 1728025.000 0.085 -0.544 -0.127
6452959.000 1728025.000 0.128 -0.534 -0.141
6453009.000 1728025.000 0.122 -0.515 -0.147
6453059.000 1728025.000 0.114 -0.518 -0.155
6453109.000 1728025.000 0.126 -0.567 -0.202
6453159.000 1728025.000 0.102 -0.508 -0.129
6453209.000 1728025.000 0.206 -0.543 -0.105
6453259.000 1728025.000 0.171 -0.523 -0.153
6453309.000 1728025.000 0.181 -0.509 -0.140
6453359.000 1728025.000 0.136 -0.452 -0.136
6453409.000 1728025.000 0.077 -0.457 -0.143
6453459.000 1728025.000 0.097 -0.459 -0.135
6453509.000 1728025.000 0.183 -0.442 -0.103
6453559.000 1728025.000 0.046 -0.378 -0.085
6453609.000 1728025.000 0.110 -0.311 -0.064
6453659.000 1728025.000 0.170 -0.327 -0.064
6453709.000 1728025.000 0.220 -0.362 -0.097
6453759.000 1728025.000 0.115 -0.373 -0.132
6453809.000 1728025.000 0.172 -0.420 -0.143
6453859.000 1728025.000 0.194 -0.334 -0.103
6453909.000 1728025.000 0.084 -0.350 -0.109
6453959.000 1728025.000 0.109 -0.429 -0.121
6454009.000 1728025.000 0.031 -0.377 -0.142
6454059.000 1728025.000 0.055 -0.441 -0.166
6454109.000 1728025.000 0.093 -0.403 -0.127
6454159.000 1728025.000 0.078 -0.346 -0.098
6454209.000 1728025.000 0.122 -0.302 -0.081
6454259.000 1728025.000 0.145 -0.323 -0.073
6454309.000 1728025.000 0.074 -0.318 -0.096
6454359.000 1728025.000 0.003 -0.345 -0.125
6454409.000 1728025.000 0.025 -0.404 -0.146
6454459.000 1728025.000 0.000 -0.421 -0.151
6454509.000 1728025.000 0.035 -0.409 -0.129
6451559.000 1728075.000 -0.177 -0.763 -0.150
6451609.000 1728075.000 -0.000 -0.817 -0.142
6451659.000 1728075.000 0.062 -0.842 -0.145
6451709.000 1728075.000 0.034 -0.866 -0.149
6451759.000 1728075.000 -0.135 -0.839 -0.164
6451809.000 1728075.000 -0.081 -0.758 -0.144
6451859.000 1728075.000 -0.034 -0.749 -0.134
6451909.000 1728075.000 0.144 -0.773 -0.108
6451959.000 1728075.000 0.100 -0.760 -0.100
6452009.000 1728075.000 -0.093 -0.675 -0.117
6452059.000 1728075.000 0.021 -0.623 -0.149
6452109.000 1728075.000 0.049 -0.687 -0.131
6452159.000 1728075.000 0.108 -0.635 -0.148
6452209.000 1728075.000 0.106 -0.560 -0.149
6452259.000 1728075.000 -0.009 -0.519 -0.128
6452309.000 1728075.000 -0.119 -0.482 -0.084
6452359.000 1728075.000 0.060 -0.541 -0.097
6452409.000 1728075.000 0.118 -0.520 -0.102
6452459.000 1728075.000 0.139 -0.503 -0.104
6452509.000 1728075.000 0.149 -0.519 -0.105
6452559.000 1728075.000 0.119 -0.514 -0.121
6452609.000 1728075.000 0.092 -0.525 -0.123
6452659.000 1728075.000 0.119 -0.484 -0.122
6452709.000 1728075.000 0.128 -0.527 -0.133
6452759.000 1728075.000 0.185 -0.543 -0.134
6452809.000 1728075.000 0.160 -0.594 -0.136
6452859.000 1728075.000 0.116 -0.514 -0.148
6452909.000 1728075.000 0.166 -0.482 -0.151
6452959.000 1728075.000 0.253 -0.447 -0.141
6453009.000 1728075.000 0.238 -0.439 -0.137
6453059.000 1728075.000 0.148 -0.485 -0.152
6453109.000 1728075.000 0.120 -0.496 -0.159
6453159.000 1728075.000 0.084 -0.524 -0.161
6453209.000 1728075.000 0.147 -0.513 -0.122
6453259.000 1728075.000 0.174 -0.499 -0.153
6453309.000 1728075.000 0.196 -0.582 -0.150
6453359.000 1728075.000 0.218 -0.581 -0.142
6453409.000 1728075.000 0.166 -0.505 -0.136
6453459.000 1728075.000 0.215 -0.502 -0.127
6453509.000 1728075.000 0.219 -0.469 -0.100
6453559.000 1728075.000 0.096 -0.437 -0.091
6453609.000 1728075.000 0.159 -0.358 -0.082
6453659.000 1728075.000 0.208 -0.321 -0.069
6453709.000 1728075.000 0.213 -0.341 -0.090
6453759.000 1728075.000 0.225 -0.353 -0.112
6453809.000 1728075.000 0.238 -0.326 -0.107
6453859.000 1728075.000 0.189 -0.333 -0.090
6453909.000 1728075.000 0.128 -0.359 -0.073
6453959.000 1728075.000 0.146 -0.362 -0.063
6454009.000 1728075.000 0.130 -0.351 -0.078
6454059.000 1728075.000 0.129 -0.370 -0.078
6454109.000 1728075.000 0.171 -0.371 -0.070
6454159.000 1728075.000 0.151 -0.346 -0.082
6454209.000 1728075.000 0.148 -0.327 -0.082
6454259.000 1728075.000 0.117 -0.352 -0.075
6454309.000 1728075.000 0.089 -0.357 -0.070
6454359.000 1728075.000 0.058 -0.307 -0.082
6454409.000 1728075.000 0.065 -0.334 -0.103
6454459.000 1728075.000 0.082 -0.353 -0.076
6454509.000 1728075.000 0.088 -0.359 -0.070
6451559.000 1728125.000 -0.125 -0.778 -0.159
6451609.000 1728125.000 0.080 -0.809 -0.145
6451659.000 1728125.000 -0.038 -0.783 -0.165
6451709.000 1728125.000 -0.050 -0.785 -0.173
6451759.000 1728125.000 -0.147 -0.760 -0.179
6451809.000 1728125.000 -0.171 -0.718 -0.172
6451859.000 1728125.000 -0.089 -0.663 -0.163
6451909.000 1728125.000 0.016 -0.713 -0.139
6451959.000 1728125.000 0.053 -0.695 -0.128
6452009.000 1728125.000 0.010 -0.668 -0.119
6452059.000 1728125.000 0.018 -0.660 -0.128
6452109.000 1728125.000 0.066 -0.627 -0.145
6452159.000 1728125.000 0.161 -0.574 -0.132
6452209.000 1728125.000 0.152 -0.536 -0.152
6452259.000 1728125.000 -0.001 -0.474 -0.129
6452309.000 1728125.000 -0.006 -0.481 -0.090
6452359.000 1728125.000 0.078 -0.572 -0.134
6452409.000 1728125.000 0.115 -0.504 -0.119
6452459.000 1728125.000 0.144 -0.510 -0.103
6452509.000 1728125.000 0.155 -0.517 -0.104
6452559.000 1728125.000 0.131 -0.512 -0.121
6452609.000 1728125.000 0.124 -0.497 -0.128
6452659.000 1728125.000 0.130 -0.458 -0.136
6452709.000 1728125.000 0.177 -0.503 -0.149
6452759.000 1728125.000 0.139 -0.510 -0.155
6452809.000 1728125.000 0.142 -0.509 -0.152
6452859.000 1728125.000 0.174 -0.502 -0.157
6452909.000 1728125.000 0.212 -0.514 -0.165
6452959.000 1728125.000 0.192 -0.495 -0.171
6453009.000 1728125.000 0.186 -0.484 -0.175
6453059.000 1728125.000 0.153 -0.474 -0.165
6453109.000 1728125.000 0.136 -0.476 -0.158
6453159.000 1728125.000 0.109 -0.471 -0.169
6453209.000 1728125.000 0.097 -0.494 -0.173
6453259.000 1728125.000 0.188 -0.516 -0.140
6453309.000 1728125.000 0.250 -0.480 -0.158
6453359.000 1728125.000 0.287 -0.499 -0.125
6453409.000 1728125.000 0.260 -0.498 -0.107
6453459.000 1728125.000 0.227 -0.475 -0.099
6453509.000 1728125.000 0.287 -0.463 -0.076
6453559.000 1728125.000 0.286 -0.422 -0.084
6453609.000 1728125.000 0.278 -0.392 -0.084
6453659.000 1728125.000 0.283 -0.376 -0.077
6453709.000 1728125.000 0.245 -0.346 -0.086
6453759.000 1728125.000 0.229 -0.329 -0.092
6453809.000 1728125.000 0.223 -0.322 -0.095
6453859.000 1728125.000 0.208 -0.338 -0.091
6453909.000 1728125.000 0.079 -0.362 -0.082
6453959.000 1728125.000 0.166 -0.357 -0.060
6454009.000 1728125.000 0.163 -0.356 -0.069
6454059.000 1728125.000 0.137 -0.345 -0.083
6454109.000 1728125.000 0.179 -0.341 -0.076
6454159.000 1728125.000 0.174 -0.347 -0.086
6454209.000 1728125.000 0.124 -0.344 -0.078
6454259.000 1728125.000 0.162 -0.377 -0.092
6454309.000 1728125.000 0.069 -0.355 -0.066
6454359.000 1728125.000 0.145 -0.378 -0.071
6454409.000 1728125.000 0.161 -0.370 -0.072
6454459.000 1728125.000 0.089 -0.352 -0.066
6454509.000 1728125.000 0.110 -0.357 -0.059
6451559.000 1728175.000 -0.025 -0.805 -0.114
6451609.000 1728175.000 0.035 -0.817 -0.124
6451659.000 1728175.000 0.043 -0.828 -0.188
6451709.000 1728175.000 0.063 -0.779 -0.196
6451759.000 1728175.000 0.015 -0.728 -0.197
6451809.000 1728175.000 0.054 -0.673 -0.183
6451859.000 1728175.000 0.089 -0.641 -0.163
6451909.000 1728175.000 0.045 -0.659 -0.136
6451959.000 1728175.000 0.051 -0.671 -0.127
6452009.000 1728175.000 0.047 -0.644 -0.119
6452059.000 1728175.000 0.072 -0.615 -0.125
6452109.000 1728175.000 0.102 -0.551 -0.131
6452159.000 1728175.000 0.167 -0.567 -0.132
6452209.000 1728175.000 0.151 -0.551 -0.155
6452259.000 1728175.000 -0.061 -0.443 -0.104
6452309.000 1728175.000 0.161 -0.601 -0.093
6452359.000 1728175.000 0.032 -0.526 -0.141
6452409.000 1728175.000 0.099 -0.500 -0.129
6452459.000 1728175.000 0.160 -0.430 -0.106
6452509.000 1728175.000 0.151 -0.470 -0.110
6452559.000 1728175.000 0.167 -0.478 -0.119
6452609.000 1728175.000 0.153 -0.470 -0.128
6452659.000 1728175.000 0.149 -0.439 -0.138
6452709.000 1728175.000 0.187 -0.465 -0.150
6452759.000 1728175.000 0.187 -0.490 -0.174
6452809.000 1728175.000 0.233 -0.495 -0.163
6452859.000 1728175.000 0.247 -0.480 -0.156
6452909.000 1728175.000 0.177 -0.505 -0.180
6452959.000 1728175.000 0.180 -0.510 -0.180
6453009.000 1728175.000 0.179 -0.488 -0.169
6453059.000 1728175.000 0.148 -0.485 -0.178
6453109.000 1728175.000 0.210 -0.475 -0.177
6453159.000 1728175.000 0.181 -0.453 -0.173
6453209.000 1728175.000 0.108 -0.498 -0.173
6453259.000 1728175.000 0.183 -0.502 -0.142
6453309.000 1728175.000 0.249 -0.484 -0.126
6453359.000 1728175.000 0.301 -0.463 -0.108
6453409.000 1728175.000 0.326 -0.457 -0.090
6453459.000 1728175.000 0.310 -0.464 -0.078
6453509.000 1728175.000 0.334 -0.418 -0.073
6453559.000 1728175.000 0.323 -0.393 -0.083
6453609.000 1728175.000 0.313 -0.373 -0.076
6453659.000 1728175.000 0.295 -0.363 -0.083
6453709.000 1728175.000 0.257 -0.352 -0.100
6453759.000 1728175.000 0.229 -0.317 -0.101
6453809.000 1728175.000 0.222 -0.315 -0.105
6453859.000 1728175.000 0.248 -0.311 -0.080
6453909.000 1728175.000 0.116 -0.358 -0.118
6453959.000 1728175.000 0.172 -0.331 -0.100
6454009.000 1728175.000 0.205 -0.362 -0.095
6454059.000 1728175.000 0.194 -0.330 -0.073
6454109.000 1728175.000 0.190 -0.325 -0.075
6454159.000 1728175.000 0.163 -0.336 -0.078
6454209.000 1728175.000 0.165 -0.370 -0.083
6454259.000 1728175.000 0.162 -0.403 -0.094
6454309.000 1728175.000 0.118 -0.382 -0.071
6454359.000 1728175.000 0.134 -0.380 -0.084
6454409.000 1728175.000 0.169 -0.426 -0.076
6454459.000 1728175.000 0.222 -0.406 -0.071
6454509.000 1728175.000 0.159 -0.301 -0.064
6451559.000 1728225.000 0.011 -0.913 -0.153
6451609.000 1728225.000 0.037 -0.828 -0.169
6451659.000 1728225.000 0.030 -0.808 -0.172
6451709.000 1728225.000 0.053 -0.808 -0.186
6451759.000 1728225.000 0.027 -0.770 -0.180
6451809.000 1728225.000 -0.029 -0.685 -0.178
6451859.000 1728225.000 0.040 -0.659 -0.166
6451909.000 1728225.000 0.052 -0.660 -0.152
6451959.000 1728225.000 0.070 -0.659 -0.136
6452009.000 1728225.000 0.068 -0.635 -0.134
6452059.000 1728225.000 0.108 -0.590 -0.129
6452109.000 1728225.000 0.142 -0.549 -0.123
6452159.000 1728225.000 0.177 -0.550 -0.127
6452209.000 1728225.000 0.118 -0.535 -0.140
6452259.000 1728225.000 0.020 -0.535 -0.145
6452309.000 1728225.000 0.153 -0.427 -0.127
6452359.000 1728225.000 0.063 -0.448 -0.139
6452409.000 1728225.000 0.098 -0.488 -0.123
6452459.000 1728225.000 0.165 -0.422 -0.104
6452509.000 1728225.000 0.158 -0.464 -0.111
6452559.000 1728225.000 0.165 -0.489 -0.121
6452609.000 1728225.000 0.162 -0.445 -0.127
6452659.000 1728225.000 0.119 -0.435 -0.156
6452709.000 1728225.000 0.147 -0.461 -0.178
6452759.000 1728225.000 0.184 -0.467 -0.183
6452809.000 1728225.000 0.235 -0.473 -0.166
6452859.000 1728225.000 0.251 -0.491 -0.158
6452909.000 1728225.000 0.200 -0.522 -0.179
6452959.000 1728225.000 0.209 -0.488 -0.169
6453009.000 1728225.000 0.190 -0.498 -0.171
6453059.000 1728225.000 0.150 -0.461 -0.172
6453109.000 1728225.000 0.241 -0.443 -0.174
6453159.000 1728225.000 0.199 -0.452 -0.166
6453209.000 1728225.000 0.146 -0.508 -0.172
6453259.000 1728225.000 0.194 -0.533 -0.177
6453309.000 1728225.000 0.243 -0.491 -0.146
6453359.000 1728225.000 0.287 -0.441 -0.111
6453409.000 1728225.000 0.325 -0.441 -0.096
6453459.000 1728225.000 0.330 -0.456 -0.079
6453509.000 1728225.000 0.323 -0.423 -0.084
6453559.000 1728225.000 0.343 -0.383 -0.090
6453609.000 1728225.000 0.292 -0.387 -0.108
6453659.000 1728225.000 0.271 -0.343 -0.089
6453709.000 1728225.000 0.294 -0.346 -0.088
6453759.000 1728225.000 0.266 -0.356 -0.110
6453809.000 1728225.000 0.244 -0.334 -0.116
6453859.000 1728225.000 0.230 -0.329 -0.109
6453909.000 1728225.000 0.167 -0.305 -0.104
6453959.000 1728225.000 0.163 -0.284 -0.094
6454009.000 1728225.000 0.176 -0.329 -0.100
6454059.000 1728225.000 0.220 -0.335 -0.077
6454109.000 1728225.000 0.257 -0.363 -0.079
6454159.000 1728225.000 0.188 -0.317 -0.073
6454209.000 1728225.000 0.146 -0.311 -0.082
6454259.000 1728225.000 0.171 -0.385 -0.077
6454309.000 1728225.000 0.187 -0.408 -0.075
6454359.000 1728225.000 0.161 -0.370 -0.090
6454409.000 1728225.000 0.197 -0.361 -0.102
6454459.000 1728225.000 0.240 -0.361 -0.096
6454509.000 1728225.000 0.166 -0.404 -0.083
6451559.000 1728275.000 0.037 -0.884 -0.175
6451609.000 1728275.000 0.063 -0.839 -0.164
6451659.000 1728275.000 0.074 -0.820 -0.166
6451709.000 1728275.000 0.078 -0.827 -0.166
6451759.000 1728275.000 0.034 -0.773 -0.168
6451809.000 1728275.000 0.010 -0.680 -0.182
6451859.000 1728275.000 0.008 -0.635 -0.184
6451909.000 1728275.000 0.077 -0.972 -0.525
6451959.000 1728275.000 0.092 -0.625 -0.152
6452009.000 1728275.000 0.095 -0.603 -0.136
6452059.000 1728275.000 0.153 -0.553 -0.120
6452109.000 1728275.000 0.158 -0.545 -0.113
6452159.000 1728275.000 0.185 -0.553 -0.123
6452209.000 1728275.000 0.060 -0.545 -0.134
6452259.000 1728275.000 0.138 -0.454 -0.192
6452309.000 1728275.000 0.176 -0.382 -0.146
6452359.000 1728275.000 0.089 -0.487 -0.147
6452409.000 1728275.000 0.117 -0.481 -0.122
6452459.000 1728275.000 0.174 -0.431 -0.116
6452509.000 1728275.000 0.130 -0.452 -0.139
6452559.000 1728275.000 0.179 -0.462 -0.137
6452609.000 1728275.000 0.169 -0.432 -0.151
6452659.000 1728275.000 0.188 -0.445 -0.183
6452709.000 1728275.000 0.220 -0.437 -0.185
6452759.000 1728275.000 0.204 -0.476 -0.182
6452809.000 1728275.000 0.218 -0.486 -0.180
6452859.000 1728275.000 0.270 -0.500 -0.157
6452909.000 1728275.000 0.252 -0.465 -0.157
6452959.000 1728275.000 0.227 -0.469 -0.170
6453009.000 1728275.000 0.212 -0.503 -0.183
6453059.000 1728275.000 0.227 -0.489 -0.186
6453109.000 1728275.000 0.195 -0.432 -0.178
6453159.000 1728275.000 0.180 -0.428 -0.159
6453209.000 1728275.000 0.165 -0.491 -0.172
6453259.000 1728275.000 0.198 -0.509 -0.198
6453309.000 1728275.000 0.261 -0.462 -0.168
6453359.000 1728275.000 0.292 -0.407 -0.112
6453409.000 1728275.000 0.331 -0.461 -0.097
6453459.000 1728275.000 0.304 -0.417 -0.089
6453509.000 1728275.000 0.306 -0.406 -0.092
6453559.000 1728275.000 0.339 -0.397 -0.094
6453609.000 1728275.000 0.314 -0.369 -0.104
6453659.000 1728275.000 0.305 -0.344 -0.087
6453709.000 1728275.000 0.328 -0.329 -0.082
6453759.000 1728275.000 0.315 -0.321 -0.088
6453809.000 1728275.000 0.291 -0.305 -0.109
6453859.000 1728275.000 0.281 -0.331 -0.120
6453909.000 1728275.000 0.190 -0.298 -0.110
6453959.000 1728275.000 0.222 -0.275 -0.096
6454009.000 1728275.000 0.228 -0.310 -0.101
6454059.000 1728275.000 0.229 -0.312 -0.092
6454109.000 1728275.000 0.248 -0.380 -0.092
6454159.000 1728275.000 0.202 -0.325 -0.078
6454209.000 1728275.000 0.170 -0.258 -0.071
6454259.000 1728275.000 0.191 -0.382 -0.076
6454309.000 1728275.000 0.225 -0.366 -0.076
6454359.000 1728275.000 0.191 -0.315 -0.088
6454409.000 1728275.000 0.171 -0.287 -0.091
6454459.000 1728275.000 0.202 -0.307 -0.085
6454509.000 1728275.000 0.191 -0.316 -0.081
6451559.000 1728325.000 0.060 -0.847 -0.136
6451609.000 1728325.000 0.078 -0.882 -0.132
6451659.000 1728325.000 0.118 -0.845 -0.160
6451709.000 1728325.000 0.071 -0.804 -0.157
6451759.000 1728325.000 0.064 -0.782 -0.162
6451809.000 1728325.000 0.096 -0.683 -0.143
6451859.000 1728325.000 0.081 -0.643 -0.154
6451909.000 1728325.000 5.802 0.753 -0.826
6451959.000 1728325.000 0.136 -0.589 -0.136
6452009.000 1728325.000 0.152 -0.574 -0.124
6452059.000 1728325.000 0.171 -0.541 -0.117
6452109.000 1728325.000 0.164 -0.556 -0.109
6452159.000 1728325.000 0.106 -0.766 0.041
6452209.000 1728325.000 0.048 -0.375 -0.052
6452259.000 1728325.000 0.083 -0.435 -0.125
6452309.000 1728325.000 0.133 -0.484 -0.122
6452359.000 1728325.000 0.114 -0.450 -0.148
6452409.000 1728325.000 0.135 -0.436 -0.138
6452459.000 1728325.000 0.183 -0.433 -0.144
6452509.000 1728325.000 0.199 -0.446 -0.152
6452559.000 1728325.000 0.181 -0.435 -0.169
6452609.000 1728325.000 0.163 -0.435 -0.191
6452659.000 1728325.000 0.198 -0.446 -0.192
6452709.000 1728325.000 0.203 -0.436 -0.192
6452759.000 1728325.000 0.220 -0.445 -0.191
6452809.000 1728325.000 0.203 -0.469 -0.197
6452859.000 1728325.000 0.218 -0.508 -0.189
6452909.000 1728325.000 0.290 -0.526 -0.169
6452959.000 1728325.000 0.249 -0.512 -0.186
6453009.000 1728325.000 0.258 -0.457 -0.182
6453059.000 1728325.000 0.251 -0.448 -0.184
6453109.000 1728325.000 0.221 -0.420 -0.182
6453159.000 1728325.000 0.202 -0.420 -0.164
6453209.000 1728325.000 0.149 -0.461 -0.181
6453259.000 1728325.000 0.234 -0.461 -0.209
6453309.000 1728325.000 0.289 -0.521 -0.207
6453359.000 1728325.000 0.327 -0.371 -0.112
6453409.000 1728325.000 0.342 -0.418 -0.124
6453459.000 1728325.000 0.319 -0.413 -0.101
6453509.000 1728325.000 0.331 -0.402 -0.092
6453559.000 1728325.000 0.354 -0.404 -0.087
6453609.000 1728325.000 0.361 -0.376 -0.084
6453659.000 1728325.000 0.333 -0.344 -0.091
6453709.000 1728325.000 0.336 -0.328 -0.099
6453759.000 1728325.000 0.337 -0.317 -0.099
6453809.000 1728325.000 0.300 -0.279 -0.111
6453859.000 1728325.000 0.334 -0.306 -0.116
6453909.000 1728325.000 0.242 -0.270 -0.104
6453959.000 1728325.000 0.268 -0.260 -0.102
6454009.000 1728325.000 0.292 -0.273 -0.096
6454059.000 1728325.000 0.309 -0.324 -0.102
6454109.000 1728325.000 0.304 -0.278 -0.088
6454159.000 1728325.000 0.264 -0.283 -0.079
6454209.000 1728325.000 0.241 -0.309 -0.079
6454259.000 1728325.000 0.245 -0.323 -0.080
6454309.000 1728325.000 0.244 -0.329 -0.079
6454359.000 1728325.000 0.222 -0.313 -0.088
6454409.000 1728325.000 0.224 -0.292 -0.095
6454459.000 1728325.000 0.224 -0.323 -0.117
6454509.000 1728325.000 0.255 -0.287 -0.090
6451559.000 1728375.000 0.102 -0.925 -0.122
6451609.000 1728375.000 0.111 -0.863 -0.122
6451659.000 1728375.000 0.158 -0.779 -0.122
6451709.000 1728375.000 0.182 -0.793 -0.128
6451759.000 1728375.000 0.146 -0.766 -0.128
6451809.000 1728375.000 0.135 -0.676 -0.126
6451859.000 1728375.000 0.136 -0.682 -0.120
6451909.000 1728375.000 0.208 -0.657 -0.118
6451959.000 1728375.000 0.203 -0.609 -0.119
6452009.000 1728375.000 0.184 -0.583 -0.117
6452059.000 1728375.000 0.165 -0.556 -0.118
6452109.000 1728375.000 0.150 -0.539 -0.098
6452159.000 1728375.000 0.482 -0.560 0.136
6452209.000 1728375.000 0.129 -0.451 -0.127
6452259.000 1728375.000 0.066 -0.481 -0.114
6452309.000 1728375.000 0.171 -0.495 -0.118
6452359.000 1728375.000 0.158 -0.440 -0.148
6452409.000 1728375.000 0.156 -0.454 -0.154
6452459.000 1728375.000 0.169 -0.443 -0.163
6452509.000 1728375.000 0.199 -0.448 -0.172
6452559.000 1728375.000 0.180 -0.468 -0.217
6452609.000 1728375.000 0.202 -0.458 -0.207
6452659.000 1728375.000 0.221 -0.465 -0.196
6452709.000 1728375.000 0.224 -0.493 -0.209
6452759.000 1728375.000 0.199 -0.481 -0.204
6452809.000 1728375.000 0.206 -0.476 -0.204
6452859.000 1728375.000 0.259 -0.416 -0.194
6452909.000 1728375.000 0.328 -0.420 -0.177
6452959.000 1728375.000 0.314 -0.490 -0.182
6453009.000 1728375.000 0.294 -0.451 -0.189
6453059.000 1728375.000 0.292 -0.345 -0.190
6453109.000 1728375.000 0.294 -0.340 -0.199
6453159.000 1728375.000 0.261 -0.409 -0.201
6453209.000 1728375.000 0.203 -0.442 -0.214
6453259.000 1728375.000 0.249 -0.392 -0.212
6453309.000 1728375.000 0.351 -0.429 -0.181
6453359.000 1728375.000 0.327 -0.361 -0.122
6453409.000 1728375.000 0.316 -0.373 -0.115
6453459.000 1728375.000 0.330 -0.418 -0.097
6453509.000 1728375.000 0.359 -0.399 -0.083
6453559.000 1728375.000 0.383 -0.349 -0.074
6453609.000 1728375.000 0.362 -0.357 -0.082
6453659.000 1728375.000 0.341 -0.332 -0.087
6453709.000 1728375.000 0.316 -0.326 -0.104
6453759.000 1728375.000 0.309 -0.308 -0.113
6453809.000 1728375.000 0.328 -0.269 -0.110
6453859.000 1728375.000 0.369 -0.237 -0.096
6453909.000 1728375.000 0.277 -0.263 -0.103
6453959.000 1728375.000 0.320 -0.255 -0.100
6454009.000 1728375.000 0.316 -0.246 -0.092
6454059.000 1728375.000 0.318 -0.271 -0.098
6454109.000 1728375.000 0.292 -0.259 -0.086
6454159.000 1728375.000 0.297 -0.211 -0.071
6454209.000 1728375.000 0.287 -0.223 -0.073
6454259.000 1728375.000 0.248 -0.209 -0.093
6454309.000 1728375.000 0.304 -0.326 -0.093
6454359.000 1728375.000 0.297 -0.317 -0.094
6454409.000 1728375.000 0.274 -0.279 -0.102
6454459.000 1728375.000 0.319 -0.254 -0.083
6454509.000 1728375.000 0.313 -0.267 -0.084
6451559.000 1728425.000 0.202 -0.944 -0.081
6451609.000 1728425.000 0.163 -0.792 -0.087
6451659.000 1728425.000 0.161 -0.736 -0.104
6451709.000 1728425.000 0.230 -0.759 -0.116
6451759.000 1728425.000 0.201 -0.751 -0.116
6451809.000 1728425.000 0.147 -0.646 -0.117
6451859.000 1728425.000 0.172 -0.601 -0.122
6451909.000 1728425.000 0.227 -0.640 -0.117
6451959.000 1728425.000 0.241 -0.629 -0.114
6452009.000 1728425.000 0.233 -0.581 -0.121
6452059.000 1728425.000 0.147 -0.541 -0.136
6452109.000 1728425.000 0.219 -0.522 -0.138
6452159.000 1728425.000 0.237 -0.475 -0.124
6452209.000 1728425.000 0.161 -0.517 -0.117
6452259.000 1728425.000 0.109 -0.501 -0.110
6452309.000 1728425.000 0.163 -0.465 -0.110
6452359.000 1728425.000 0.179 -0.447 -0.128
6452409.000 1728425.000 0.152 -0.356 -0.128
6452459.000 1728425.000 0.164 -0.400 -0.158
6452509.000 1728425.000 0.220 -0.433 -0.169
6452559.000 1728425.000 0.201 -0.450 -0.195
6452609.000 1728425.000 0.217 -0.456 -0.190
6452659.000 1728425.000 0.250 -0.450 -0.181
6452709.000 1728425.000 0.246 -0.474 -0.198
6452759.000 1728425.000 0.222 -0.447 -0.192
6452809.000 1728425.000 0.238 -0.430 -0.192
6452859.000 1728425.000 0.281 -0.434 -0.202
6452909.000 1728425.000 0.304 -0.418 -0.202
6452959.000 1728425.000 0.294 -0.386 -0.206
6453009.000 1728425.000 0.325 -0.383 -0.196
6453059.000 1728425.000 0.296 -0.334 -0.200
6453109.000 1728425.000 0.344 -0.328 -0.194
6453159.000 1728425.000 0.375 -0.401 -0.198
6453209.000 1728425.000 0.250 -0.398 -0.208
6453259.000 1728425.000 0.253 -0.303 -0.155
6453309.000 1728425.000 0.339 -0.339 -0.109
6453359.000 1728425.000 0.344 -0.318 -0.109
6453409.000 1728425.000 0.317 -0.292 -0.105
6453459.000 1728425.000 0.362 -0.345 -0.083
6453509.000 1728425.000 0.395 -0.362 -0.074
6453559.000 1728425.000 0.423 -0.380 -0.061
6453609.000 1728425.000 0.371 -0.345 -0.079
6453659.000 1728425.000 0.364 -0.338 -0.077
6453709.000 1728425.000 0.334 -0.336 -0.087
6453759.000 1728425.000 0.279 -0.334 -0.116
6453809.000 1728425.000 0.324 -0.272 -0.100
6453859.000 1728425.000 0.389 -0.219 -0.096
6453909.000 1728425.000 0.315 -0.209 -0.098
6453959.000 1728425.000 0.299 -0.239 -0.094
6454009.000 1728425.000 0.328 -0.230 -0.091
6454059.000 1728425.000 0.267 -0.240 -0.095
6454109.000 1728425.000 0.285 -0.247 -0.088
6454159.000 1728425.000 0.321 -0.205 -0.083
6454209.000 1728425.000 0.353 -0.249 -0.117
6454259.000 1728425.000 0.243 -0.212 -0.100
6454309.000 1728425.000 0.298 -0.237 -0.081
6454359.000 1728425.000 0.318 -0.252 -0.082
6454409.000 1728425.000 0.319 -0.218 -0.090
6454459.000 1728425.000 0.326 -0.226 -0.079
6454509.000 1728425.000 0.324 -0.231 -0.072
6451559.000 1728475.000 0.171 -0.816 -0.075
6451609.000 1728475.000 0.163 -0.784 -0.075
6451659.000 1728475.000 0.165 -0.719 -0.108
6451709.000 1728475.000 0.216 -0.705 -0.119
6451759.000 1728475.000 0.240 -0.696 -0.108
6451809.000 1728475.000 0.188 -0.662 -0.106
6451859.000 1728475.000 0.163 -0.619 -0.115
6451909.000 1728475.000 0.224 -0.590 -0.115
6451959.000 1728475.000 0.232 -0.561 -0.111
6452009.000 1728475.000 0.147 -0.603 -0.107
6452059.000 1728475.000 0.324 -0.948 -0.107
6452109.000 1728475.000 0.206 -0.506 -0.151
6452159.000 1728475.000 0.190 -0.509 -0.136
6452209.000 1728475.000 0.056 -0.493 -0.105
6452259.000 1728475.000 0.109 -0.483 -0.105
6452309.000 1728475.000 0.134 -0.472 -0.104
6452359.000 1728475.000 0.190 -0.460 -0.114
6452409.000 1728475.000 0.125 -0.371 -0.137
6452459.000 1728475.000 0.138 -0.356 -0.155
6452509.000 1728475.000 0.189 -0.407 -0.163
6452559.000 1728475.000 0.219 -0.440 -0.160
6452609.000 1728475.000 0.223 -0.420 -0.163
6452659.000 1728475.000 0.223 -0.421 -0.179
6452709.000 1728475.000 0.238 -0.444 -0.195
6452759.000 1728475.000 0.231 -0.433 -0.197
6452809.000 1728475.000 0.275 -0.408 -0.199
6452859.000 1728475.000 0.332 -0.426 -0.219
6452909.000 1728475.000 0.297 -0.418 -0.218
6452959.000 1728475.000 0.289 -0.408 -0.215
6453009.000 1728475.000 0.338 -0.413 -0.195
6453059.000 1728475.000 0.343 -0.360 -0.186
6453109.000 1728475.000 0.345 -0.349 -0.184
6453159.000 1728475.000 0.361 -0.427 -0.194
6453209.000 1728475.000 0.281 -0.377 -0.194
6453259.000 1728475.000 0.304 -0.312 -0.109
6453309.000 1728475.000 0.301 -0.351 -0.079
6453359.000 1728475.000 0.342 -0.308 -0.072
6453409.000 1728475.000 0.392 -0.325 -0.105
6453459.000 1728475.000 0.362 -0.367 -0.080
6453509.000 1728475.000 0.398 -0.369 -0.059
6453559.000 1728475.000 0.437 -0.350 -0.057
6453609.000 1728475.000 0.391 -0.347 -0.072
6453659.000 1728475.000 0.389 -0.325 -0.064
6453709.000 1728475.000 0.359 -0.306 -0.074
6453759.000 1728475.000 0.336 -0.287 -0.088
6453809.000 1728475.000 0.333 -0.257 -0.091
6453859.000 1728475.000 0.380 -0.217 -0.093
6453909.000 1728475.000 0.347 -0.196 -0.089
6453959.000 1728475.000 0.338 -0.245 -0.089
6454009.000 1728475.000 0.382 -0.273 -0.088
6454059.000 1728475.000 0.321 -0.197 -0.069
6454109.000 1728475.000 0.322 -0.173 -0.072
6454159.000 1728475.000 0.327 -0.166 -0.068
6454209.000 1728475.000 0.341 -0.173 -0.080
6454259.000 1728475.000 0.360 -0.204 -0.065
6454309.000 1728475.000 0.318 -0.208 -0.073
6454359.000 1728475.000 0.350 -0.213 -0.073
6454409.000 1728475.000 0.357 -0.213 -0.076
6454459.000 1728475.000 0.331 -0.216 -0.070
6454509.000 1728475.000 0.330 -0.209 -0.065
6451559.000 1728525.000 0.175 -0.755 -0.085
6451609.000 1728525.000 0.185 -0.738 -0.078
6451659.000 1728525.000 0.195 -0.687 -0.096
6451709.000 1728525.000 0.238 -0.667 -0.107
6451759.000 1728525.000 0.260 -0.673 -0.095
6451809.000 1728525.000 0.228 -0.646 -0.099
6451859.000 1728525.000 0.178 -0.637 -0.112
6451909.000 1728525.000 0.198 -0.560 -0.110
6451959.000 1728525.000 0.247 -0.534 -0.109
6452009.000 1728525.000 0.111 -0.532 -0.119
6452059.000 1728525.000 0.241 -0.299 -0.139
6452109.000 1728525.000 0.254 -0.502 -0.139
6452159.000 1728525.000 0.221 -0.486 -0.138
6452209.000 1728525.000 0.089 -0.503 -0.112
6452259.000 1728525.000 0.099 -0.494 -0.104
6452309.000 1728525.000 0.113 -0.482 -0.106
6452359.000 1728525.000 0.122 -0.498 -0.108
6452409.000 1728525.000 0.130 -0.483 -0.105
6452459.000 1728525.000 0.164 -0.468 -0.089
6452509.000 1728525.000 0.165 -0.420 -0.166
6452559.000 1728525.000 0.235 -0.460 -0.154
6452609.000 1728525.000 0.260 -0.470 -0.161
6452659.000 1728525.000 0.249 -0.459 -0.174
6452709.000 1728525.000 0.190 -0.380 -0.179
6452759.000 1728525.000 0.234 -0.389 -0.194
6452809.000 1728525.000 0.278 -0.433 -0.214
6452859.000 1728525.000 0.320 -0.430 -0.214
6452909.000 1728525.000 0.332 -0.388 -0.202
6452959.000 1728525.000 0.315 -0.383 -0.202
6453009.000 1728525.000 0.361 -0.397 -0.185
6453059.000 1728525.000 0.326 -0.379 -0.194
6453109.000 1728525.000 0.353 -0.341 -0.195
6453159.000 1728525.000 0.318 -0.321 -0.170
6453209.000 1728525.000 0.305 -0.295 -0.116
6453259.000 1728525.000 0.332 -0.269 -0.079
6453309.000 1728525.000 0.331 -0.310 -0.069
6453359.000 1728525.000 0.344 -0.386 -0.078
6453409.000 1728525.000 0.402 -0.343 -0.099
6453459.000 1728525.000 0.377 -0.334 -0.086
6453509.000 1728525.000 0.400 -0.342 -0.063
6453559.000 1728525.000 0.425 -0.372 -0.058
6453609.000 1728525.000 0.429 -0.357 -0.056
6453659.000 1728525.000 0.421 -0.302 -0.064
6453709.000 1728525.000 0.370 -0.327 -0.070
6453759.000 1728525.000 0.375 -0.293 -0.072
6453809.000 1728525.000 0.373 -0.257 -0.096
6453859.000 1728525.000 0.480 -0.224 -0.079
6453909.000 1728525.000 0.410 -0.214 -0.071
6453959.000 1728525.000 0.373 -0.215 -0.076
6454009.000 1728525.000 0.362 -0.225 -0.080
6454059.000 1728525.000 0.369 -0.250 -0.069
6454109.000 1728525.000 0.349 -0.235 -0.073
6454159.000 1728525.000 0.353 -0.210 -0.071
6454209.000 1728525.000 0.366 -0.195 -0.089
6454259.000 1728525.000 0.381 -0.209 -0.068
6454309.000 1728525.000 0.384 -0.203 -0.058
6454359.000 1728525.000 0.389 -0.193 -0.052
6454409.000 1728525.000 0.370 -0.193 -0.068
6454459.000 1728525.000 0.326 -0.129 -0.059
6454509.000 1728525.000 0.338 -0.075 -0.041
6451559.000 1728575.000 0.184 -0.683 -0.089
6451609.000 1728575.000 0.163 -0.683 -0.088
6451659.000 1728575.000 0.263 -0.638 -0.090
6451709.000 1728575.000 0.234 -0.702 -0.096
6451759.000 1728575.000 0.230 -0.712 -0.096
6451809.000 1728575.000 0.232 -0.663 -0.100
6451859.000 1728575.000 0.180 -0.609 -0.119
6451909.000 1728575.000 0.224 -0.558 -0.108
6451959.000 1728575.000 0.292 -0.465 -0.112
6452009.000 1728575.000 0.234 -0.461 -0.124
6452059.000 1728575.000 0.280 -0.543 -0.122
6452109.000 1728575.000 0.226 -0.513 -0.130
6452159.000 1728575.000 0.220 -0.508 -0.137
6452209.000 1728575.000 0.148 -0.509 -0.121
6452259.000 1728575.000 0.128 -0.454 -0.112
6452309.000 1728575.000 0.120 -0.481 -0.107
6452359.000 1728575.000 0.086 -0.485 -0.098
6452409.000 1728575.000 0.058 -0.477 -0.104
6452459.000 1728575.000 0.193 -0.526 -0.005
6452509.000 1728575.000 0.005 -0.403 -0.293
6452559.000 1728575.000 -0.544 -0.239 -0.781
6452609.000 1728575.000 -0.596 -0.463 -0.859
6452659.000 1728575.000 0.190 -0.590 -0.292
6452709.000 1728575.000 0.241 -0.458 -0.183
6452759.000 1728575.000 0.230 -0.372 -0.183
6452809.000 1728575.000 0.288 -0.398 -0.186
6452859.000 1728575.000 0.322 -0.386 -0.170
6452909.000 1728575.000 0.295 -0.427 -0.188
6452959.000 1728575.000 0.347 -0.393 -0.192
6453009.000 1728575.000 0.340 -0.380 -0.178
6453059.000 1728575.000 0.340 -0.330 -0.152
6453109.000 1728575.000 0.388 -0.276 -0.098
6453159.000 1728575.000 0.376 -0.245 -0.060
6453209.000 1728575.000 0.350 -0.263 -0.066
6453259.000 1728575.000 0.344 -0.259 -0.065
6453309.000 1728575.000 0.364 -0.293 -0.068
6453359.000 1728575.000 0.380 -0.299 -0.065
6453409.000 1728575.000 0.413 -0.260 -0.061
6453459.000 1728575.000 0.394 -0.226 -0.053
6453509.000 1728575.000 0.395 -0.286 -0.068
6453559.000 1728575.000 0.382 -0.369 -0.071
6453609.000 1728575.000 0.447 -0.344 -0.037
6453659.000 1728575.000 0.445 -0.327 -0.047
6453709.000 1728575.000 0.401 -0.309 -0.069
6453759.000 1728575.000 0.390 -0.347 -0.056
6453809.000 1728575.000 0.400 -0.279 -0.091
6453859.000 1728575.000 0.491 -0.329 -0.028
6453909.000 1728575.000 0.421 -0.239 -0.054
6453959.000 1728575.000 0.360 -0.210 -0.074
6454009.000 1728575.000 0.345 -0.236 -0.067
6454059.000 1728575.000 0.410 -0.273 -0.061
6454109.000 1728575.000 0.392 -0.361 -0.065
6454159.000 1728575.000 0.353 -0.285 -0.057
6454209.000 1728575.000 0.393 -0.217 -0.071
6454259.000 1728575.000 0.415 -0.202 -0.045
6454309.000 1728575.000 0.412 -0.197 -0.037
6454359.000 1728575.000 0.423 -0.206 -0.034
6454409.000 1728575.000 0.385 -0.226 -0.047
6454459.000 1728575.000 0.292 -0.127 -0.040
6454509.000 1728575.000 0.357 -0.089 -0.030
6451559.000 1728625.000 0.191 -0.804 -0.091
6451609.000 1728625.000 0.206 -0.844 -0.116
6451659.000 1728625.000 0.224 -0.689 -0.110
6451709.000 1728625.000 0.220 -0.663 -0.101
6451759.000 1728625.000 0.199 -0.667 -0.106
6451809.000 1728625.000 0.189 -0.663 -0.109
6451859.000 1728625.000 0.217 -0.615 -0.119
6451909.000 1728625.000 0.276 -0.557 -0.112
6451959.000 1728625.000 0.271 -0.418 -0.110
6452009.000 1728625.000 0.276 -0.440 -0.106
6452059.000 1728625.000 0.265 -0.459 -0.112
6452109.000 1728625.000 0.247 -0.546 -0.134
6452159.000 1728625.000 0.250 -0.639 -0.144
6452209.000 1728625.000 0.191 -0.549 -0.147
6452259.000 1728625.000 0.091 -0.423 -0.119
6452309.000 1728625.000 0.152 -0.390 -0.109
6452359.000 1728625.000 -0.109 -0.497 -0.111
6452409.000 1728625.000 -0.554 -0.001 -0.389
6452459.000 1728625.000 -0.937 0.008 -0.684
6452509.000 1728625.000 -0.729 -0.205 -0.739
6452559.000 1728625.000 -0.747 -0.119 -0.961
6452609.000 1728625.000 -0.673 -0.168 -0.977
6452659.000 1728625.000 -0.436 -0.102 -1.076
6452709.000 1728625.000 0.172 -0.664 -0.320
6452759.000 1728625.000 0.264 -0.389 -0.170
6452809.000 1728625.000 0.292 -0.366 -0.163
6452859.000 1728625.000 0.355 -0.386 -0.149
6452909.000 1728625.000 0.293 -0.414 -0.159
6452959.000 1728625.000 0.355 -0.398 -0.190
6453009.000 1728625.000 0.323 -0.330 -0.132
6453059.000 1728625.000 0.408 -0.317 -0.077
6453109.000 1728625.000 0.433 -0.247 -0.054
6453159.000 1728625.000 0.405 -0.252 -0.050
6453209.000 1728625.000 0.388 -0.275 -0.061
6453259.000 1728625.000 0.333 -0.255 -0.055
6453309.000 1728625.000 0.366 -0.278 -0.060
6453359.000 1728625.000 0.402 -0.284 -0.064
6453409.000 1728625.000 0.414 -0.284 -0.063
6453459.000 1728625.000 0.388 -0.242 -0.049
6453509.000 1728625.000 0.410 -0.258 -0.065
6453559.000 1728625.000 0.428 -0.226 -0.054
6453609.000 1728625.000 0.450 -0.324 -0.047
6453659.000 1728625.000 0.457 -0.363 -0.033
6453709.000 1728625.000 0.428 -0.347 -0.040
6453759.000 1728625.000 0.448 -0.403 -0.014
6453809.000 1728625.000 0.393 -0.334 -0.028
6453859.000 1728625.000 0.475 -0.302 -0.017
6453909.000 1728625.000 0.387 -0.354 -0.040
6453959.000 1728625.000 0.429 -0.310 -0.054
6454009.000 1728625.000 0.408 -0.286 -0.070
6454059.000 1728625.000 0.480 -0.273 -0.066
6454109.000 1728625.000 0.412 -0.161 -0.053
6454159.000 1728625.000 0.411 -0.147 -0.045
6454209.000 1728625.000 0.440 -0.263 -0.072
6454259.000 1728625.000 0.442 -0.227 -0.056
6454309.000 1728625.000 0.405 -0.271 -0.060
6454359.000 1728625.000 0.473 -0.267 -0.058
6454409.000 1728625.000 0.495 -0.244 -0.067
6454459.000 1728625.000 0.373 -0.216 -0.081
6454509.000 1728625.000 0.397 -0.221 -0.075
6451559.000 1728675.000 0.154 -0.814 -0.121
6451609.000 1728675.000 0.286 -0.812 -0.098
6451659.000 1728675.000 0.375 -0.882 -0.108
6451709.000 1728675.000 0.203 -0.758 -0.125
6451759.000 1728675.000 0.226 -0.594 -0.120
6451809.000 1728675.000 0.280 -0.561 -0.130
6451859.000 1728675.000 0.289 -0.473 -0.136
6451909.000 1728675.000 0.333 -0.434 -0.134
6451959.000 1728675.000 0.317 -0.419 -0.124
6452009.000 1728675.000 0.203 -0.545 -0.143
6452059.000 1728675.000 0.254 -0.599 -0.146
6452109.000 1728675.000 0.218 -0.595 -0.170
6452159.000 1728675.000 0.216 -0.712 -0.176
6452209.000 1728675.000 0.257 -0.508 -0.164
6452259.000 1728675.000 0.139 -0.397 -0.145
6452309.000 1728675.000 0.176 -0.331 -0.118
6452359.000 1728675.000 -0.224 -0.227 -0.155
6452409.000 1728675.000 -0.757 -0.009 -0.469
6452459.000 1728675.000 -1.027 0.160 -0.654
6452509.000 1728675.000 -0.791 -0.245 -0.618
6452559.000 1728675.000 -0.620 -0.425 -0.604
6452609.000 1728675.000 -0.660 -0.243 -0.922
6452659.000 1728675.000 -0.536 -0.034 -1.055
6452709.000 1728675.000 -0.253 -0.367 -1.034
6452759.000 1728675.000 0.251 -0.449 -0.162
6452809.000 1728675.000 0.251 -0.410 -0.160
6452859.000 1728675.000 0.324 -0.408 -0.153
6452909.000 1728675.000 0.340 -0.312 -0.165
6452959.000 1728675.000 0.355 -0.315 -0.187
6453009.000 1728675.000 0.373 -0.311 -0.116
6453059.000 1728675.000 0.429 -0.272 -0.064
6453109.000 1728675.000 0.432 -0.263 -0.055
6453159.000 1728675.000 0.384 -0.290 -0.061
6453209.000 1728675.000 0.400 -0.352 -0.078
6453259.000 1728675.000 0.366 -0.312 -0.071
6453309.000 1728675.000 0.394 -0.326 -0.076
6453359.000 1728675.000 0.411 -0.320 -0.071
6453409.000 1728675.000 0.397 -0.345 -0.069
6453459.000 1728675.000 0.390 -0.353 -0.063
6453509.000 1728675.000 0.444 -0.368 -0.083
6453559.000 1728675.000 0.421 -0.291 -0.062
6453609.000 1728675.000 0.476 -0.299 -0.060
6453659.000 1728675.000 0.443 -0.317 -0.066
6453709.000 1728675.000 0.430 -0.346 -0.038
6453759.000 1728675.000 0.317 -0.398 -0.068
6453809.000 1728675.000 0.323 -0.371 -0.063
6453859.000 1728675.000 0.543 -0.338 -0.079
6453909.000 1728675.000 0.385 -0.300 -0.087
6453959.000 1728675.000 0.403 -0.271 -0.094
6454009.000 1728675.000 0.473 -0.275 -0.093
6454059.000 1728675.000 0.530 -0.227 -0.086
6454109.000 1728675.000 0.492 -0.232 -0.081
6454159.000 1728675.000 0.476 -0.223 -0.086
6454209.000 1728675.000 0.497 -0.156 -0.075
6454259.000 1728675.000 0.443 -0.251 -0.086
6454309.000 1728675.000 0.432 -0.238 -0.085
6454359.000 1728675.000 0.464 -0.207 -0.088
6454409.000 1728675.000 0.523 -0.196 -0.086
6454459.000 1728675.000 0.504 -0.253 -0.086
6454509.000 1728675.000 0.425 -0.337 -0.107
6451559.000 1728725.000 0.145 -0.738 -0.116
6451609.000 1728725.000 0.273 -0.800 -0.103
6451659.000 1728725.000 0.223 -0.781 -0.048
6451709.000 1728725.000 0.244 -0.723 -0.066
6451759.000 1728725.000 0.305 -0.693 -0.127
6451809.000 1728725.000 0.266 -0.578 -0.137
6451859.000 1728725.000 0.312 -0.420 -0.128
6451909.000 1728725.000 0.260 -0.453 -0.130
6451959.000 1728725.000 0.309 -0.572 -0.155
6452009.000 1728725.000 0.296 -0.627 -0.147
6452059.000 1728725.000 0.371 -0.570 -0.140
6452109.000 1728725.000 0.404 -0.509 -0.150
6452159.000 1728725.000 0.275 -0.508 -0.166
6452209.000 1728725.000 0.261 -0.575 -0.153
6452259.000 1728725.000 0.200 -0.512 -0.141
6452309.000 1728725.000 0.229 -0.392 -0.125
6452359.000 1728725.000 -0.109 -0.202 -0.140
6452409.000 1728725.000 -0.496 0.194 -0.218
6452459.000 1728725.000 -0.795 0.210 -0.483
6452509.000 1728725.000 -0.881 0.276 -0.636
6452559.000 1728725.000 -0.864 0.043 -0.653
6452609.000 1728725.000 -0.644 -0.371 -0.595
6452659.000 1728725.000 -0.451 -0.289 -0.893
6452709.000 1728725.000 -0.548 -0.242 -1.054
6452759.000 1728725.000 0.135 -0.288 -0.625
6452809.000 1728725.000 0.301 -0.390 -0.184
6452859.000 1728725.000 0.387 -0.337 -0.178
6452909.000 1728725.000 0.370 -0.385 -0.204
6452959.000 1728725.000 0.377 -0.342 -0.196
6453009.000 1728725.000 0.424 -0.316 -0.098
6453059.000 1728725.000 0.403 -0.279 -0.080
6453109.000 1728725.000 0.401 -0.259 -0.078
6453159.000 1728725.000 0.395 -0.285 -0.085
6453209.000 1728725.000 0.424 -0.367 -0.105
6453259.000 1728725.000 0.384 -0.336 -0.093
6453309.000 1728725.000 0.409 -0.339 -0.100
6453359.000 1728725.000 0.392 -0.351 -0.085
6453409.000 1728725.000 0.406 -0.349 -0.087
6453459.000 1728725.000 0.411 -0.345 -0.089
6453509.000 1728725.000 0.481 -0.354 -0.102
6453559.000 1728725.000 0.470 -0.313 -0.094
6453609.000 1728725.000 0.432 -0.264 -0.093
6453659.000 1728725.000 0.433 -0.262 -0.087
6453709.000 1728725.000 0.415 -0.249 -0.101
6453759.000 1728725.000 0.398 -0.296 -0.082
6453809.000 1728725.000 0.286 -0.275 -0.118
6453859.000 1728725.000 0.639 -0.282 -0.041
6453909.000 1728725.000 0.377 -0.305 -0.092
6453959.000 1728725.000 0.391 -0.322 -0.082
6454009.000 1728725.000 0.459 -0.262 -0.123
6454059.000 1728725.000 0.522 -0.227 -0.091
6454109.000 1728725.000 0.465 -0.236 -0.079
6454159.000 1728725.000 0.479 -0.214 -0.086
6454209.000 1728725.000 0.466 -0.208 -0.093
6454259.000 1728725.000 0.477 -0.194 -0.080
6454309.000 1728725.000 0.396 -0.201 -0.107
6454359.000 1728725.000 0.455 -0.191 -0.091
6454409.000 1728725.000 0.494 -0.210 -0.087
6454459.000 1728725.000 0.496 -0.178 -0.089
6454509.000 1728725.000 0.449 -0.047 -0.101
6451559.000 1728775.000 0.247 -0.730 -0.139
6451609.000 1728775.000 0.225 -0.817 -0.109
6451659.000 1728775.000 0.283 -0.801 -0.067
6451709.000 1728775.000 0.168 -0.804 -0.034
6451759.000 1728775.000 0.208 -0.920 -0.075
6451809.000 1728775.000 0.320 -0.879 -0.127
6451859.000 1728775.000 0.203 -0.576 -0.122
6451909.000 1728775.000 0.198 -0.502 -0.114
6451959.000 1728775.000 0.176 -0.510 -0.117
6452009.000 1728775.000 0.312 -0.567 -0.128
6452059.000 1728775.000 0.333 -0.576 -0.123
6452109.000 1728775.000 0.276 -0.644 -0.128
6452159.000 1728775.000 0.246 -0.538 -0.165
6452209.000 1728775.000 0.255 -0.432 -0.136
6452259.000 1728775.000 0.173 -0.455 -0.126
6452309.000 1728775.000 0.219 -0.466 -0.123
6452359.000 1728775.000 0.205 -0.436 -0.123
6452409.000 1728775.000 -0.665 0.720 -0.163
6452459.000 1728775.000 -0.417 0.284 -0.163
6452509.000 1728775.000 -0.784 0.365 -0.622
6452559.000 1728775.000 -0.786 0.225 -0.648
6452609.000 1728775.000 -0.852 0.071 -0.723
6452659.000 1728775.000 -0.572 -0.095 -0.731
6452709.000 1728775.000 -0.503 -0.399 -0.933
6452759.000 1728775.000 0.049 -0.539 -0.522
6452809.000 1728775.000 0.235 -0.529 -0.209
6452859.000 1728775.000 0.219 -0.535 -0.224
6452909.000 1728775.000 0.279 -0.503 -0.222
6452959.000 1728775.000 0.403 -0.350 -0.163
6453009.000 1728775.000 0.466 -0.307 -0.088
6453059.000 1728775.000 0.451 -0.285 -0.081
6453109.000 1728775.000 0.449 -0.292 -0.078
6453159.000 1728775.000 0.379 -0.347 -0.101
6453209.000 1728775.000 0.390 -0.372 -0.113
6453259.000 1728775.000 0.366 -0.331 -0.099
6453309.000 1728775.000 0.376 -0.342 -0.106
6453359.000 1728775.000 0.382 -0.357 -0.095
6453409.000 1728775.000 0.368 -0.393 -0.091
6453459.000 1728775.000 0.473 -0.365 -0.097
6453509.000 1728775.000 0.480 -0.311 -0.095
6453559.000 1728775.000 0.466 -0.261 -0.082
6453609.000 1728775.000 0.442 -0.320 -0.106
6453659.000 1728775.000 0.485 -0.241 -0.088
6453709.000 1728775.000 0.432 -0.261 -0.089
6453759.000 1728775.000 0.397 -0.263 -0.100
6453809.000 1728775.000 0.461 -0.259 -0.057
6453859.000 1728775.000 0.443 -0.235 -0.077
6453909.000 1728775.000 0.401 -0.178 -0.099
6453959.000 1728775.000 0.435 -0.174 -0.100
6454009.000 1728775.000 0.696 -0.121 -0.069
6454059.000 1728775.000 0.652 -0.069 -0.090
6454109.000 1728775.000 0.616 -0.151 -0.082
6454159.000 1728775.000 0.552 -0.218 -0.092
6454209.000 1728775.000 0.510 -0.215 -0.099
6454259.000 1728775.000 0.517 -0.219 -0.100
6454309.000 1728775.000 0.526 -0.226 -0.114
6454359.000 1728775.000 0.540 -0.253 -0.115
6454409.000 1728775.000 0.507 -0.170 -0.088
6454459.000 1728775.000 0.517 -0.087 -0.082
6454509.000 1728775.000 0.550 -0.038 -0.112
6451559.000 1728825.000 0.226 -0.935 -0.185
6451609.000 1728825.000 0.153 -0.808 -0.116
6451659.000 1728825.000 0.206 -0.852 -0.067
6451709.000 1728825.000 0.156 -0.881 -0.034
6451759.000 1728825.000 0.279 -0.947 -0.040
6451809.000 1728825.000 0.305 -0.988 -0.075
6451859.000 1728825.000 0.392 -0.855 -0.096
6451909.000 1728825.000 0.134 -0.590 -0.103
6451959.000 1728825.000 0.172 -0.532 -0.094
6452009.000 1728825.000 0.270 -0.542 -0.090
6452059.000 1728825.000 0.325 -0.509 -0.099
6452109.000 1728825.000 0.272 -0.579 -0.105
6452159.000 1728825.000 0.274 -0.486 -0.122
6452209.000 1728825.000 0.240 -0.424 -0.130
6452259.000 1728825.000 0.242 -0.472 -0.130
6452309.000 1728825.000 0.193 -0.486 -0.124
6452359.000 1728825.000 0.188 -0.442 -0.112
6452409.000 1728825.000 0.238 -0.390 -0.113
6452459.000 1728825.000 -0.048 0.140 -0.097
6452509.000 1728825.000 -0.038 0.317 -0.110
6452559.000 1728825.000 -0.795 0.216 -0.778
6452609.000 1728825.000 -1.041 0.234 -0.971
6452659.000 1728825.000 -0.735 -0.102 -0.855
6452709.000 1728825.000 -0.327 -0.334 -0.595
6452759.000 1728825.000 0.188 -0.549 -0.197
6452809.000 1728825.000 0.190 -0.568 -0.204
6452859.000 1728825.000 0.260 -0.571 -0.188
6452909.000 1728825.000 0.270 -0.484 -0.183
6452959.000 1728825.000 0.324 -0.452 -0.203
6453009.000 1728825.000 0.407 -0.353 -0.142
6453059.000 1728825.000 0.449 -0.252 -0.077
6453109.000 1728825.000 0.449 -0.287 -0.078
6453159.000 1728825.000 0.366 -0.300 -0.083
6453209.000 1728825.000 0.391 -0.336 -0.106
6453259.000 1728825.000 0.391 -0.339 -0.116
6453309.000 1728825.000 0.390 -0.330 -0.121
6453359.000 1728825.000 0.401 -0.346 -0.113
6453409.000 1728825.000 0.376 -0.364 -0.095
6453459.000 1728825.000 0.487 -0.318 -0.097
6453509.000 1728825.000 0.474 -0.317 -0.085
6453559.000 1728825.000 0.444 -0.315 -0.071
6453609.000 1728825.000 0.402 -0.322 -0.076
6453659.000 1728825.000 0.482 -0.289 -0.084
6453709.000 1728825.000 0.455 -0.314 -0.092
6453759.000 1728825.000 0.412 -0.244 -0.095
6453809.000 1728825.000 0.416 -0.217 -0.094
6453859.000 1728825.000 0.543 -0.159 -0.084
6453909.000 1728825.000 0.533 -0.042 -0.118
6453959.000 1728825.000 0.515 -0.073 -0.102
6454009.000 1728825.000 0.562 -0.080 -0.090
6454059.000 1728825.000 0.681 -0.214 -0.025
6454109.000 1728825.000 0.622 -0.221 -0.065
6454159.000 1728825.000 0.580 -0.146 -0.084
6454209.000 1728825.000 0.514 -0.202 -0.095
6454259.000 1728825.000 0.501 -0.219 -0.094
6454309.000 1728825.000 0.542 -0.226 -0.088
6454359.000 1728825.000 0.524 -0.139 -0.088
6454409.000 1728825.000 0.539 -0.133 -0.086
6454459.000 1728825.000 0.530 -0.118 -0.083
6454509.000 1728825.000 0.496 -0.134 -0.055
6451559.000 1728875.000 0.330 -1.009 -0.241
6451609.000 1728875.000 0.165 -0.938 -0.196
6451659.000 1728875.000 -0.107 -0.882 -0.101
6451709.000 1728875.000 0.121 -1.038 -0.081
6451759.000 1728875.000 0.260 -1.056 -0.040
6451809.000 1728875.000 0.219 -0.933 -0.007
6451859.000 1728875.000 0.365 -0.932 -0.113
6451909.000 1728875.000 0.296 -0.727 -0.119
6451959.000 1728875.000 0.253 -0.657 -0.119
6452009.000 1728875.000 0.231 -0.626 -0.111
6452059.000 1728875.000 0.197 -0.673 -0.116
6452109.000 1728875.000 0.244 -0.630 -0.116
6452159.000 1728875.000 0.287 -0.601 -0.123
6452209.000 1728875.000 0.122 -0.517 -0.127
6452259.000 1728875.000 0.238 -0.475 -0.141
6452309.000 1728875.000 0.213 -0.509 -0.131
6452359.000 1728875.000 0.139 -0.480 -0.124
6452409.000 1728875.000 0.285 -0.462 -0.172
6452459.000 1728875.000 0.237 -0.461 -0.180
6452509.000 1728875.000 0.228 -0.327 -0.109
6452559.000 1728875.000 -0.287 -0.464 -0.117
6452609.000 1728875.000 0.379 -0.419 0.195
6452659.000 1728875.000 0.242 -0.600 -0.117
6452709.000 1728875.000 0.239 -0.590 -0.135
6452759.000 1728875.000 0.248 -0.638 -0.150
6452809.000 1728875.000 0.244 -0.602 -0.158
6452859.000 1728875.000 0.255 -0.565 -0.166
6452909.000 1728875.000 0.284 -0.535 -0.170
6452959.000 1728875.000 0.268 -0.450 -0.207
6453009.000 1728875.000 0.353 -0.415 -0.192
6453059.000 1728875.000 0.425 -0.307 -0.090
6453109.000 1728875.000 0.437 -0.285 -0.075
6453159.000 1728875.000 0.388 -0.288 -0.073
6453209.000 1728875.000 0.393 -0.387 -0.104
6453259.000 1728875.000 0.415 -0.354 -0.099
6453309.000 1728875.000 0.391 -0.294 -0.082
6453359.000 1728875.000 0.424 -0.333 -0.103
6453409.000 1728875.000 0.384 -0.377 -0.090
6453459.000 1728875.000 0.475 -0.310 -0.078
6453509.000 1728875.000 0.439 -0.350 -0.069
6453559.000 1728875.000 0.463 -0.324 -0.066
6453609.000 1728875.000 0.406 -0.302 -0.062
6453659.000 1728875.000 0.448 -0.300 -0.066
6453709.000 1728875.000 0.460 -0.304 -0.090
6453759.000 1728875.000 0.424 -0.234 -0.089
6453809.000 1728875.000 0.392 -0.235 -0.089
6453859.000 1728875.000 0.427 -0.178 -0.102
6453909.000 1728875.000 0.671 -0.765 0.225
6453959.000 1728875.000 0.574 -0.083 -0.085
6454009.000 1728875.000 0.485 -0.146 -0.081
6454059.000 1728875.000 0.522 -0.136 -0.078
6454109.000 1728875.000 0.524 -0.132 -0.087
6454159.000 1728875.000 0.502 -0.208 -0.060
6454209.000 1728875.000 0.519 -0.140 -0.076
6454259.000 1728875.000 0.500 -0.195 -0.082
6454309.000 1728875.000 0.526 -0.176 -0.081
6454359.000 1728875.000 0.526 -0.159 -0.086
6454409.000 1728875.000 0.556 -0.150 -0.096
6454459.000 1728875.000 0.520 -0.133 -0.081
6454509.000 1728875.000 0.516 -0.175 -0.075
6451559.000 1728925.000 0.297 -0.978 -0.248
6451609.000 1728925.000 0.265 -1.008 -0.252
6451659.000 1728925.000 0.160 -0.812 -0.153
6451709.000 1728925.000 0.200 -0.868 -0.140
6451759.000 1728925.000 0.140 -1.017 -0.086
6451809.000 1728925.000 0.219 -1.008 -0.028
6451859.000 1728925.000 0.242 -1.010 -0.054
6451909.000 1728925.000 0.382 -0.868 -0.077
6451959.000 1728925.000 0.255 -0.748 -0.064
6452009.000 1728925.000 0.317 -0.793 -0.123
6452059.000 1728925.000 0.252 -0.715 -0.109
6452109.000 1728925.000 0.211 -0.644 -0.115
6452159.000 1728925.000 0.206 -0.628 -0.117
6452209.000 1728925.000 0.140 -0.596 -0.132
6452259.000 1728925.000 0.229 -0.508 -0.159
6452309.000 1728925.000 0.231 -0.519 -0.142
6452359.000 1728925.000 0.154 -0.517 -0.126
6452409.000 1728925.000 0.187 -0.536 -0.137
6452459.000 1728925.000 0.300 -0.551 -0.114
6452509.000 1728925.000 0.282 -0.548 -0.117
6452559.000 1728925.000 0.303 -0.546 -0.130
6452609.000 1728925.000 0.253 -0.543 -0.168
6452659.000 1728925.000 0.256 -0.588 -0.146
6452709.000 1728925.000 0.266 -0.651 -0.134
6452759.000 1728925.000 0.259 -0.665 -0.145
6452809.000 1728925.000 0.244 -0.662 -0.142
6452859.000 1728925.000 0.231 -0.645 -0.150
6452909.000 1728925.000 0.285 -0.564 -0.165
6452959.000 1728925.000 0.285 -0.489 -0.226
6453009.000 1728925.000 0.333 -0.437 -0.215
6453059.000 1728925.000 0.389 -0.354 -0.119
6453109.000 1728925.000 0.467 -0.251 -0.053
6453159.000 1728925.000 0.382 -0.293 -0.061
6453209.000 1728925.000 0.373 -0.339 -0.071
6453259.000 1728925.000 0.393 -0.316 -0.066
6453309.000 1728925.000 0.402 -0.313 -0.085
6453359.000 1728925.000 0.425 -0.338 -0.104
6453409.000 1728925.000 0.422 -0.370 -0.104
6453459.000 1728925.000 0.388 -0.340 -0.098
6453509.000 1728925.000 0.353 -0.366 -0.079
6453559.000 1728925.000 0.435 -0.345 -0.061
6453609.000 1728925.000 0.399 -0.343 -0.065
6453659.000 1728925.000 0.413 -0.311 -0.062
6453709.000 1728925.000 0.429 -0.223 -0.047
6453759.000 1728925.000 0.400 -0.218 -0.081
6453809.000 1728925.000 0.409 -0.171 -0.089
6453859.000 1728925.000 0.410 -0.153 -0.093
6453909.000 1728925.000 0.453 -0.120 -0.102
6453959.000 1728925.000 0.453 -0.167 -0.122
6454009.000 1728925.000 0.511 -0.150 -0.078
6454059.000 1728925.000 0.492 -0.168 -0.075
6454109.000 1728925.000 0.515 -0.166 -0.073
6454159.000 1728925.000 0.512 -0.162 -0.067
6454209.000 1728925.000 0.501 -0.168 -0.071
6454259.000 1728925.000 0.468 -0.149 -0.087
6454309.000 1728925.000 0.500 -0.161 -0.085
6454359.000 1728925.000 0.503 -0.151 -0.093
6454409.000 1728925.000 0.505 -0.168 -0.086
6454459.000 1728925.000 0.528 -0.150 -0.081
6454509.000 1728925.000 0.537 -0.141 -0.075
6451559.000 1728975.000 0.231 -1.000 -0.239
6451609.000 1728975.000 0.172 -1.033 -0.231
6451659.000 1728975.000 0.199 -1.051 -0.220
6451709.000 1728975.000 0.222 -1.001 -0.202
6451759.000 1728975.000 0.175 -0.960 -0.179
6451809.000 1728975.000 0.180 -0.949 -0.088
6451859.000 1728975.000 0.269 -1.006 -0.045
6451909.000 1728975.000 0.234 -0.993 -0.051
6451959.000 1728975.000 0.162 -0.947 -0.040
6452009.000 1728975.000 0.278 -0.825 -0.092
6452059.000 1728975.000 0.264 -0.851 -0.109
6452109.000 1728975.000 0.302 -0.745 -0.116
6452159.000 1728975.000 0.281 -0.722 -0.113
6452209.000 1728975.000 0.216 -0.690 -0.098
6452259.000 1728975.000 0.169 -0.563 -0.094
6452309.000 1728975.000 0.175 -0.432 -0.108
6452359.000 1728975.000 0.186 -0.442 -0.106
6452409.000 1728975.000 0.212 -0.460 -0.102
6452459.000 1728975.000 0.269 -0.535 -0.119
6452509.000 1728975.000 0.271 -0.553 -0.141
6452559.000 1728975.000 0.265 -0.632 -0.170
6452609.000 1728975.000 0.266 -0.606 -0.174
6452659.000 1728975.000 0.268 -0.633 -0.162
6452709.000 1728975.000 0.256 -0.653 -0.154
6452759.000 1728975.000 0.262 -0.644 -0.148
6452809.000 1728975.000 0.250 -0.650 -0.147
6452859.000 1728975.000 0.238 -0.635 -0.143
6452909.000 1728975.000 0.263 -0.562 -0.160
6452959.000 1728975.000 0.288 -0.497 -0.222
6453009.000 1728975.000 0.305 -0.462 -0.226
6453059.000 1728975.000 0.350 -0.415 -0.157
6453109.000 1728975.000 0.483 -0.260 -0.051
6453159.000 1728975.000 0.385 -0.264 -0.041
6453209.000 1728975.000 0.366 -0.338 -0.063
6453259.000 1728975.000 0.380 -0.357 -0.086
6453309.000 1728975.000 0.422 -0.333 -0.116
6453359.000 1728975.000 0.426 -0.302 -0.120
6453409.000 1728975.000 0.413 -0.367 -0.138
6453459.000 1728975.000 0.396 -0.353 -0.160
6453509.000 1728975.000 0.386 -0.322 -0.098
6453559.000 1728975.000 0.418 -0.304 -0.055
6453609.000 1728975.000 0.400 -0.317 -0.058
6453659.000 1728975.000 0.389 -0.277 -0.050
6453709.000 1728975.000 0.402 -0.255 -0.068
6453759.000 1728975.000 0.402 -0.236 -0.084
6453809.000 1728975.000 0.415 -0.218 -0.091
6453859.000 1728975.000 0.488 -0.145 -0.107
6453909.000 1728975.000 0.469 -0.111 -0.103
6453959.000 1728975.000 0.459 -0.155 -0.099
6454009.000 1728975.000 0.498 -0.179 -0.069
6454059.000 1728975.000 0.515 -0.160 -0.069
6454109.000 1728975.000 0.524 -0.214 -0.059
6454159.000 1728975.000 0.527 -0.173 -0.056
6454209.000 1728975.000 0.499 -0.176 -0.066
6454259.000 1728975.000 0.441 -0.161 -0.069
6454309.000 1728975.000 0.451 -0.164 -0.087
6454359.000 1728975.000 0.469 -0.169 -0.084
6454409.000 1728975.000 0.493 -0.142 -0.084
6454459.000 1728975.000 0.519 -0.165 -0.077
6454509.000 1728975.000 0.471 -0.154 -0.062
6451559.000 1729025.000 0.185 -0.917 -0.198
6451609.000 1729025.000 0.140 -1.046 -0.217
6451659.000 1729025.000 0.172 -1.066 -0.216
6451709.000 1729025.000 0.209 -1.069 -0.221
6451759.000 1729025.000 0.254 -1.034 -0.224
6451809.000 1729025.000 0.120 -0.845 -0.127
6451859.000 1729025.000 0.221 -0.777 -0.100
6451909.000 1729025.000 0.257 -0.905 -0.110
6451959.000 1729025.000 0.163 -0.765 -0.097
6452009.000 1729025.000 0.273 -0.873 -0.063
6452059.000 1729025.000 0.262 -0.876 -0.096
6452109.000 1729025.000 0.331 -0.816 -0.099
6452159.000 1729025.000 0.308 -0.757 -0.084
6452209.000 1729025.000 0.272 -0.727 -0.093
6452259.000 1729025.000 0.215 -0.637 -0.090
6452309.000 1729025.000 0.170 -0.466 -0.083
6452359.000 1729025.000 0.153 -0.479 -0.086
6452409.000 1729025.000 0.208 -0.494 -0.122
6452459.000 1729025.000 0.234 -0.550 -0.160
6452509.000 1729025.000 0.250 -0.561 -0.171
6452559.000 1729025.000 0.258 -0.612 -0.182
6452609.000 1729025.000 0.277 -0.645 -0.161
6452659.000 1729025.000 0.251 -0.692 -0.171
6452709.000 1729025.000 0.246 -0.673 -0.169
6452759.000 1729025.000 0.262 -0.639 -0.149
6452809.000 1729025.000 0.276 -0.633 -0.134
6452859.000 1729025.000 0.263 -0.624 -0.127
6452909.000 1729025.000 0.274 -0.580 -0.133
6452959.000 1729025.000 0.255 -0.483 -0.224
6453009.000 1729025.000 0.294 -0.524 -0.224
6453059.000 1729025.000 0.353 -0.416 -0.142
6453109.000 1729025.000 0.449 -0.287 -0.055
6453159.000 1729025.000 0.416 -0.316 -0.051
6453209.000 1729025.000 0.369 -0.330 -0.053
6453259.000 1729025.000 0.375 -0.350 -0.090
6453309.000 1729025.000 0.406 -0.327 -0.120
6453359.000 1729025.000 0.416 -0.291 -0.147
6453409.000 1729025.000 0.453 -0.344 -0.198
6453459.000 1729025.000 0.355 -0.362 -0.188
6453509.000 1729025.000 0.364 -0.317 -0.095
6453559.000 1729025.000 0.409 -0.280 -0.049
6453609.000 1729025.000 0.401 -0.285 -0.045
6453659.000 1729025.000 0.395 -0.255 -0.040
6453709.000 1729025.000 0.414 -0.242 -0.063
6453759.000 1729025.000 0.430 -0.219 -0.081
6453809.000 1729025.000 0.461 -0.173 -0.095
6453859.000 1729025.000 0.419 -0.155 -0.102
6453909.000 1729025.000 0.410 -0.157 -0.120
6453959.000 1729025.000 0.395 -0.185 -0.106
6454009.000 1729025.000 0.508 -0.095 -0.072
6454059.000 1729025.000 0.514 -0.051 -0.066
6454109.000 1729025.000 0.686 0.004 -0.027
6454159.000 1729025.000 0.501 -0.169 -0.089
6454209.000 1729025.000 0.506 -0.215 -0.092
6454259.000 1729025.000 0.447 -0.206 -0.092
6454309.000 1729025.000 0.404 -0.171 -0.080
6454359.000 1729025.000 0.468 -0.176 -0.078
6454409.000 1729025.000 0.475 -0.162 -0.077
6454459.000 1729025.000 0.475 -0.184 -0.073
6454509.000 1729025.000 0.440 -0.222 -0.090
