6451684.000 1726075.000 -2.060 -0.151 -1.490
6451809.000 1726075.000 -99.000 -99.000 -99.000
6451834.000 1726075.000 -99.000 -99.000 -99.000
6451659.000 1726075.000 -6.218 -6.038 -1.401
6451784.000 1726075.000 -9.123 -3.338 -0.673
6451609.000 1726075.000 0.095 0.069 -1.301
6451759.000 1726075.000 -2.228 -1.162 -0.806
6451559.000 1726075.000 -6.699 3.502 -1.965
6451634.000 1726075.000 -4.896 -5.650 -1.246
6451584.000 1726075.000 -3.899 -1.200 -1.789
6451909.000 1726075.000 -99.000 -99.000 -99.000
6451734.000 1726075.000 -3.158 -3.526 -1.335
6451709.000 1726075.000 -4.863 -7.028 -1.551
6451859.000 1726075.000 -99.000 -99.000 -99.000
6451934.000 1726075.000 -99.000 -99.000 -99.000
6451884.000 1726075.000 -99.000 -99.000 -99.000
6451959.000 1726075.000 -99.000 -99.000 -99.000
6451984.000 1726075.000 20.382 -8.327 -0.760
6452009.000 1726075.000 -3.684 -8.364 -0.464
6452034.000 1726075.000 -11.644 -12.408 -0.829
6452059.000 1726075.000 -99.000 -99.000 -99.000
6452084.000 1726075.000 -99.000 -99.000 -99.000
6452109.000 1726075.000 -99.000 -99.000 -99.000
6452159.000 1726075.000 4.102 14.219 -1.707
6452134.000 1726075.000 -5.667 12.921 -1.291
6452259.000 1726075.000 8.584 6.279 -2.571
6452209.000 1726075.000 -21.151 10.425 -2.661
6452184.000 1726075.000 -10.259 11.190 -2.297
6452234.000 1726075.000 -9.348 14.712 -2.596
6452284.000 1726075.000 1.739 14.584 -3.139
6452309.000 1726075.000 -1.247 5.148 -2.994
6452359.000 1726075.000 11.452 13.785 -2.523
6452384.000 1726075.000 1.487 10.031 -2.136
6452434.000 1726075.000 -99.000 -99.000 -99.000
6452334.000 1726075.000 -4.816 0.856 -2.790
6452409.000 1726075.000 -99.000 -99.000 -99.000
6452459.000 1726075.000 -99.000 -99.000 -99.000
6452484.000 1726075.000 -99.000 -99.000 -99.000
6452509.000 1726075.000 19.807 2.481 -2.519
6452534.000 1726075.000 -3.684 5.275 -2.291
6452584.000 1726075.000 -5.429 0.467 -2.238
6452559.000 1726075.000 -1.061 3.419 -2.306
6452659.000 1726075.000 -6.146 15.226 -3.630
6452609.000 1726075.000 -8.842 -1.917 -2.465
6452634.000 1726075.000 -7.821 6.858 -3.107
6452759.000 1726075.000 1.847 -3.477 -2.211
6452684.000 1726075.000 -6.701 9.717 -3.294
6452784.000 1726075.000 -12.818 -3.562 -2.043
6452734.000 1726075.000 11.514 -1.877 -2.266
6452834.000 1726075.000 0.415 -0.918 -0.023
6452809.000 1726075.000 -8.455 -1.530 -1.381
6452709.000 1726075.000 -4.475 0.792 -2.537
6452859.000 1726075.000 0.203 -0.603 -0.055
6452909.000 1726075.000 0.191 -0.452 -0.062
6452884.000 1726075.000 0.189 -0.520 -0.059
6453084.000 1726075.000 0.204 -0.484 -0.064
6452959.000 1726075.000 0.207 -0.488 -0.053
6452934.000 1726075.000 0.106 -0.412 -0.060
6452984.000 1726075.000 0.230 -0.516 -0.054
6453159.000 1726075.000 0.211 -0.516 -0.046
6453134.000 1726075.000 0.204 -0.544 -0.061
6453009.000 1726075.000 0.160 -0.470 -0.056
6453184.000 1726075.000 0.192 -0.513 -0.046
6453059.000 1726075.000 0.257 -0.443 -0.062
6453034.000 1726075.000 0.260 -0.339 -0.059
6453109.000 1726075.000 0.178 -0.515 -0.055
6453234.000 1726075.000 0.147 -0.630 -0.091
6453209.000 1726075.000 0.173 -0.569 -0.081
6453334.000 1726075.000 0.129 -0.698 -0.104
6453259.000 1726075.000 0.139 -0.622 -0.068
6453459.000 1726075.000 0.222 -0.680 -0.083
6453434.000 1726075.000 0.191 -0.706 -0.126
6453509.000 1726075.000 0.208 -0.652 -0.078
6453284.000 1726075.000 0.125 -0.612 -0.076
6453384.000 1726075.000 0.180 -0.743 -0.142
6453309.000 1726075.000 0.156 -0.576 -0.054
6453359.000 1726075.000 0.145 -0.762 -0.149
6453484.000 1726075.000 0.230 -0.661 -0.071
6453534.000 1726075.000 0.203 -0.629 -0.067
6453409.000 1726075.000 0.193 -0.704 -0.119
6453559.000 1726075.000 0.189 -0.571 -0.044
6453584.000 1726075.000 0.106 -0.403 -0.043
6453609.000 1726075.000 0.120 -0.521 -0.030
6453634.000 1726075.000 0.181 -0.536 -0.012
6453684.000 1726075.000 0.057 -0.517 0.001
6453659.000 1726075.000 0.161 -0.475 0.002
6453709.000 1726075.000 -0.021 -0.580 0.002
6453734.000 1726075.000 -0.070 -0.332 0.014
6453759.000 1726075.000 0.125 -0.636 0.016
6453809.000 1726075.000 -0.079 -0.620 0.012
6453834.000 1726075.000 -0.049 -0.665 0.030
6453959.000 1726075.000 0.102 -0.583 0.060
6453784.000 1726075.000 0.053 -0.598 0.017
6453859.000 1726075.000 0.044 -0.544 0.016
6453934.000 1726075.000 -0.002 -0.654 0.048
6453909.000 1726075.000 -0.240 -0.707 0.019
6453884.000 1726075.000 -0.148 -0.499 0.008
6454009.000 1726075.000 0.059 -0.588 0.062
6454034.000 1726075.000 -0.147 -0.666 0.053
6453984.000 1726075.000 0.067 -0.587 0.059
6454084.000 1726075.000 -0.138 -0.547 0.061
6454109.000 1726075.000 -0.248 -0.468 0.058
6454134.000 1726075.000 -0.323 -0.484 0.054
6454159.000 1726075.000 -0.080 -0.640 0.061
6454059.000 1726075.000 -0.214 -0.622 0.054
6454184.000 1726075.000 0.037 -0.694 0.063
6454209.000 1726075.000 0.016 -0.679 0.064
6454234.000 1726075.000 0.034 -0.722 0.063
6454259.000 1726075.000 0.066 -0.744 0.066
6454334.000 1726075.000 -0.036 -0.695 0.073
6454309.000 1726075.000 -0.012 -0.719 0.068
6454384.000 1726075.000 0.124 -0.621 0.080
6454284.000 1726075.000 0.109 -0.764 0.069
6454459.000 1726075.000 0.014 -0.590 0.079
6454359.000 1726075.000 -0.003 -0.681 0.073
6454484.000 1726075.000 -0.143 -0.575 0.079
6454409.000 1726075.000 0.158 -0.574 0.080
6454509.000 1726075.000 -0.137 -0.570 0.078
6454534.000 1726075.000 -0.141 -0.494 0.083
6454434.000 1726075.000 0.157 -0.572 0.082
6451559.000 1726100.000 -11.842 -4.678 -1.858
6451584.000 1726100.000 -9.989 -12.418 -1.661
6451609.000 1726100.000 -3.954 -4.458 -1.302
6451634.000 1726100.000 -7.394 -14.593 -1.293
6451659.000 1726100.000 -7.037 -8.409 -1.434
6451784.000 1726100.000 -6.002 -13.303 -0.732
6451834.000 1726100.000 -99.000 -99.000 -99.000
6451684.000 1726100.000 -1.715 -2.428 -1.576
6451884.000 1726100.000 -99.000 -99.000 -99.000
6451709.000 1726100.000 -3.161 -4.816 -1.606
6451909.000 1726100.000 -99.000 -99.000 -99.000
6451759.000 1726100.000 10.964 -5.996 -0.319
6451734.000 1726100.000 -8.173 -10.490 -1.546
6451809.000 1726100.000 -99.000 -99.000 -99.000
6451859.000 1726100.000 -99.000 -99.000 -99.000
6451934.000 1726100.000 -99.000 -99.000 -99.000
6451959.000 1726100.000 -99.000 -99.000 -99.000
6451984.000 1726100.000 -4.508 2.857 -0.602
6452009.000 1726100.000 22.184 -44.709 -0.275
6452109.000 1726100.000 7.069 -0.336 -1.145
6452084.000 1726100.000 -99.000 -99.000 -99.000
6452034.000 1726100.000 -1.792 -19.489 -1.062
6452159.000 1726100.000 -11.044 11.875 -1.713
6452134.000 1726100.000 -6.869 7.424 -1.227
6452059.000 1726100.000 -0.046 5.120 -1.562
6452209.000 1726100.000 -24.277 -2.215 -2.672
6452184.000 1726100.000 -14.927 -0.873 -2.443
6452259.000 1726100.000 -7.204 -0.698 -2.347
6452234.000 1726100.000 -8.201 11.131 -2.234
6452284.000 1726100.000 -2.942 5.985 -2.957
6452309.000 1726100.000 -0.997 4.443 -2.989
6452334.000 1726100.000 0.675 1.561 -2.727
6452434.000 1726100.000 -16.912 0.906 -1.978
6452459.000 1726100.000 -99.000 -99.000 -99.000
6452359.000 1726100.000 1.520 9.257 -2.231
6452509.000 1726100.000 14.705 6.437 -1.698
6452384.000 1726100.000 -0.745 11.213 -2.089
6452584.000 1726100.000 -3.246 -4.234 -2.553
6452409.000 1726100.000 -2.674 -0.280 -1.988
6452484.000 1726100.000 -37.166 53.046 -2.320
6452534.000 1726100.000 0.392 4.795 -1.998
6452559.000 1726100.000 -18.353 5.590 -2.122
6452634.000 1726100.000 -0.699 -0.645 -3.497
6452659.000 1726100.000 3.211 7.647 -3.657
6452609.000 1726100.000 -9.698 -5.732 -2.920
6452684.000 1726100.000 -3.145 9.665 -3.541
6452709.000 1726100.000 1.725 7.842 -3.163
6452784.000 1726100.000 -8.295 -3.622 -1.679
6452759.000 1726100.000 -9.203 -7.043 -2.272
6452834.000 1726100.000 0.028 -0.649 -0.062
6452884.000 1726100.000 0.132 -0.531 -0.063
6452734.000 1726100.000 -13.290 0.348 -2.646
6452809.000 1726100.000 -0.240 -0.561 -0.031
6452859.000 1726100.000 0.131 -0.565 -0.064
6452909.000 1726100.000 0.145 -0.517 -0.063
6452934.000 1726100.000 0.055 -0.476 -0.060
6452959.000 1726100.000 0.089 -0.618 -0.055
6452984.000 1726100.000 0.152 -0.593 -0.056
6453009.000 1726100.000 0.153 -0.405 -0.058
6453159.000 1726100.000 0.217 -0.594 -0.081
6453034.000 1726100.000 0.239 -0.493 -0.061
6453134.000 1726100.000 0.196 -0.605 -0.086
6453084.000 1726100.000 0.140 -0.564 -0.068
6453184.000 1726100.000 0.180 -0.590 -0.083
6453059.000 1726100.000 0.204 -0.503 -0.062
6453209.000 1726100.000 0.100 -0.641 -0.138
6453109.000 1726100.000 0.133 -0.581 -0.073
6453234.000 1726100.000 0.033 -0.740 -0.191
6453259.000 1726100.000 0.061 -0.691 -0.120
6453284.000 1726100.000 0.121 -0.673 -0.077
6453309.000 1726100.000 0.134 -0.677 -0.084
6453334.000 1726100.000 0.130 -0.682 -0.102
6453434.000 1726100.000 0.178 -0.707 -0.116
6453484.000 1726100.000 0.221 -0.635 -0.064
6453384.000 1726100.000 0.170 -0.732 -0.123
6453534.000 1726100.000 0.236 -0.613 -0.049
6453584.000 1726100.000 0.210 -0.505 -0.049
6453359.000 1726100.000 0.149 -0.738 -0.131
6453409.000 1726100.000 0.146 -0.690 -0.103
6453459.000 1726100.000 0.189 -0.706 -0.112
6453559.000 1726100.000 0.259 -0.599 -0.050
6453509.000 1726100.000 0.241 -0.617 -0.051
6453609.000 1726100.000 0.224 -0.485 -0.044
6453634.000 1726100.000 0.271 -0.559 -0.031
6453659.000 1726100.000 0.283 -0.590 -0.022
6453684.000 1726100.000 0.169 -0.608 -0.040
6453784.000 1726100.000 0.140 -0.650 -0.015
6453834.000 1726100.000 0.067 -0.503 -0.007
6453709.000 1726100.000 0.087 -0.594 -0.030
6453759.000 1726100.000 0.187 -0.649 -0.023
6453859.000 1726100.000 0.168 -0.452 -0.016
6453734.000 1726100.000 0.107 -0.487 -0.027
6453809.000 1726100.000 -0.015 -0.636 -0.011
6453884.000 1726100.000 -0.381 0.194 0.172
6453909.000 1726100.000 -0.660 -0.564 0.130
6453959.000 1726100.000 0.074 -0.609 0.052
6453934.000 1726100.000 0.009 -0.800 0.028
6453984.000 1726100.000 0.030 -0.589 0.051
6454009.000 1726100.000 0.028 -0.641 0.054
6454034.000 1726100.000 -0.034 -0.723 0.053
6454134.000 1726100.000 -0.250 -0.539 0.055
6454059.000 1726100.000 -0.174 -0.623 0.053
6454109.000 1726100.000 -0.103 -0.621 0.060
6454184.000 1726100.000 0.058 -0.723 0.063
6454209.000 1726100.000 0.047 -0.723 0.062
6454159.000 1726100.000 0.054 -0.726 0.064
6454084.000 1726100.000 -0.097 -0.599 0.060
6454234.000 1726100.000 0.038 -0.740 0.059
6454259.000 1726100.000 -0.026 -0.725 0.062
6454284.000 1726100.000 -0.064 -0.716 0.064
6454309.000 1726100.000 -0.031 -0.724 0.071
6454334.000 1726100.000 -0.046 -0.703 0.073
6454359.000 1726100.000 0.070 -0.643 0.077
6454409.000 1726100.000 0.094 -0.615 0.079
6454384.000 1726100.000 0.094 -0.571 0.079
6454434.000 1726100.000 0.144 -0.573 0.079
6454459.000 1726100.000 0.033 -0.588 0.073
6454484.000 1726100.000 -0.035 -0.632 0.070
6454509.000 1726100.000 -0.052 -0.663 0.071
6454534.000 1726100.000 -0.052 -0.663 0.071
6451609.000 1726125.000 1.722 -7.923 -1.420
6451634.000 1726125.000 2.075 -5.921 -1.502
6451809.000 1726125.000 -99.000 -99.000 -99.000
6451784.000 1726125.000 -99.000 -99.000 -99.000
6451684.000 1726125.000 -13.550 -0.757 -1.681
6451759.000 1726125.000 32.588 -12.891 -0.016
6451659.000 1726125.000 -7.635 -7.501 -1.549
6451559.000 1726125.000 -12.683 -6.190 -1.714
6451734.000 1726125.000 -15.097 -11.801 -1.583
6451709.000 1726125.000 -15.754 -2.072 -1.722
6451934.000 1726125.000 -99.000 -99.000 -99.000
6451584.000 1726125.000 -2.102 -3.191 -1.420
6451834.000 1726125.000 -99.000 -99.000 -99.000
6451884.000 1726125.000 -99.000 -99.000 -99.000
6451909.000 1726125.000 -99.000 -99.000 -99.000
6451859.000 1726125.000 -99.000 -99.000 -99.000
6452084.000 1726125.000 -99.000 -99.000 -99.000
6452234.000 1726125.000 -10.768 5.664 -2.244
6452159.000 1726125.000 -3.077 11.753 -2.306
6452034.000 1726125.000 -5.124 18.524 -1.752
6451959.000 1726125.000 -99.000 -99.000 -99.000
6452184.000 1726125.000 -33.267 5.987 -2.930
6452109.000 1726125.000 6.423 2.503 -1.131
6452009.000 1726125.000 -99.000 -99.000 -99.000
6452284.000 1726125.000 -7.182 -0.007 -2.684
6452134.000 1726125.000 -11.958 -0.383 -1.197
6451984.000 1726125.000 -99.000 -99.000 -99.000
6452209.000 1726125.000 -71.577 -8.457 -1.245
6452059.000 1726125.000 -3.639 7.276 -1.859
6452309.000 1726125.000 -4.815 0.174 -2.850
6452334.000 1726125.000 -3.272 -2.193 -2.596
6452259.000 1726125.000 -10.135 -4.494 -2.234
6452359.000 1726125.000 7.602 -0.081 -1.967
6452384.000 1726125.000 0.798 -0.927 -2.078
6452409.000 1726125.000 -1.657 3.234 -2.274
6452509.000 1726125.000 16.044 27.843 -2.391
6452484.000 1726125.000 -47.047 35.747 -2.563
6452534.000 1726125.000 8.331 7.157 -2.171
6452459.000 1726125.000 -30.214 -7.778 -1.971
6452434.000 1726125.000 -12.803 1.143 -2.127
6452659.000 1726125.000 0.802 -2.909 -3.642
6452584.000 1726125.000 11.996 4.319 -3.678
6452559.000 1726125.000 -13.913 16.494 -2.589
6452609.000 1726125.000 4.377 0.553 -3.796
6452634.000 1726125.000 0.691 -1.093 -3.788
6452734.000 1726125.000 -12.972 -7.378 -2.782
6452709.000 1726125.000 -7.524 -4.018 -3.105
6452684.000 1726125.000 5.844 0.888 -3.317
6452784.000 1726125.000 -0.083 -0.618 -0.095
6452834.000 1726125.000 0.132 -0.532 -0.066
6452859.000 1726125.000 0.131 -0.526 -0.065
6452809.000 1726125.000 0.096 -0.539 -0.071
6452759.000 1726125.000 -5.901 -8.429 -2.168
6452884.000 1726125.000 0.132 -0.557 -0.062
6453009.000 1726125.000 0.177 -0.418 -0.058
6452959.000 1726125.000 0.188 -0.585 -0.055
6452909.000 1726125.000 0.171 -0.635 -0.060
6452984.000 1726125.000 0.217 -0.577 -0.057
6452934.000 1726125.000 0.143 -0.587 -0.060
6453084.000 1726125.000 0.172 -0.589 -0.068
6453034.000 1726125.000 0.209 -0.461 -0.059
6453109.000 1726125.000 0.146 -0.623 -0.097
6453059.000 1726125.000 0.144 -0.516 -0.066
6453134.000 1726125.000 0.176 -0.625 -0.109
6453209.000 1726125.000 0.123 -0.657 -0.111
6453184.000 1726125.000 0.155 -0.628 -0.105
6453159.000 1726125.000 0.218 -0.615 -0.101
6453234.000 1726125.000 0.117 -0.696 -0.085
6453284.000 1726125.000 0.124 -0.699 -0.083
6453259.000 1726125.000 0.090 -0.710 -0.102
6453309.000 1726125.000 0.134 -0.716 -0.094
6453334.000 1726125.000 0.127 -0.722 -0.109
6453434.000 1726125.000 0.198 -0.669 -0.070
6453384.000 1726125.000 0.141 -0.738 -0.109
6453359.000 1726125.000 0.152 -0.741 -0.106
6453409.000 1726125.000 0.132 -0.685 -0.093
6453459.000 1726125.000 0.236 -0.641 -0.043
6453484.000 1726125.000 0.236 -0.591 -0.034
6453509.000 1726125.000 0.212 -0.568 -0.043
6453534.000 1726125.000 0.230 -0.537 -0.050
6453584.000 1726125.000 0.215 -0.525 -0.048
6453659.000 1726125.000 0.215 -0.573 -0.033
6453734.000 1726125.000 0.105 -0.468 -0.044
6453559.000 1726125.000 0.203 -0.518 -0.054
6453759.000 1726125.000 0.141 -0.424 -0.040
6453634.000 1726125.000 0.173 -0.562 -0.042
6453609.000 1726125.000 0.196 -0.557 -0.046
6453709.000 1726125.000 0.094 -0.496 -0.044
6453684.000 1726125.000 0.155 -0.560 -0.052
6453784.000 1726125.000 0.212 -0.469 -0.024
6453809.000 1726125.000 0.107 -0.506 -0.031
6453834.000 1726125.000 0.163 -0.384 -0.041
6453859.000 1726125.000 0.143 -0.407 -0.028
6453884.000 1726125.000 0.272 0.816 0.213
6453909.000 1726125.000 -0.516 -0.259 0.106
6453934.000 1726125.000 -0.052 -0.792 -0.005
6453959.000 1726125.000 0.019 -0.616 0.044
6453984.000 1726125.000 -0.027 -0.612 0.046
6454009.000 1726125.000 -0.036 -0.671 0.046
6454059.000 1726125.000 -0.111 -0.607 0.051
6454034.000 1726125.000 -0.052 -0.672 0.048
6454084.000 1726125.000 -0.046 -0.682 0.056
6454109.000 1726125.000 -0.078 -0.659 0.057
6454134.000 1726125.000 -0.077 -0.608 0.058
6454159.000 1726125.000 0.073 -0.704 0.063
6454184.000 1726125.000 0.059 -0.715 0.062
6454209.000 1726125.000 0.029 -0.710 0.057
6454259.000 1726125.000 -0.025 -0.703 0.062
6454234.000 1726125.000 -0.016 -0.697 0.056
6454284.000 1726125.000 -0.058 -0.721 0.065
6454359.000 1726125.000 0.076 -0.563 0.075
6454384.000 1726125.000 0.073 -0.543 0.076
6454409.000 1726125.000 0.020 -0.685 0.077
6454334.000 1726125.000 -0.052 -0.725 0.074
6454309.000 1726125.000 -0.032 -0.716 0.077
6454434.000 1726125.000 0.110 -0.630 0.075
6454484.000 1726125.000 -0.078 -0.676 0.063
6454509.000 1726125.000 -0.068 -0.679 0.061
6454459.000 1726125.000 -0.027 -0.656 0.067
6454534.000 1726125.000 -0.068 -0.677 0.059
6451584.000 1726150.000 -0.518 2.982 -1.479
6451559.000 1726150.000 -0.542 -4.531 -1.503
6451734.000 1726150.000 -3.377 -2.464 -1.465
6451709.000 1726150.000 -15.972 -17.562 -1.773
6451609.000 1726150.000 -0.630 -3.491 -1.730
6451634.000 1726150.000 6.678 -4.849 -1.779
6451659.000 1726150.000 5.810 2.033 -2.036
6451684.000 1726150.000 -13.580 -6.121 -1.985
6451759.000 1726150.000 -99.000 -99.000 -99.000
6451834.000 1726150.000 -99.000 -99.000 -99.000
6451809.000 1726150.000 -99.000 -99.000 -99.000
6451784.000 1726150.000 -99.000 -99.000 -99.000
6451859.000 1726150.000 -99.000 -99.000 -99.000
6451909.000 1726150.000 -99.000 -99.000 -99.000
6451884.000 1726150.000 -99.000 -99.000 -99.000
6451959.000 1726150.000 -99.000 -99.000 -99.000
6451934.000 1726150.000 -99.000 -99.000 -99.000
6452034.000 1726150.000 -3.283 4.361 -1.889
6451984.000 1726150.000 40.000 -21.394 -0.908
6452009.000 1726150.000 -99.000 -99.000 -99.000
6452159.000 1726150.000 -16.406 12.572 -2.772
6452059.000 1726150.000 -99.000 -99.000 -99.000
6452084.000 1726150.000 -99.000 -99.000 -99.000
6452109.000 1726150.000 13.711 20.050 -1.863
6452184.000 1726150.000 -36.181 -1.604 -3.401
6452134.000 1726150.000 9.145 5.070 -2.385
6452209.000 1726150.000 -1.160 -9.295 -2.037
6452234.000 1726150.000 -7.226 -3.759 -2.268
6452284.000 1726150.000 -1.573 2.236 -2.452
6452434.000 1726150.000 -10.065 5.325 -2.203
6452384.000 1726150.000 -1.312 -6.296 -2.023
6452259.000 1726150.000 -0.269 -0.346 -2.316
6452309.000 1726150.000 -10.866 3.241 -2.455
6452359.000 1726150.000 4.744 -4.650 -1.786
6452334.000 1726150.000 -18.103 1.353 -2.369
6452459.000 1726150.000 -8.301 2.439 -2.213
6452559.000 1726150.000 4.764 4.768 -3.606
6452409.000 1726150.000 -5.426 2.269 -2.256
6452509.000 1726150.000 -7.521 11.056 -2.284
6452584.000 1726150.000 0.958 -0.535 -3.847
6452484.000 1726150.000 -9.880 0.778 -2.063
6452534.000 1726150.000 -11.636 6.476 -2.747
6452634.000 1726150.000 -3.649 -9.649 -3.709
6452609.000 1726150.000 -0.124 -2.650 -3.842
6452659.000 1726150.000 -8.073 -11.101 -3.452
6452709.000 1726150.000 -9.796 -3.617 -2.696
6452734.000 1726150.000 -11.494 -8.047 -2.769
6452784.000 1726150.000 0.096 -0.513 -0.073
6452809.000 1726150.000 0.166 -0.456 -0.066
6452684.000 1726150.000 1.110 -1.424 -2.759
6452759.000 1726150.000 0.361 -0.774 -0.060
6452859.000 1726150.000 0.181 -0.505 -0.061
6452834.000 1726150.000 0.167 -0.506 -0.066
6452884.000 1726150.000 0.128 -0.595 -0.058
6452909.000 1726150.000 0.221 -0.539 -0.065
6452934.000 1726150.000 0.200 -0.514 -0.068
6452959.000 1726150.000 0.309 -0.600 -0.056
6452984.000 1726150.000 0.274 -0.394 -0.051
6453034.000 1726150.000 0.182 -0.571 -0.072
6453009.000 1726150.000 0.176 -0.470 -0.060
6453084.000 1726150.000 0.125 -0.584 -0.083
6453184.000 1726150.000 0.137 -0.625 -0.138
6453059.000 1726150.000 0.122 -0.574 -0.087
6453259.000 1726150.000 0.126 -0.715 -0.082
6453109.000 1726150.000 0.114 -0.611 -0.094
6453234.000 1726150.000 0.107 -0.647 -0.105
6453159.000 1726150.000 0.150 -0.596 -0.105
6453134.000 1726150.000 0.131 -0.593 -0.094
6453209.000 1726150.000 0.110 -0.645 -0.148
6453284.000 1726150.000 0.114 -0.725 -0.106
6453309.000 1726150.000 0.132 -0.753 -0.149
6453334.000 1726150.000 0.134 -0.718 -0.133
6453359.000 1726150.000 0.151 -0.692 -0.102
6453384.000 1726150.000 0.155 -0.649 -0.066
6453484.000 1726150.000 0.223 -0.600 -0.034
6453459.000 1726150.000 0.243 -0.675 -0.043
6453409.000 1726150.000 0.149 -0.642 -0.060
6453434.000 1726150.000 0.177 -0.653 -0.049
6453534.000 1726150.000 0.134 -0.607 -0.043
6453509.000 1726150.000 0.153 -0.516 -0.037
6453584.000 1726150.000 0.186 -0.557 -0.024
6453559.000 1726150.000 0.165 -0.588 -0.040
6453609.000 1726150.000 0.207 -0.567 -0.022
6453659.000 1726150.000 0.194 -0.500 -0.022
6453634.000 1726150.000 0.180 -0.541 -0.028
6453684.000 1726150.000 0.121 -0.488 -0.046
6453734.000 1726150.000 0.094 -0.517 -0.036
6453809.000 1726150.000 0.121 -0.479 -0.021
6453834.000 1726150.000 0.174 -0.286 -0.020
6453709.000 1726150.000 0.033 -0.506 -0.037
6453759.000 1726150.000 0.129 -0.461 -0.031
6453784.000 1726150.000 0.131 -0.503 -0.023
6453909.000 1726150.000 0.082 -0.483 -0.006
6453959.000 1726150.000 -0.030 -0.690 0.036
6453884.000 1726150.000 0.169 0.032 -0.004
6453859.000 1726150.000 0.104 0.020 -0.027
6453934.000 1726150.000 -0.179 -0.635 -0.003
6453984.000 1726150.000 -0.005 -0.673 0.042
6454034.000 1726150.000 -0.180 -0.697 0.041
6454009.000 1726150.000 -0.093 -0.657 0.040
6454059.000 1726150.000 -0.189 -0.611 0.044
6454134.000 1726150.000 -0.037 -0.628 0.058
6454159.000 1726150.000 0.070 -0.672 0.060
6454084.000 1726150.000 -0.054 -0.655 0.051
6454109.000 1726150.000 -0.020 -0.617 0.057
6454259.000 1726150.000 0.019 -0.696 0.065
6454184.000 1726150.000 0.072 -0.688 0.060
6454209.000 1726150.000 0.060 -0.690 0.057
6454284.000 1726150.000 -0.008 -0.757 0.064
6454234.000 1726150.000 0.023 -0.676 0.061
6454309.000 1726150.000 0.102 -0.659 0.064
6454334.000 1726150.000 0.053 -0.577 0.064
6454359.000 1726150.000 0.081 -0.618 0.075
6454384.000 1726150.000 0.070 -0.636 0.075
6454409.000 1726150.000 -0.043 -0.620 0.071
6454434.000 1726150.000 -0.068 -0.613 0.071
6454459.000 1726150.000 -0.055 -0.653 0.062
6454484.000 1726150.000 -0.175 -0.625 0.059
6454509.000 1726150.000 -0.165 -0.629 0.060
6454534.000 1726150.000 -0.127 -0.664 0.055
6451709.000 1726175.000 -7.843 -0.978 -1.911
6451559.000 1726175.000 -3.675 -6.042 -1.649
6451584.000 1726175.000 -8.973 -6.894 -1.606
6451734.000 1726175.000 -6.072 -0.541 -1.657
6451659.000 1726175.000 0.170 -4.823 -2.178
6451834.000 1726175.000 -99.000 -99.000 -99.000
6451809.000 1726175.000 -99.000 -99.000 -99.000
6451859.000 1726175.000 -99.000 -99.000 -99.000
6451684.000 1726175.000 -8.570 -2.842 -2.149
6451884.000 1726175.000 -99.000 -99.000 -99.000
6451759.000 1726175.000 -99.000 -99.000 -99.000
6451634.000 1726175.000 0.659 -3.781 -2.091
6451784.000 1726175.000 -99.000 -99.000 -99.000
6451609.000 1726175.000 -1.093 -5.331 -1.954
6451909.000 1726175.000 -99.000 -99.000 -99.000
6451934.000 1726175.000 -99.000 -99.000 -99.000
6452059.000 1726175.000 -99.000 -99.000 -99.000
6452109.000 1726175.000 8.583 1.631 -1.900
6452084.000 1726175.000 -99.000 -99.000 -99.000
6452159.000 1726175.000 6.844 18.393 -3.447
6451959.000 1726175.000 -99.000 -99.000 -99.000
6452034.000 1726175.000 -99.000 -99.000 -99.000
6451984.000 1726175.000 -1.219 -3.328 -0.819
6452009.000 1726175.000 11.088 -6.374 -1.821
6452134.000 1726175.000 36.287 45.159 -3.494
6452184.000 1726175.000 -11.734 -159.131 -1.911
6452234.000 1726175.000 -1.518 5.871 -2.456
6452209.000 1726175.000 2.574 -5.979 -2.143
6452284.000 1726175.000 3.144 0.069 -2.335
6452259.000 1726175.000 3.354 7.133 -2.478
6452309.000 1726175.000 -5.130 4.304 -2.330
6452334.000 1726175.000 6.120 10.089 -1.845
6452359.000 1726175.000 7.657 9.493 -2.275
6452384.000 1726175.000 8.349 1.670 -2.393
6452434.000 1726175.000 -9.646 3.932 -2.299
6452409.000 1726175.000 -5.065 1.952 -2.269
6452459.000 1726175.000 -9.535 4.659 -2.230
6452484.000 1726175.000 -12.243 5.863 -2.265
6452534.000 1726175.000 4.832 4.471 -3.412
6452509.000 1726175.000 -8.539 -8.380 -2.563
6452584.000 1726175.000 -1.463 -1.350 -3.776
6452559.000 1726175.000 3.281 -0.231 -3.643
6452659.000 1726175.000 -7.081 -5.440 -2.118
6452784.000 1726175.000 0.179 -0.475 -0.061
6452609.000 1726175.000 -7.356 -2.419 -3.634
6452809.000 1726175.000 0.101 -0.483 -0.062
6452759.000 1726175.000 0.298 -0.542 -0.057
6452684.000 1726175.000 -10.693 -16.741 -2.503
6452634.000 1726175.000 -22.850 -16.342 -3.387
6452834.000 1726175.000 0.123 -0.388 -0.063
6452709.000 1726175.000 -3.750 -7.909 -2.131
6452734.000 1726175.000 0.324 0.047 -0.043
6452859.000 1726175.000 0.184 -0.395 -0.060
6452884.000 1726175.000 0.137 -0.347 -0.060
6452959.000 1726175.000 0.224 -0.407 -0.052
6452909.000 1726175.000 0.394 -0.322 -0.067
6452934.000 1726175.000 0.233 -0.290 -0.064
6452984.000 1726175.000 0.165 -0.444 -0.053
6453084.000 1726175.000 0.125 -0.568 -0.083
6453034.000 1726175.000 0.140 -0.584 -0.080
6453109.000 1726175.000 0.120 -0.571 -0.088
6453184.000 1726175.000 0.143 -0.560 -0.096
6453009.000 1726175.000 0.145 -0.513 -0.062
6453059.000 1726175.000 0.110 -0.590 -0.096
6453134.000 1726175.000 0.082 -0.572 -0.111
6453259.000 1726175.000 0.184 -0.584 -0.043
6453209.000 1726175.000 0.138 -0.632 -0.152
6453159.000 1726175.000 0.115 -0.541 -0.096
6453234.000 1726175.000 0.204 -0.562 -0.049
6453284.000 1726175.000 0.134 -0.608 -0.074
6453309.000 1726175.000 0.136 -0.626 -0.093
6453334.000 1726175.000 0.160 -0.628 -0.092
6453359.000 1726175.000 0.180 -0.621 -0.077
6453384.000 1726175.000 0.197 -0.606 -0.060
6453409.000 1726175.000 0.181 -0.605 -0.059
6453434.000 1726175.000 0.267 -0.675 -0.062
6453459.000 1726175.000 0.218 -0.601 -0.059
6453484.000 1726175.000 0.130 -0.568 -0.050
6453584.000 1726175.000 0.212 -0.533 -0.019
6453684.000 1726175.000 0.151 -0.499 -0.041
6453734.000 1726175.000 0.083 -0.556 -0.037
6453809.000 1726175.000 0.152 -0.409 -0.011
6453834.000 1726175.000 0.738 -0.437 0.001
6453859.000 1726175.000 0.500 -0.669 -0.025
6453884.000 1726175.000 -0.062 -0.550 -0.045
6453709.000 1726175.000 0.089 -0.578 -0.039
6453759.000 1726175.000 0.086 -0.430 -0.033
6453784.000 1726175.000 0.117 -0.468 -0.023
6453634.000 1726175.000 0.137 -0.564 -0.046
6453534.000 1726175.000 0.215 -0.557 -0.045
6453509.000 1726175.000 0.191 -0.531 -0.043
6453559.000 1726175.000 0.244 -0.567 -0.037
6453659.000 1726175.000 0.150 -0.536 -0.038
6453609.000 1726175.000 0.193 -0.609 -0.034
6454009.000 1726175.000 -0.032 -0.834 0.035
6453984.000 1726175.000 0.094 -0.790 0.036
6453909.000 1726175.000 0.102 -0.590 -0.008
6453934.000 1726175.000 -0.047 -0.621 0.009
6454034.000 1726175.000 -0.179 -0.776 0.038
6454059.000 1726175.000 -0.174 -0.623 0.039
6453959.000 1726175.000 -0.059 -0.715 0.027
6454084.000 1726175.000 -0.093 -0.576 0.043
6454109.000 1726175.000 0.079 -0.677 0.056
6454134.000 1726175.000 0.027 -0.670 0.057
6454309.000 1726175.000 0.121 -0.635 0.065
6454334.000 1726175.000 -0.135 -0.543 0.043
6454434.000 1726175.000 0.051 -0.652 0.073
6454409.000 1726175.000 0.003 -0.614 0.067
6454359.000 1726175.000 -0.072 -0.578 0.035
6454384.000 1726175.000 0.040 -0.666 0.055
6454184.000 1726175.000 -0.033 -0.629 0.053
6454459.000 1726175.000 0.095 -0.675 0.078
6454234.000 1726175.000 0.067 -0.661 0.066
6454209.000 1726175.000 0.037 -0.662 0.065
6454159.000 1726175.000 0.034 -0.669 0.055
6454259.000 1726175.000 0.075 -0.670 0.067
6454284.000 1726175.000 0.069 -0.721 0.065
6454509.000 1726175.000 0.079 -0.620 0.073
6454484.000 1726175.000 0.063 -0.660 0.076
6454534.000 1726175.000 0.090 -0.536 0.066
6451559.000 1726200.000 -3.454 2.152 -2.421
6451584.000 1726200.000 0.186 -8.480 -2.102
6451609.000 1726200.000 -0.470 -10.151 -2.109
6451634.000 1726200.000 -5.512 -5.427 -2.257
6451659.000 1726200.000 -16.067 -0.590 -2.284
6451684.000 1726200.000 -4.162 0.738 -1.965
6451734.000 1726200.000 -99.000 -99.000 -99.000
6451909.000 1726200.000 -99.000 -99.000 -99.000
6451934.000 1726200.000 -99.000 -99.000 -99.000
6451884.000 1726200.000 -99.000 -99.000 -99.000
6451809.000 1726200.000 -99.000 -99.000 -99.000
6451709.000 1726200.000 -4.734 0.935 -1.813
6451859.000 1726200.000 -99.000 -99.000 -99.000
6451784.000 1726200.000 -99.000 -99.000 -99.000
6451834.000 1726200.000 -99.000 -99.000 -99.000
6451759.000 1726200.000 -99.000 -99.000 -99.000
6451984.000 1726200.000 -99.000 -99.000 -99.000
6452034.000 1726200.000 -99.000 -99.000 -99.000
6452009.000 1726200.000 -99.000 -99.000 -99.000
6451959.000 1726200.000 -99.000 -99.000 -99.000
6452109.000 1726200.000 6.259 -8.527 -1.928
6452059.000 1726200.000 -99.000 -99.000 -99.000
6452084.000 1726200.000 13.465 -19.866 -1.675
6452134.000 1726200.000 -1.010 5.515 -2.605
6452184.000 1726200.000 8.548 14.236 -2.637
6452159.000 1726200.000 -99.000 -99.000 -99.000
6452359.000 1726200.000 16.465 3.692 -2.362
6452434.000 1726200.000 -5.122 2.655 -2.375
6452409.000 1726200.000 -4.781 -2.721 -2.259
6452384.000 1726200.000 0.679 -2.041 -2.355
6452209.000 1726200.000 -2.827 13.980 -3.031
6452259.000 1726200.000 -4.603 9.975 -3.367
6452234.000 1726200.000 -5.968 9.736 -3.287
6452284.000 1726200.000 -12.186 8.094 -3.027
6452309.000 1726200.000 -8.305 6.040 -2.742
6452459.000 1726200.000 -2.408 1.795 -2.611
6452334.000 1726200.000 -18.468 24.084 -2.414
6452484.000 1726200.000 0.947 2.151 -2.884
6452509.000 1726200.000 5.769 6.773 -3.323
6452559.000 1726200.000 1.011 -0.243 -3.660
6452534.000 1726200.000 2.140 3.138 -3.535
6452584.000 1726200.000 2.560 -1.892 -3.681
6452609.000 1726200.000 -17.122 -17.381 -3.430
6452634.000 1726200.000 -34.638 -8.955 -2.898
6452684.000 1726200.000 -1.929 -5.047 -1.290
6452659.000 1726200.000 -9.956 -7.426 -1.841
6452834.000 1726200.000 0.002 0.039 -0.054
6452884.000 1726200.000 0.337 -0.331 -0.055
6452909.000 1726200.000 0.317 -0.674 -0.065
6452709.000 1726200.000 0.513 0.046 -0.107
6452934.000 1726200.000 0.261 -0.424 -0.058
6452959.000 1726200.000 0.225 -0.424 -0.054
6452734.000 1726200.000 0.254 -0.052 -0.059
6452784.000 1726200.000 0.193 -0.425 -0.057
6452984.000 1726200.000 0.147 -0.436 -0.059
6453034.000 1726200.000 0.106 -0.571 -0.099
6453009.000 1726200.000 0.108 -0.492 -0.075
6452809.000 1726200.000 -0.040 -0.342 -0.056
6452759.000 1726200.000 0.252 -0.387 -0.059
6453084.000 1726200.000 0.121 -0.597 -0.100
6452859.000 1726200.000 0.175 -0.165 -0.052
6453059.000 1726200.000 0.094 -0.613 -0.118
6453109.000 1726200.000 0.114 -0.586 -0.097
6453159.000 1726200.000 0.129 -0.531 -0.088
6453134.000 1726200.000 0.097 -0.573 -0.107
6453334.000 1726200.000 0.144 -0.537 -0.069
6453359.000 1726200.000 0.138 -0.526 -0.069
6453434.000 1726200.000 0.266 -0.470 -0.062
6453484.000 1726200.000 0.185 -0.492 -0.060
6453234.000 1726200.000 0.210 -0.556 -0.033
6453209.000 1726200.000 0.135 -0.603 -0.110
6453309.000 1726200.000 0.151 -0.540 -0.071
6453184.000 1726200.000 0.139 -0.545 -0.082
6453259.000 1726200.000 0.204 -0.562 -0.033
6453284.000 1726200.000 0.148 -0.566 -0.068
6453409.000 1726200.000 0.227 -0.524 -0.057
6453384.000 1726200.000 0.181 -0.506 -0.058
6453459.000 1726200.000 0.205 -0.419 -0.063
6453584.000 1726200.000 0.239 -0.501 -0.037
6453609.000 1726200.000 0.209 -0.482 -0.053
6453634.000 1726200.000 0.195 -0.482 -0.063
6453659.000 1726200.000 0.161 -0.527 -0.059
6453509.000 1726200.000 0.214 -0.478 -0.057
6453534.000 1726200.000 0.260 -0.537 -0.053
6453559.000 1726200.000 0.256 -0.562 -0.047
6453684.000 1726200.000 0.203 -0.508 -0.046
6453709.000 1726200.000 0.148 -0.569 -0.043
6453734.000 1726200.000 0.129 -0.564 -0.047
6453909.000 1726200.000 0.132 -0.581 -0.031
6453934.000 1726200.000 0.091 -0.706 -0.010
6453984.000 1726200.000 -0.342 -0.553 0.020
6453959.000 1726200.000 -0.225 -0.562 0.016
6453784.000 1726200.000 0.138 -0.369 -0.051
6453759.000 1726200.000 0.120 -0.367 -0.050
6453809.000 1726200.000 0.254 -0.369 -0.039
6453859.000 1726200.000 0.718 -0.295 -0.022
6453834.000 1726200.000 0.777 -0.112 -0.017
6453884.000 1726200.000 0.265 -0.497 -0.044
6454009.000 1726200.000 -0.099 -0.764 0.028
6454059.000 1726200.000 -0.218 -0.500 0.027
6454034.000 1726200.000 -0.113 -0.686 0.030
6454084.000 1726200.000 -0.089 -0.533 0.035
6454109.000 1726200.000 -0.063 -0.572 0.045
6454134.000 1726200.000 0.013 -0.658 0.053
6454159.000 1726200.000 0.006 -0.670 0.051
6454209.000 1726200.000 0.039 -0.660 0.067
6454184.000 1726200.000 -0.024 -0.625 0.053
6454234.000 1726200.000 0.071 -0.641 0.070
6454259.000 1726200.000 0.087 -0.647 0.070
6454384.000 1726200.000 0.099 -0.639 0.078
6454284.000 1726200.000 0.134 -0.718 0.061
6454409.000 1726200.000 0.111 -0.640 0.081
6454309.000 1726200.000 0.105 -0.670 0.060
6454334.000 1726200.000 -0.486 -0.836 -0.162
6454459.000 1726200.000 0.088 -0.567 0.090
6454359.000 1726200.000 -0.070 -0.552 0.061
6454434.000 1726200.000 0.085 -0.617 0.086
6454484.000 1726200.000 0.044 -0.522 0.088
6454509.000 1726200.000 0.071 -0.570 0.083
6454534.000 1726200.000 0.103 -0.603 0.071
6451684.000 1726225.000 -4.530 -11.130 -1.850
6451809.000 1726225.000 -12.532 3.504 -2.423
6451634.000 1726225.000 -10.385 1.666 -2.455
6451659.000 1726225.000 -19.374 0.169 -2.287
6451609.000 1726225.000 -5.133 4.956 -2.675
6451759.000 1726225.000 -99.000 -99.000 -99.000
6451834.000 1726225.000 -99.000 -99.000 -99.000
6451909.000 1726225.000 -99.000 -99.000 -99.000
6451934.000 1726225.000 -99.000 -99.000 -99.000
6451784.000 1726225.000 -11.783 10.919 -2.122
6451559.000 1726225.000 0.171 -0.272 -2.864
6451734.000 1726225.000 -99.000 -99.000 -99.000
6451709.000 1726225.000 -8.899 -7.574 -1.609
6451584.000 1726225.000 0.962 6.014 -2.891
6451884.000 1726225.000 -99.000 -99.000 -99.000
6451859.000 1726225.000 -99.000 -99.000 -99.000
6451959.000 1726225.000 -99.000 -99.000 -99.000
6451984.000 1726225.000 -99.000 -99.000 -99.000
6452034.000 1726225.000 -99.000 -99.000 -99.000
6452109.000 1726225.000 -99.000 -99.000 -99.000
6452009.000 1726225.000 -99.000 -99.000 -99.000
6452059.000 1726225.000 -99.000 -99.000 -99.000
6452084.000 1726225.000 -99.000 -99.000 -99.000
6452134.000 1726225.000 -5.665 -5.736 -2.710
6452159.000 1726225.000 -9.688 4.633 -2.889
6452184.000 1726225.000 -35.150 19.367 -3.520
6452359.000 1726225.000 2.595 0.723 -2.368
6452234.000 1726225.000 -3.742 0.179 -3.375
6452284.000 1726225.000 -5.578 9.041 -2.948
6452384.000 1726225.000 -1.103 -4.446 -2.374
6452259.000 1726225.000 0.374 2.822 -3.533
6452209.000 1726225.000 -9.355 3.035 -2.854
6452309.000 1726225.000 -17.517 23.874 -2.091
6452409.000 1726225.000 -1.815 4.752 -2.257
6452334.000 1726225.000 3.250 8.306 -2.329
6452434.000 1726225.000 -0.610 6.247 -2.562
6452459.000 1726225.000 -1.180 -3.714 -2.893
6452484.000 1726225.000 5.984 0.730 -3.300
6452509.000 1726225.000 1.875 3.862 -3.464
6452534.000 1726225.000 -0.238 -0.154 -3.548
6452584.000 1726225.000 -3.737 -9.787 -3.565
6452559.000 1726225.000 -3.164 -2.611 -3.595
6452609.000 1726225.000 -29.753 -19.657 -2.933
6452684.000 1726225.000 0.306 -0.261 -0.164
6452784.000 1726225.000 0.399 -0.052 -0.060
6452834.000 1726225.000 0.308 0.069 -0.055
6452734.000 1726225.000 0.210 -0.199 -0.067
6452659.000 1726225.000 -3.039 -4.762 -1.310
6452759.000 1726225.000 0.209 -0.342 -0.065
6452634.000 1726225.000 -3.870 -5.511 -1.405
6452809.000 1726225.000 0.091 -0.459 -0.058
6452709.000 1726225.000 0.594 -0.058 -0.049
6452859.000 1726225.000 0.265 -0.135 -0.057
6452909.000 1726225.000 0.294 -0.395 -0.059
6452884.000 1726225.000 0.259 -0.448 -0.060
6453009.000 1726225.000 0.100 -0.531 -0.088
6452959.000 1726225.000 0.171 -0.439 -0.063
6452934.000 1726225.000 0.172 -0.384 -0.059
6452984.000 1726225.000 0.159 -0.458 -0.066
6453034.000 1726225.000 0.136 -0.607 -0.085
6453059.000 1726225.000 0.124 -0.603 -0.098
6453084.000 1726225.000 0.122 -0.569 -0.100
6453109.000 1726225.000 0.126 -0.608 -0.119
6453234.000 1726225.000 0.217 -0.545 -0.036
6453134.000 1726225.000 0.119 -0.622 -0.125
6453184.000 1726225.000 0.141 -0.541 -0.074
6453209.000 1726225.000 0.177 -0.542 -0.053
6453159.000 1726225.000 0.132 -0.579 -0.097
6453334.000 1726225.000 0.144 -0.555 -0.064
6453309.000 1726225.000 0.149 -0.590 -0.065
6453284.000 1726225.000 0.144 -0.603 -0.068
6453259.000 1726225.000 0.212 -0.551 -0.036
6453434.000 1726225.000 0.362 -0.588 -0.057
6453484.000 1726225.000 0.275 -0.520 -0.050
6453459.000 1726225.000 0.277 -0.535 -0.058
6453359.000 1726225.000 0.128 -0.552 -0.066
6453409.000 1726225.000 0.227 -0.550 -0.051
6453384.000 1726225.000 0.191 -0.545 -0.055
6453659.000 1726225.000 0.214 -0.509 -0.065
6453509.000 1726225.000 0.271 -0.483 -0.049
6453534.000 1726225.000 0.244 -0.495 -0.056
6453759.000 1726225.000 0.145 -0.401 -0.066
6453784.000 1726225.000 0.222 -0.394 -0.065
6453609.000 1726225.000 0.310 -0.482 -0.058
6453584.000 1726225.000 0.354 -0.470 -0.047
6453809.000 1726225.000 0.304 -0.435 -0.053
6453559.000 1726225.000 0.284 -0.513 -0.051
6453634.000 1726225.000 0.253 -0.494 -0.066
6453734.000 1726225.000 0.181 -0.557 -0.065
6453709.000 1726225.000 0.180 -0.534 -0.058
6453684.000 1726225.000 0.213 -0.527 -0.059
6453834.000 1726225.000 0.302 -0.268 -0.063
6453884.000 1726225.000 0.061 -0.370 -0.074
6453859.000 1726225.000 0.364 -0.549 -0.070
6453909.000 1726225.000 0.053 -0.359 -0.069
6453984.000 1726225.000 -0.084 -0.664 0.023
6454009.000 1726225.000 -0.013 -0.688 0.028
6454084.000 1726225.000 -0.017 -0.719 0.040
6454034.000 1726225.000 -0.203 -0.345 0.029
6453934.000 1726225.000 0.030 -0.359 -0.041
6453959.000 1726225.000 0.045 -0.654 0.010
6454059.000 1726225.000 -0.746 -0.111 0.024
6454109.000 1726225.000 0.005 -0.650 0.049
6454134.000 1726225.000 -0.003 -0.660 0.053
6454159.000 1726225.000 -0.027 -0.652 0.054
6454209.000 1726225.000 0.054 -0.631 0.069
6454184.000 1726225.000 0.057 -0.631 0.068
6454234.000 1726225.000 0.058 -0.635 0.071
6454284.000 1726225.000 0.103 -0.740 0.064
6454259.000 1726225.000 0.058 -0.675 0.074
6454309.000 1726225.000 0.075 -0.699 0.070
6454334.000 1726225.000 -0.052 -0.569 0.092
6454359.000 1726225.000 0.042 -0.574 0.089
6454384.000 1726225.000 0.066 -0.590 0.088
6454409.000 1726225.000 0.086 -0.593 0.086
6454434.000 1726225.000 0.091 -0.559 0.088
6454459.000 1726225.000 0.058 -0.604 0.092
6451709.000 1726250.000 -25.407 -9.316 -2.035
6454484.000 1726225.000 -0.002 -0.615 0.094
6451609.000 1726250.000 -6.351 5.347 -3.034
6451584.000 1726250.000 -0.686 1.489 -3.118
6451559.000 1726250.000 -0.418 -9.613 -2.991
6454509.000 1726225.000 0.012 -0.602 0.091
6454534.000 1726225.000 0.055 -0.529 0.079
6451734.000 1726250.000 1.441 -0.679 -2.145
6451759.000 1726250.000 -7.465 10.035 -1.930
6451784.000 1726250.000 -15.043 0.700 -2.029
6451634.000 1726250.000 -3.024 3.213 -2.649
6451659.000 1726250.000 -18.443 4.948 -2.658
6451684.000 1726250.000 -24.356 -19.701 -2.054
6451884.000 1726250.000 -99.000 -99.000 -99.000
6452059.000 1726250.000 -99.000 -99.000 -99.000
6452084.000 1726250.000 -99.000 -99.000 -99.000
6452109.000 1726250.000 -99.000 -99.000 -99.000
6451959.000 1726250.000 -99.000 -99.000 -99.000
6451934.000 1726250.000 -99.000 -99.000 -99.000
6451984.000 1726250.000 -99.000 -99.000 -99.000
6451809.000 1726250.000 -4.738 -2.755 -2.389
6451834.000 1726250.000 0.590 -3.468 -2.509
6451859.000 1726250.000 -17.458 0.518 -2.623
6452184.000 1726250.000 -14.113 10.912 -2.739
6452134.000 1726250.000 3.732 8.508 -2.853
6451909.000 1726250.000 -99.000 -99.000 -99.000
6452159.000 1726250.000 -8.357 11.853 -2.987
6452009.000 1726250.000 -99.000 -99.000 -99.000
6452034.000 1726250.000 -99.000 -99.000 -99.000
6452209.000 1726250.000 -17.733 0.124 -2.634
6452234.000 1726250.000 -4.394 0.155 -3.346
6452259.000 1726250.000 0.093 2.305 -3.478
6452284.000 1726250.000 2.560 5.163 -1.731
6452334.000 1726250.000 1.430 7.221 -2.238
6452309.000 1726250.000 -6.089 6.394 -1.548
6452359.000 1726250.000 2.475 5.102 -2.411
6452509.000 1726250.000 3.041 1.296 -3.462
6452459.000 1726250.000 5.006 4.501 -3.359
6452384.000 1726250.000 -3.781 -2.280 -2.446
6452609.000 1726250.000 -0.695 -3.832 -1.086
6452484.000 1726250.000 4.613 3.435 -3.392
6452534.000 1726250.000 -1.005 -5.923 -3.435
6452409.000 1726250.000 -4.552 2.762 -2.493
6452434.000 1726250.000 4.856 3.526 -3.099
6452584.000 1726250.000 -52.380 5.665 -3.265
6452634.000 1726250.000 -4.407 -3.515 -1.315
6452659.000 1726250.000 1.343 -2.058 -0.471
6452684.000 1726250.000 0.363 0.054 -0.045
6452559.000 1726250.000 -6.411 -5.526 -3.368
6452709.000 1726250.000 0.182 -0.074 -0.062
6452759.000 1726250.000 0.602 -0.320 -0.063
6452734.000 1726250.000 0.125 -0.490 -0.071
6452859.000 1726250.000 0.154 -0.381 -0.065
6452784.000 1726250.000 0.861 -0.223 -0.055
6452809.000 1726250.000 0.690 -0.120 -0.055
6452834.000 1726250.000 0.166 -0.407 -0.066
6453009.000 1726250.000 0.112 -0.525 -0.095
6453059.000 1726250.000 0.139 -0.571 -0.088
6453034.000 1726250.000 0.145 -0.564 -0.092
6452934.000 1726250.000 0.188 -0.386 -0.059
6452909.000 1726250.000 0.206 -0.442 -0.063
6452884.000 1726250.000 0.144 -0.501 -0.066
6452959.000 1726250.000 0.148 -0.455 -0.072
6452984.000 1726250.000 0.171 -0.474 -0.075
6453084.000 1726250.000 0.128 -0.563 -0.094
6453184.000 1726250.000 0.154 -0.556 -0.072
6453284.000 1726250.000 0.154 -0.624 -0.073
6453309.000 1726250.000 0.165 -0.602 -0.057
6453334.000 1726250.000 0.176 -0.578 -0.056
6453109.000 1726250.000 0.126 -0.570 -0.098
6453134.000 1726250.000 0.149 -0.573 -0.084
6453159.000 1726250.000 0.169 -0.565 -0.076
6453234.000 1726250.000 0.186 -0.569 -0.046
6453209.000 1726250.000 0.170 -0.555 -0.053
6453259.000 1726250.000 0.190 -0.593 -0.059
6453434.000 1726250.000 0.341 -0.603 -0.058
6453409.000 1726250.000 0.227 -0.622 -0.059
6453359.000 1726250.000 0.167 -0.597 -0.064
6453384.000 1726250.000 0.210 -0.648 -0.066
6453459.000 1726250.000 0.308 -0.547 -0.051
6453509.000 1726250.000 0.285 -0.525 -0.048
6453559.000 1726250.000 0.212 -0.456 -0.059
6453534.000 1726250.000 0.195 -0.492 -0.060
6453484.000 1726250.000 0.303 -0.534 -0.045
6453584.000 1726250.000 0.272 -0.480 -0.061
6453634.000 1726250.000 0.338 -0.542 -0.063
6453659.000 1726250.000 0.284 -0.519 -0.063
6453609.000 1726250.000 0.272 -0.471 -0.062
6453684.000 1726250.000 0.265 -0.526 -0.061
6453784.000 1726250.000 0.157 -0.326 -0.068
6453709.000 1726250.000 0.190 -0.493 -0.065
6453884.000 1726250.000 0.045 -0.302 -0.081
6453759.000 1726250.000 0.166 -0.450 -0.064
6453734.000 1726250.000 0.173 -0.497 -0.065
6453809.000 1726250.000 0.153 -0.411 -0.075
6453834.000 1726250.000 0.291 -0.561 -0.071
6453934.000 1726250.000 -0.180 -0.017 -0.067
6453909.000 1726250.000 -0.124 -0.043 -0.086
6453984.000 1726250.000 0.111 -0.712 0.057
6453859.000 1726250.000 0.380 -0.633 -0.074
6453959.000 1726250.000 0.070 -0.824 0.021
6454009.000 1726250.000 0.012 -0.575 0.061
6454034.000 1726250.000 0.112 -0.640 0.058
6454059.000 1726250.000 -0.119 -0.776 0.048
6454084.000 1726250.000 -0.127 -0.904 0.053
6454109.000 1726250.000 0.027 -0.724 0.063
6454159.000 1726250.000 0.090 -0.621 0.055
6454309.000 1726250.000 0.148 -0.718 0.086
6454284.000 1726250.000 0.144 -0.761 0.082
6454334.000 1726250.000 -0.024 -0.600 0.096
6454259.000 1726250.000 0.042 -0.736 0.074
6454134.000 1726250.000 0.041 -0.686 0.062
6454209.000 1726250.000 0.126 -0.579 0.080
6454234.000 1726250.000 0.077 -0.656 0.075
6454184.000 1726250.000 -0.042 -0.647 0.079
6454359.000 1726250.000 0.011 -0.631 0.088
6454409.000 1726250.000 0.074 -0.596 0.087
6454384.000 1726250.000 0.058 -0.600 0.088
6454434.000 1726250.000 0.039 -0.647 0.088
6454459.000 1726250.000 0.023 -0.609 0.091
6454534.000 1726250.000 0.019 -0.623 0.093
6454484.000 1726250.000 -0.046 -0.587 0.095
6454509.000 1726250.000 -0.037 -0.576 0.091
6451684.000 1726275.000 -7.215 -3.713 -2.751
6451659.000 1726275.000 -9.211 3.760 -2.802
6451759.000 1726275.000 -1.663 5.997 -2.073
6451609.000 1726275.000 0.514 -5.759 -3.020
6451559.000 1726275.000 -1.727 -10.377 -3.045
6451634.000 1726275.000 3.674 -0.428 -2.822
6451834.000 1726275.000 1.218 -2.186 -2.684
6451709.000 1726275.000 7.022 -22.264 -2.333
6451784.000 1726275.000 -9.945 -5.404 -2.047
6451734.000 1726275.000 1.880 -6.393 -2.165
6451809.000 1726275.000 2.629 0.104 -2.596
6451584.000 1726275.000 1.898 -7.131 -3.168
6451909.000 1726275.000 -1.184 1.468 -1.816
6451884.000 1726275.000 -99.000 -99.000 -99.000
6451859.000 1726275.000 -18.913 -6.875 -2.636
6451934.000 1726275.000 -99.000 -99.000 -99.000
6451959.000 1726275.000 5.012 -6.422 -1.114
6451984.000 1726275.000 13.751 7.028 -1.963
6452109.000 1726275.000 9.954 8.728 -2.355
6452209.000 1726275.000 -6.656 3.281 -2.560
6452059.000 1726275.000 -99.000 -99.000 -99.000
6452009.000 1726275.000 42.815 -22.765 -2.563
6452184.000 1726275.000 -3.944 1.525 -2.583
6452034.000 1726275.000 -99.000 -99.000 -99.000
6452084.000 1726275.000 -14.379 14.526 -1.337
6452134.000 1726275.000 4.743 2.725 -2.533
6452159.000 1726275.000 3.298 3.685 -2.724
6452234.000 1726275.000 -2.945 11.254 -2.902
6452259.000 1726275.000 -5.345 24.050 -2.644
6452309.000 1726275.000 -5.609 -8.804 -1.421
6452284.000 1726275.000 -3.993 -4.027 -1.492
6452334.000 1726275.000 4.189 4.472 -2.459
6452359.000 1726275.000 -0.913 1.529 -2.365
6452384.000 1726275.000 8.946 5.518 -2.816
6452409.000 1726275.000 13.151 11.903 -3.340
6452434.000 1726275.000 -2.854 5.608 -3.549
6452459.000 1726275.000 6.480 0.635 -3.532
6452484.000 1726275.000 4.914 2.220 -3.442
6452584.000 1726275.000 -2.495 -2.919 -1.043
6452509.000 1726275.000 -2.232 -5.876 -3.452
6452609.000 1726275.000 -2.612 -3.168 -1.132
6452534.000 1726275.000 -2.993 -8.811 -3.245
6452559.000 1726275.000 -26.676 -17.349 -2.830
6452659.000 1726275.000 0.324 -0.189 -0.045
6452634.000 1726275.000 0.202 -0.044 -0.066
6452709.000 1726275.000 0.059 -0.321 -0.062
6452684.000 1726275.000 0.327 -0.153 -0.051
6452734.000 1726275.000 -0.166 -0.563 -0.068
6452759.000 1726275.000 -0.096 -0.609 -0.069
6452809.000 1726275.000 0.185 -0.468 -0.064
6452784.000 1726275.000 0.382 -0.428 -0.058
6452834.000 1726275.000 0.075 -0.692 -0.071
6452859.000 1726275.000 0.258 -0.565 -0.066
6452934.000 1726275.000 0.198 -0.386 -0.058
6452909.000 1726275.000 0.139 -0.437 -0.061
6452884.000 1726275.000 0.118 -0.508 -0.065
6452959.000 1726275.000 0.157 -0.399 -0.068
6453109.000 1726275.000 0.149 -0.540 -0.083
6453009.000 1726275.000 0.098 -0.493 -0.099
6453084.000 1726275.000 0.144 -0.547 -0.077
6452984.000 1726275.000 0.156 -0.424 -0.075
6453034.000 1726275.000 0.160 -0.540 -0.078
6453059.000 1726275.000 0.159 -0.541 -0.069
6453134.000 1726275.000 0.143 -0.547 -0.087
6453159.000 1726275.000 0.157 -0.557 -0.079
6453184.000 1726275.000 0.135 -0.546 -0.092
6453209.000 1726275.000 0.145 -0.567 -0.078
6453234.000 1726275.000 0.146 -0.608 -0.076
6453259.000 1726275.000 0.149 -0.651 -0.083
6453284.000 1726275.000 0.203 -0.636 -0.086
6453309.000 1726275.000 0.193 -0.601 -0.075
6453509.000 1726275.000 0.154 -0.504 -0.066
6453559.000 1726275.000 0.217 -0.456 -0.062
6453359.000 1726275.000 0.231 -0.623 -0.073
6453384.000 1726275.000 0.244 -0.639 -0.070
6453584.000 1726275.000 0.251 -0.481 -0.063
6453334.000 1726275.000 0.186 -0.487 -0.070
6453434.000 1726275.000 0.329 -0.693 -0.074
6453459.000 1726275.000 0.151 -0.572 -0.067
6453409.000 1726275.000 0.258 -0.640 -0.069
6453609.000 1726275.000 0.241 -0.470 -0.067
6453534.000 1726275.000 0.187 -0.483 -0.064
6453484.000 1726275.000 0.151 -0.552 -0.066
6453634.000 1726275.000 0.259 -0.451 -0.066
6453759.000 1726275.000 0.204 -0.404 -0.057
6453834.000 1726275.000 0.339 -0.641 -0.069
6453659.000 1726275.000 0.263 -0.428 -0.065
6453959.000 1726275.000 0.211 -0.712 0.078
6453684.000 1726275.000 0.277 -0.455 -0.066
6453709.000 1726275.000 0.317 -0.412 -0.072
6453809.000 1726275.000 0.088 -0.399 -0.079
6454034.000 1726275.000 0.168 -0.620 0.079
6453734.000 1726275.000 0.237 -0.438 -0.063
6453884.000 1726275.000 0.042 -0.055 -0.077
6453784.000 1726275.000 0.123 -0.225 -0.059
6453909.000 1726275.000 -0.035 -0.041 -0.084
6454009.000 1726275.000 0.246 -0.656 0.082
6453984.000 1726275.000 0.200 -0.650 0.084
6453934.000 1726275.000 0.698 -0.889 -0.019
6453859.000 1726275.000 0.394 -0.639 -0.070
6454059.000 1726275.000 0.122 -0.613 0.078
6454084.000 1726275.000 0.105 -0.631 0.083
6454134.000 1726275.000 0.109 -0.681 0.068
6454234.000 1726275.000 0.073 -0.614 0.078
6454159.000 1726275.000 0.117 -0.649 0.060
6454209.000 1726275.000 0.069 -0.591 0.082
6454184.000 1726275.000 0.067 -0.577 0.072
6454109.000 1726275.000 0.124 -0.671 0.078
6454259.000 1726275.000 0.045 -0.693 0.075
6454309.000 1726275.000 0.060 -0.544 0.092
6454284.000 1726275.000 0.040 -0.758 0.082
6454334.000 1726275.000 -0.080 -0.705 0.098
6454434.000 1726275.000 0.054 -0.622 0.087
6454409.000 1726275.000 0.072 -0.595 0.086
6454384.000 1726275.000 0.058 -0.593 0.086
6454359.000 1726275.000 0.008 -0.663 0.087
6454459.000 1726275.000 0.052 -0.589 0.088
6454484.000 1726275.000 -0.012 -0.575 0.091
6454509.000 1726275.000 -0.050 -0.562 0.091
6454534.000 1726275.000 -0.047 -0.586 0.094
6451584.000 1726300.000 1.730 -6.616 -3.093
6451559.000 1726300.000 -1.003 -2.815 -3.143
6451609.000 1726300.000 4.437 -6.238 -2.897
6451634.000 1726300.000 1.703 -7.327 -2.813
6451659.000 1726300.000 -4.212 -4.856 -2.762
6451684.000 1726300.000 7.188 10.075 -2.171
6451709.000 1726300.000 -9.549 8.087 -2.075
6451734.000 1726300.000 -4.990 5.636 -1.828
6451809.000 1726300.000 -0.107 -2.919 -2.477
6451784.000 1726300.000 -0.067 -3.296 -2.337
6451834.000 1726300.000 -5.159 -4.396 -2.612
6451759.000 1726300.000 3.727 -3.367 -2.103
6451859.000 1726300.000 -24.134 -6.890 -2.577
6451884.000 1726300.000 -99.000 -99.000 -99.000
6451909.000 1726300.000 -0.350 -20.838 -1.738
6451934.000 1726300.000 -65.100 60.432 -1.596
6451984.000 1726300.000 12.415 8.084 -2.158
6451959.000 1726300.000 -4.797 -0.208 -1.320
6452009.000 1726300.000 8.686 -7.482 -2.802
6452034.000 1726300.000 -99.000 -99.000 -99.000
6452109.000 1726300.000 15.646 14.987 -2.330
6452084.000 1726300.000 -15.407 46.716 -2.724
6452059.000 1726300.000 -99.000 -99.000 -99.000
6452134.000 1726300.000 6.843 12.949 -2.357
6452184.000 1726300.000 -5.855 -0.779 -2.686
6452159.000 1726300.000 2.637 2.955 -2.726
6452234.000 1726300.000 -2.321 8.911 -2.350
6452259.000 1726300.000 -6.078 10.290 -2.128
6452209.000 1726300.000 -1.098 5.184 -2.456
6452284.000 1726300.000 -7.374 7.872 -2.066
6452309.000 1726300.000 2.298 5.291 -2.463
6452334.000 1726300.000 5.716 -2.510 -2.387
6452359.000 1726300.000 -3.382 -5.942 -2.391
6452384.000 1726300.000 16.199 -0.363 -3.389
6452434.000 1726300.000 -7.570 1.487 -3.787
6452409.000 1726300.000 4.131 3.307 -3.714
6452459.000 1726300.000 0.790 3.029 -3.640
6452509.000 1726300.000 -7.310 -8.013 -3.301
6452484.000 1726300.000 -2.523 -1.156 -3.417
6452534.000 1726300.000 -16.068 -33.703 -2.913
6452634.000 1726300.000 0.203 -0.324 -0.054
6452559.000 1726300.000 -2.533 -1.489 -0.869
6452584.000 1726300.000 -2.829 -2.118 -0.972
6452609.000 1726300.000 0.188 -0.338 -0.058
6452659.000 1726300.000 0.140 -0.282 -0.057
6452709.000 1726300.000 0.236 -0.201 -0.056
6452684.000 1726300.000 0.222 -0.162 -0.053
6452734.000 1726300.000 0.160 -0.428 -0.058
6452759.000 1726300.000 0.120 -0.421 -0.057
6452834.000 1726300.000 -0.010 -0.621 -0.067
6452784.000 1726300.000 0.143 -0.412 -0.057
6452859.000 1726300.000 -0.021 -0.553 -0.065
6452809.000 1726300.000 0.134 -0.451 -0.060
6452959.000 1726300.000 0.102 -0.540 -0.072
6452884.000 1726300.000 0.108 -0.547 -0.060
6452909.000 1726300.000 0.126 -0.480 -0.060
6452934.000 1726300.000 0.201 -0.415 -0.057
6453084.000 1726300.000 0.154 -0.519 -0.082
6453109.000 1726300.000 0.155 -0.527 -0.083
6452984.000 1726300.000 0.151 -0.451 -0.061
6453009.000 1726300.000 0.113 -0.471 -0.082
6453059.000 1726300.000 0.169 -0.525 -0.061
6453034.000 1726300.000 0.166 -0.535 -0.066
6453134.000 1726300.000 0.145 -0.522 -0.093
6453284.000 1726300.000 0.205 -0.515 -0.085
6453159.000 1726300.000 0.146 -0.515 -0.097
6453184.000 1726300.000 0.125 -0.505 -0.111
6453209.000 1726300.000 0.148 -0.534 -0.089
6453384.000 1726300.000 0.195 -0.530 -0.072
6453409.000 1726300.000 0.233 -0.538 -0.069
6453234.000 1726300.000 0.139 -0.581 -0.088
6453259.000 1726300.000 0.151 -0.519 -0.085
6453309.000 1726300.000 0.207 -0.496 -0.081
6453534.000 1726300.000 0.246 -0.459 -0.063
6453334.000 1726300.000 0.203 -0.473 -0.077
6453359.000 1726300.000 0.195 -0.485 -0.076
6453434.000 1726300.000 0.202 -0.418 -0.067
6453459.000 1726300.000 0.120 -0.417 -0.068
6453509.000 1726300.000 0.118 -0.484 -0.068
6453484.000 1726300.000 0.113 -0.464 -0.070
6453559.000 1726300.000 0.278 -0.438 -0.063
6453659.000 1726300.000 0.213 -0.380 -0.073
6453684.000 1726300.000 0.249 -0.384 -0.072
6453584.000 1726300.000 0.308 -0.463 -0.059
6453609.000 1726300.000 0.316 -0.464 -0.061
6453634.000 1726300.000 0.263 -0.355 -0.069
6453784.000 1726300.000 0.252 -0.514 -0.066
6453734.000 1726300.000 0.324 -0.387 -0.070
6453709.000 1726300.000 0.322 -0.368 -0.074
6453759.000 1726300.000 0.147 -0.115 -0.059
6453834.000 1726300.000 0.185 -0.582 -0.076
6453809.000 1726300.000 0.118 -0.487 -0.079
6453859.000 1726300.000 0.246 -0.440 -0.075
6453884.000 1726300.000 0.264 -0.343 -0.074
6453934.000 1726300.000 0.454 -0.575 -0.036
6453909.000 1726300.000 0.301 -0.367 -0.079
6453959.000 1726300.000 0.219 -0.685 0.072
6453984.000 1726300.000 0.131 -0.611 0.084
6454009.000 1726300.000 0.155 -0.618 0.082
6454034.000 1726300.000 0.125 -0.644 0.070
6454109.000 1726300.000 0.119 -0.624 0.075
6454084.000 1726300.000 0.091 -0.651 0.075
6454059.000 1726300.000 0.078 -0.684 0.069
6454134.000 1726300.000 0.094 -0.654 0.065
6454159.000 1726300.000 0.211 -0.603 0.071
6454184.000 1726300.000 0.124 -0.550 0.072
6454234.000 1726300.000 0.064 -0.580 0.079
6454209.000 1726300.000 0.066 -0.598 0.075
6454284.000 1726300.000 0.161 -0.575 0.076
6454259.000 1726300.000 0.107 -0.556 0.085
6454309.000 1726300.000 -0.033 -0.508 0.078
6454334.000 1726300.000 -0.104 -0.629 0.089
6454359.000 1726300.000 0.078 -0.637 0.084
6454384.000 1726300.000 0.077 -0.597 0.082
6454409.000 1726300.000 0.076 -0.600 0.083
6454459.000 1726300.000 0.141 -0.652 0.094
6454484.000 1726300.000 0.102 -0.614 0.095
6454434.000 1726300.000 0.113 -0.641 0.090
6454509.000 1726300.000 -0.030 -0.501 0.089
6454534.000 1726300.000 -0.039 -0.474 0.091
6451684.000 1726325.000 7.357 3.140 -1.959
6451809.000 1726325.000 -7.329 13.350 -2.197
6451659.000 1726325.000 -4.322 -1.822 -2.583
6451834.000 1726325.000 -19.309 17.514 -2.038
6451584.000 1726325.000 2.258 2.867 -2.794
6451559.000 1726325.000 1.769 3.241 -2.858
6451709.000 1726325.000 -0.430 -1.290 -1.831
6451884.000 1726325.000 -3.557 21.315 -0.868
6451734.000 1726325.000 -9.705 5.506 -1.800
6451859.000 1726325.000 -19.183 21.825 -1.240
6451759.000 1726325.000 -1.428 -0.202 -2.135
6451609.000 1726325.000 4.251 -4.298 -2.750
6451634.000 1726325.000 -3.834 -4.183 -2.688
6451784.000 1726325.000 -4.035 -1.244 -2.253
6451934.000 1726325.000 -0.880 4.103 -1.130
6451909.000 1726325.000 7.456 10.205 -0.956
6451959.000 1726325.000 -8.864 3.529 -1.464
6452009.000 1726325.000 -99.000 -99.000 -99.000
6451984.000 1726325.000 4.886 30.213 -2.512
6452034.000 1726325.000 -99.000 -99.000 -99.000
6452084.000 1726325.000 -24.110 -4.140 -0.827
6452059.000 1726325.000 10.381 -1.201 -0.838
6452134.000 1726325.000 -6.525 17.120 -2.483
6452109.000 1726325.000 18.284 2.254 -2.265
6452159.000 1726325.000 -3.554 1.892 -2.804
6452184.000 1726325.000 -1.999 0.663 -2.833
6452209.000 1726325.000 -1.329 2.684 -2.534
6452359.000 1726325.000 -13.603 -6.622 -2.614
6452384.000 1726325.000 5.724 -1.843 -3.664
6452434.000 1726325.000 -5.457 -2.637 -3.798
6452409.000 1726325.000 1.732 -0.717 -3.772
6452259.000 1726325.000 -3.276 1.051 -2.155
6452234.000 1726325.000 -1.728 2.038 -2.332
6452284.000 1726325.000 0.202 1.082 -2.351
6452309.000 1726325.000 2.301 -1.001 -2.388
6452459.000 1726325.000 -7.066 -2.450 -3.533
6452334.000 1726325.000 -0.946 -2.487 -2.332
6452484.000 1726325.000 -9.703 -1.696 -3.194
6452509.000 1726325.000 -18.931 -20.573 -3.150
6452534.000 1726325.000 -3.147 -1.142 -0.898
6452559.000 1726325.000 -2.226 -1.438 -0.797
6452584.000 1726325.000 0.185 -0.045 -0.038
6452659.000 1726325.000 0.236 -0.280 -0.056
6452634.000 1726325.000 0.183 -0.383 -0.058
6452684.000 1726325.000 0.342 -0.097 -0.048
6452709.000 1726325.000 0.550 -0.213 -0.049
6452834.000 1726325.000 -0.103 -0.736 -0.072
6452609.000 1726325.000 0.131 -0.350 -0.055
6452909.000 1726325.000 0.116 -0.531 -0.063
6452884.000 1726325.000 0.131 -0.606 -0.062
6452734.000 1726325.000 0.258 -0.296 -0.052
6452784.000 1726325.000 -0.148 -0.295 -0.059
6452759.000 1726325.000 -0.004 -0.295 -0.056
6452984.000 1726325.000 0.127 -0.477 -0.066
6452934.000 1726325.000 0.134 -0.649 -0.076
6452809.000 1726325.000 -0.248 -0.371 -0.063
6452959.000 1726325.000 0.090 -0.552 -0.071
6452859.000 1726325.000 0.033 -0.620 -0.067
6453009.000 1726325.000 0.152 -0.439 -0.070
6453034.000 1726325.000 0.202 -0.524 -0.060
6453059.000 1726325.000 0.192 -0.516 -0.053
6453084.000 1726325.000 0.172 -0.522 -0.070
6453109.000 1726325.000 0.161 -0.514 -0.079
6453159.000 1726325.000 0.183 -0.481 -0.065
6453184.000 1726325.000 0.168 -0.491 -0.072
6453309.000 1726325.000 0.194 -0.519 -0.080
6453134.000 1726325.000 0.196 -0.496 -0.063
6453409.000 1726325.000 0.258 -0.428 -0.064
6453284.000 1726325.000 0.182 -0.504 -0.080
6453359.000 1726325.000 0.164 -0.445 -0.071
6453434.000 1726325.000 0.145 -0.369 -0.064
6453459.000 1726325.000 0.090 -0.468 -0.063
6453484.000 1726325.000 0.129 -0.515 -0.060
6453209.000 1726325.000 0.159 -0.517 -0.076
6453259.000 1726325.000 0.163 -0.506 -0.082
6453234.000 1726325.000 0.124 -0.551 -0.088
6453334.000 1726325.000 0.211 -0.556 -0.079
6453384.000 1726325.000 0.181 -0.438 -0.064
6453509.000 1726325.000 0.197 -0.465 -0.056
6453634.000 1726325.000 0.307 -0.346 -0.064
6453534.000 1726325.000 0.322 -0.460 -0.054
6453709.000 1726325.000 0.350 -0.485 -0.066
6453734.000 1726325.000 0.346 -0.453 -0.070
6453559.000 1726325.000 0.308 -0.440 -0.061
6453759.000 1726325.000 0.279 -0.467 -0.073
6453609.000 1726325.000 0.346 -0.486 -0.050
6453684.000 1726325.000 0.286 -0.382 -0.066
6453659.000 1726325.000 0.248 -0.339 -0.070
6453584.000 1726325.000 0.290 -0.403 -0.064
6453784.000 1726325.000 0.286 -0.515 -0.073
6453809.000 1726325.000 0.418 -0.715 -0.075
6453834.000 1726325.000 0.304 -0.565 -0.079
6453859.000 1726325.000 0.261 -0.393 -0.083
6453884.000 1726325.000 0.229 -0.329 -0.084
6454009.000 1726325.000 0.064 -0.653 0.067
6453984.000 1726325.000 0.087 -0.591 0.078
6454059.000 1726325.000 0.112 -0.723 0.064
6453909.000 1726325.000 0.254 -0.393 -0.089
6453959.000 1726325.000 0.045 -0.879 0.004
6454109.000 1726325.000 0.128 -0.623 0.068
6453934.000 1726325.000 -0.125 -0.354 -0.084
6454034.000 1726325.000 0.018 -0.677 0.064
6454134.000 1726325.000 0.096 -0.613 0.067
6454159.000 1726325.000 0.213 -0.608 0.074
6454084.000 1726325.000 0.101 -0.689 0.065
6454184.000 1726325.000 0.135 -0.560 0.071
6454209.000 1726325.000 0.074 -0.581 0.073
6454234.000 1726325.000 0.058 -0.588 0.079
6454259.000 1726325.000 0.100 -0.581 0.083
6454284.000 1726325.000 0.138 -0.598 0.079
6454334.000 1726325.000 -0.026 -0.629 0.085
6454309.000 1726325.000 0.187 -0.667 0.079
6454359.000 1726325.000 0.018 -0.593 0.079
6454459.000 1726325.000 0.008 -0.590 0.087
6454384.000 1726325.000 0.075 -0.600 0.082
6454434.000 1726325.000 -0.058 -0.548 0.082
6454409.000 1726325.000 0.087 -0.621 0.087
6454484.000 1726325.000 0.008 -0.574 0.091
6454509.000 1726325.000 0.091 -0.563 0.091
6454534.000 1726325.000 0.098 -0.561 0.091
6451709.000 1726350.000 -6.276 -4.089 -1.836
6451734.000 1726350.000 -0.089 0.471 -2.088
6451759.000 1726350.000 -6.195 6.539 -2.192
6451784.000 1726350.000 -1.463 4.202 -1.991
6451559.000 1726350.000 -0.200 -0.155 -2.647
6451584.000 1726350.000 0.769 -0.601 -2.637
6451609.000 1726350.000 -7.985 -4.183 -2.572
6451659.000 1726350.000 -1.119 5.011 -2.227
6451809.000 1726350.000 -7.283 -2.062 -1.862
6451859.000 1726350.000 4.317 9.324 -0.691
6451634.000 1726350.000 -8.297 0.938 -2.391
6451834.000 1726350.000 -20.259 0.187 -1.829
6451684.000 1726350.000 -0.823 3.438 -1.944
6451884.000 1726350.000 -1.045 0.149 -0.738
6451984.000 1726350.000 -1.801 16.483 -2.213
6451959.000 1726350.000 6.429 -2.119 -1.966
6451909.000 1726350.000 13.633 -12.803 -0.858
6451934.000 1726350.000 -3.435 -13.153 -1.270
6452009.000 1726350.000 11.552 16.430 -2.079
6452034.000 1726350.000 -99.000 -99.000 -99.000
6452309.000 1726350.000 -1.271 -3.713 -2.357
6452334.000 1726350.000 -7.633 -3.873 -2.380
6452184.000 1726350.000 3.075 2.566 -2.749
6452159.000 1726350.000 -0.258 8.839 -2.952
6452234.000 1726350.000 -3.072 -0.112 -2.409
6452409.000 1726350.000 0.295 0.042 -3.691
6452284.000 1726350.000 -1.669 -5.322 -2.374
6452434.000 1726350.000 -6.918 -0.020 -3.591
6452359.000 1726350.000 7.753 -0.072 -3.454
6452059.000 1726350.000 2.601 18.096 -1.726
6452384.000 1726350.000 -2.064 -0.411 -3.626
6452109.000 1726350.000 2.664 -1.473 -2.245
6452084.000 1726350.000 0.421 6.508 -1.832
6452259.000 1726350.000 -6.272 -4.630 -2.244
6452209.000 1726350.000 -3.013 -0.059 -2.582
6452134.000 1726350.000 2.838 16.733 -3.054
6452459.000 1726350.000 -13.471 -1.903 -3.248
6452484.000 1726350.000 -27.283 -12.715 -3.144
6452509.000 1726350.000 -16.350 2.822 -1.815
6452534.000 1726350.000 -1.150 -2.333 -0.659
6452584.000 1726350.000 0.184 -0.112 -0.044
6452559.000 1726350.000 0.201 0.269 -0.022
6452609.000 1726350.000 0.146 -0.519 -0.059
6452634.000 1726350.000 0.253 -0.530 -0.059
6452659.000 1726350.000 0.283 -0.182 -0.052
6452709.000 1726350.000 0.132 -0.323 -0.054
6452859.000 1726350.000 0.094 -0.414 -0.064
6452884.000 1726350.000 0.133 -0.558 -0.062
6452959.000 1726350.000 0.172 -0.433 -0.065
6453034.000 1726350.000 0.227 -0.528 -0.057
6452909.000 1726350.000 0.128 -0.546 -0.062
6452934.000 1726350.000 0.162 -0.550 -0.067
6452984.000 1726350.000 0.138 -0.426 -0.074
6453009.000 1726350.000 0.173 -0.386 -0.073
6452684.000 1726350.000 0.351 -0.147 -0.047
6453059.000 1726350.000 0.196 -0.568 -0.045
6453084.000 1726350.000 0.202 -0.528 -0.046
6453109.000 1726350.000 0.203 -0.526 -0.038
6453134.000 1726350.000 0.226 -0.525 -0.026
6453159.000 1726350.000 0.202 -0.513 -0.037
6452734.000 1726350.000 0.240 -0.498 -0.060
6452759.000 1726350.000 0.215 -0.262 -0.054
6452784.000 1726350.000 0.206 -0.149 -0.050
6452809.000 1726350.000 0.191 -0.271 -0.058
6453184.000 1726350.000 0.180 -0.487 -0.066
6452834.000 1726350.000 0.305 -0.231 -0.061
6453209.000 1726350.000 0.172 -0.498 -0.073
6453234.000 1726350.000 0.160 -0.499 -0.079
6453259.000 1726350.000 0.203 -0.424 -0.076
6453284.000 1726350.000 0.180 -0.469 -0.075
6453359.000 1726350.000 0.188 -0.437 -0.069
6453384.000 1726350.000 0.205 -0.426 -0.061
6453334.000 1726350.000 0.209 -0.554 -0.077
6453409.000 1726350.000 0.227 -0.447 -0.058
6453434.000 1726350.000 0.134 -0.399 -0.050
6453559.000 1726350.000 0.284 -0.392 -0.057
6453309.000 1726350.000 0.203 -0.532 -0.074
6453609.000 1726350.000 0.177 -0.281 -0.068
6453784.000 1726350.000 0.273 -0.454 -0.069
6453734.000 1726350.000 0.214 -0.344 -0.054
6453659.000 1726350.000 0.201 -0.273 -0.061
6453634.000 1726350.000 0.169 -0.268 -0.064
6453484.000 1726350.000 0.417 -0.545 -0.052
6453809.000 1726350.000 0.305 -0.431 -0.072
6453509.000 1726350.000 0.384 -0.412 -0.051
6453459.000 1726350.000 0.875 -0.861 -0.052
6453684.000 1726350.000 0.207 -0.268 -0.053
6453584.000 1726350.000 0.249 -0.331 -0.064
6453534.000 1726350.000 0.243 -0.373 -0.056
6453834.000 1726350.000 0.297 -0.388 -0.077
6453709.000 1726350.000 0.163 -0.244 -0.047
6453759.000 1726350.000 0.241 -0.409 -0.063
6453909.000 1726350.000 0.330 -0.552 -0.085
6453934.000 1726350.000 0.084 -0.454 -0.097
6454034.000 1726350.000 0.037 -0.690 0.062
6453884.000 1726350.000 0.318 -0.399 -0.079
6453984.000 1726350.000 0.071 -0.643 0.068
6453959.000 1726350.000 0.123 -0.904 -0.043
6454184.000 1726350.000 0.158 -0.621 0.070
6454109.000 1726350.000 0.133 -0.651 0.059
6454234.000 1726350.000 0.053 -0.589 0.080
6454209.000 1726350.000 0.058 -0.656 0.068
6453859.000 1726350.000 0.256 -0.353 -0.080
6454059.000 1726350.000 0.028 -0.734 0.060
6454009.000 1726350.000 0.064 -0.671 0.062
6454084.000 1726350.000 0.093 -0.711 0.062
6454259.000 1726350.000 0.087 -0.594 0.081
6454159.000 1726350.000 0.152 -0.613 0.072
6454134.000 1726350.000 0.087 -0.610 0.065
6454284.000 1726350.000 0.125 -0.604 0.078
6454309.000 1726350.000 0.195 -0.668 0.079
6454334.000 1726350.000 0.049 -0.671 0.084
6454409.000 1726350.000 -0.056 -0.453 0.069
6454359.000 1726350.000 0.008 -0.630 0.080
6454384.000 1726350.000 0.035 -0.572 0.077
6454434.000 1726350.000 -0.122 -0.418 0.070
6454459.000 1726350.000 -0.091 -0.523 0.074
6454484.000 1726350.000 0.154 -0.687 0.087
6454509.000 1726350.000 0.101 -0.692 0.088
6454534.000 1726350.000 0.069 -0.654 0.089
6451659.000 1726375.000 -5.268 -6.463 -2.155
6451784.000 1726375.000 0.463 0.041 -1.745
6451634.000 1726375.000 -4.060 0.266 -2.184
6451609.000 1726375.000 -9.630 -7.343 -2.368
6451834.000 1726375.000 5.260 15.145 -0.979
6451809.000 1726375.000 -1.320 0.156 -1.512
6451684.000 1726375.000 -9.030 0.480 -1.910
6451759.000 1726375.000 -2.987 1.205 -2.114
6451909.000 1726375.000 -10.033 18.073 -1.839
6451884.000 1726375.000 -19.578 2.946 -0.974
6451934.000 1726375.000 0.311 15.921 -2.326
6451584.000 1726375.000 -1.564 -3.274 -2.456
6451734.000 1726375.000 1.413 -0.189 -2.268
6451709.000 1726375.000 -9.232 -2.937 -1.902
6451559.000 1726375.000 -0.391 -2.434 -2.445
6451859.000 1726375.000 -14.684 1.563 -0.781
6451959.000 1726375.000 1.888 3.383 -2.111
6452109.000 1726375.000 4.691 9.036 -3.231
6452059.000 1726375.000 -0.020 6.151 -1.884
6452084.000 1726375.000 0.308 10.819 -2.730
6451984.000 1726375.000 0.684 12.369 -2.158
6452034.000 1726375.000 -8.301 2.729 -1.978
6452134.000 1726375.000 3.205 1.732 -3.205
6452009.000 1726375.000 4.470 6.128 -2.170
6452159.000 1726375.000 0.747 2.895 -2.967
6452209.000 1726375.000 -5.224 1.001 -2.661
6452184.000 1726375.000 -0.925 1.568 -2.827
6452359.000 1726375.000 6.079 -0.608 -3.416
6452309.000 1726375.000 -6.140 -3.188 -2.319
6452384.000 1726375.000 -3.748 -1.884 -3.631
6452434.000 1726375.000 -13.363 2.055 -3.312
6452409.000 1726375.000 -4.328 -0.965 -3.612
6452259.000 1726375.000 -5.667 -1.650 -2.160
6452234.000 1726375.000 -3.764 -0.306 -2.395
6452284.000 1726375.000 -5.585 -0.026 -2.196
6452334.000 1726375.000 9.093 5.829 -3.147
6452459.000 1726375.000 -21.218 -11.165 -3.064
6452534.000 1726375.000 0.192 0.250 0.072
6452509.000 1726375.000 -3.294 -1.676 -0.664
6452484.000 1726375.000 2.631 -14.019 -1.723
6452559.000 1726375.000 0.454 0.491 0.090
6452584.000 1726375.000 0.448 0.599 0.061
6452634.000 1726375.000 0.416 -0.149 0.029
6452709.000 1726375.000 -1.054 -1.245 -0.030
6452734.000 1726375.000 0.139 -1.578 -0.034
6452684.000 1726375.000 0.409 -0.688 0.001
6452609.000 1726375.000 0.518 -0.481 0.024
6452784.000 1726375.000 1.747 0.080 0.036
6452809.000 1726375.000 0.068 1.112 0.033
6452659.000 1726375.000 2.085 1.071 0.067
6452759.000 1726375.000 1.527 0.277 0.041
6452834.000 1726375.000 -1.103 2.168 0.031
6452884.000 1726375.000 0.181 -0.702 0.010
6452909.000 1726375.000 0.178 -0.476 0.023
6452859.000 1726375.000 0.204 -0.750 0.003
6453009.000 1726375.000 0.143 -0.834 -0.052
6452934.000 1726375.000 -0.077 -0.331 -0.000
6453034.000 1726375.000 0.221 -0.821 -0.005
6453084.000 1726375.000 0.179 -0.590 -0.019
6452984.000 1726375.000 -0.053 -0.809 -0.089
6453059.000 1726375.000 0.175 -0.730 -0.000
6452959.000 1726375.000 -0.113 -0.622 -0.053
6453134.000 1726375.000 0.177 -0.514 -0.056
6453109.000 1726375.000 0.150 -0.523 -0.057
6453334.000 1726375.000 0.233 -0.498 -0.080
6453159.000 1726375.000 0.184 -0.572 -0.061
6453284.000 1726375.000 0.186 -0.453 -0.079
6453234.000 1726375.000 0.176 -0.498 -0.075
6453259.000 1726375.000 0.216 -0.415 -0.075
6453309.000 1726375.000 0.190 -0.472 -0.079
6453384.000 1726375.000 0.214 -0.439 -0.064
6453209.000 1726375.000 0.177 -0.490 -0.079
6453359.000 1726375.000 0.198 -0.460 -0.074
6453409.000 1726375.000 0.223 -0.476 -0.044
6453184.000 1726375.000 0.169 -0.519 -0.080
6453459.000 1726375.000 0.297 -0.504 -0.044
6453434.000 1726375.000 0.292 -0.524 -0.026
6453484.000 1726375.000 0.335 -0.370 -0.056
6453559.000 1726375.000 0.282 -0.390 -0.061
6453709.000 1726375.000 0.244 -0.284 -0.044
6453784.000 1726375.000 0.427 -0.429 -0.064
6453834.000 1726375.000 0.269 -0.378 -0.067
6453609.000 1726375.000 0.274 -0.348 -0.058
6453509.000 1726375.000 0.316 -0.192 -0.061
6453659.000 1726375.000 0.160 -0.330 -0.045
6453684.000 1726375.000 0.179 -0.147 -0.037
6453584.000 1726375.000 0.334 -0.363 -0.055
6453534.000 1726375.000 0.175 -0.279 -0.061
6453759.000 1726375.000 0.252 -0.396 -0.062
6453634.000 1726375.000 0.230 -0.334 -0.054
6453859.000 1726375.000 0.316 -0.354 -0.072
6453884.000 1726375.000 0.307 -0.303 -0.070
6453809.000 1726375.000 0.237 -0.321 -0.063
6453734.000 1726375.000 0.175 -0.298 -0.059
6453909.000 1726375.000 0.363 -0.406 -0.070
6453934.000 1726375.000 0.231 -0.346 -0.069
6453959.000 1726375.000 0.293 -0.392 -0.017
6453984.000 1726375.000 -0.069 -0.790 0.048
6454009.000 1726375.000 0.108 -0.628 0.049
6454084.000 1726375.000 0.041 -0.675 0.053
6454059.000 1726375.000 0.155 -0.587 0.063
6454034.000 1726375.000 0.128 -0.520 0.061
6454109.000 1726375.000 0.133 -0.595 0.054
6454159.000 1726375.000 0.119 -0.579 0.062
6454209.000 1726375.000 -0.027 -0.708 0.041
6454134.000 1726375.000 0.195 -0.462 0.074
6454184.000 1726375.000 0.108 -0.634 0.051
6454234.000 1726375.000 0.109 -0.623 0.078
6454309.000 1726375.000 0.190 -0.575 0.058
6454259.000 1726375.000 0.153 -0.638 0.079
6454284.000 1726375.000 0.307 -0.694 0.070
6454334.000 1726375.000 -0.233 -0.475 0.050
6454359.000 1726375.000 -0.056 -0.390 0.056
6454384.000 1726375.000 0.082 -0.352 0.059
6454409.000 1726375.000 -0.142 -0.274 0.048
6454459.000 1726375.000 -0.012 -0.638 0.057
6454534.000 1726375.000 0.241 -0.353 0.085
6451559.000 1726400.000 0.313 2.589 -2.203
6451659.000 1726400.000 -2.160 -1.774 -1.944
6454434.000 1726375.000 -0.253 -0.455 0.045
6451634.000 1726400.000 2.229 1.939 -2.056
6454509.000 1726375.000 0.116 -0.522 0.083
6451584.000 1726400.000 -4.426 1.173 -2.188
6451784.000 1726400.000 -0.119 -0.656 -1.699
6451759.000 1726400.000 -5.346 1.614 -2.097
6454484.000 1726375.000 0.261 -0.782 0.077
6451734.000 1726400.000 -0.140 0.129 -2.324
6451609.000 1726400.000 2.663 1.345 -2.102
6451684.000 1726400.000 -2.363 -1.868 -1.857
6451709.000 1726400.000 3.833 -2.239 -2.186
6451809.000 1726400.000 0.130 0.692 -1.417
6451834.000 1726400.000 -1.479 4.710 -1.157
6451859.000 1726400.000 -15.905 5.482 -1.290
6451909.000 1726400.000 -13.858 8.013 -2.184
6451884.000 1726400.000 -10.337 12.044 -1.968
6451934.000 1726400.000 10.235 1.757 -2.382
6451959.000 1726400.000 3.335 -5.231 -2.213
6452109.000 1726400.000 -5.086 -15.843 -3.064
6452034.000 1726400.000 -1.226 13.325 -2.435
6452059.000 1726400.000 22.257 12.285 -3.095
6451984.000 1726400.000 -0.591 5.246 -2.323
6452009.000 1726400.000 1.831 2.187 -2.376
6452084.000 1726400.000 1.728 -1.430 -3.126
6452209.000 1726400.000 -4.076 2.038 -2.661
6452234.000 1726400.000 -8.834 6.899 -2.581
6452134.000 1726400.000 1.957 -8.741 -3.006
6452159.000 1726400.000 -0.564 -3.782 -2.878
6452309.000 1726400.000 -4.520 -4.878 -2.512
6452284.000 1726400.000 -4.390 -2.353 -2.248
6452184.000 1726400.000 1.443 -3.279 -2.749
6452384.000 1726400.000 -3.666 -0.275 -3.520
6452409.000 1726400.000 -9.047 1.762 -3.356
6452334.000 1726400.000 8.520 0.027 -3.210
6452259.000 1726400.000 -1.603 1.461 -2.298
6452434.000 1726400.000 -23.549 -9.427 -2.999
6452359.000 1726400.000 2.512 -2.120 -3.406
6452459.000 1726400.000 2.220 -17.461 -2.016
6452659.000 1726400.000 0.602 -1.223 0.087
6452534.000 1726400.000 0.711 -0.882 0.096
6452484.000 1726400.000 -2.315 -3.801 -0.820
6452734.000 1726400.000 0.081 -1.428 0.038
6452709.000 1726400.000 0.241 -1.704 0.053
6452809.000 1726400.000 0.220 -0.900 0.060
6452559.000 1726400.000 1.094 -0.611 0.135
6452634.000 1726400.000 0.268 -1.272 0.110
6452509.000 1726400.000 -0.274 -0.429 0.052
6452759.000 1726400.000 0.439 -1.132 0.043
6452784.000 1726400.000 0.253 -0.759 0.052
6452834.000 1726400.000 0.390 -1.004 0.072
6452684.000 1726400.000 0.720 -1.454 0.077
6452609.000 1726400.000 0.548 -1.340 0.118
6452584.000 1726400.000 0.914 -0.625 0.141
6452859.000 1726400.000 0.424 -0.952 0.088
6452884.000 1726400.000 0.406 -0.938 0.098
6452984.000 1726400.000 0.342 -0.916 0.070
6452959.000 1726400.000 0.363 -1.105 0.069
6453009.000 1726400.000 0.233 -0.788 0.021
6452909.000 1726400.000 0.386 -1.046 0.110
6453034.000 1726400.000 0.235 -0.765 0.023
6453059.000 1726400.000 0.197 -0.730 0.032
6453109.000 1726400.000 0.183 -0.591 -0.000
6453134.000 1726400.000 0.228 -0.618 0.008
6453284.000 1726400.000 0.215 -0.502 -0.089
6453159.000 1726400.000 0.206 -0.618 -0.027
6453309.000 1726400.000 0.204 -0.453 -0.086
6453334.000 1726400.000 0.251 -0.479 -0.083
6453359.000 1726400.000 0.224 -0.483 -0.073
6452934.000 1726400.000 0.309 -0.853 0.103
6453084.000 1726400.000 0.209 -0.682 0.054
6453184.000 1726400.000 0.190 -0.596 -0.062
6453209.000 1726400.000 0.181 -0.548 -0.082
6453234.000 1726400.000 0.185 -0.515 -0.082
6453384.000 1726400.000 0.234 -0.444 -0.061
6453259.000 1726400.000 0.212 -0.451 -0.082
6453409.000 1726400.000 0.252 -0.419 -0.056
6453509.000 1726400.000 0.297 -0.287 -0.065
6453434.000 1726400.000 0.287 -0.423 -0.054
6453559.000 1726400.000 0.330 -0.342 -0.060
6453584.000 1726400.000 0.336 -0.356 -0.053
6453609.000 1726400.000 0.321 -0.363 -0.054
6453459.000 1726400.000 0.319 -0.395 -0.054
6453484.000 1726400.000 0.318 -0.376 -0.060
6453534.000 1726400.000 0.307 -0.288 -0.064
6453634.000 1726400.000 0.320 -0.384 -0.056
6453659.000 1726400.000 0.310 -0.345 -0.053
6453834.000 1726400.000 0.200 -0.288 -0.075
6453884.000 1726400.000 0.331 -0.347 -0.072
6453784.000 1726400.000 0.411 -0.395 -0.067
6453934.000 1726400.000 0.354 -0.155 -0.034
6453684.000 1726400.000 0.412 -0.440 -0.055
6453759.000 1726400.000 0.288 -0.312 -0.063
6453734.000 1726400.000 0.156 -0.249 -0.066
6453909.000 1726400.000 0.401 -0.359 -0.064
6453709.000 1726400.000 0.248 -0.332 -0.062
6453809.000 1726400.000 0.232 -0.289 -0.070
6453859.000 1726400.000 0.257 -0.312 -0.075
6453984.000 1726400.000 0.016 -0.446 0.036
6453959.000 1726400.000 0.380 0.083 0.022
6454009.000 1726400.000 0.085 -0.481 0.041
6454109.000 1726400.000 0.216 -0.545 0.031
6454159.000 1726400.000 0.149 -0.562 0.046
6454034.000 1726400.000 0.132 -0.501 0.048
6454084.000 1726400.000 0.104 -0.616 0.029
6454259.000 1726400.000 0.158 -0.521 0.039
6454134.000 1726400.000 0.210 -0.527 0.042
6454059.000 1726400.000 0.163 -0.594 0.036
6454209.000 1726400.000 0.159 -0.498 0.045
6454309.000 1726400.000 0.080 -0.473 0.035
6454234.000 1726400.000 0.143 -0.520 0.040
6454184.000 1726400.000 0.118 -0.610 0.036
6454334.000 1726400.000 0.062 -0.496 0.038
6454284.000 1726400.000 0.338 -0.651 0.045
6454359.000 1726400.000 0.034 -0.484 0.037
6454384.000 1726400.000 0.091 -0.549 0.037
6454409.000 1726400.000 0.132 -0.586 0.040
6454434.000 1726400.000 0.016 -0.531 0.044
6454459.000 1726400.000 0.090 -0.563 0.046
6454534.000 1726400.000 0.085 -0.566 0.045
6454484.000 1726400.000 0.105 -0.547 0.050
6454509.000 1726400.000 0.006 -0.456 0.050
6451584.000 1726425.000 -2.450 0.837 -2.069
6451734.000 1726425.000 0.044 1.375 -2.373
6451709.000 1726425.000 10.715 5.888 -2.483
6451634.000 1726425.000 3.023 0.363 -1.975
6451609.000 1726425.000 3.891 0.829 -2.037
6451559.000 1726425.000 1.278 1.279 -2.095
6451759.000 1726425.000 -4.028 -3.579 -2.057
6451784.000 1726425.000 -3.771 -5.856 -1.835
6451684.000 1726425.000 -7.356 -6.965 -1.905
6451859.000 1726425.000 6.349 7.972 -2.643
6451659.000 1726425.000 -1.179 -4.160 -1.871
6451884.000 1726425.000 1.938 5.113 -2.570
6451809.000 1726425.000 -4.609 2.583 -1.611
6451834.000 1726425.000 -8.638 -6.792 -1.580
6451934.000 1726425.000 -2.415 3.382 -2.463
6451909.000 1726425.000 -2.838 3.372 -2.599
6452009.000 1726425.000 2.899 6.147 -2.697
6451984.000 1726425.000 2.631 9.684 -2.797
6451959.000 1726425.000 6.317 4.403 -2.568
6452034.000 1726425.000 -8.263 11.118 -2.669
6452059.000 1726425.000 15.341 4.074 -3.053
6452084.000 1726425.000 -11.821 -8.202 -2.977
6452109.000 1726425.000 9.020 2.788 -2.696
6452134.000 1726425.000 2.132 -17.211 -2.554
6452184.000 1726425.000 9.139 1.064 -2.605
6452234.000 1726425.000 -10.305 7.269 -2.635
6452159.000 1726425.000 -7.194 -13.879 -2.550
6452334.000 1726425.000 0.341 0.043 -3.326
6452309.000 1726425.000 4.289 0.984 -3.208
6452259.000 1726425.000 0.751 0.708 -2.591
6452209.000 1726425.000 -2.295 7.141 -2.606
6452284.000 1726425.000 1.431 -0.262 -2.843
6452409.000 1726425.000 -14.721 -7.701 -3.013
6452359.000 1726425.000 -0.993 -1.193 -3.382
6452484.000 1726425.000 0.172 -0.446 0.060
6452384.000 1726425.000 -6.543 -2.874 -3.311
6452459.000 1726425.000 -1.935 -0.369 -0.342
6452434.000 1726425.000 -17.113 -2.247 -2.565
6452509.000 1726425.000 -0.184 -1.233 0.031
6452559.000 1726425.000 0.549 -1.349 0.096
6452609.000 1726425.000 0.762 -0.808 0.123
6452534.000 1726425.000 0.745 -1.393 0.082
6452584.000 1726425.000 0.609 -0.745 0.127
6452684.000 1726425.000 0.594 -0.868 0.087
6452709.000 1726425.000 0.565 -0.813 0.075
6452734.000 1726425.000 -0.049 -0.576 0.046
6452659.000 1726425.000 0.666 -1.119 0.087
6452634.000 1726425.000 0.567 -1.140 0.106
6452784.000 1726425.000 0.388 -0.769 0.034
6452759.000 1726425.000 0.093 -0.643 0.040
6452884.000 1726425.000 0.446 -1.024 0.087
6452859.000 1726425.000 0.334 -0.901 0.070
6452809.000 1726425.000 0.239 -0.871 0.042
6452959.000 1726425.000 0.336 -0.763 0.120
6452984.000 1726425.000 0.388 -0.696 0.143
6452834.000 1726425.000 0.288 -0.872 0.054
6452909.000 1726425.000 0.335 -0.960 0.091
6453009.000 1726425.000 0.281 -0.762 0.057
6453034.000 1726425.000 0.259 -0.784 0.038
6452934.000 1726425.000 0.276 -0.753 0.079
6453059.000 1726425.000 0.261 -0.765 0.061
6453084.000 1726425.000 0.324 -0.790 0.109
6453134.000 1726425.000 0.285 -0.678 0.052
6453109.000 1726425.000 0.338 -0.763 0.097
6453184.000 1726425.000 0.244 -0.619 -0.037
6453159.000 1726425.000 0.264 -0.626 0.018
6453309.000 1726425.000 0.100 -0.282 -0.071
6453259.000 1726425.000 0.281 -0.212 -0.011
6453359.000 1726425.000 0.250 -0.413 -0.050
6453234.000 1726425.000 0.293 -0.520 -0.023
6453209.000 1726425.000 0.266 -0.580 -0.035
6453334.000 1726425.000 0.217 -0.406 -0.066
6453384.000 1726425.000 0.332 -0.451 -0.027
6453434.000 1726425.000 0.360 -0.464 -0.014
6453284.000 1726425.000 0.265 -0.167 -0.059
6453509.000 1726425.000 0.126 -0.921 -0.039
6453534.000 1726425.000 0.316 -0.299 -0.059
6453409.000 1726425.000 0.372 -0.442 -0.016
6453459.000 1726425.000 0.282 -0.486 -0.019
6453484.000 1726425.000 0.170 -0.601 -0.030
6453559.000 1726425.000 0.325 -0.328 -0.055
6453584.000 1726425.000 0.308 -0.359 -0.049
6453759.000 1726425.000 0.336 -0.230 -0.064
6453609.000 1726425.000 0.279 -0.376 -0.044
6453659.000 1726425.000 0.258 -0.265 -0.060
6453784.000 1726425.000 0.441 -0.356 -0.063
6453684.000 1726425.000 0.343 -0.427 -0.075
6453709.000 1726425.000 0.302 -0.316 -0.070
6453834.000 1726425.000 0.214 -0.199 -0.078
6453734.000 1726425.000 0.317 -0.212 -0.066
6453634.000 1726425.000 0.294 -0.373 -0.053
6453859.000 1726425.000 0.199 -0.219 -0.074
6453809.000 1726425.000 0.372 -0.302 -0.072
6453884.000 1726425.000 0.272 -0.238 -0.066
6453909.000 1726425.000 0.503 -0.401 -0.064
6453934.000 1726425.000 -0.045 -0.259 -0.035
6453959.000 1726425.000 -0.123 -0.242 -0.009
6453984.000 1726425.000 -0.028 -0.491 0.035
6454134.000 1726425.000 0.163 -0.523 0.025
6454034.000 1726425.000 0.144 -0.397 0.098
6454059.000 1726425.000 0.180 -0.548 0.041
6454009.000 1726425.000 0.074 -0.471 0.053
6454084.000 1726425.000 0.179 -0.585 0.027
6454109.000 1726425.000 0.134 -0.518 0.026
6454209.000 1726425.000 0.102 -0.520 0.034
6454184.000 1726425.000 0.091 -0.565 0.029
6454159.000 1726425.000 0.103 -0.551 0.029
6454234.000 1726425.000 0.166 -0.517 0.041
6454259.000 1726425.000 0.142 -0.514 0.038
6454309.000 1726425.000 0.240 -0.589 0.040
6454284.000 1726425.000 0.191 -0.554 0.037
6454334.000 1726425.000 0.159 -0.551 0.041
6454359.000 1726425.000 0.133 -0.562 0.040
6454384.000 1726425.000 0.191 -0.586 0.045
6454509.000 1726425.000 0.150 -0.401 0.050
6454484.000 1726425.000 0.073 -0.614 0.044
6454409.000 1726425.000 0.172 -0.587 0.044
6454459.000 1726425.000 0.060 -0.544 0.042
6454434.000 1726425.000 -0.049 -0.493 0.043
6451584.000 1726450.000 0.139 3.769 -2.014
6451559.000 1726450.000 3.780 4.966 -2.014
6454534.000 1726425.000 -0.061 -0.497 0.046
6451659.000 1726450.000 -8.589 -4.740 -1.979
6451634.000 1726450.000 -5.440 -1.836 -1.947
6451609.000 1726450.000 0.290 2.407 -2.006
6451684.000 1726450.000 11.342 9.395 -2.730
6451734.000 1726450.000 1.593 -1.848 -2.363
6451709.000 1726450.000 -2.572 5.865 -2.631
6451759.000 1726450.000 -2.742 -7.103 -2.041
6451784.000 1726450.000 -2.184 -4.496 -1.879
6451809.000 1726450.000 -4.810 -5.907 -1.870
6451834.000 1726450.000 2.574 3.230 -2.438
6451859.000 1726450.000 2.205 4.541 -2.844
6451909.000 1726450.000 -4.652 0.382 -2.766
6451884.000 1726450.000 0.693 -1.036 -2.816
6451959.000 1726450.000 -4.850 7.703 -2.989
6451984.000 1726450.000 -3.645 3.707 -3.122
6451934.000 1726450.000 -5.181 1.685 -2.761
6452009.000 1726450.000 2.770 1.611 -2.900
6452084.000 1726450.000 -13.786 -12.507 -2.791
6452059.000 1726450.000 -4.071 -5.239 -2.855
6452034.000 1726450.000 -1.226 9.060 -2.952
6452109.000 1726450.000 12.703 13.484 -2.396
6452134.000 1726450.000 11.102 11.096 -2.324
6452159.000 1726450.000 1.449 9.159 -2.309
6452184.000 1726450.000 9.568 4.474 -2.539
6452234.000 1726450.000 -5.588 1.363 -2.620
6452209.000 1726450.000 -3.510 3.163 -2.571
6452259.000 1726450.000 0.458 -1.335 -2.863
6452409.000 1726450.000 -12.945 -6.948 -2.786
6452334.000 1726450.000 -0.868 1.212 -3.320
6452309.000 1726450.000 0.285 0.399 -3.296
6452384.000 1726450.000 -18.338 -3.158 -3.033
6452284.000 1726450.000 0.427 -0.543 -3.235
6452359.000 1726450.000 -5.556 -2.134 -3.281
6452434.000 1726450.000 1.366 -3.674 -0.429
6452459.000 1726450.000 0.452 -0.690 0.037
6452484.000 1726450.000 0.442 -0.511 0.051
6452509.000 1726450.000 0.142 -0.801 0.041
6452534.000 1726450.000 0.326 -1.824 0.046
6452559.000 1726450.000 0.433 -1.556 0.068
6452584.000 1726450.000 0.385 -1.017 0.095
6452609.000 1726450.000 0.795 -0.750 0.100
6452634.000 1726450.000 0.037 -1.118 0.073
6452759.000 1726450.000 0.272 -0.690 0.030
6452659.000 1726450.000 -0.165 -1.312 0.053
6452709.000 1726450.000 0.276 -0.956 0.048
6452734.000 1726450.000 -0.001 -0.868 0.027
6452784.000 1726450.000 0.332 -0.658 0.025
6452684.000 1726450.000 -0.069 -1.230 0.053
6452809.000 1726450.000 0.250 -0.879 0.034
6452834.000 1726450.000 0.269 -0.899 0.047
6452859.000 1726450.000 0.281 -0.930 0.058
6452884.000 1726450.000 0.426 -0.975 0.066
6452934.000 1726450.000 0.245 -0.810 0.036
6452909.000 1726450.000 0.330 -0.841 0.071
6452959.000 1726450.000 0.295 -0.676 0.089
6452984.000 1726450.000 0.307 -0.643 0.074
6453009.000 1726450.000 0.306 -0.752 0.054
6453034.000 1726450.000 0.340 -0.805 0.075
6453109.000 1726450.000 0.379 -0.840 0.111
6453059.000 1726450.000 0.345 -0.794 0.089
6453084.000 1726450.000 0.356 -0.828 0.121
6453159.000 1726450.000 0.373 -0.629 0.097
6453134.000 1726450.000 0.424 -0.693 0.145
6453209.000 1726450.000 0.366 -0.688 0.056
6453184.000 1726450.000 0.357 -0.665 0.060
6453234.000 1726450.000 0.357 -0.642 0.036
6453259.000 1726450.000 0.514 -0.471 0.060
6453284.000 1726450.000 0.334 -0.885 0.072
6453309.000 1726450.000 0.378 -0.891 0.048
6453334.000 1726450.000 0.329 -0.750 0.023
6453359.000 1726450.000 0.261 -0.401 0.015
6453384.000 1726450.000 0.527 -0.394 0.036
6453434.000 1726450.000 0.467 -0.762 0.032
6453409.000 1726450.000 0.664 -0.694 0.026
6453484.000 1726450.000 0.204 -0.985 0.022
6453459.000 1726450.000 0.213 -0.808 0.026
6453509.000 1726450.000 0.280 -1.166 0.020
6453534.000 1726450.000 0.368 -0.790 0.042
6453559.000 1726450.000 0.345 -0.448 0.007
6453609.000 1726450.000 0.227 -0.455 0.023
6453634.000 1726450.000 0.196 -0.649 0.002
6453584.000 1726450.000 0.259 -0.469 0.028
6453659.000 1726450.000 0.311 -0.293 0.014
6453684.000 1726450.000 0.569 -0.437 -0.003
6453709.000 1726450.000 0.577 -0.451 -0.016
6453759.000 1726450.000 0.262 -0.441 0.004
6453734.000 1726450.000 0.332 -0.382 -0.013
6453784.000 1726450.000 0.431 -0.490 0.009
6453834.000 1726450.000 0.063 -0.648 -0.022
6453809.000 1726450.000 0.369 -0.962 0.002
6453859.000 1726450.000 0.109 -0.527 -0.021
6453884.000 1726450.000 0.324 -0.195 0.003
6454009.000 1726450.000 0.121 -0.225 0.203
6453909.000 1726450.000 0.305 -0.310 0.024
6453984.000 1726450.000 0.180 -0.405 0.124
6453934.000 1726450.000 0.135 -0.554 0.023
6454034.000 1726450.000 -0.149 -0.172 0.200
6453959.000 1726450.000 -0.057 -0.779 0.018
6454109.000 1726450.000 0.059 -0.517 0.034
6454059.000 1726450.000 -0.143 -0.564 0.119
6454134.000 1726450.000 0.283 -1.141 0.107
6454084.000 1726450.000 0.255 -0.609 0.032
6454159.000 1726450.000 -0.112 -0.601 0.123
6454234.000 1726450.000 0.571 -0.156 0.125
6454209.000 1726450.000 0.722 1.242 0.246
6454184.000 1726450.000 0.101 -0.537 0.091
6454259.000 1726450.000 0.196 -0.820 0.051
6454284.000 1726450.000 0.177 -0.578 0.046
6454309.000 1726450.000 -0.126 -0.083 0.149
6454334.000 1726450.000 0.004 -0.081 0.163
6454359.000 1726450.000 0.053 -0.364 0.155
6454409.000 1726450.000 0.151 -0.558 0.048
6454384.000 1726450.000 -0.073 -0.528 0.110
6454434.000 1726450.000 -0.128 -0.462 0.051
6454459.000 1726450.000 0.177 -0.621 0.063
6454534.000 1726450.000 -0.039 -0.391 0.058
6454509.000 1726450.000 -0.009 -0.316 0.065
6454484.000 1726450.000 0.101 -0.642 0.050
6451809.000 1726475.000 9.337 8.024 -2.660
6451834.000 1726475.000 5.550 0.521 -2.715
6451659.000 1726475.000 9.261 10.522 -3.002
6451684.000 1726475.000 5.619 6.667 -2.874
6451759.000 1726475.000 -8.621 -3.161 -2.158
6451559.000 1726475.000 3.468 1.301 -2.010
6451734.000 1726475.000 1.455 -6.400 -2.312
6451709.000 1726475.000 -2.595 0.455 -2.608
6451584.000 1726475.000 2.878 0.337 -2.040
6451859.000 1726475.000 4.017 -3.534 -2.811
6451609.000 1726475.000 -6.232 -2.475 -2.028
6451634.000 1726475.000 -10.875 -7.670 -2.017
6451884.000 1726475.000 1.149 -2.536 -2.817
6451784.000 1726475.000 -8.341 -4.867 -2.013
6451909.000 1726475.000 -0.977 -1.219 -2.926
6451934.000 1726475.000 -0.973 -0.931 -3.002
6451959.000 1726475.000 1.503 3.311 -3.191
6452009.000 1726475.000 -0.742 0.600 -3.048
6452034.000 1726475.000 -3.021 1.364 -2.967
6451984.000 1726475.000 -2.347 0.686 -3.197
6452084.000 1726475.000 -3.038 -7.088 -2.503
6452109.000 1726475.000 7.481 13.744 -2.083
6452134.000 1726475.000 4.887 11.019 -2.095
6452159.000 1726475.000 4.314 10.182 -2.264
6452184.000 1726475.000 3.697 2.939 -2.485
6452259.000 1726475.000 2.652 -2.723 -3.243
6452059.000 1726475.000 -11.607 0.307 -2.852
6452234.000 1726475.000 -4.399 -1.737 -2.741
6452284.000 1726475.000 0.260 -2.560 -3.325
6452209.000 1726475.000 -4.534 -1.319 -2.580
6452309.000 1726475.000 0.972 0.301 -3.215
6452334.000 1726475.000 0.075 0.085 -3.165
6452359.000 1726475.000 -14.073 -6.109 -3.017
6452384.000 1726475.000 -13.200 -5.912 -2.831
6452409.000 1726475.000 -1.742 -1.421 -0.658
6452434.000 1726475.000 0.854 -0.905 0.025
6452459.000 1726475.000 0.114 -1.218 -0.002
6452534.000 1726475.000 -0.226 -1.361 0.036
6452484.000 1726475.000 0.453 -0.752 0.042
6452509.000 1726475.000 0.195 -0.831 0.037
6452559.000 1726475.000 0.471 -1.056 0.071
6452584.000 1726475.000 -0.317 -1.157 0.070
6452759.000 1726475.000 0.297 -0.885 0.021
6452834.000 1726475.000 0.235 -0.975 0.026
6452784.000 1726475.000 0.266 -0.763 0.022
6452809.000 1726475.000 0.234 -0.908 0.021
6452609.000 1726475.000 0.116 -0.933 0.076
6452634.000 1726475.000 -0.008 -1.099 0.063
6452684.000 1726475.000 0.152 -1.070 0.048
6452659.000 1726475.000 0.161 -1.042 0.058
6452734.000 1726475.000 0.072 -1.063 0.022
6452709.000 1726475.000 0.159 -1.151 0.039
6452859.000 1726475.000 0.268 -1.105 0.040
6452909.000 1726475.000 0.251 -0.769 0.045
6452884.000 1726475.000 0.223 -0.981 0.038
6452959.000 1726475.000 0.291 -0.788 0.049
6452934.000 1726475.000 0.203 -0.841 -0.006
6452984.000 1726475.000 0.288 -0.722 0.035
6453009.000 1726475.000 0.319 -0.725 0.073
6453034.000 1726475.000 0.337 -0.793 0.086
6453084.000 1726475.000 0.334 -0.917 0.045
6453059.000 1726475.000 0.342 -0.871 0.055
6453109.000 1726475.000 0.359 -0.882 0.063
6453259.000 1726475.000 0.443 -1.002 0.082
6453309.000 1726475.000 0.376 -0.901 0.077
6453134.000 1726475.000 0.440 -0.719 0.148
6453359.000 1726475.000 0.431 -1.116 0.059
6453284.000 1726475.000 0.365 -0.923 0.089
6453409.000 1726475.000 0.809 -1.172 0.023
6453184.000 1726475.000 0.343 -0.706 0.062
6453384.000 1726475.000 0.241 -1.173 0.048
6453334.000 1726475.000 0.368 -0.906 0.066
6453434.000 1726475.000 0.416 -0.914 0.024
6453159.000 1726475.000 0.394 -0.666 0.129
6453209.000 1726475.000 0.364 -0.798 0.056
6453234.000 1726475.000 0.354 -0.866 0.057
6453484.000 1726475.000 0.352 -0.964 0.036
6453459.000 1726475.000 0.286 -0.889 0.024
6453534.000 1726475.000 0.420 -1.017 0.065
6453659.000 1726475.000 0.218 -0.881 0.040
6453559.000 1726475.000 0.425 -0.725 0.058
6453759.000 1726475.000 0.346 -0.947 0.076
6453634.000 1726475.000 0.431 -0.794 0.047
6453609.000 1726475.000 0.552 -0.627 0.075
6453859.000 1726475.000 0.040 -0.430 0.036
6453709.000 1726475.000 0.405 -0.688 0.046
6453884.000 1726475.000 0.238 -0.442 0.003
6453734.000 1726475.000 0.443 -0.739 0.058
6453509.000 1726475.000 0.349 -1.165 0.043
6453584.000 1726475.000 0.370 -0.628 0.062
6453684.000 1726475.000 0.277 -0.658 0.042
6453784.000 1726475.000 0.360 -0.801 0.072
6453809.000 1726475.000 0.138 -0.434 0.057
6453834.000 1726475.000 0.057 -0.454 0.038
6453934.000 1726475.000 0.151 -0.671 0.075
6453909.000 1726475.000 0.431 -0.384 0.048
6453984.000 1726475.000 0.451 -0.531 0.186
6453959.000 1726475.000 0.264 -0.680 0.102
6454059.000 1726475.000 -0.015 -0.930 0.183
6454109.000 1726475.000 -0.015 -0.924 0.134
6454009.000 1726475.000 0.548 -0.769 0.226
6454034.000 1726475.000 0.125 -0.824 0.202
6454134.000 1726475.000 0.168 -0.943 0.147
6454084.000 1726475.000 0.206 -0.789 0.157
6454159.000 1726475.000 0.269 -1.112 0.138
6454184.000 1726475.000 0.226 -1.356 0.127
6454209.000 1726475.000 0.255 -1.382 0.121
6454234.000 1726475.000 0.500 -0.956 0.147
6454259.000 1726475.000 0.363 -1.050 0.111
6454284.000 1726475.000 0.199 -1.147 0.072
6454309.000 1726475.000 -0.139 -0.861 0.152
6454359.000 1726475.000 0.028 -0.887 0.178
6454409.000 1726475.000 0.264 -0.669 0.073
6454334.000 1726475.000 -0.084 -0.797 0.172
6454434.000 1726475.000 0.316 -0.604 0.158
6454384.000 1726475.000 0.051 -0.907 0.172
6454484.000 1726475.000 0.146 -0.691 0.062
6454459.000 1726475.000 0.248 -0.538 0.143
6454534.000 1726475.000 0.095 -0.538 0.037
6454509.000 1726475.000 0.259 -0.573 0.052
6451559.000 1726500.000 3.550 -2.201 -2.220
6451584.000 1726500.000 1.545 1.429 -2.211
6451709.000 1726500.000 -2.861 0.620 -2.576
6451734.000 1726500.000 -2.311 -5.515 -2.358
6451609.000 1726500.000 -11.128 -2.610 -2.178
6451659.000 1726500.000 4.493 4.771 -3.119
6451759.000 1726500.000 -7.173 -5.942 -2.327
6451634.000 1726500.000 10.634 6.603 -3.087
6451809.000 1726500.000 -1.212 2.997 -2.793
6451684.000 1726500.000 -4.464 1.923 -2.940
6451784.000 1726500.000 6.463 5.339 -2.771
6451834.000 1726500.000 5.766 -10.578 -2.716
6451934.000 1726500.000 1.981 -3.369 -3.108
6451884.000 1726500.000 4.649 3.729 -2.823
6451909.000 1726500.000 4.917 1.748 -3.088
6451859.000 1726500.000 -5.518 -6.139 -2.701
6452009.000 1726500.000 0.763 -6.330 -2.931
6452034.000 1726500.000 -6.667 -4.590 -2.780
6452109.000 1726500.000 1.015 2.345 -1.899
6452159.000 1726500.000 0.777 1.268 -2.175
6451959.000 1726500.000 3.096 -3.247 -3.190
6451984.000 1726500.000 4.066 -6.029 -3.026
6452209.000 1726500.000 -5.576 -2.007 -2.626
6452084.000 1726500.000 6.021 -0.864 -2.024
6452234.000 1726500.000 8.300 0.234 -3.422
6452134.000 1726500.000 6.538 7.222 -2.022
6452059.000 1726500.000 -5.495 -2.451 -2.659
6452284.000 1726500.000 2.095 -1.024 -3.225
6452259.000 1726500.000 -2.036 -4.123 -3.430
6452309.000 1726500.000 2.581 -1.527 -3.096
6452359.000 1726500.000 -9.433 -8.695 -2.732
6452334.000 1726500.000 -12.233 -9.385 -2.806
6452184.000 1726500.000 0.469 -0.985 -2.467
6452384.000 1726500.000 0.404 -2.601 -0.473
6452409.000 1726500.000 1.235 -0.172 0.096
6452434.000 1726500.000 0.491 -0.586 0.040
6452559.000 1726500.000 0.481 -0.896 0.066
6452709.000 1726500.000 0.066 -1.283 0.040
6452509.000 1726500.000 0.892 -1.362 0.042
6452784.000 1726500.000 0.277 -0.826 0.023
6452634.000 1726500.000 0.062 -0.966 0.063
6452459.000 1726500.000 0.459 -0.901 0.030
6452734.000 1726500.000 0.084 -1.123 0.024
6452659.000 1726500.000 0.340 -1.018 0.060
6452684.000 1726500.000 0.252 -1.124 0.048
6452809.000 1726500.000 0.244 -0.931 0.021
6452834.000 1726500.000 0.313 -1.001 0.033
6452484.000 1726500.000 0.305 -1.013 0.040
6452534.000 1726500.000 1.361 -0.497 0.085
6452584.000 1726500.000 -0.388 -1.080 0.060
6452759.000 1726500.000 0.374 -1.065 0.019
6452609.000 1726500.000 -0.288 -0.892 0.064
6452884.000 1726500.000 0.289 -0.916 0.038
6452934.000 1726500.000 0.332 -0.692 0.068
6452859.000 1726500.000 0.295 -1.052 0.034
6452909.000 1726500.000 0.379 -0.695 0.095
6452959.000 1726500.000 0.301 -0.751 0.061
6453084.000 1726500.000 0.314 -0.874 0.022
6453009.000 1726500.000 0.283 -0.784 0.052
6453109.000 1726500.000 0.358 -0.849 0.043
6453034.000 1726500.000 0.310 -0.799 0.076
6453059.000 1726500.000 0.291 -0.795 0.053
6452984.000 1726500.000 0.300 -0.816 0.066
6453134.000 1726500.000 0.434 -0.729 0.119
6453259.000 1726500.000 0.310 -0.996 0.056
6453159.000 1726500.000 0.380 -0.710 0.103
6453284.000 1726500.000 0.328 -0.971 0.065
6453184.000 1726500.000 0.317 -0.750 0.036
6453384.000 1726500.000 0.277 -0.974 0.035
6453234.000 1726500.000 0.287 -0.924 0.049
6453209.000 1726500.000 0.334 -0.761 0.044
6453309.000 1726500.000 0.364 -0.895 0.057
6453434.000 1726500.000 0.335 -0.764 0.011
6453459.000 1726500.000 0.304 -0.729 0.019
6453409.000 1726500.000 0.535 -0.859 0.009
6453359.000 1726500.000 0.222 -0.988 0.047
6453334.000 1726500.000 0.337 -0.909 0.057
6453484.000 1726500.000 0.320 -0.745 0.024
6453509.000 1726500.000 0.343 -0.876 0.032
6453559.000 1726500.000 0.574 -0.953 0.055
6453609.000 1726500.000 0.371 -0.696 0.035
6453659.000 1726500.000 0.145 -0.776 0.025
6453584.000 1726500.000 0.395 -0.651 0.043
6453734.000 1726500.000 0.372 -0.816 0.035
6453534.000 1726500.000 0.333 -0.975 0.048
6453759.000 1726500.000 0.263 -0.866 0.045
6453784.000 1726500.000 0.291 -0.646 0.040
6453809.000 1726500.000 0.279 -0.628 0.028
6453859.000 1726500.000 -0.019 -0.261 0.015
6453709.000 1726500.000 0.419 -0.725 0.027
6453684.000 1726500.000 0.299 -0.616 0.018
6453834.000 1726500.000 0.013 -0.377 0.033
6453634.000 1726500.000 0.235 -0.828 0.019
6453884.000 1726500.000 0.044 -0.156 -0.020
6453959.000 1726500.000 0.243 -0.740 0.081
6453934.000 1726500.000 0.230 -0.675 0.051
6453984.000 1726500.000 0.329 -0.791 0.121
6454084.000 1726500.000 0.274 -0.874 0.126
6453909.000 1726500.000 0.005 -0.108 -0.023
6454109.000 1726500.000 0.119 -0.931 0.134
6454034.000 1726500.000 0.183 -0.915 0.113
6454159.000 1726500.000 0.147 -0.977 0.132
6454009.000 1726500.000 0.312 -0.927 0.136
6454134.000 1726500.000 0.152 -0.949 0.137
6454234.000 1726500.000 0.283 -0.884 0.099
6454284.000 1726500.000 0.250 -1.059 0.068
6454059.000 1726500.000 1.038 -1.080 0.111
6454309.000 1726500.000 0.125 -0.784 0.093
6454334.000 1726500.000 -0.098 -0.643 0.106
6454184.000 1726500.000 0.283 -1.065 0.118
6454259.000 1726500.000 0.257 -0.945 0.082
6454359.000 1726500.000 -0.092 -0.583 0.101
6454209.000 1726500.000 0.210 -0.969 0.097
6454384.000 1726500.000 0.048 -0.729 0.069
6454409.000 1726500.000 0.145 -0.927 0.024
6454434.000 1726500.000 0.189 -0.840 0.043
6454459.000 1726500.000 0.332 -0.884 0.055
6454534.000 1726500.000 0.357 -0.143 0.040
6454484.000 1726500.000 0.153 -0.944 0.051
6454509.000 1726500.000 0.092 -1.072 0.043
6451684.000 1726525.000 -0.840 -0.118 -2.865
6451784.000 1726525.000 -7.198 -1.975 -2.926
6451659.000 1726525.000 -2.715 4.118 -3.211
6451834.000 1726525.000 9.990 2.846 -2.326
6451809.000 1726525.000 -7.225 -5.617 -2.898
6451634.000 1726525.000 7.744 5.873 -3.253
6451609.000 1726525.000 -5.545 9.582 -2.819
6451759.000 1726525.000 0.912 7.184 -2.869
6451884.000 1726525.000 8.158 -0.631 -2.985
6451909.000 1726525.000 -0.751 -6.889 -3.086
6451559.000 1726525.000 1.644 6.053 -2.672
6451859.000 1726525.000 -6.292 -5.605 -2.477
6451709.000 1726525.000 1.730 3.401 -2.691
6451934.000 1726525.000 -1.626 -5.510 -3.024
6451584.000 1726525.000 0.114 4.085 -2.624
6451734.000 1726525.000 1.453 8.266 -2.767
6451959.000 1726525.000 -5.382 -5.398 -2.796
6452034.000 1726525.000 -9.628 5.405 -2.479
6452009.000 1726525.000 0.236 -0.219 -2.624
6452234.000 1726525.000 6.404 -0.945 -3.535
6452159.000 1726525.000 -7.898 -3.534 -2.138
6452059.000 1726525.000 -3.400 9.443 -2.097
6452209.000 1726525.000 -1.921 2.270 -3.410
6451984.000 1726525.000 -1.095 -10.208 -2.616
6452259.000 1726525.000 -0.805 -1.326 -3.322
6452109.000 1726525.000 3.027 -10.454 -1.975
6452334.000 1726525.000 -2.895 -1.751 -0.899
6452084.000 1726525.000 4.346 -7.260 -1.915
6452309.000 1726525.000 -15.260 -7.082 -2.963
6452134.000 1726525.000 1.039 -1.403 -2.044
6452184.000 1726525.000 -5.344 -2.668 -2.648
6452284.000 1726525.000 -3.231 -2.510 -3.180
6452359.000 1726525.000 0.156 -0.837 -0.092
6452409.000 1726525.000 0.438 -0.812 0.022
6452384.000 1726525.000 0.253 -0.627 0.021
6452484.000 1726525.000 0.406 -1.237 0.032
6452434.000 1726525.000 0.344 -0.886 0.015
6452509.000 1726525.000 0.384 -1.299 0.030
6452459.000 1726525.000 0.463 -1.122 0.021
6452559.000 1726525.000 0.294 -1.133 0.052
6452534.000 1726525.000 0.160 -1.152 0.042
6452584.000 1726525.000 0.136 -1.195 0.053
6452634.000 1726525.000 0.275 -1.133 0.048
6452684.000 1726525.000 0.230 -1.164 0.036
6452659.000 1726525.000 0.279 -1.192 0.046
6452609.000 1726525.000 -0.044 -1.097 0.052
6452759.000 1726525.000 0.423 -0.891 0.020
6452709.000 1726525.000 0.109 -1.225 0.032
6452734.000 1726525.000 0.158 -1.067 0.021
6452784.000 1726525.000 0.352 -0.863 0.030
6452809.000 1726525.000 0.417 -0.761 0.029
6452834.000 1726525.000 0.554 -0.728 0.049
6452859.000 1726525.000 0.465 -0.815 0.050
6452884.000 1726525.000 0.367 -0.741 0.073
6452909.000 1726525.000 0.379 -0.675 0.094
6452959.000 1726525.000 0.319 -0.688 0.071
6453109.000 1726525.000 0.302 -0.755 0.052
6453034.000 1726525.000 0.286 -0.716 0.039
6453009.000 1726525.000 0.302 -0.745 0.050
6453209.000 1726525.000 0.306 -0.761 0.026
6452934.000 1726525.000 0.336 -0.667 0.062
6453184.000 1726525.000 0.290 -0.807 0.018
6452984.000 1726525.000 0.307 -0.764 0.058
6453084.000 1726525.000 0.290 -0.716 0.057
6453159.000 1726525.000 0.311 -0.765 0.022
6453134.000 1726525.000 0.373 -0.788 0.027
6453059.000 1726525.000 0.301 -0.674 0.057
6453234.000 1726525.000 0.330 -0.848 0.043
6453359.000 1726525.000 0.297 -0.839 0.028
6453434.000 1726525.000 0.329 -0.595 -0.003
6453484.000 1726525.000 0.293 -0.655 0.013
6453259.000 1726525.000 0.335 -0.893 0.041
6453309.000 1726525.000 0.371 -0.970 0.043
6453284.000 1726525.000 0.383 -1.020 0.051
6453334.000 1726525.000 0.310 -0.884 0.035
6453384.000 1726525.000 0.318 -0.730 0.018
6453409.000 1726525.000 0.328 -0.669 -0.001
6453509.000 1726525.000 0.344 -0.763 0.021
6453459.000 1726525.000 0.318 -0.640 0.012
6453559.000 1726525.000 0.587 -0.851 0.040
6453534.000 1726525.000 0.341 -0.889 0.032
6453584.000 1726525.000 0.394 -0.746 0.023
6453609.000 1726525.000 0.291 -0.801 0.020
6453634.000 1726525.000 0.083 -0.613 0.014
6453659.000 1726525.000 0.078 -0.531 0.009
6453684.000 1726525.000 0.252 -0.614 0.009
6453709.000 1726525.000 0.356 -0.819 0.023
6453734.000 1726525.000 0.364 -0.852 0.023
6453759.000 1726525.000 0.272 -0.826 0.021
6453809.000 1726525.000 0.271 -0.620 0.024
6453834.000 1726525.000 -0.016 -0.302 0.025
6453884.000 1726525.000 0.057 -0.181 -0.019
6453784.000 1726525.000 0.242 -0.654 0.027
6453859.000 1726525.000 -0.014 -0.135 -0.007
6453909.000 1726525.000 0.008 -0.097 -0.030
6454034.000 1726525.000 0.707 -0.336 0.093
6453934.000 1726525.000 0.329 -0.636 0.055
6453984.000 1726525.000 0.299 -0.798 0.077
6453959.000 1726525.000 0.278 -0.731 0.073
6454009.000 1726525.000 0.435 -0.740 0.082
6454059.000 1726525.000 0.096 -0.737 0.107
6454084.000 1726525.000 0.258 -0.945 0.115
6454109.000 1726525.000 0.161 -0.892 0.118
6454334.000 1726525.000 0.236 -0.788 0.086
6454209.000 1726525.000 0.204 -0.984 0.087
6454234.000 1726525.000 0.127 -1.042 0.060
6454184.000 1726525.000 0.203 -0.985 0.112
6454159.000 1726525.000 0.225 -1.009 0.119
6454134.000 1726525.000 0.069 -0.848 0.120
6454284.000 1726525.000 0.367 -0.842 0.086
6454359.000 1726525.000 0.140 -0.727 0.084
6454459.000 1726525.000 0.178 -0.783 0.047
6454259.000 1726525.000 0.051 -1.187 0.036
6454384.000 1726525.000 0.096 -0.831 0.053
6454309.000 1726525.000 0.401 -0.808 0.092
6454484.000 1726525.000 0.233 -0.628 0.048
6454509.000 1726525.000 0.159 -0.588 0.048
6454409.000 1726525.000 0.074 -0.888 0.044
6454434.000 1726525.000 0.094 -0.840 0.046
6454534.000 1726525.000 0.127 -0.674 0.060
6451734.000 1726550.000 3.176 0.626 -2.879
6451559.000 1726550.000 0.488 2.052 -2.993
6451609.000 1726550.000 14.077 5.967 -3.308
6451584.000 1726550.000 4.031 6.282 -3.105
6451684.000 1726550.000 6.966 2.018 -2.698
6451834.000 1726550.000 1.474 3.588 -2.455
6451859.000 1726550.000 5.205 7.026 -2.643
6451709.000 1726550.000 5.402 -0.881 -2.776
6451659.000 1726550.000 -2.663 -3.910 -3.026
6451784.000 1726550.000 -0.918 -7.663 -2.971
6451634.000 1726550.000 3.890 0.604 -3.217
6451809.000 1726550.000 -3.702 1.436 -2.711
6451934.000 1726550.000 -14.680 2.302 -2.300
6451759.000 1726550.000 1.032 -2.404 -2.949
6451884.000 1726550.000 -6.199 -2.846 -2.910
6451909.000 1726550.000 -5.067 -8.727 -2.873
6451959.000 1726550.000 1.826 0.744 -1.831
6452084.000 1726550.000 2.324 -5.623 -2.033
6452109.000 1726550.000 -2.939 -6.574 -2.056
6452009.000 1726550.000 6.848 1.077 -2.500
6452059.000 1726550.000 -1.918 -2.392 -1.994
6451984.000 1726550.000 1.693 -2.263 -2.197
6452034.000 1726550.000 4.110 0.117 -2.177
6452134.000 1726550.000 -4.486 -1.337 -1.998
6452184.000 1726550.000 13.501 5.183 -3.788
6452259.000 1726550.000 -10.352 -8.670 -3.475
6452209.000 1726550.000 10.073 0.432 -3.913
6452159.000 1726550.000 -10.667 2.146 -2.567
6452309.000 1726550.000 -10.849 -10.781 -2.952
6452284.000 1726550.000 -19.230 -7.880 -3.185
6452234.000 1726550.000 0.585 -3.808 -3.693
6452359.000 1726550.000 0.056 -0.664 0.002
6452384.000 1726550.000 -0.017 -0.824 0.002
6452409.000 1726550.000 0.398 -0.806 0.010
6452334.000 1726550.000 0.148 -1.024 -0.108
6452484.000 1726550.000 0.320 -0.752 0.026
6452434.000 1726550.000 0.361 -0.702 0.008
6452459.000 1726550.000 0.365 -0.640 0.016
6452509.000 1726550.000 0.087 -0.919 0.018
6452584.000 1726550.000 0.291 -0.843 0.040
6452534.000 1726550.000 0.080 -0.898 0.031
6452559.000 1726550.000 0.288 -0.775 0.040
6452734.000 1726550.000 0.135 -0.831 0.013
6452759.000 1726550.000 0.217 -0.745 0.012
6452784.000 1726550.000 0.349 -0.633 0.012
6452934.000 1726550.000 0.359 -0.595 0.037
6452859.000 1726550.000 0.430 -0.720 0.038
6452834.000 1726550.000 0.367 -0.501 -0.003
6452884.000 1726550.000 0.406 -0.695 0.071
6452909.000 1726550.000 0.435 -0.646 0.075
6452609.000 1726550.000 0.301 -0.986 0.041
6452634.000 1726550.000 0.278 -1.031 0.036
6453009.000 1726550.000 0.330 -0.743 0.047
6452959.000 1726550.000 0.343 -0.595 0.059
6452984.000 1726550.000 0.303 -0.687 0.059
6452659.000 1726550.000 0.379 -1.004 0.032
6453034.000 1726550.000 0.299 -0.707 0.024
6452684.000 1726550.000 0.318 -1.038 0.022
6453059.000 1726550.000 0.266 -0.620 0.006
6452709.000 1726550.000 -0.034 -1.155 0.021
6452809.000 1726550.000 0.360 -0.484 0.006
6453084.000 1726550.000 0.254 -0.656 0.016
6453259.000 1726550.000 0.343 -0.822 0.030
6453359.000 1726550.000 0.377 -0.837 0.022
6453159.000 1726550.000 0.293 -0.784 0.006
6453109.000 1726550.000 0.234 -0.728 0.001
6453134.000 1726550.000 0.238 -0.714 -0.004
6453409.000 1726550.000 0.384 -0.733 0.015
6453184.000 1726550.000 0.296 -0.870 0.018
6453284.000 1726550.000 0.340 -0.815 0.026
6453309.000 1726550.000 0.262 -0.901 0.026
6453484.000 1726550.000 0.279 -0.632 0.004
6453209.000 1726550.000 0.332 -0.803 0.025
6453234.000 1726550.000 0.351 -0.836 0.036
6453334.000 1726550.000 0.345 -0.905 0.031
6453384.000 1726550.000 0.328 -0.701 0.014
6453509.000 1726550.000 0.370 -0.669 0.008
6453434.000 1726550.000 0.364 -0.652 0.013
6453459.000 1726550.000 0.310 -0.624 0.007
6453534.000 1726550.000 0.436 -0.700 0.013
6453634.000 1726550.000 0.228 -0.724 0.006
6453559.000 1726550.000 0.456 -0.719 0.011
6453584.000 1726550.000 0.499 -0.892 0.008
6453609.000 1726550.000 0.258 -0.693 0.008
6453659.000 1726550.000 0.261 -0.865 0.011
6453684.000 1726550.000 0.316 -0.804 0.008
6453734.000 1726550.000 0.351 -0.859 0.012
6453709.000 1726550.000 0.370 -0.795 0.009
6453859.000 1726550.000 0.379 -0.626 0.015
6453759.000 1726550.000 0.277 -0.811 0.007
6453784.000 1726550.000 0.158 -0.633 0.012
6453934.000 1726550.000 0.295 -0.679 0.042
6453834.000 1726550.000 0.033 -0.380 0.029
6453809.000 1726550.000 0.241 -0.609 0.028
6453959.000 1726550.000 0.254 -0.774 0.055
6453884.000 1726550.000 0.284 -0.461 -0.000
6453909.000 1726550.000 0.209 -0.426 0.004
6454109.000 1726550.000 0.268 -1.019 0.099
6454009.000 1726550.000 0.426 -0.631 0.037
6453984.000 1726550.000 0.297 -0.599 0.043
6454034.000 1726550.000 0.430 -0.857 0.069
6454084.000 1726550.000 0.301 -0.960 0.097
6454059.000 1726550.000 0.256 -0.828 0.089
6454134.000 1726550.000 0.267 -0.937 0.095
6454159.000 1726550.000 0.245 -1.024 0.099
6454234.000 1726550.000 0.121 -0.833 0.056
6454184.000 1726550.000 0.208 -1.059 0.100
6454309.000 1726550.000 0.600 -0.717 0.099
6454284.000 1726550.000 0.212 -1.016 0.051
6454209.000 1726550.000 0.041 -0.930 0.076
6454259.000 1726550.000 0.200 -0.950 0.051
6454334.000 1726550.000 0.348 -0.840 0.077
6454359.000 1726550.000 0.134 -0.737 0.067
6454384.000 1726550.000 0.133 -0.762 0.053
6454409.000 1726550.000 0.110 -0.792 0.046
6454434.000 1726550.000 0.138 -0.741 0.047
6454459.000 1726550.000 0.177 -0.732 0.041
6454509.000 1726550.000 0.270 -0.790 0.037
6454484.000 1726550.000 0.145 -0.772 0.050
6454534.000 1726550.000 0.248 -0.839 0.045
6451609.000 1726575.000 4.195 6.037 -3.274
6451659.000 1726575.000 4.592 0.928 -2.716
6451684.000 1726575.000 5.291 -3.223 -2.613
6451809.000 1726575.000 -3.019 -1.596 -2.731
6451834.000 1726575.000 -6.554 4.068 -2.731
6451784.000 1726575.000 -0.691 -3.677 -2.784
6451759.000 1726575.000 0.152 -6.085 -2.915
6451634.000 1726575.000 -8.451 -5.735 -3.161
6451584.000 1726575.000 1.959 4.196 -3.143
6451734.000 1726575.000 1.721 -4.333 -2.908
6451709.000 1726575.000 3.216 -3.409 -2.756
6451559.000 1726575.000 2.739 1.328 -3.064
6451934.000 1726575.000 -9.098 1.604 -1.738
6451859.000 1726575.000 3.611 -3.178 -2.656
6451884.000 1726575.000 -1.903 -5.302 -2.771
6451909.000 1726575.000 -5.614 -6.240 -2.406
6451984.000 1726575.000 6.844 6.053 -2.031
6452009.000 1726575.000 4.918 -2.547 -2.291
6452059.000 1726575.000 -0.394 2.207 -2.293
6452034.000 1726575.000 3.570 -3.345 -2.266
6451959.000 1726575.000 -0.707 -0.370 -1.385
6452084.000 1726575.000 0.769 -1.073 -2.146
6452134.000 1726575.000 -9.150 4.918 -2.094
6452259.000 1726575.000 -10.120 -13.374 -3.527
6452184.000 1726575.000 1.517 -0.039 -3.866
6452109.000 1726575.000 -0.815 -0.896 -2.029
6452159.000 1726575.000 3.198 0.661 -3.643
6452209.000 1726575.000 -6.028 -3.305 -3.888
6452234.000 1726575.000 -19.226 -13.353 -3.902
6452284.000 1726575.000 -7.750 0.785 -0.848
6452334.000 1726575.000 0.124 -0.782 0.000
6452309.000 1726575.000 0.026 -0.968 0.079
6452384.000 1726575.000 0.370 -0.692 0.003
6452359.000 1726575.000 0.202 -0.800 -0.002
6452409.000 1726575.000 0.724 -0.604 0.004
6452434.000 1726575.000 0.364 -0.608 0.004
6452459.000 1726575.000 -0.065 -0.819 -0.001
6452484.000 1726575.000 -0.154 -0.850 0.006
6452584.000 1726575.000 0.200 -0.920 0.027
6452509.000 1726575.000 -0.020 -1.084 0.005
6452609.000 1726575.000 0.424 -1.150 0.032
6452534.000 1726575.000 0.181 -0.991 0.018
6452634.000 1726575.000 0.232 -1.065 0.023
6452559.000 1726575.000 0.194 -0.811 0.025
6452659.000 1726575.000 0.271 -1.018 0.019
6452684.000 1726575.000 0.357 -1.113 0.013
6452709.000 1726575.000 0.425 -0.881 0.006
6452734.000 1726575.000 0.249 -0.647 -0.003
6452759.000 1726575.000 0.215 -0.694 0.001
6452784.000 1726575.000 0.403 -0.620 0.007
6452809.000 1726575.000 0.339 -0.486 -0.004
6452834.000 1726575.000 0.351 -0.555 0.002
6452859.000 1726575.000 0.370 -0.720 0.026
6452884.000 1726575.000 0.353 -0.686 0.021
6452909.000 1726575.000 0.397 -0.691 -0.026
6453159.000 1726575.000 0.360 -0.659 0.005
6452959.000 1726575.000 0.369 -0.567 0.047
6452934.000 1726575.000 0.384 -0.572 0.035
6453184.000 1726575.000 0.392 -0.654 0.012
6453009.000 1726575.000 0.320 -0.736 0.018
6453059.000 1726575.000 0.337 -0.687 0.016
6452984.000 1726575.000 0.273 -0.669 0.036
6453034.000 1726575.000 0.373 -0.715 0.035
6453209.000 1726575.000 0.365 -0.695 0.017
6453234.000 1726575.000 0.383 -0.727 0.028
6453109.000 1726575.000 0.230 -0.702 -0.020
6453084.000 1726575.000 0.251 -0.670 -0.011
6453134.000 1726575.000 0.265 -0.651 -0.002
6453334.000 1726575.000 0.383 -0.661 0.023
6453409.000 1726575.000 0.427 -0.669 0.019
6453259.000 1726575.000 0.468 -0.798 0.039
6453284.000 1726575.000 0.414 -0.726 0.024
6453534.000 1726575.000 0.334 -0.697 0.001
6453559.000 1726575.000 0.311 -0.714 0.001
6453359.000 1726575.000 0.417 -0.637 0.020
6453434.000 1726575.000 0.373 -0.677 0.013
6453309.000 1726575.000 0.313 -0.686 0.016
6453384.000 1726575.000 0.349 -0.559 0.016
6453484.000 1726575.000 0.078 -0.585 -0.012
6453509.000 1726575.000 0.324 -0.741 0.004
6453459.000 1726575.000 0.283 -0.611 0.001
6453634.000 1726575.000 0.285 -0.827 -0.000
6453609.000 1726575.000 0.252 -0.598 -0.009
6453584.000 1726575.000 0.264 -0.513 -0.008
6453659.000 1726575.000 0.311 -0.937 0.007
6453684.000 1726575.000 0.273 -0.833 0.003
6453759.000 1726575.000 0.252 -0.758 -0.000
6453784.000 1726575.000 0.236 -0.631 0.004
6453709.000 1726575.000 0.323 -0.692 -0.001
6453734.000 1726575.000 0.318 -0.716 0.003
6453809.000 1726575.000 0.475 -0.487 0.005
6453859.000 1726575.000 0.387 -0.502 0.014
6453834.000 1726575.000 0.433 -0.504 0.017
6453909.000 1726575.000 0.434 -0.533 0.018
6453884.000 1726575.000 0.391 -0.494 0.012
6453934.000 1726575.000 0.244 -0.665 0.038
6453959.000 1726575.000 0.159 -0.676 0.046
6454034.000 1726575.000 0.499 -1.059 0.061
6454009.000 1726575.000 0.343 -0.908 0.057
6453984.000 1726575.000 0.086 -0.819 0.054
6454059.000 1726575.000 0.350 -0.965 0.071
6454084.000 1726575.000 0.149 -0.889 0.080
6454109.000 1726575.000 0.118 -0.867 0.088
6454134.000 1726575.000 0.213 -0.925 0.080
6454159.000 1726575.000 0.095 -0.985 0.062
6454184.000 1726575.000 0.184 -1.040 0.078
6454234.000 1726575.000 0.254 -0.697 0.057
6454209.000 1726575.000 0.422 -0.962 0.073
6454259.000 1726575.000 0.288 -0.726 0.054
6454284.000 1726575.000 0.359 -0.756 0.061
6454334.000 1726575.000 0.342 -0.876 0.068
6454359.000 1726575.000 0.052 -0.750 0.049
6454309.000 1726575.000 0.330 -0.823 0.065
6454459.000 1726575.000 0.134 -0.668 0.040
6454484.000 1726575.000 0.166 -0.674 0.035
6454409.000 1726575.000 0.162 -0.715 0.051
6454384.000 1726575.000 0.110 -0.755 0.047
6454434.000 1726575.000 0.156 -0.693 0.049
6454534.000 1726575.000 0.231 -0.682 0.029
6454509.000 1726575.000 0.322 -0.718 0.029
6451584.000 1726600.000 4.678 2.151 -3.129
6451559.000 1726600.000 4.917 1.236 -3.010
6451784.000 1726600.000 -4.004 -3.774 -2.753
6451809.000 1726600.000 0.602 -3.746 -2.825
6451609.000 1726600.000 -2.112 -4.897 -3.186
6451659.000 1726600.000 11.285 2.194 -2.607
6451634.000 1726600.000 -8.023 -0.384 -3.009
6451709.000 1726600.000 -0.865 -5.238 -2.682
6451684.000 1726600.000 7.216 4.691 -2.533
6451934.000 1726600.000 -4.000 -8.191 -1.467
6451909.000 1726600.000 -4.685 -8.458 -1.847
6451734.000 1726600.000 -1.417 -3.825 -2.806
6451859.000 1726600.000 -0.806 1.034 -2.562
6451884.000 1726600.000 -5.949 -21.211 -2.486
6451759.000 1726600.000 -1.749 -6.226 -2.780
6451834.000 1726600.000 -0.043 0.074 -2.769
6452034.000 1726600.000 -1.738 -3.054 -2.318
6452009.000 1726600.000 5.633 3.650 -2.229
6451959.000 1726600.000 2.927 -8.194 -1.499
6451984.000 1726600.000 10.417 1.843 -2.008
6452059.000 1726600.000 -3.141 -2.794 -2.326
6452109.000 1726600.000 -1.807 0.013 -2.125
6452184.000 1726600.000 -15.697 -6.070 -3.511
6452209.000 1726600.000 -14.130 -11.803 -3.451
6452084.000 1726600.000 0.911 0.618 -2.086
6452134.000 1726600.000 -0.631 3.053 -2.916
6452259.000 1726600.000 0.512 -0.290 0.027
6452234.000 1726600.000 -8.216 -9.846 -2.978
6452159.000 1726600.000 -0.872 -0.759 -3.683
6452334.000 1726600.000 0.131 -0.834 -0.006
6452284.000 1726600.000 0.232 -0.704 0.028
6452309.000 1726600.000 0.127 -0.803 0.002
6452359.000 1726600.000 0.175 -0.910 -0.013
6452384.000 1726600.000 0.665 -0.679 -0.008
6452509.000 1726600.000 0.139 -0.793 -0.004
6452534.000 1726600.000 0.462 -0.773 0.004
6452409.000 1726600.000 0.778 -0.410 0.001
6452434.000 1726600.000 0.487 -0.461 -0.000
6452459.000 1726600.000 0.008 -0.626 -0.007
6452484.000 1726600.000 0.102 -0.718 -0.004
6452584.000 1726600.000 0.073 -0.912 0.015
6452559.000 1726600.000 0.208 -0.811 0.013
6452659.000 1726600.000 0.174 -1.500 0.012
6452684.000 1726600.000 1.292 -2.077 0.036
6452634.000 1726600.000 -0.211 -0.810 0.002
6452609.000 1726600.000 0.026 -0.879 0.014
6452709.000 1726600.000 1.214 -1.681 0.023
6452734.000 1726600.000 0.482 -0.804 -0.009
6452759.000 1726600.000 0.357 -0.803 -0.012
6452784.000 1726600.000 0.469 -0.727 -0.004
6452834.000 1726600.000 0.353 -0.569 0.011
6452809.000 1726600.000 0.343 -0.591 -0.018
6452859.000 1726600.000 0.317 -0.641 -0.004
6452909.000 1726600.000 0.323 -0.528 -0.039
6452884.000 1726600.000 0.295 -0.530 -0.018
6452934.000 1726600.000 0.348 -0.558 0.013
6453009.000 1726600.000 0.360 -0.710 0.003
6452984.000 1726600.000 0.319 -0.713 -0.007
6452959.000 1726600.000 0.364 -0.593 0.023
6453059.000 1726600.000 0.350 -0.733 0.021
6453034.000 1726600.000 0.340 -0.685 0.023
6453109.000 1726600.000 0.310 -0.708 0.010
6453084.000 1726600.000 0.342 -0.737 0.013
6453184.000 1726600.000 0.336 -0.639 0.004
6453159.000 1726600.000 0.369 -0.642 0.001
6453134.000 1726600.000 0.325 -0.698 0.006
6453209.000 1726600.000 0.203 -0.595 -0.003
6453234.000 1726600.000 0.387 -0.693 0.023
6453259.000 1726600.000 0.400 -0.706 0.027
6453284.000 1726600.000 0.377 -0.695 0.008
6453309.000 1726600.000 0.314 -0.717 0.004
6453334.000 1726600.000 0.357 -0.727 0.012
6453384.000 1726600.000 0.356 -0.577 -0.002
6453434.000 1726600.000 0.405 -0.572 0.007
6453359.000 1726600.000 0.308 -0.690 0.004
6453409.000 1726600.000 0.355 -0.565 0.004
6453459.000 1726600.000 0.366 -0.538 0.006
6453559.000 1726600.000 0.317 -0.934 -0.009
6453534.000 1726600.000 0.231 -0.723 -0.017
6453484.000 1726600.000 0.318 -0.545 0.010
6453509.000 1726600.000 0.256 -0.720 -0.001
6453609.000 1726600.000 0.234 -0.632 -0.016
6453634.000 1726600.000 0.363 -0.997 -0.001
6453584.000 1726600.000 0.277 -0.566 -0.014
6453884.000 1726600.000 0.213 -0.422 -0.034
6453684.000 1726600.000 0.303 -0.764 -0.003
6453659.000 1726600.000 0.272 -0.901 0.001
6453909.000 1726600.000 0.138 -0.252 0.005
6453984.000 1726600.000 0.250 -0.870 0.058
6453709.000 1726600.000 0.345 -0.593 -0.013
6453784.000 1726600.000 0.348 -0.551 -0.004
6454009.000 1726600.000 0.343 -0.940 0.061
6453759.000 1726600.000 0.308 -0.608 -0.005
6453734.000 1726600.000 0.295 -0.525 -0.012
6453859.000 1726600.000 0.253 -0.376 -0.042
6453809.000 1726600.000 0.366 -0.643 0.004
6453934.000 1726600.000 0.182 -0.664 0.027
6453834.000 1726600.000 0.305 -0.424 -0.012
6453959.000 1726600.000 0.176 -0.718 0.047
6454034.000 1726600.000 0.442 -1.099 0.058
6454134.000 1726600.000 0.247 -0.906 0.077
6454059.000 1726600.000 0.230 -0.949 0.065
6454159.000 1726600.000 0.150 -0.698 0.055
6454234.000 1726600.000 0.342 -0.751 0.057
6454109.000 1726600.000 0.161 -0.849 0.079
6454084.000 1726600.000 0.123 -0.913 0.064
6454184.000 1726600.000 0.380 -0.749 0.068
6454209.000 1726600.000 0.410 -0.836 0.065
6454259.000 1726600.000 0.257 -0.740 0.039
6454309.000 1726600.000 0.292 -0.885 0.048
6454334.000 1726600.000 0.411 -0.786 0.072
6454284.000 1726600.000 0.324 -0.810 0.038
6454359.000 1726600.000 0.167 -0.896 0.036
6454384.000 1726600.000 0.136 -0.751 0.041
6454409.000 1726600.000 0.034 -0.616 0.043
6454434.000 1726600.000 0.130 -0.665 0.043
6454484.000 1726600.000 0.177 -0.567 0.012
6454459.000 1726600.000 0.147 -0.603 0.023
6454509.000 1726600.000 0.328 -0.685 0.021
6454534.000 1726600.000 0.326 -0.726 0.029
6451834.000 1726625.000 -1.857 6.030 -2.554
6451659.000 1726625.000 9.327 -4.383 -2.488
6451684.000 1726625.000 4.324 -1.057 -2.490
6451809.000 1726625.000 3.175 -1.858 -2.766
6451734.000 1726625.000 -2.183 -5.911 -2.688
6451584.000 1726625.000 3.327 -2.887 -3.039
6451559.000 1726625.000 1.295 0.060 -2.898
6451709.000 1726625.000 -0.266 -3.800 -2.598
6451859.000 1726625.000 -10.626 -4.532 -2.427
6451884.000 1726625.000 -9.769 -10.709 -1.922
6451609.000 1726625.000 2.966 -7.382 -3.072
6451759.000 1726625.000 0.197 -0.678 -2.678
6451634.000 1726625.000 8.736 -5.215 -2.685
6451784.000 1726625.000 0.614 -0.135 -2.743
6451909.000 1726625.000 -1.044 -15.057 -1.512
6451934.000 1726625.000 -1.562 -15.182 -1.511
6452009.000 1726625.000 2.071 -2.564 -2.053
6452034.000 1726625.000 1.915 -0.715 -2.207
6451959.000 1726625.000 -6.732 6.498 -2.303
6451984.000 1726625.000 0.793 0.200 -2.015
6452059.000 1726625.000 0.412 3.475 -2.133
6452109.000 1726625.000 -1.679 0.171 -2.395
6452084.000 1726625.000 2.956 1.198 -2.120
6452159.000 1726625.000 -11.925 -7.768 -2.881
6452134.000 1726625.000 -13.612 -4.612 -2.542
6452184.000 1726625.000 -19.868 -5.879 -2.923
6452359.000 1726625.000 0.143 -0.893 -0.014
6452384.000 1726625.000 0.426 -0.708 -0.011
6452434.000 1726625.000 0.227 -0.494 -0.010
6452409.000 1726625.000 0.698 -0.290 -0.002
6452284.000 1726625.000 0.166 -0.755 0.003
6452209.000 1726625.000 -0.021 -0.772 0.072
6452234.000 1726625.000 0.253 -0.497 0.067
6452259.000 1726625.000 0.220 -0.657 0.019
6452334.000 1726625.000 0.004 -0.709 -0.012
6452309.000 1726625.000 0.086 -0.720 -0.008
6452609.000 1726625.000 0.571 -0.325 -0.002
6452459.000 1726625.000 0.144 -0.579 -0.013
6452484.000 1726625.000 0.338 -0.778 -0.013
6452684.000 1726625.000 1.434 -2.339 0.052
6452634.000 1726625.000 1.384 -0.937 -0.011
6452534.000 1726625.000 0.372 -0.670 -0.009
6452659.000 1726625.000 2.929 -2.502 0.018
6452584.000 1726625.000 0.110 -0.889 0.004
6452509.000 1726625.000 0.199 -0.801 -0.014
6452559.000 1726625.000 0.177 -0.739 0.001
6452859.000 1726625.000 0.409 -0.582 0.008
6452934.000 1726625.000 0.264 -0.437 0.021
6452959.000 1726625.000 0.408 -0.588 0.005
6453009.000 1726625.000 0.345 -0.689 0.014
6452709.000 1726625.000 1.443 -1.974 0.053
6452759.000 1726625.000 0.710 -0.532 -0.017
6452734.000 1726625.000 0.902 -0.596 0.011
6452784.000 1726625.000 0.304 -0.644 -0.055
6452809.000 1726625.000 0.388 -0.651 0.007
6452884.000 1726625.000 0.236 -0.603 -0.043
6452834.000 1726625.000 0.404 -0.681 -0.004
6452984.000 1726625.000 0.348 -0.713 -0.002
6452909.000 1726625.000 0.222 -0.648 -0.043
6453034.000 1726625.000 0.350 -0.693 0.026
6453084.000 1726625.000 0.303 -0.786 -0.000
6453059.000 1726625.000 0.319 -0.725 0.007
6453109.000 1726625.000 0.246 -0.686 0.003
6453134.000 1726625.000 0.288 -0.649 0.000
6453159.000 1726625.000 0.299 -0.611 -0.005
6453184.000 1726625.000 0.325 -0.555 -0.008
6453334.000 1726625.000 0.332 -0.833 0.011
6453434.000 1726625.000 0.421 -0.658 -0.002
6453409.000 1726625.000 0.383 -0.651 0.003
6453459.000 1726625.000 0.323 -0.592 -0.015
6453384.000 1726625.000 0.368 -0.659 0.003
6453484.000 1726625.000 0.342 -0.561 0.001
6453209.000 1726625.000 0.380 -0.698 0.006
6453259.000 1726625.000 0.371 -0.742 -0.005
6453234.000 1726625.000 0.334 -0.645 0.004
6453284.000 1726625.000 0.323 -0.752 -0.010
6453309.000 1726625.000 0.340 -0.783 0.006
6453509.000 1726625.000 0.328 -0.698 0.006
6453359.000 1726625.000 0.322 -0.812 0.008
6453534.000 1726625.000 0.248 -0.747 -0.018
6453559.000 1726625.000 0.489 -1.098 -0.012
6453584.000 1726625.000 0.470 -0.876 -0.013
6453634.000 1726625.000 0.262 -0.681 -0.013
6453609.000 1726625.000 0.321 -0.784 -0.016
6453884.000 1726625.000 0.279 -0.341 -0.038
6453659.000 1726625.000 0.309 -0.628 -0.013
6453709.000 1726625.000 0.289 -0.486 -0.016
6453684.000 1726625.000 0.340 -0.591 -0.014
6453959.000 1726625.000 0.195 -0.728 0.056
6453734.000 1726625.000 0.267 -0.444 -0.019
6453934.000 1726625.000 0.420 -0.632 0.035
6453984.000 1726625.000 0.311 -0.791 0.054
6453784.000 1726625.000 0.348 -0.624 -0.005
6453759.000 1726625.000 0.260 -0.532 -0.011
6453834.000 1726625.000 0.261 -0.450 -0.017
6453809.000 1726625.000 0.352 -0.627 -0.004
6453909.000 1726625.000 0.331 -0.188 -0.015
6453859.000 1726625.000 0.240 -0.369 -0.040
6454059.000 1726625.000 0.193 -0.738 0.059
6454159.000 1726625.000 0.283 -0.729 0.043
6454209.000 1726625.000 0.322 -0.753 0.051
6454234.000 1726625.000 0.256 -0.722 0.037
6454034.000 1726625.000 0.345 -0.850 0.048
6454009.000 1726625.000 0.350 -0.832 0.050
6454084.000 1726625.000 0.139 -0.933 0.052
6454184.000 1726625.000 0.380 -0.729 0.041
6454109.000 1726625.000 0.108 -0.909 0.055
6454134.000 1726625.000 0.220 -0.742 0.050
6454284.000 1726625.000 0.335 -0.865 0.025
6454259.000 1726625.000 0.248 -0.778 0.023
6454309.000 1726625.000 0.276 -0.895 0.038
6454409.000 1726625.000 0.234 -0.674 0.026
6454359.000 1726625.000 0.180 -0.815 0.033
6454334.000 1726625.000 0.397 -0.784 0.055
6454434.000 1726625.000 0.317 -0.691 0.022
6454459.000 1726625.000 0.184 -0.602 0.009
6454384.000 1726625.000 0.229 -0.737 0.038
6454484.000 1726625.000 0.341 -0.765 0.014
6454509.000 1726625.000 0.379 -0.860 0.019
6454534.000 1726625.000 0.258 -0.783 0.019
6451584.000 1726650.000 2.709 -0.951 -2.975
6451634.000 1726650.000 0.192 0.286 -2.429
6451559.000 1726650.000 0.350 1.093 -2.941
6451609.000 1726650.000 0.338 -3.461 -2.925
6451734.000 1726650.000 -1.470 -2.448 -2.498
6451834.000 1726650.000 -7.699 -3.265 -2.305
6451809.000 1726650.000 3.262 -7.080 -2.584
6451884.000 1726650.000 0.406 -15.419 -1.418
6451684.000 1726650.000 -1.154 -2.323 -2.417
6451659.000 1726650.000 -4.176 -3.831 -2.320
6451709.000 1726650.000 6.836 0.206 -2.339
6451909.000 1726650.000 7.237 15.102 -3.181
6451784.000 1726650.000 6.006 -3.852 -2.622
6451759.000 1726650.000 2.061 -3.793 -2.611
6451859.000 1726650.000 -15.498 3.006 -1.794
6451959.000 1726650.000 -5.410 0.994 -2.421
6451934.000 1726650.000 -6.107 12.117 -2.782
6451984.000 1726650.000 -6.770 3.053 -2.357
6452009.000 1726650.000 4.152 -5.863 -2.204
6452034.000 1726650.000 3.568 -3.268 -2.165
6452084.000 1726650.000 -0.517 0.264 -2.463
6452059.000 1726650.000 0.643 1.384 -2.279
6452109.000 1726650.000 -10.031 -10.069 -2.427
6452134.000 1726650.000 -19.142 -4.929 -2.383
6452234.000 1726650.000 0.145 -0.623 0.013
6452159.000 1726650.000 -1.995 2.311 0.550
6452184.000 1726650.000 1.957 1.019 0.807
6452334.000 1726650.000 -0.045 -0.553 -0.016
6452359.000 1726650.000 -0.146 -0.813 -0.016
6452209.000 1726650.000 0.068 -0.762 0.048
6452409.000 1726650.000 0.244 -0.523 -0.014
6452434.000 1726650.000 0.118 -0.567 -0.021
6452384.000 1726650.000 0.206 -0.509 -0.009
6452259.000 1726650.000 0.148 -0.619 0.002
6452459.000 1726650.000 0.169 -0.642 -0.024
6452484.000 1726650.000 0.360 -0.584 -0.024
6452509.000 1726650.000 0.370 -0.827 -0.026
6452284.000 1726650.000 0.006 -0.594 -0.012
6452309.000 1726650.000 -0.014 -0.596 -0.017
6452534.000 1726650.000 0.375 -0.930 -0.023
6452559.000 1726650.000 0.250 -0.703 -0.007
6452809.000 1726650.000 0.361 -0.685 -0.015
6452834.000 1726650.000 0.399 -0.718 -0.005
6452859.000 1726650.000 0.326 -0.717 -0.007
6452634.000 1726650.000 2.377 -1.459 -0.013
6452934.000 1726650.000 0.167 -0.754 -0.062
6452659.000 1726650.000 3.504 -2.636 -0.098
6452759.000 1726650.000 0.426 -0.910 -0.226
6452709.000 1726650.000 0.693 -0.152 0.121
6452734.000 1726650.000 0.627 -0.599 -0.060
6452609.000 1726650.000 0.912 -0.732 0.009
6452584.000 1726650.000 0.057 -0.545 0.002
6452684.000 1726650.000 0.729 0.029 0.201
6452909.000 1726650.000 0.313 -0.732 -0.007
6452784.000 1726650.000 0.169 -0.929 -0.211
6452884.000 1726650.000 0.298 -0.726 -0.011
6452984.000 1726650.000 0.327 -0.691 0.012
6453009.000 1726650.000 0.299 -0.684 0.012
6453034.000 1726650.000 0.280 -0.686 0.003
6453084.000 1726650.000 0.366 -0.697 -0.002
6452959.000 1726650.000 0.444 -0.544 0.027
6453059.000 1726650.000 0.353 -0.725 -0.003
6453109.000 1726650.000 0.355 -0.716 0.001
6453134.000 1726650.000 0.267 -0.671 -0.002
6453159.000 1726650.000 0.299 -0.510 -0.013
6453184.000 1726650.000 0.366 -0.670 -0.004
6453359.000 1726650.000 0.246 -0.980 -0.001
6453384.000 1726650.000 0.294 -0.914 0.000
6453409.000 1726650.000 0.273 -0.895 -0.002
6453434.000 1726650.000 0.324 -0.837 -0.005
6453209.000 1726650.000 0.381 -0.699 -0.006
6453234.000 1726650.000 0.346 -0.679 -0.008
6453259.000 1726650.000 0.365 -0.782 -0.005
6453284.000 1726650.000 0.317 -0.821 -0.007
6453309.000 1726650.000 0.343 -0.877 0.001
6453334.000 1726650.000 0.292 -1.064 -0.005
6453459.000 1726650.000 0.261 -0.757 -0.009
6453484.000 1726650.000 0.310 -0.624 0.003
6453509.000 1726650.000 0.464 -0.650 0.016
6453609.000 1726650.000 0.310 -0.651 -0.023
6453534.000 1726650.000 0.182 -0.621 -0.013
6453584.000 1726650.000 0.465 -0.808 -0.020
6453634.000 1726650.000 0.281 -0.700 -0.019
6453559.000 1726650.000 0.316 -0.632 -0.018
6453659.000 1726650.000 0.379 -0.640 -0.019
6453684.000 1726650.000 0.337 -0.567 -0.017
6453709.000 1726650.000 0.304 -0.503 -0.018
6453734.000 1726650.000 0.293 -0.468 -0.021
6453934.000 1726650.000 0.405 -0.842 0.030
6454009.000 1726650.000 0.388 -0.917 0.036
6453759.000 1726650.000 0.226 -0.535 -0.019
6454059.000 1726650.000 0.192 -0.644 0.037
6453859.000 1726650.000 0.272 -0.442 -0.017
6453884.000 1726650.000 0.266 -0.461 -0.014
6454084.000 1726650.000 0.063 -0.884 0.033
6453909.000 1726650.000 0.294 -0.734 -0.005
6453784.000 1726650.000 0.355 -0.638 -0.015
6453834.000 1726650.000 0.326 -0.468 -0.012
6454034.000 1726650.000 0.323 -0.791 0.036
6453959.000 1726650.000 0.334 -0.760 0.046
6453809.000 1726650.000 0.371 -0.635 -0.010
6453984.000 1726650.000 0.347 -0.811 0.043
6454159.000 1726650.000 0.210 -0.656 0.036
6454184.000 1726650.000 0.263 -0.638 0.028
6454234.000 1726650.000 0.253 -0.740 0.024
6454284.000 1726650.000 0.307 -0.905 0.022
6454259.000 1726650.000 0.225 -0.812 0.021
6454309.000 1726650.000 0.334 -0.862 0.021
6454334.000 1726650.000 0.245 -0.948 0.012
6454434.000 1726650.000 0.240 -0.732 0.013
6454409.000 1726650.000 0.142 -0.701 0.014
6454109.000 1726650.000 0.019 -0.934 0.040
6454484.000 1726650.000 0.230 -0.767 0.003
6454134.000 1726650.000 0.119 -0.601 0.035
6454209.000 1726650.000 0.267 -0.672 0.043
6454459.000 1726650.000 0.236 -0.778 0.009
6454359.000 1726650.000 0.211 -0.840 0.018
6454384.000 1726650.000 0.234 -0.706 0.027
6454509.000 1726650.000 0.199 -0.754 0.002
6454534.000 1726650.000 0.184 -0.744 0.005
6451784.000 1726675.000 -8.895 -5.105 -2.317
6451759.000 1726675.000 1.798 -4.746 -2.381
6451609.000 1726675.000 -5.615 8.667 -2.344
6451634.000 1726675.000 -3.443 -0.074 -2.095
6451934.000 1726675.000 -2.364 8.826 -2.733
6451659.000 1726675.000 -2.184 -2.496 -2.125
6451684.000 1726675.000 -0.570 0.371 -2.136
6451809.000 1726675.000 -5.412 18.425 -1.691
6451709.000 1726675.000 2.053 2.165 -2.143
6451734.000 1726675.000 -4.016 4.779 -2.195
6451559.000 1726675.000 3.058 -0.884 -2.876
6451584.000 1726675.000 0.187 8.503 -2.642
6451859.000 1726675.000 -8.243 1.022 -1.153
6451834.000 1726675.000 -5.769 18.263 -1.312
6451909.000 1726675.000 1.503 2.197 -3.198
6451884.000 1726675.000 6.929 11.330 -3.567
6452009.000 1726675.000 2.637 -0.008 -2.284
6451984.000 1726675.000 -3.082 4.608 -2.596
6451959.000 1726675.000 -3.357 2.844 -2.585
6452034.000 1726675.000 -3.842 -2.712 -2.297
6452059.000 1726675.000 -2.703 -4.994 -2.436
6452109.000 1726675.000 -5.115 -17.485 -2.231
6452084.000 1726675.000 5.183 -25.027 -2.301
6452134.000 1726675.000 3.211 -6.142 0.330
6452284.000 1726675.000 0.080 -0.614 -0.022
6452309.000 1726675.000 0.164 -0.573 -0.021
6452159.000 1726675.000 3.942 -1.104 0.797
6452184.000 1726675.000 0.284 -0.530 0.073
6452259.000 1726675.000 0.180 -0.697 -0.023
6452209.000 1726675.000 0.066 -0.593 -0.005
6452234.000 1726675.000 0.133 -0.653 -0.016
6452334.000 1726675.000 0.024 -0.572 -0.018
6452484.000 1726675.000 0.275 -0.758 -0.033
6452509.000 1726675.000 0.509 -0.865 -0.034
6452534.000 1726675.000 0.625 -1.000 -0.033
6452359.000 1726675.000 0.119 -0.324 -0.013
6452559.000 1726675.000 0.282 -0.809 -0.011
6452384.000 1726675.000 0.225 -0.272 -0.016
6452409.000 1726675.000 0.197 -0.414 -0.022
6452434.000 1726675.000 0.139 -0.602 -0.028
6452459.000 1726675.000 0.145 -0.730 -0.032
6452584.000 1726675.000 0.511 -0.521 0.060
6452634.000 1726675.000 0.841 -0.469 0.023
6452609.000 1726675.000 0.455 -0.250 0.092
6452684.000 1726675.000 0.674 -0.358 0.068
6452659.000 1726675.000 2.604 -1.933 -0.120
6452759.000 1726675.000 0.294 -0.987 -0.160
6452784.000 1726675.000 0.467 -0.878 -0.107
6452809.000 1726675.000 0.402 -0.785 -0.095
6452734.000 1726675.000 0.415 -0.887 -0.104
6452709.000 1726675.000 0.448 -0.263 0.056
6452859.000 1726675.000 0.313 -0.718 -0.011
6452834.000 1726675.000 0.339 -0.654 -0.015
6452884.000 1726675.000 0.302 -0.698 -0.011
6452909.000 1726675.000 0.266 -0.643 -0.013
6452959.000 1726675.000 0.317 -0.764 0.006
6452934.000 1726675.000 0.276 -0.617 0.001
6452984.000 1726675.000 0.297 -0.645 -0.006
6453109.000 1726675.000 0.383 -0.611 -0.006
6453159.000 1726675.000 0.392 -0.644 -0.010
6453134.000 1726675.000 0.357 -0.577 -0.012
6453234.000 1726675.000 0.387 -0.725 -0.010
6453009.000 1726675.000 0.267 -0.671 -0.024
6453084.000 1726675.000 0.358 -0.680 -0.004
6453059.000 1726675.000 0.320 -0.655 -0.006
6453034.000 1726675.000 0.274 -0.671 -0.009
6453184.000 1726675.000 0.402 -0.704 -0.009
6453259.000 1726675.000 0.359 -0.880 -0.015
6453209.000 1726675.000 0.383 -0.677 -0.002
6453284.000 1726675.000 0.349 -0.936 -0.021
6453309.000 1726675.000 0.355 -0.913 -0.014
6453334.000 1726675.000 0.317 -0.965 -0.011
6453359.000 1726675.000 0.264 -0.953 -0.014
6453409.000 1726675.000 0.334 -0.971 -0.016
6453434.000 1726675.000 0.357 -0.853 -0.015
6453459.000 1726675.000 0.297 -0.783 -0.016
6453484.000 1726675.000 0.279 -0.538 0.009
6453384.000 1726675.000 0.297 -0.900 -0.014
6453584.000 1726675.000 0.511 -0.786 -0.028
6453509.000 1726675.000 0.620 -0.639 -0.007
6453559.000 1726675.000 0.295 -0.580 -0.026
6453534.000 1726675.000 0.307 -0.637 -0.019
6453634.000 1726675.000 0.247 -0.452 -0.027
6453609.000 1726675.000 0.386 -0.653 -0.030
6453784.000 1726675.000 0.299 -0.537 -0.028
6453684.000 1726675.000 0.317 -0.537 -0.023
6453659.000 1726675.000 0.247 -0.458 -0.025
6453809.000 1726675.000 0.372 -0.639 -0.021
6453834.000 1726675.000 0.424 -0.491 -0.022
6453709.000 1726675.000 0.322 -0.508 -0.025
6453859.000 1726675.000 0.492 -0.479 -0.021
6453734.000 1726675.000 0.328 -0.501 -0.025
6453759.000 1726675.000 0.268 -0.541 -0.025
6453884.000 1726675.000 0.583 -0.676 -0.012
6454059.000 1726675.000 0.125 -0.703 0.021
6454134.000 1726675.000 0.109 -0.377 0.026
6454159.000 1726675.000 0.210 -0.555 0.021
6454209.000 1726675.000 0.236 -0.669 0.023
6453909.000 1726675.000 0.181 -0.774 -0.006
6454009.000 1726675.000 0.286 -0.800 0.023
6454084.000 1726675.000 0.250 -0.638 0.025
6454184.000 1726675.000 0.194 -0.575 0.007
6453934.000 1726675.000 0.234 -0.847 0.010
6453984.000 1726675.000 0.089 -0.456 0.026
6453959.000 1726675.000 0.348 -0.809 0.027
6454034.000 1726675.000 0.278 -0.787 0.026
6454259.000 1726675.000 0.156 -0.812 0.018
6454109.000 1726675.000 0.246 -0.620 0.030
6454234.000 1726675.000 0.128 -0.808 0.019
6454309.000 1726675.000 0.299 -0.659 -0.005
6454334.000 1726675.000 0.310 -0.673 0.009
6454359.000 1726675.000 0.279 -0.694 0.014
6454284.000 1726675.000 0.295 -0.628 -0.014
6454384.000 1726675.000 0.105 -0.711 -0.001
6454434.000 1726675.000 0.226 -0.799 0.005
6454409.000 1726675.000 0.231 -0.651 0.016
6454459.000 1726675.000 0.197 -0.787 0.003
6454484.000 1726675.000 0.192 -0.762 -0.002
6451584.000 1726700.000 2.857 8.654 -2.182
6454534.000 1726675.000 0.217 -0.746 -0.003
6451559.000 1726700.000 0.625 -2.808 -2.614
6454509.000 1726675.000 0.228 -0.736 -0.002
6451634.000 1726700.000 -2.740 -0.512 -1.853
6451609.000 1726700.000 -5.005 4.387 -1.943
6451684.000 1726700.000 0.161 -2.075 -1.813
6451659.000 1726700.000 -0.473 -0.246 -1.786
6451709.000 1726700.000 -7.159 -2.803 -1.963
6451734.000 1726700.000 -10.938 -2.700 -1.934
6451784.000 1726700.000 -2.920 4.731 -1.509
6451759.000 1726700.000 -11.202 5.851 -1.741
6452059.000 1726700.000 -8.571 -18.475 -2.394
6451809.000 1726700.000 -1.787 3.363 -1.323
6452109.000 1726700.000 3.723 -6.947 0.821
6452134.000 1726700.000 3.379 -2.069 0.948
6451859.000 1726700.000 3.345 4.620 -3.698
6452159.000 1726700.000 0.204 -0.363 0.055
6451884.000 1726700.000 3.154 0.438 -3.474
6451834.000 1726700.000 -13.422 3.936 -1.448
6452034.000 1726700.000 -10.708 -5.286 -2.341
6452084.000 1726700.000 -10.616 -15.848 -2.189
6451909.000 1726700.000 6.593 3.322 -2.879
6451959.000 1726700.000 -3.048 5.302 -2.724
6452009.000 1726700.000 -8.279 0.859 -2.433
6451934.000 1726700.000 -0.465 7.277 -2.701
6451984.000 1726700.000 -5.439 4.074 -2.661
6452184.000 1726700.000 0.051 -0.483 -0.006
6452209.000 1726700.000 -0.012 -0.493 -0.023
6452259.000 1726700.000 0.088 -0.596 -0.033
6452284.000 1726700.000 0.367 -0.556 -0.022
6452334.000 1726700.000 0.140 -0.377 -0.009
6452234.000 1726700.000 -0.022 -0.523 -0.030
6452309.000 1726700.000 -0.104 -0.227 0.000
6452359.000 1726700.000 0.351 -0.382 -0.015
6452409.000 1726700.000 0.216 -0.379 -0.025
6452434.000 1726700.000 0.327 -0.525 -0.031
6452609.000 1726700.000 0.470 -0.864 -0.001
6452634.000 1726700.000 0.405 -0.877 -0.016
6452384.000 1726700.000 0.344 -0.347 -0.021
6452659.000 1726700.000 0.474 -0.995 -0.033
6452484.000 1726700.000 0.569 -0.809 -0.044
6452459.000 1726700.000 0.540 -0.721 -0.038
6452684.000 1726700.000 0.459 -0.677 0.011
6452559.000 1726700.000 0.862 -0.988 -0.002
6452509.000 1726700.000 0.516 -0.852 -0.041
6452534.000 1726700.000 0.390 -0.827 -0.023
6452584.000 1726700.000 1.586 -1.305 -0.032
6452709.000 1726700.000 0.319 -0.778 -0.028
6452834.000 1726700.000 0.304 -0.647 -0.032
6452859.000 1726700.000 0.314 -0.666 -0.022
6452734.000 1726700.000 0.307 -0.800 -0.037
6452759.000 1726700.000 0.363 -0.670 -0.042
6452909.000 1726700.000 0.261 -0.616 -0.023
6452784.000 1726700.000 0.363 -0.692 -0.078
6452809.000 1726700.000 0.393 -0.743 -0.103
6452984.000 1726700.000 0.361 -0.585 0.013
6452884.000 1726700.000 0.309 -0.660 -0.020
6452959.000 1726700.000 0.300 -0.592 -0.007
6452934.000 1726700.000 0.272 -0.579 -0.027
6453034.000 1726700.000 0.311 -0.605 -0.021
6453059.000 1726700.000 0.387 -0.572 -0.017
6453009.000 1726700.000 0.300 -0.591 -0.035
6453084.000 1726700.000 0.325 -0.576 -0.013
6453134.000 1726700.000 0.348 -0.553 -0.011
6453109.000 1726700.000 0.381 -0.557 -0.012
6453159.000 1726700.000 0.351 -0.635 -0.009
6453234.000 1726700.000 0.408 -0.746 -0.019
6453209.000 1726700.000 0.370 -0.696 -0.013
6453184.000 1726700.000 0.363 -0.663 -0.015
6453309.000 1726700.000 0.297 -0.803 -0.024
6453284.000 1726700.000 0.266 -0.834 -0.030
6453259.000 1726700.000 0.339 -0.875 -0.027
6453359.000 1726700.000 0.325 -0.899 -0.020
6453334.000 1726700.000 0.295 -0.853 -0.018
6453384.000 1726700.000 0.350 -0.869 -0.020
6453459.000 1726700.000 0.319 -0.810 -0.025
6453409.000 1726700.000 0.374 -0.850 -0.023
6453484.000 1726700.000 0.342 -0.683 -0.017
6453434.000 1726700.000 0.373 -0.932 -0.026
6453509.000 1726700.000 0.449 -0.705 -0.024
6453559.000 1726700.000 0.333 -0.524 -0.034
6453584.000 1726700.000 0.455 -0.672 -0.036
6453534.000 1726700.000 0.333 -0.602 -0.031
6453659.000 1726700.000 0.296 -0.502 -0.032
6453634.000 1726700.000 0.329 -0.524 -0.030
6453609.000 1726700.000 0.348 -0.576 -0.033
6453684.000 1726700.000 0.295 -0.524 -0.027
6453709.000 1726700.000 0.312 -0.485 -0.035
6453734.000 1726700.000 0.337 -0.502 -0.036
6453759.000 1726700.000 0.387 -0.610 -0.030
6453784.000 1726700.000 0.321 -0.573 -0.030
6453909.000 1726700.000 0.328 -0.662 -0.023
6453934.000 1726700.000 0.206 -0.707 -0.006
6453809.000 1726700.000 0.352 -0.540 -0.031
6453859.000 1726700.000 0.441 -0.472 -0.027
6453959.000 1726700.000 0.253 -0.705 0.013
6453834.000 1726700.000 0.378 -0.335 -0.034
6453884.000 1726700.000 0.361 -0.671 -0.015
6454009.000 1726700.000 0.280 -0.754 0.007
6453984.000 1726700.000 0.249 -0.672 0.013
6454059.000 1726700.000 0.172 -0.622 0.003
6454034.000 1726700.000 0.216 -0.676 0.006
6454084.000 1726700.000 0.250 -0.592 0.011
6454209.000 1726700.000 0.212 -0.734 0.007
6454109.000 1726700.000 0.316 -0.534 0.019
6454234.000 1726700.000 0.066 -0.769 0.009
6454309.000 1726700.000 0.324 -0.717 -0.002
6454384.000 1726700.000 0.168 -0.708 -0.010
6454159.000 1726700.000 0.298 -0.695 -0.001
6454184.000 1726700.000 0.258 -0.669 0.004
6454134.000 1726700.000 0.319 -0.644 0.011
6454334.000 1726700.000 0.254 -0.641 -0.003
6454284.000 1726700.000 0.265 -0.744 -0.011
6454259.000 1726700.000 0.117 -0.782 0.004
6454359.000 1726700.000 0.258 -0.674 -0.002
6454409.000 1726700.000 0.291 -0.707 0.005
6454434.000 1726700.000 0.189 -0.797 -0.009
6454509.000 1726700.000 0.270 -0.681 -0.006
6454459.000 1726700.000 0.169 -0.796 -0.009
6454484.000 1726700.000 0.208 -0.775 -0.004
6454534.000 1726700.000 0.274 -0.711 -0.011
6451559.000 1726725.000 0.289 6.169 -2.250
6451709.000 1726725.000 -1.812 4.626 -1.516
6451734.000 1726725.000 -3.399 4.440 -1.515
6451584.000 1726725.000 2.893 1.127 -2.045
6451684.000 1726725.000 -2.780 0.122 -1.553
6451659.000 1726725.000 2.184 -0.055 -1.609
6451609.000 1726725.000 -1.727 -1.473 -1.883
6451634.000 1726725.000 -2.260 -3.518 -1.772
6451784.000 1726725.000 -4.230 -3.765 -1.384
6451834.000 1726725.000 -1.039 1.236 -3.218
6451759.000 1726725.000 -4.995 1.044 -1.537
6451809.000 1726725.000 -12.416 10.023 -2.155
6451859.000 1726725.000 -10.670 -9.467 -3.465
6451884.000 1726725.000 -13.871 -13.556 -3.483
6451934.000 1726725.000 -4.107 -0.656 -2.729
6451909.000 1726725.000 -3.965 -4.260 -2.849
6452059.000 1726725.000 -11.629 -14.821 -2.371
6452009.000 1726725.000 -14.808 -6.564 -2.358
6451959.000 1726725.000 -5.647 3.542 -2.727
6451984.000 1726725.000 -14.968 2.405 -2.431
6452034.000 1726725.000 -8.623 -13.718 -2.299
6452084.000 1726725.000 -14.083 7.393 1.168
6452109.000 1726725.000 1.668 3.174 1.038
6452234.000 1726725.000 0.040 -0.514 -0.032
6452184.000 1726725.000 -0.018 -0.458 -0.027
6452134.000 1726725.000 0.202 -0.536 0.004
6452159.000 1726725.000 0.086 -0.488 -0.017
6452209.000 1726725.000 -0.078 -0.346 -0.020
6452259.000 1726725.000 0.138 -0.509 -0.029
6452284.000 1726725.000 0.228 -0.383 -0.017
6452309.000 1726725.000 0.042 -0.152 -0.000
6452334.000 1726725.000 0.202 -0.453 -0.027
6452359.000 1726725.000 0.265 -0.557 -0.041
6452384.000 1726725.000 0.280 -0.620 -0.053
6452484.000 1726725.000 0.516 -0.757 -0.043
6452409.000 1726725.000 0.239 -0.634 -0.050
6452459.000 1726725.000 0.427 -0.783 -0.059
6452434.000 1726725.000 0.299 -0.692 -0.052
6452534.000 1726725.000 0.241 -0.741 -0.033
6452559.000 1726725.000 0.852 -1.173 -0.026
6452509.000 1726725.000 0.213 -0.733 -0.043
6452584.000 1726725.000 0.902 -1.225 -0.028
6452634.000 1726725.000 0.312 -0.666 -0.020
6452659.000 1726725.000 0.229 -0.738 -0.071
6452609.000 1726725.000 0.364 -0.796 -0.013
6452684.000 1726725.000 0.248 -0.627 -0.058
6452709.000 1726725.000 0.293 -0.521 -0.044
6452734.000 1726725.000 0.220 -0.586 -0.050
6452759.000 1726725.000 0.294 -0.617 -0.030
6452809.000 1726725.000 0.260 -0.627 -0.052
6452784.000 1726725.000 0.295 -0.602 -0.025
6452834.000 1726725.000 0.319 -0.691 -0.045
6452859.000 1726725.000 0.291 -0.676 -0.038
6452884.000 1726725.000 0.305 -0.695 -0.034
6452934.000 1726725.000 0.268 -0.579 -0.035
6452909.000 1726725.000 0.258 -0.603 -0.031
6453034.000 1726725.000 0.309 -0.590 -0.030
6452959.000 1726725.000 0.297 -0.571 -0.033
6452984.000 1726725.000 0.360 -0.613 -0.006
6453084.000 1726725.000 0.337 -0.561 -0.019
6453009.000 1726725.000 0.318 -0.593 -0.028
6453059.000 1726725.000 0.364 -0.577 -0.022
6453109.000 1726725.000 0.370 -0.565 -0.017
6453134.000 1726725.000 0.327 -0.588 -0.013
6453159.000 1726725.000 0.332 -0.598 -0.014
6453184.000 1726725.000 0.337 -0.632 -0.029
6453259.000 1726725.000 0.339 -0.829 -0.036
6453309.000 1726725.000 0.302 -0.744 -0.035
6453234.000 1726725.000 0.416 -0.799 -0.033
6453209.000 1726725.000 0.336 -0.676 -0.029
6453284.000 1726725.000 0.293 -0.797 -0.038
6453334.000 1726725.000 0.298 -0.743 -0.027
6453359.000 1726725.000 0.337 -0.762 -0.026
6453434.000 1726725.000 0.323 -0.718 -0.021
6453384.000 1726725.000 0.328 -0.760 -0.027
6453409.000 1726725.000 0.353 -0.739 -0.027
6453459.000 1726725.000 0.372 -0.757 -0.027
6453484.000 1726725.000 0.407 -0.701 -0.031
6453509.000 1726725.000 0.341 -0.675 -0.033
6453534.000 1726725.000 0.303 -0.579 -0.037
6453559.000 1726725.000 0.357 -0.582 -0.038
6453584.000 1726725.000 0.385 -0.587 -0.040
6453609.000 1726725.000 0.365 -0.569 -0.037
6453709.000 1726725.000 0.396 -0.556 -0.039
6453659.000 1726725.000 0.308 -0.492 -0.038
6453684.000 1726725.000 0.181 -0.356 -0.033
6453734.000 1726725.000 0.405 -0.599 -0.038
6453759.000 1726725.000 0.406 -0.609 -0.029
6453634.000 1726725.000 0.328 -0.503 -0.035
6453784.000 1726725.000 0.352 -0.500 -0.033
6453809.000 1726725.000 0.338 -0.478 -0.035
6453834.000 1726725.000 0.354 -0.569 -0.037
6453859.000 1726725.000 0.377 -0.638 -0.031
6453884.000 1726725.000 0.375 -0.619 -0.030
6453909.000 1726725.000 0.356 -0.631 -0.037
6453934.000 1726725.000 0.069 -0.607 -0.016
6453959.000 1726725.000 0.173 -0.749 0.002
6453984.000 1726725.000 0.247 -0.742 0.008
6454009.000 1726725.000 0.149 -0.750 -0.001
6454034.000 1726725.000 0.272 -0.632 -0.005
6454059.000 1726725.000 0.368 -0.606 -0.008
6454084.000 1726725.000 0.324 -0.585 -0.006
6454109.000 1726725.000 0.307 -0.590 0.002
6454159.000 1726725.000 0.321 -0.706 -0.005
6454134.000 1726725.000 0.318 -0.672 -0.013
6454184.000 1726725.000 0.263 -0.744 0.001
6454209.000 1726725.000 0.359 -0.779 0.004
6454234.000 1726725.000 0.091 -0.557 0.005
6454259.000 1726725.000 0.098 -0.622 -0.003
6454284.000 1726725.000 0.273 -0.688 -0.010
6454359.000 1726725.000 0.275 -0.594 -0.009
6454309.000 1726725.000 0.354 -0.717 -0.004
6454334.000 1726725.000 0.290 -0.669 -0.008
6454384.000 1726725.000 0.264 -0.580 -0.009
6454434.000 1726725.000 0.177 -0.701 -0.018
6454409.000 1726725.000 0.309 -0.673 -0.006
6454509.000 1726725.000 0.265 -0.572 -0.015
6454534.000 1726725.000 0.324 -0.574 -0.017
6454459.000 1726725.000 0.200 -0.617 -0.018
6454484.000 1726725.000 0.287 -0.567 -0.013
6451559.000 1726750.000 0.177 1.913 -2.154
6451584.000 1726750.000 0.035 1.979 -2.002
6451634.000 1726750.000 -2.307 -2.024 -1.870
6451609.000 1726750.000 -2.358 1.128 -1.974
6451709.000 1726750.000 -0.693 0.790 -1.282
6451659.000 1726750.000 1.460 2.488 -1.678
6451684.000 1726750.000 3.455 3.138 -1.447
6451784.000 1726750.000 11.151 10.017 -2.874
6451734.000 1726750.000 -3.933 -12.383 -1.386
6451759.000 1726750.000 -4.804 2.671 -2.168
6451859.000 1726750.000 -3.055 15.482 -2.385
6451834.000 1726750.000 -3.232 12.560 -2.693
6451884.000 1726750.000 -2.429 14.284 -2.158
6451809.000 1726750.000 1.901 7.627 -2.850
6451909.000 1726750.000 -6.430 12.564 -2.157
6451934.000 1726750.000 -10.840 -3.492 -2.375
6451959.000 1726750.000 -13.428 -5.399 -2.298
6451984.000 1726750.000 -4.817 -7.444 -2.031
6452059.000 1726750.000 -8.304 4.954 0.744
6452009.000 1726750.000 -4.270 -6.879 -1.852
6452034.000 1726750.000 -6.458 0.263 -0.313
6452134.000 1726750.000 0.202 -0.619 -0.026
6452084.000 1726750.000 2.087 2.188 0.840
6452109.000 1726750.000 0.310 -0.758 -0.005
6452184.000 1726750.000 0.009 -0.381 -0.020
6452209.000 1726750.000 0.210 -0.217 -0.001
6452159.000 1726750.000 0.100 -0.465 -0.022
6452259.000 1726750.000 0.211 -0.421 -0.022
6452234.000 1726750.000 0.294 -0.353 -0.012
6452284.000 1726750.000 0.119 -0.492 -0.035
6452309.000 1726750.000 0.067 -0.485 -0.043
6452334.000 1726750.000 0.164 -0.519 -0.041
6452359.000 1726750.000 0.300 -0.577 -0.044
6452384.000 1726750.000 0.320 -0.635 -0.057
6452484.000 1726750.000 0.248 -0.649 -0.045
6452409.000 1726750.000 0.314 -0.667 -0.060
6452459.000 1726750.000 0.318 -0.724 -0.058
6452434.000 1726750.000 0.353 -0.740 -0.064
6452509.000 1726750.000 0.252 -0.665 -0.039
6452584.000 1726750.000 0.551 -0.511 -0.052
6452634.000 1726750.000 0.231 -0.621 -0.047
6452534.000 1726750.000 0.222 -0.534 -0.041
6452559.000 1726750.000 0.289 -0.448 -0.045
6452609.000 1726750.000 0.387 -0.624 -0.035
6452684.000 1726750.000 0.246 -0.606 -0.066
6452709.000 1726750.000 0.343 -0.589 -0.052
6452659.000 1726750.000 0.160 -0.704 -0.089
6452734.000 1726750.000 0.320 -0.583 -0.055
6452759.000 1726750.000 0.306 -0.630 -0.066
6452784.000 1726750.000 0.310 -0.685 -0.067
6452809.000 1726750.000 0.306 -0.712 -0.062
6452834.000 1726750.000 0.354 -0.707 -0.052
6452859.000 1726750.000 0.317 -0.716 -0.052
6452884.000 1726750.000 0.317 -0.727 -0.050
6453009.000 1726750.000 0.316 -0.586 -0.033
6453034.000 1726750.000 0.306 -0.583 -0.036
6452934.000 1726750.000 0.264 -0.580 -0.047
6452959.000 1726750.000 0.280 -0.542 -0.058
6452909.000 1726750.000 0.236 -0.644 -0.049
6452984.000 1726750.000 0.319 -0.618 -0.037
6453059.000 1726750.000 0.330 -0.613 -0.028
6453084.000 1726750.000 0.318 -0.623 -0.022
6453109.000 1726750.000 0.315 -0.661 -0.018
6453134.000 1726750.000 0.326 -0.582 -0.022
6453259.000 1726750.000 0.352 -0.847 -0.048
6453234.000 1726750.000 0.410 -0.763 -0.039
6453159.000 1726750.000 0.325 -0.559 -0.020
6453209.000 1726750.000 0.329 -0.630 -0.035
6453284.000 1726750.000 0.324 -0.773 -0.047
6453184.000 1726750.000 0.321 -0.567 -0.034
6453334.000 1726750.000 0.317 -0.716 -0.037
6453309.000 1726750.000 0.312 -0.718 -0.043
6453384.000 1726750.000 0.362 -0.704 -0.032
6453359.000 1726750.000 0.359 -0.707 -0.034
6453409.000 1726750.000 0.335 -0.659 -0.026
6453434.000 1726750.000 0.356 -0.668 -0.026
6453459.000 1726750.000 0.353 -0.605 -0.038
6453484.000 1726750.000 0.346 -0.624 -0.039
6453509.000 1726750.000 0.347 -0.656 -0.041
6453609.000 1726750.000 0.423 -0.648 -0.038
6453534.000 1726750.000 0.355 -0.653 -0.043
6453584.000 1726750.000 0.390 -0.594 -0.045
6453684.000 1726750.000 0.285 -0.396 -0.047
6453659.000 1726750.000 0.267 -0.406 -0.044
6453559.000 1726750.000 0.404 -0.539 -0.045
6453634.000 1726750.000 0.372 -0.576 -0.036
6453709.000 1726750.000 0.403 -0.516 -0.046
6453759.000 1726750.000 0.400 -0.647 -0.039
6453734.000 1726750.000 0.454 -0.625 -0.043
6453784.000 1726750.000 0.366 -0.486 -0.040
6453859.000 1726750.000 0.239 -0.523 -0.037
6453809.000 1726750.000 0.347 -0.416 -0.039
6453909.000 1726750.000 0.144 -0.310 -0.047
6453834.000 1726750.000 0.306 -0.589 -0.037
6453884.000 1726750.000 0.193 -0.403 -0.039
6453934.000 1726750.000 -0.013 -0.759 -0.028
6453959.000 1726750.000 0.190 -0.852 -0.004
6453984.000 1726750.000 0.200 -0.870 -0.004
6454084.000 1726750.000 0.304 -0.626 -0.018
6454009.000 1726750.000 0.198 -0.760 -0.005
6454034.000 1726750.000 0.264 -0.604 -0.010
6454059.000 1726750.000 0.288 -0.611 -0.016
6454134.000 1726750.000 0.297 -0.625 -0.010
6454109.000 1726750.000 0.324 -0.652 -0.003
6454184.000 1726750.000 0.197 -0.692 -0.001
6454159.000 1726750.000 0.248 -0.630 -0.007
6454209.000 1726750.000 0.234 -0.597 0.000
6454234.000 1726750.000 0.220 -0.591 -0.009
6454259.000 1726750.000 0.307 -0.686 -0.015
6454309.000 1726750.000 0.452 -0.712 -0.015
6454284.000 1726750.000 0.380 -0.709 -0.019
6454384.000 1726750.000 0.377 -0.502 -0.007
6454334.000 1726750.000 0.243 -0.491 -0.013
6454409.000 1726750.000 0.346 -0.658 -0.010
6454359.000 1726750.000 0.325 -0.514 -0.010
6454434.000 1726750.000 0.292 -0.669 -0.018
6454509.000 1726750.000 0.375 -0.587 -0.021
6454484.000 1726750.000 0.375 -0.519 -0.020
6454459.000 1726750.000 0.311 -0.560 -0.018
6454534.000 1726750.000 0.378 -0.558 -0.020
6451684.000 1726775.000 -2.940 -11.185 -1.765
6451809.000 1726775.000 -9.466 -4.336 -2.693
6451659.000 1726775.000 -2.035 -11.144 -1.827
6451834.000 1726775.000 -3.233 2.317 -2.294
6451784.000 1726775.000 0.657 -6.983 -2.909
6451709.000 1726775.000 -25.706 -16.852 -1.835
6451584.000 1726775.000 -0.196 -8.025 -2.190
6451884.000 1726775.000 -2.609 -1.235 -1.918
6451559.000 1726775.000 0.046 -6.592 -2.200
6451609.000 1726775.000 0.922 -8.995 -2.223
6451859.000 1726775.000 1.175 -2.096 -2.030
6451634.000 1726775.000 0.468 -9.318 -2.037
6451734.000 1726775.000 13.114 2.830 -3.274
6451909.000 1726775.000 -3.832 -0.471 -1.909
6451759.000 1726775.000 9.749 -3.410 -3.095
6451934.000 1726775.000 -4.676 -2.144 -2.000
6451959.000 1726775.000 -1.803 -4.675 -1.798
6451984.000 1726775.000 -0.583 -4.544 -1.314
6452009.000 1726775.000 0.388 -0.656 -0.012
6452034.000 1726775.000 0.192 -0.760 0.018
6452109.000 1726775.000 0.285 -0.779 -0.020
6452084.000 1726775.000 0.280 -0.732 0.009
6452159.000 1726775.000 0.106 -0.485 -0.023
6452209.000 1726775.000 0.238 -0.550 -0.025
6452134.000 1726775.000 0.224 -0.669 -0.032
6452259.000 1726775.000 0.119 -0.522 -0.033
6452059.000 1726775.000 0.331 -0.768 0.023
6452184.000 1726775.000 0.092 -0.353 -0.015
6452234.000 1726775.000 0.205 -0.665 -0.035
6452284.000 1726775.000 0.145 -0.551 -0.040
6452334.000 1726775.000 0.093 -0.477 -0.044
6452309.000 1726775.000 0.117 -0.456 -0.041
6452359.000 1726775.000 0.190 -0.522 -0.044
6452384.000 1726775.000 0.516 -0.488 -0.040
6452409.000 1726775.000 0.377 -0.504 -0.050
6452434.000 1726775.000 0.333 -0.582 -0.059
6452459.000 1726775.000 0.262 -0.539 -0.058
6452509.000 1726775.000 0.124 -0.414 -0.047
6452484.000 1726775.000 0.185 -0.451 -0.051
6452534.000 1726775.000 0.174 -0.505 -0.045
6452559.000 1726775.000 0.310 -0.593 -0.042
6452584.000 1726775.000 0.218 -0.499 -0.045
6452609.000 1726775.000 0.295 -0.568 -0.099
6452634.000 1726775.000 0.354 -0.645 -0.103
6452759.000 1726775.000 0.326 -0.628 -0.084
6452784.000 1726775.000 0.339 -0.673 -0.072
6452709.000 1726775.000 0.278 -0.612 -0.086
6452834.000 1726775.000 0.334 -0.669 -0.069
6452659.000 1726775.000 0.298 -0.630 -0.083
6452809.000 1726775.000 0.323 -0.654 -0.071
6452684.000 1726775.000 0.276 -0.649 -0.082
6452734.000 1726775.000 0.320 -0.613 -0.083
6452859.000 1726775.000 0.307 -0.680 -0.065
6452884.000 1726775.000 0.283 -0.644 -0.063
6452909.000 1726775.000 0.276 -0.626 -0.060
6452934.000 1726775.000 0.292 -0.576 -0.055
6452959.000 1726775.000 0.308 -0.546 -0.051
6452984.000 1726775.000 0.281 -0.596 -0.063
6453059.000 1726775.000 0.327 -0.540 -0.043
6453184.000 1726775.000 0.324 -0.602 -0.042
6453134.000 1726775.000 0.319 -0.540 -0.034
6453084.000 1726775.000 0.327 -0.595 -0.034
6453009.000 1726775.000 0.312 -0.565 -0.046
6453034.000 1726775.000 0.307 -0.532 -0.047
6453159.000 1726775.000 0.339 -0.550 -0.022
6453109.000 1726775.000 0.317 -0.655 -0.028
6453209.000 1726775.000 0.354 -0.705 -0.046
6453234.000 1726775.000 0.369 -0.722 -0.046
6453259.000 1726775.000 0.335 -0.737 -0.052
6453284.000 1726775.000 0.328 -0.689 -0.052
6453359.000 1726775.000 0.378 -0.662 -0.039
6453334.000 1726775.000 0.303 -0.707 -0.044
6453309.000 1726775.000 0.303 -0.651 -0.048
6453384.000 1726775.000 0.376 -0.654 -0.033
6453434.000 1726775.000 0.370 -0.634 -0.039
6453459.000 1726775.000 0.324 -0.525 -0.044
6453409.000 1726775.000 0.357 -0.625 -0.031
6453484.000 1726775.000 0.332 -0.566 -0.044
6453659.000 1726775.000 0.348 -0.489 -0.047
6453684.000 1726775.000 0.361 -0.474 -0.051
6453709.000 1726775.000 0.407 -0.478 -0.057
6453509.000 1726775.000 0.390 -0.694 -0.045
6453734.000 1726775.000 0.428 -0.528 -0.048
6453559.000 1726775.000 0.442 -0.629 -0.049
6453534.000 1726775.000 0.453 -0.726 -0.046
6453759.000 1726775.000 0.421 -0.560 -0.043
6453784.000 1726775.000 0.399 -0.507 -0.044
6453584.000 1726775.000 0.419 -0.633 -0.049
6453609.000 1726775.000 0.393 -0.649 -0.043
6453634.000 1726775.000 0.419 -0.715 -0.047
6453834.000 1726775.000 0.380 -0.497 -0.046
6453859.000 1726775.000 0.268 -0.378 -0.046
6453809.000 1726775.000 0.396 -0.450 -0.049
6453884.000 1726775.000 0.210 -0.406 -0.050
6453909.000 1726775.000 0.346 -0.654 -0.058
6453934.000 1726775.000 0.157 -0.776 -0.042
6453959.000 1726775.000 0.322 -0.848 -0.004
6454009.000 1726775.000 0.358 -0.674 -0.014
6454084.000 1726775.000 0.324 -0.636 -0.014
6454209.000 1726775.000 0.241 -0.621 -0.009
6454109.000 1726775.000 0.278 -0.616 -0.008
6454234.000 1726775.000 0.297 -0.534 -0.023
6454259.000 1726775.000 0.357 -0.603 -0.025
6454284.000 1726775.000 0.347 -0.608 -0.024
6454034.000 1726775.000 0.354 -0.672 -0.015
6453984.000 1726775.000 0.405 -0.671 -0.006
6454059.000 1726775.000 0.349 -0.664 -0.016
6454134.000 1726775.000 0.304 -0.609 -0.008
6454159.000 1726775.000 0.235 -0.615 -0.006
6454184.000 1726775.000 0.090 -0.693 -0.006
6454309.000 1726775.000 0.417 -0.624 -0.023
6454434.000 1726775.000 0.408 -0.706 -0.023
6454509.000 1726775.000 0.384 -0.499 -0.024
6454334.000 1726775.000 0.390 -0.599 -0.013
6454359.000 1726775.000 0.415 -0.604 -0.008
6454534.000 1726775.000 0.333 -0.513 -0.022
6454484.000 1726775.000 0.378 -0.441 -0.023
6454384.000 1726775.000 0.380 -0.626 -0.011
6454409.000 1726775.000 0.404 -0.683 -0.014
6454459.000 1726775.000 0.400 -0.464 -0.013
6451609.000 1726800.000 -1.428 -6.581 -2.573
6451584.000 1726800.000 0.885 -7.494 -2.496
6451559.000 1726800.000 0.522 -5.824 -2.259
6451634.000 1726800.000 0.446 -4.754 -2.440
6451659.000 1726800.000 3.110 -5.984 -2.445
6451734.000 1726800.000 -0.458 -19.324 -3.236
6451759.000 1726800.000 -3.493 -16.296 -3.099
6451859.000 1726800.000 0.816 -1.749 -1.882
6451834.000 1726800.000 -0.943 -1.769 -1.970
6451709.000 1726800.000 -4.807 -13.390 -3.032
6451684.000 1726800.000 -7.198 -9.480 -2.572
6451784.000 1726800.000 -2.067 -5.518 -2.541
6451884.000 1726800.000 1.122 -2.791 -1.851
6451809.000 1726800.000 -4.266 -4.129 -2.251
6451934.000 1726800.000 2.443 -2.752 -1.139
6451909.000 1726800.000 6.061 -2.941 -1.632
6452084.000 1726800.000 0.299 -0.741 -0.004
6452109.000 1726800.000 0.255 -0.767 -0.025
6452134.000 1726800.000 0.215 -0.729 -0.031
6452159.000 1726800.000 0.197 -0.613 -0.026
6452184.000 1726800.000 0.199 -0.612 -0.027
6451959.000 1726800.000 1.121 0.223 -0.189
6452009.000 1726800.000 0.283 -0.635 0.022
6451984.000 1726800.000 0.355 -0.532 0.017
6452259.000 1726800.000 0.015 -0.700 -0.047
6452284.000 1726800.000 0.182 -0.622 -0.048
6452234.000 1726800.000 -0.009 -0.691 -0.043
6452059.000 1726800.000 0.345 -0.721 0.014
6452309.000 1726800.000 0.106 -0.469 -0.050
6452034.000 1726800.000 0.292 -0.686 0.021
6452334.000 1726800.000 -0.071 -0.473 -0.059
6452209.000 1726800.000 0.218 -0.627 -0.031
6452384.000 1726800.000 0.463 -0.358 -0.053
6452359.000 1726800.000 0.130 -0.406 -0.059
6452409.000 1726800.000 0.454 -0.405 -0.055
6452434.000 1726800.000 0.338 -0.453 -0.062
6452459.000 1726800.000 0.161 -0.440 -0.063
6452559.000 1726800.000 0.356 -0.620 -0.055
6452609.000 1726800.000 0.275 -0.689 -0.121
6452584.000 1726800.000 0.295 -0.660 -0.098
6452659.000 1726800.000 0.301 -0.694 -0.117
6452709.000 1726800.000 0.281 -0.618 -0.097
6452784.000 1726800.000 0.348 -0.767 -0.084
6452759.000 1726800.000 0.313 -0.626 -0.089
6452484.000 1726800.000 0.229 -0.436 -0.061
6452834.000 1726800.000 0.312 -0.607 -0.083
6452509.000 1726800.000 0.267 -0.513 -0.058
6452809.000 1726800.000 0.251 -0.591 -0.088
6452534.000 1726800.000 0.339 -0.617 -0.056
6452634.000 1726800.000 0.264 -0.711 -0.128
6452684.000 1726800.000 0.319 -0.661 -0.099
6452734.000 1726800.000 0.302 -0.608 -0.093
6452859.000 1726800.000 0.301 -0.585 -0.081
6452884.000 1726800.000 0.237 -0.609 -0.076
6452959.000 1726800.000 0.326 -0.467 -0.062
6452909.000 1726800.000 0.285 -0.588 -0.063
6452934.000 1726800.000 0.326 -0.484 -0.052
6452984.000 1726800.000 0.329 -0.513 -0.066
6453009.000 1726800.000 0.364 -0.567 -0.055
6453034.000 1726800.000 0.314 -0.509 -0.055
6453084.000 1726800.000 0.307 -0.505 -0.050
6453134.000 1726800.000 0.312 -0.491 -0.044
6453109.000 1726800.000 0.282 -0.513 -0.045
6453059.000 1726800.000 0.298 -0.459 -0.061
6453159.000 1726800.000 0.324 -0.517 -0.044
6453259.000 1726800.000 0.331 -0.685 -0.060
6453184.000 1726800.000 0.331 -0.615 -0.053
6453209.000 1726800.000 0.431 -0.647 -0.047
6453234.000 1726800.000 0.336 -0.681 -0.054
6453309.000 1726800.000 0.330 -0.662 -0.056
6453284.000 1726800.000 0.367 -0.646 -0.058
6453334.000 1726800.000 0.394 -0.705 -0.051
6453384.000 1726800.000 0.370 -0.619 -0.041
6453359.000 1726800.000 0.397 -0.643 -0.047
6453459.000 1726800.000 0.340 -0.518 -0.049
6453434.000 1726800.000 0.323 -0.540 -0.048
6453409.000 1726800.000 0.358 -0.577 -0.044
6453484.000 1726800.000 0.438 -0.640 -0.048
6453584.000 1726800.000 0.458 -0.668 -0.050
6453809.000 1726800.000 0.403 -0.458 -0.055
6453834.000 1726800.000 0.359 -0.407 -0.055
6453884.000 1726800.000 0.310 -0.438 -0.060
6453859.000 1726800.000 0.277 -0.361 -0.057
6453684.000 1726800.000 0.449 -0.529 -0.061
6453734.000 1726800.000 0.471 -0.538 -0.052
6453709.000 1726800.000 0.445 -0.467 -0.056
6453759.000 1726800.000 0.455 -0.514 -0.046
6453784.000 1726800.000 0.455 -0.421 -0.048
6453534.000 1726800.000 0.354 -0.475 -0.052
6453509.000 1726800.000 0.411 -0.585 -0.051
6453559.000 1726800.000 0.387 -0.564 -0.052
6453609.000 1726800.000 0.369 -0.605 -0.058
6453634.000 1726800.000 0.413 -0.558 -0.057
6453659.000 1726800.000 0.426 -0.542 -0.055
6453909.000 1726800.000 0.335 -0.553 -0.060
6453934.000 1726800.000 0.456 -0.619 -0.043
6453959.000 1726800.000 0.476 -0.855 -0.005
6454009.000 1726800.000 0.384 -0.699 -0.017
6453984.000 1726800.000 0.376 -0.660 -0.015
6454034.000 1726800.000 0.368 -0.676 -0.020
6454059.000 1726800.000 0.384 -0.678 -0.023
6454084.000 1726800.000 0.346 -0.657 -0.025
6454109.000 1726800.000 0.280 -0.592 -0.014
6454134.000 1726800.000 0.308 -0.581 -0.011
6454359.000 1726800.000 0.515 -0.689 -0.009
6454384.000 1726800.000 0.497 -0.725 -0.013
6454334.000 1726800.000 0.469 -0.602 -0.014
6454209.000 1726800.000 0.315 -0.580 -0.019
6454409.000 1726800.000 0.446 -0.711 -0.019
6454309.000 1726800.000 0.332 -0.523 -0.024
6454159.000 1726800.000 0.259 -0.649 -0.005
6454184.000 1726800.000 0.232 -0.606 -0.016
6454259.000 1726800.000 0.290 -0.579 -0.026
6454234.000 1726800.000 0.243 -0.506 -0.025
6454284.000 1726800.000 0.312 -0.562 -0.027
6454459.000 1726800.000 0.452 -0.569 -0.027
6454434.000 1726800.000 0.604 -0.718 -0.025
6454484.000 1726800.000 0.357 -0.485 -0.034
6454509.000 1726800.000 0.192 -0.585 -0.054
6454534.000 1726800.000 0.201 -0.630 -0.050
6451834.000 1726825.000 2.340 0.420 -0.466
6451684.000 1726825.000 -2.837 -9.300 -3.002
6451809.000 1726825.000 3.233 -3.087 -1.539
6451659.000 1726825.000 -0.479 -9.415 -2.852
6451759.000 1726825.000 0.409 -1.825 -1.243
6451784.000 1726825.000 0.754 -2.583 -1.523
6451609.000 1726825.000 -2.214 -7.383 -2.623
6451559.000 1726825.000 -0.073 -5.581 -2.308
6451584.000 1726825.000 -4.757 -6.464 -2.571
6451709.000 1726825.000 -3.068 -7.973 -3.127
6451634.000 1726825.000 -0.348 -5.634 -2.213
6451734.000 1726825.000 2.450 -10.524 -3.092
6451909.000 1726825.000 0.261 -0.684 0.011
6451859.000 1726825.000 0.407 0.995 -0.006
6451884.000 1726825.000 0.272 -0.681 0.015
6451934.000 1726825.000 0.259 -0.634 0.015
6452009.000 1726825.000 0.296 -0.594 0.010
6451959.000 1726825.000 0.234 -0.662 0.013
6451984.000 1726825.000 0.292 -0.624 0.009
6452034.000 1726825.000 0.276 -0.643 0.003
6452159.000 1726825.000 0.087 -0.674 -0.029
6452109.000 1726825.000 0.166 -0.646 -0.009
6452059.000 1726825.000 0.264 -0.729 -0.013
6452084.000 1726825.000 0.325 -0.781 -0.003
6452134.000 1726825.000 0.143 -0.595 -0.021
6452209.000 1726825.000 0.116 -0.780 -0.043
6452184.000 1726825.000 0.107 -0.758 -0.039
6452259.000 1726825.000 0.163 -0.723 -0.055
6452234.000 1726825.000 -0.048 -0.656 -0.048
6452334.000 1726825.000 -0.008 -0.599 -0.068
6452284.000 1726825.000 0.271 -0.660 -0.061
6452309.000 1726825.000 0.133 -0.645 -0.065
6452359.000 1726825.000 -0.040 -0.338 -0.078
6452409.000 1726825.000 0.327 -0.395 -0.072
6452384.000 1726825.000 0.087 -0.351 -0.076
6452434.000 1726825.000 0.266 -0.500 -0.076
6452484.000 1726825.000 0.326 -0.469 -0.072
6452534.000 1726825.000 0.325 -0.562 -0.069
6452459.000 1726825.000 0.286 -0.471 -0.075
6452509.000 1726825.000 0.299 -0.526 -0.067
6452584.000 1726825.000 0.293 -0.621 -0.101
6452559.000 1726825.000 0.286 -0.571 -0.091
6452709.000 1726825.000 0.295 -0.651 -0.098
6452609.000 1726825.000 0.272 -0.661 -0.106
6452634.000 1726825.000 0.240 -0.678 -0.104
6452659.000 1726825.000 0.264 -0.650 -0.099
6452684.000 1726825.000 0.336 -0.671 -0.097
6452734.000 1726825.000 0.259 -0.628 -0.095
6452784.000 1726825.000 0.392 -0.749 -0.082
6452759.000 1726825.000 0.279 -0.592 -0.089
6452809.000 1726825.000 0.344 -0.458 -0.099
6452834.000 1726825.000 0.268 -0.505 -0.100
6452859.000 1726825.000 0.276 -0.547 -0.096
6452884.000 1726825.000 0.267 -0.642 -0.091
6452934.000 1726825.000 0.278 -0.512 -0.075
6452909.000 1726825.000 0.294 -0.741 -0.084
6453059.000 1726825.000 0.323 -0.529 -0.059
6452959.000 1726825.000 0.305 -0.490 -0.073
6453234.000 1726825.000 0.316 -0.585 -0.058
6453184.000 1726825.000 0.307 -0.499 -0.058
6453159.000 1726825.000 0.302 -0.501 -0.064
6453109.000 1726825.000 0.320 -0.536 -0.046
6453084.000 1726825.000 0.311 -0.563 -0.050
6452984.000 1726825.000 0.345 -0.512 -0.051
6453209.000 1726825.000 0.411 -0.536 -0.052
6453034.000 1726825.000 0.355 -0.500 -0.065
6453009.000 1726825.000 0.330 -0.532 -0.069
6453134.000 1726825.000 0.313 -0.493 -0.050
6453334.000 1726825.000 0.349 -0.571 -0.058
6453259.000 1726825.000 0.348 -0.587 -0.065
6453459.000 1726825.000 0.314 -0.424 -0.055
6453409.000 1726825.000 0.362 -0.518 -0.052
6453434.000 1726825.000 0.342 -0.460 -0.054
6453284.000 1726825.000 0.357 -0.599 -0.065
6453559.000 1726825.000 0.370 -0.524 -0.055
6453309.000 1726825.000 0.349 -0.540 -0.061
6453359.000 1726825.000 0.388 -0.582 -0.057
6453384.000 1726825.000 0.371 -0.589 -0.052
6453484.000 1726825.000 0.312 -0.480 -0.056
6453534.000 1726825.000 0.342 -0.446 -0.056
6453509.000 1726825.000 0.297 -0.330 -0.059
6453634.000 1726825.000 0.481 -0.566 -0.066
6453609.000 1726825.000 0.538 -0.596 -0.067
6453584.000 1726825.000 0.446 -0.627 -0.054
6453709.000 1726825.000 0.409 -0.567 -0.056
6453734.000 1726825.000 0.382 -0.231 -0.055
6453759.000 1726825.000 0.486 -0.432 -0.050
6453809.000 1726825.000 0.433 -0.486 -0.060
6453784.000 1726825.000 0.461 -0.461 -0.055
6453684.000 1726825.000 0.446 -0.572 -0.059
6453884.000 1726825.000 0.382 -0.429 -0.066
6453859.000 1726825.000 0.119 -0.145 -0.061
6453659.000 1726825.000 0.433 -0.536 -0.060
6453834.000 1726825.000 0.331 -0.387 -0.061
6453909.000 1726825.000 0.387 -0.427 -0.061
6454034.000 1726825.000 0.400 -0.682 -0.026
6454084.000 1726825.000 0.320 -0.613 -0.030
6454059.000 1726825.000 0.391 -0.655 -0.028
6453984.000 1726825.000 0.373 -0.652 -0.020
6453934.000 1726825.000 0.516 -0.565 -0.043
6453959.000 1726825.000 0.319 -0.687 -0.021
6454109.000 1726825.000 0.315 -0.609 -0.024
6454134.000 1726825.000 0.333 -0.587 -0.019
6454009.000 1726825.000 0.417 -0.726 -0.019
6454184.000 1726825.000 0.348 -0.558 -0.017
6454159.000 1726825.000 0.350 -0.678 -0.009
6454209.000 1726825.000 0.366 -0.584 -0.025
6454234.000 1726825.000 0.264 -0.557 -0.026
6454284.000 1726825.000 0.418 -0.624 -0.025
6454309.000 1726825.000 0.525 -0.668 -0.022
6454359.000 1726825.000 0.445 -0.598 -0.013
6454384.000 1726825.000 0.436 -0.637 -0.015
6454484.000 1726825.000 0.419 -0.394 -0.030
6454509.000 1726825.000 0.365 -0.389 -0.034
6454259.000 1726825.000 0.366 -0.648 -0.027
6454409.000 1726825.000 0.395 -0.651 -0.022
6454334.000 1726825.000 0.489 -0.586 -0.018
6454459.000 1726825.000 0.529 -0.528 -0.025
6454434.000 1726825.000 0.594 -0.702 -0.025
6454534.000 1726825.000 0.196 -0.586 -0.056
6451559.000 1726850.000 0.298 1.548 -0.147
6451584.000 1726850.000 0.300 -0.466 -0.054
6451634.000 1726850.000 0.331 -0.620 -0.063
6451609.000 1726850.000 0.263 -0.597 -0.059
6451734.000 1726850.000 0.320 -0.395 -0.045
6451709.000 1726850.000 0.440 -0.410 -0.051
6451659.000 1726850.000 0.339 -0.595 -0.066
6451759.000 1726850.000 0.235 -0.394 -0.029
6451784.000 1726850.000 0.325 -0.669 -0.013
6451684.000 1726850.000 0.276 -0.291 -0.069
6451809.000 1726850.000 0.293 -0.619 -0.011
6451859.000 1726850.000 0.310 -0.639 0.010
6451834.000 1726850.000 0.318 -0.581 0.001
6451909.000 1726850.000 0.266 -0.664 0.004
6451884.000 1726850.000 0.284 -0.656 0.010
6451934.000 1726850.000 0.269 -0.626 0.006
6451959.000 1726850.000 0.309 -0.594 0.003
6452134.000 1726850.000 -0.020 -0.645 -0.025
6451984.000 1726850.000 0.295 -0.567 -0.008
6452084.000 1726850.000 0.441 -1.434 -0.007
6452059.000 1726850.000 0.240 -0.642 -0.046
6452159.000 1726850.000 0.019 -0.403 -0.030
6452009.000 1726850.000 0.297 -0.564 -0.017
6452034.000 1726850.000 0.274 -0.685 -0.044
6452109.000 1726850.000 0.801 -1.429 -0.012
6452184.000 1726850.000 0.395 -0.408 -0.042
6452209.000 1726850.000 0.096 -0.558 -0.055
6452234.000 1726850.000 0.120 -0.534 -0.065
6452384.000 1726850.000 0.217 -0.402 -0.088
6452259.000 1726850.000 0.333 -0.392 -0.075
6452484.000 1726850.000 0.399 -0.483 -0.079
6452434.000 1726850.000 0.287 -0.381 -0.085
6452459.000 1726850.000 0.330 -0.402 -0.082
6452309.000 1726850.000 0.345 -0.672 -0.073
6452284.000 1726850.000 0.267 -0.477 -0.078
6452334.000 1726850.000 0.364 -0.661 -0.075
6452409.000 1726850.000 0.269 -0.443 -0.085
6452359.000 1726850.000 0.176 -0.381 -0.088
6452509.000 1726850.000 0.357 -0.474 -0.075
6452534.000 1726850.000 0.328 -0.506 -0.083
6452559.000 1726850.000 0.267 -0.520 -0.103
6452584.000 1726850.000 0.281 -0.584 -0.107
6452659.000 1726850.000 0.298 -0.630 -0.099
6452609.000 1726850.000 0.257 -0.693 -0.109
6452734.000 1726850.000 0.406 -0.610 -0.096
6452709.000 1726850.000 0.397 -0.677 -0.095
6452759.000 1726850.000 0.389 -0.623 -0.093
6452634.000 1726850.000 0.255 -0.673 -0.106
6452684.000 1726850.000 0.343 -0.645 -0.097
6452784.000 1726850.000 0.331 -0.645 -0.092
6452859.000 1726850.000 0.284 -0.575 -0.097
6452834.000 1726850.000 0.312 -0.539 -0.100
6452884.000 1726850.000 0.278 -0.633 -0.092
6452809.000 1726850.000 0.348 -0.540 -0.095
6452909.000 1726850.000 0.329 -0.599 -0.091
6452934.000 1726850.000 0.317 -0.500 -0.084
6452959.000 1726850.000 0.317 -0.521 -0.086
6453009.000 1726850.000 0.322 -0.509 -0.069
6453059.000 1726850.000 0.333 -0.515 -0.059
6452984.000 1726850.000 0.334 -0.502 -0.060
6453109.000 1726850.000 0.331 -0.547 -0.046
6453084.000 1726850.000 0.319 -0.569 -0.050
6453034.000 1726850.000 0.345 -0.498 -0.065
6453134.000 1726850.000 0.281 -0.495 -0.079
6453159.000 1726850.000 0.286 -0.503 -0.073
6453184.000 1726850.000 0.300 -0.511 -0.066
6453209.000 1726850.000 0.360 -0.440 -0.056
6453259.000 1726850.000 0.330 -0.574 -0.072
6453284.000 1726850.000 0.342 -0.545 -0.073
6453334.000 1726850.000 0.319 -0.485 -0.066
6453234.000 1726850.000 0.290 -0.520 -0.062
6453309.000 1726850.000 0.305 -0.444 -0.068
6453384.000 1726850.000 0.315 -0.425 -0.060
6453359.000 1726850.000 0.339 -0.482 -0.065
6453409.000 1726850.000 0.320 -0.411 -0.059
6453459.000 1726850.000 0.354 -0.449 -0.057
6453484.000 1726850.000 0.307 -0.432 -0.059
6453434.000 1726850.000 0.374 -0.474 -0.056
6453509.000 1726850.000 0.346 -0.446 -0.061
6453534.000 1726850.000 0.366 -0.440 -0.061
6453559.000 1726850.000 0.385 -0.496 -0.058
6453609.000 1726850.000 0.468 -0.535 -0.066
6453584.000 1726850.000 0.414 -0.465 -0.058
6453759.000 1726850.000 0.487 -0.635 -0.050
6453634.000 1726850.000 0.457 -0.523 -0.068
6453809.000 1726850.000 0.284 -0.364 -0.060
6453834.000 1726850.000 0.369 -0.361 -0.064
6453684.000 1726850.000 0.473 -0.543 -0.058
6453734.000 1726850.000 0.502 -0.351 -0.057
6453859.000 1726850.000 0.370 -0.390 -0.067
6453659.000 1726850.000 0.466 -0.526 -0.059
6453784.000 1726850.000 0.384 -0.459 -0.057
6453709.000 1726850.000 0.427 -0.412 -0.057
6453884.000 1726850.000 0.383 -0.415 -0.067
6453909.000 1726850.000 0.400 -0.385 -0.059
6454084.000 1726850.000 0.364 -0.699 -0.029
6454034.000 1726850.000 0.375 -0.614 -0.035
6454109.000 1726850.000 0.370 -0.623 -0.025
6454009.000 1726850.000 0.308 -0.520 -0.028
6453934.000 1726850.000 0.470 -0.613 -0.036
6453984.000 1726850.000 0.367 -0.594 -0.026
6454059.000 1726850.000 0.430 -0.673 -0.028
6454184.000 1726850.000 0.421 -0.565 -0.022
6453959.000 1726850.000 0.504 -0.652 -0.022
6454134.000 1726850.000 0.365 -0.556 -0.026
6454159.000 1726850.000 0.387 -0.542 -0.019
6454234.000 1726850.000 0.418 -0.638 -0.028
6454209.000 1726850.000 0.355 -0.555 -0.028
6454259.000 1726850.000 0.465 -0.658 -0.026
6454284.000 1726850.000 0.495 -0.670 -0.026
6454359.000 1726850.000 0.410 -0.546 -0.021
6454334.000 1726850.000 0.510 -0.608 -0.025
6454309.000 1726850.000 0.599 -0.633 -0.024
6454384.000 1726850.000 0.364 -0.540 -0.021
6454409.000 1726850.000 0.405 -0.516 -0.033
6454509.000 1726850.000 0.150 -0.651 -0.074
6454459.000 1726850.000 0.570 -0.517 -0.036
6454484.000 1726850.000 0.512 -0.422 -0.033
6454434.000 1726850.000 0.148 -0.388 -0.035
6454534.000 1726850.000 0.166 -0.560 -0.065
6451659.000 1726875.000 0.314 -0.697 -0.079
6451684.000 1726875.000 0.247 -0.704 -0.079
6451709.000 1726875.000 0.314 -0.688 -0.067
6451734.000 1726875.000 0.270 -0.692 -0.057
6451584.000 1726875.000 0.215 -0.551 -0.070
6451809.000 1726875.000 0.305 -0.675 -0.030
6451634.000 1726875.000 0.317 -0.619 -0.079
6451559.000 1726875.000 0.169 -0.468 -0.062
6451609.000 1726875.000 0.246 -0.577 -0.076
6451784.000 1726875.000 0.271 -0.770 -0.037
6451759.000 1726875.000 0.188 -0.740 -0.048
6451834.000 1726875.000 0.311 -0.605 -0.021
6451859.000 1726875.000 0.363 -0.617 -0.017
6451884.000 1726875.000 0.342 -0.589 -0.018
6451934.000 1726875.000 0.299 -0.539 -0.019
6451909.000 1726875.000 0.292 -0.549 -0.019
6452009.000 1726875.000 0.315 -0.625 -0.050
6452059.000 1726875.000 0.088 -0.059 -0.100
6451959.000 1726875.000 0.322 -0.571 -0.032
6452134.000 1726875.000 -0.663 -1.988 -0.026
6452034.000 1726875.000 0.302 -0.701 -0.067
6451984.000 1726875.000 0.320 -0.641 -0.046
6452084.000 1726875.000 1.341 1.046 -0.147
6452259.000 1726875.000 -0.286 -0.756 -0.098
6452109.000 1726875.000 0.527 0.040 -0.100
6452184.000 1726875.000 4.342 -0.304 -0.075
6452159.000 1726875.000 0.001 -3.002 0.018
6452234.000 1726875.000 1.106 -1.404 -0.084
6452209.000 1726875.000 2.343 -0.499 -0.077
6452284.000 1726875.000 -0.472 -0.741 -0.096
6452309.000 1726875.000 0.227 -0.402 -0.086
6452334.000 1726875.000 0.191 -0.398 -0.096
6452409.000 1726875.000 0.249 -0.384 -0.097
6452359.000 1726875.000 0.234 -0.345 -0.104
6452384.000 1726875.000 0.229 -0.289 -0.106
6452484.000 1726875.000 0.338 -0.429 -0.091
6452434.000 1726875.000 0.278 -0.397 -0.089
6452509.000 1726875.000 0.341 -0.493 -0.103
6452534.000 1726875.000 0.301 -0.502 -0.130
6452459.000 1726875.000 0.342 -0.393 -0.089
6452584.000 1726875.000 0.269 -0.574 -0.111
6452559.000 1726875.000 0.325 -0.506 -0.114
6452609.000 1726875.000 0.234 -0.520 -0.112
6452634.000 1726875.000 0.286 -0.534 -0.104
6452659.000 1726875.000 0.310 -0.501 -0.098
6452684.000 1726875.000 0.326 -0.504 -0.097
6452734.000 1726875.000 0.348 -0.555 -0.102
6452709.000 1726875.000 0.407 -0.574 -0.094
6452759.000 1726875.000 0.344 -0.582 -0.099
6452859.000 1726875.000 0.360 -0.604 -0.097
6452834.000 1726875.000 0.328 -0.584 -0.105
6452784.000 1726875.000 0.329 -0.604 -0.096
6452809.000 1726875.000 0.274 -0.638 -0.098
6452884.000 1726875.000 0.337 -0.587 -0.093
6452934.000 1726875.000 0.328 -0.551 -0.093
6452909.000 1726875.000 0.333 -0.560 -0.093
6452959.000 1726875.000 0.316 -0.578 -0.102
6453059.000 1726875.000 0.352 -0.480 -0.062
6453009.000 1726875.000 0.331 -0.499 -0.072
6452984.000 1726875.000 0.317 -0.528 -0.082
6453034.000 1726875.000 0.311 -0.567 -0.067
6453084.000 1726875.000 0.342 -0.587 -0.048
6453109.000 1726875.000 0.326 -0.519 -0.049
6453134.000 1726875.000 0.290 -0.515 -0.082
6453159.000 1726875.000 0.298 -0.512 -0.078
6453209.000 1726875.000 0.317 -0.413 -0.060
6453184.000 1726875.000 0.306 -0.496 -0.070
6453284.000 1726875.000 0.349 -0.515 -0.074
6453259.000 1726875.000 0.281 -0.500 -0.072
6453234.000 1726875.000 0.258 -0.456 -0.064
6453459.000 1726875.000 0.288 -0.322 -0.058
6453309.000 1726875.000 0.319 -0.445 -0.071
6453334.000 1726875.000 0.327 -0.472 -0.069
6453434.000 1726875.000 0.304 -0.409 -0.055
6453359.000 1726875.000 0.301 -0.401 -0.064
6453409.000 1726875.000 0.321 -0.399 -0.058
6453384.000 1726875.000 0.337 -0.414 -0.060
6453484.000 1726875.000 0.328 -0.395 -0.059
6453509.000 1726875.000 0.342 -0.430 -0.061
6453534.000 1726875.000 0.403 -0.425 -0.059
6453559.000 1726875.000 0.250 -0.397 -0.059
6453584.000 1726875.000 0.329 -0.415 -0.059
6453634.000 1726875.000 0.445 -0.516 -0.064
6453609.000 1726875.000 0.421 -0.479 -0.060
6453659.000 1726875.000 0.492 -0.511 -0.058
6453684.000 1726875.000 0.481 -0.536 -0.056
6453734.000 1726875.000 0.513 -0.439 -0.057
6453759.000 1726875.000 0.497 -0.548 -0.054
6453709.000 1726875.000 0.445 -0.402 -0.058
6453809.000 1726875.000 0.347 -0.372 -0.064
6453834.000 1726875.000 0.374 -0.310 -0.068
6453784.000 1726875.000 0.415 -0.464 -0.060
6453859.000 1726875.000 0.403 -0.414 -0.071
6453909.000 1726875.000 0.569 -0.191 -0.052
6453884.000 1726875.000 0.438 -0.433 -0.070
6453934.000 1726875.000 0.369 -0.672 -0.034
6453959.000 1726875.000 0.475 -0.617 -0.025
6453984.000 1726875.000 0.473 -0.598 -0.021
6454009.000 1726875.000 0.396 -0.552 -0.031
6454034.000 1726875.000 0.392 -0.545 -0.030
6454084.000 1726875.000 0.369 -0.584 -0.030
6454109.000 1726875.000 0.392 -0.461 -0.035
6454159.000 1726875.000 0.328 -0.497 -0.026
6454134.000 1726875.000 0.296 -0.446 -0.030
6454059.000 1726875.000 0.410 -0.803 -0.031
6454209.000 1726875.000 0.381 -0.554 -0.031
6454184.000 1726875.000 0.405 -0.550 -0.028
6454234.000 1726875.000 0.454 -0.606 -0.028
6454259.000 1726875.000 0.511 -0.597 -0.027
6454309.000 1726875.000 0.600 -0.582 -0.027
6454334.000 1726875.000 0.533 -0.568 -0.029
6454284.000 1726875.000 0.569 -0.611 -0.026
6454359.000 1726875.000 0.478 -0.591 -0.028
6454384.000 1726875.000 0.425 -0.526 -0.035
6454459.000 1726875.000 0.437 -0.494 -0.036
6454409.000 1726875.000 0.306 -0.493 -0.034
6454534.000 1726875.000 0.307 -0.547 -0.060
6451559.000 1726900.000 0.199 -0.630 -0.086
6454509.000 1726875.000 0.401 -0.444 -0.044
6454434.000 1726875.000 0.215 -0.476 -0.034
6454484.000 1726875.000 0.510 -0.418 -0.038
6451609.000 1726900.000 0.207 -0.578 -0.092
6451584.000 1726900.000 0.194 -0.592 -0.087
6451634.000 1726900.000 0.207 -0.575 -0.094
6451659.000 1726900.000 0.225 -0.578 -0.097
6451684.000 1726900.000 0.242 -0.623 -0.097
6451709.000 1726900.000 0.247 -0.701 -0.093
6451759.000 1726900.000 0.243 -0.630 -0.082
6451734.000 1726900.000 0.251 -0.757 -0.085
6451784.000 1726900.000 0.197 -0.557 -0.075
6451809.000 1726900.000 0.225 -0.610 -0.066
6451834.000 1726900.000 0.239 -0.701 -0.065
6451884.000 1726900.000 0.348 -0.671 -0.063
6451934.000 1726900.000 0.263 -0.610 -0.069
6451909.000 1726900.000 0.243 -0.606 -0.062
6451859.000 1726900.000 0.330 -0.690 -0.064
6451959.000 1726900.000 0.282 -0.606 -0.070
6451984.000 1726900.000 0.299 -0.639 -0.070
6452034.000 1726900.000 0.309 -0.623 -0.081
6452009.000 1726900.000 0.314 -0.645 -0.076
6452059.000 1726900.000 -0.106 -0.284 -0.103
6452084.000 1726900.000 0.178 0.905 -0.171
6452109.000 1726900.000 1.117 1.625 -0.202
6452134.000 1726900.000 1.200 0.896 -0.163
6452159.000 1726900.000 -0.375 2.376 -0.216
6452184.000 1726900.000 -1.335 5.750 -0.267
6452209.000 1726900.000 -1.691 3.602 -0.148
6452234.000 1726900.000 -2.435 2.917 -0.233
6452259.000 1726900.000 -0.368 0.148 -0.144
6452309.000 1726900.000 0.159 -0.241 -0.105
6452284.000 1726900.000 0.067 0.418 -0.148
6452334.000 1726900.000 0.208 -0.342 -0.110
6452359.000 1726900.000 0.189 -0.364 -0.115
6452384.000 1726900.000 0.189 -0.282 -0.114
6452434.000 1726900.000 0.262 -0.396 -0.096
6452409.000 1726900.000 0.276 -0.423 -0.096
6452459.000 1726900.000 0.275 -0.391 -0.102
6452534.000 1726900.000 0.317 -0.505 -0.114
6452484.000 1726900.000 0.284 -0.457 -0.114
6452509.000 1726900.000 0.288 -0.495 -0.118
6452584.000 1726900.000 0.241 -0.524 -0.110
6452559.000 1726900.000 0.275 -0.546 -0.110
6452634.000 1726900.000 0.292 -0.539 -0.102
6452609.000 1726900.000 0.229 -0.546 -0.112
6452684.000 1726900.000 0.278 -0.432 -0.098
6452709.000 1726900.000 0.289 -0.448 -0.096
6452659.000 1726900.000 0.304 -0.489 -0.098
6452734.000 1726900.000 0.305 -0.509 -0.098
6452759.000 1726900.000 0.329 -0.544 -0.093
6452809.000 1726900.000 0.297 -0.551 -0.086
6452834.000 1726900.000 0.396 -0.665 -0.100
6452784.000 1726900.000 0.345 -0.548 -0.089
6452859.000 1726900.000 0.503 -0.624 -0.089
6452884.000 1726900.000 0.398 -0.604 -0.088
6452909.000 1726900.000 0.356 -0.606 -0.096
6452959.000 1726900.000 0.309 -0.587 -0.110
6452934.000 1726900.000 0.319 -0.554 -0.095
6453009.000 1726900.000 0.371 -0.527 -0.073
6452984.000 1726900.000 0.337 -0.569 -0.086
6453059.000 1726900.000 0.342 -0.525 -0.062
6453034.000 1726900.000 0.290 -0.576 -0.070
6453084.000 1726900.000 0.335 -0.546 -0.057
6453134.000 1726900.000 0.303 -0.521 -0.078
6453109.000 1726900.000 0.332 -0.532 -0.051
6453159.000 1726900.000 0.306 -0.466 -0.079
6453184.000 1726900.000 0.326 -0.463 -0.072
6453209.000 1726900.000 0.383 -0.444 -0.062
6453234.000 1726900.000 0.239 -0.478 -0.069
6453309.000 1726900.000 0.313 -0.386 -0.069
6453284.000 1726900.000 0.360 -0.439 -0.075
6453259.000 1726900.000 0.264 -0.480 -0.075
6453334.000 1726900.000 0.328 -0.437 -0.069
6453384.000 1726900.000 0.385 -0.498 -0.059
6453359.000 1726900.000 0.326 -0.389 -0.064
6453434.000 1726900.000 0.353 -0.478 -0.053
6453409.000 1726900.000 0.392 -0.491 -0.054
6453484.000 1726900.000 0.363 -0.441 -0.056
6453459.000 1726900.000 0.347 -0.408 -0.054
6453509.000 1726900.000 0.423 -0.530 -0.058
6453534.000 1726900.000 0.533 -0.607 -0.056
6453559.000 1726900.000 0.400 -0.461 -0.056
6453684.000 1726900.000 0.418 -0.611 -0.057
6453584.000 1726900.000 0.442 -0.499 -0.053
6453634.000 1726900.000 0.406 -0.458 -0.064
6453734.000 1726900.000 0.464 -0.527 -0.061
6453609.000 1726900.000 0.425 -0.478 -0.059
6453659.000 1726900.000 0.548 -0.515 -0.059
6453709.000 1726900.000 0.377 -0.536 -0.056
6453759.000 1726900.000 0.458 -0.472 -0.062
6453809.000 1726900.000 0.325 -0.353 -0.064
6453784.000 1726900.000 0.381 -0.399 -0.063
6453884.000 1726900.000 0.506 -0.346 -0.065
6453859.000 1726900.000 0.429 -0.335 -0.066
6453834.000 1726900.000 0.380 -0.362 -0.068
6453909.000 1726900.000 0.595 -0.499 -0.064
6453934.000 1726900.000 0.413 -0.601 -0.051
6453959.000 1726900.000 0.394 -0.515 -0.036
6454059.000 1726900.000 0.326 -0.655 -0.035
6454109.000 1726900.000 0.371 -0.440 -0.037
6454159.000 1726900.000 0.377 -0.543 -0.031
6453984.000 1726900.000 0.431 -0.552 -0.029
6454009.000 1726900.000 0.429 -0.541 -0.033
6454184.000 1726900.000 0.403 -0.552 -0.032
6454034.000 1726900.000 0.407 -0.483 -0.033
6454084.000 1726900.000 0.495 -0.498 -0.039
6454134.000 1726900.000 0.340 -0.481 -0.033
6454234.000 1726900.000 0.359 -0.570 -0.034
6454259.000 1726900.000 0.303 -0.520 -0.032
6454209.000 1726900.000 0.383 -0.560 -0.033
6454284.000 1726900.000 0.584 -0.602 -0.029
6454309.000 1726900.000 0.497 -0.590 -0.031
6454359.000 1726900.000 0.407 -0.444 -0.038
6454334.000 1726900.000 0.417 -0.555 -0.033
6454384.000 1726900.000 0.470 -0.573 -0.040
6454409.000 1726900.000 0.309 -0.516 -0.035
6454434.000 1726900.000 0.246 -0.510 -0.034
6454459.000 1726900.000 0.411 -0.530 -0.036
6454484.000 1726900.000 0.446 -0.463 -0.041
6454534.000 1726900.000 0.403 -0.480 -0.051
6454509.000 1726900.000 0.406 -0.461 -0.047
6451834.000 1726925.000 0.318 -0.612 -0.092
6451659.000 1726925.000 0.235 -0.622 -0.105
6451809.000 1726925.000 0.239 -0.676 -0.109
6451684.000 1726925.000 0.263 -0.635 -0.106
6451634.000 1726925.000 0.208 -0.620 -0.101
6451609.000 1726925.000 0.195 -0.595 -0.100
6451784.000 1726925.000 0.238 -0.669 -0.111
6451584.000 1726925.000 0.213 -0.595 -0.095
6451709.000 1726925.000 0.244 -0.629 -0.109
6451559.000 1726925.000 0.213 -0.608 -0.095
6451884.000 1726925.000 0.228 -0.563 -0.085
6451859.000 1726925.000 0.267 -0.572 -0.085
6451734.000 1726925.000 0.263 -0.627 -0.107
6451934.000 1726925.000 0.280 -0.588 -0.091
6451909.000 1726925.000 0.228 -0.577 -0.084
6451759.000 1726925.000 0.280 -0.619 -0.104
6451984.000 1726925.000 0.311 -0.545 -0.098
6451959.000 1726925.000 0.316 -0.556 -0.091
6452009.000 1726925.000 0.302 -0.492 -0.110
6452159.000 1726925.000 -0.148 0.071 -0.111
6452034.000 1726925.000 0.286 -0.469 -0.112
6452209.000 1726925.000 -3.534 -1.934 0.266
6452134.000 1726925.000 0.200 -0.004 -0.134
6452234.000 1726925.000 -4.057 0.805 -0.005
6452184.000 1726925.000 -1.874 1.316 0.112
6452059.000 1726925.000 -0.228 -0.316 -0.115
6452259.000 1726925.000 0.015 0.162 -0.146
6452084.000 1726925.000 -0.098 -0.716 -0.099
6452109.000 1726925.000 0.439 -0.343 -0.129
6452309.000 1726925.000 0.240 -0.305 -0.114
6452334.000 1726925.000 0.284 -0.352 -0.116
6452284.000 1726925.000 0.234 -0.213 -0.119
6452409.000 1726925.000 0.275 -0.473 -0.093
6452359.000 1726925.000 0.227 -0.386 -0.121
6452384.000 1726925.000 0.308 -0.360 -0.115
6452459.000 1726925.000 0.266 -0.402 -0.109
6452434.000 1726925.000 0.271 -0.419 -0.102
6452484.000 1726925.000 0.259 -0.434 -0.119
6452509.000 1726925.000 0.287 -0.487 -0.115
6452534.000 1726925.000 0.325 -0.486 -0.109
6452559.000 1726925.000 0.161 -0.501 -0.109
6452609.000 1726925.000 0.276 -0.567 -0.107
6452584.000 1726925.000 0.248 -0.561 -0.107
6452659.000 1726925.000 0.307 -0.491 -0.097
6452634.000 1726925.000 0.326 -0.570 -0.100
6452684.000 1726925.000 0.300 -0.452 -0.098
6452734.000 1726925.000 0.309 -0.496 -0.097
6452709.000 1726925.000 0.303 -0.470 -0.096
6452834.000 1726925.000 0.370 -0.614 -0.097
6452784.000 1726925.000 0.283 -0.563 -0.087
6452759.000 1726925.000 0.315 -0.529 -0.091
6452809.000 1726925.000 0.324 -0.537 -0.088
6452859.000 1726925.000 0.381 -0.658 -0.091
6452884.000 1726925.000 0.334 -0.612 -0.087
6452909.000 1726925.000 0.345 -0.619 -0.093
6452934.000 1726925.000 0.318 -0.558 -0.093
6452959.000 1726925.000 0.327 -0.592 -0.105
6452984.000 1726925.000 0.389 -0.615 -0.078
6453159.000 1726925.000 0.314 -0.458 -0.081
6453234.000 1726925.000 0.343 -0.530 -0.071
6453184.000 1726925.000 0.352 -0.446 -0.072
6453209.000 1726925.000 0.459 -0.440 -0.060
6453009.000 1726925.000 0.271 -0.606 -0.073
6453059.000 1726925.000 0.300 -0.470 -0.074
6453034.000 1726925.000 0.301 -0.542 -0.074
6453109.000 1726925.000 0.313 -0.489 -0.075
6453084.000 1726925.000 0.311 -0.467 -0.070
6453284.000 1726925.000 0.317 -0.384 -0.075
6453134.000 1726925.000 0.302 -0.490 -0.086
6453259.000 1726925.000 0.335 -0.487 -0.077
6453334.000 1726925.000 0.321 -0.408 -0.069
6453309.000 1726925.000 0.301 -0.378 -0.069
6453359.000 1726925.000 0.301 -0.384 -0.065
6453384.000 1726925.000 0.403 -0.517 -0.056
6453409.000 1726925.000 0.378 -0.433 -0.053
6453434.000 1726925.000 0.403 -0.482 -0.052
6453484.000 1726925.000 0.381 -0.441 -0.052
6453459.000 1726925.000 0.390 -0.445 -0.051
6453509.000 1726925.000 0.461 -0.615 -0.057
6453534.000 1726925.000 0.489 -0.654 -0.056
6453684.000 1726925.000 0.466 -0.339 -0.052
6453634.000 1726925.000 0.404 -0.381 -0.058
6453559.000 1726925.000 0.426 -0.485 -0.055
6453609.000 1726925.000 0.414 -0.445 -0.058
6453584.000 1726925.000 0.440 -0.463 -0.051
6453659.000 1726925.000 0.485 -0.316 -0.056
6453709.000 1726925.000 0.320 -0.485 -0.052
6453759.000 1726925.000 0.428 -0.406 -0.062
6453734.000 1726925.000 0.392 -0.398 -0.058
6453809.000 1726925.000 0.332 -0.341 -0.065
6453884.000 1726925.000 0.488 -0.175 -0.062
6453834.000 1726925.000 0.354 -0.361 -0.065
6453784.000 1726925.000 0.318 -0.315 -0.063
6453859.000 1726925.000 0.413 -0.239 -0.062
6453959.000 1726925.000 0.380 -0.524 -0.034
6453984.000 1726925.000 0.369 -0.517 -0.036
6454134.000 1726925.000 0.366 -0.496 -0.032
6454184.000 1726925.000 0.450 -0.552 -0.033
6453909.000 1726925.000 0.339 -0.429 -0.067
6454109.000 1726925.000 0.443 -0.523 -0.035
6454159.000 1726925.000 0.476 -0.533 -0.031
6454234.000 1726925.000 0.331 -0.562 -0.040
6453934.000 1726925.000 0.368 -0.585 -0.061
6454209.000 1726925.000 0.413 -0.624 -0.038
6454284.000 1726925.000 0.446 -0.484 -0.035
6454009.000 1726925.000 0.368 -0.542 -0.036
6454034.000 1726925.000 0.360 -0.592 -0.033
6454059.000 1726925.000 0.453 -0.581 -0.036
6454084.000 1726925.000 0.504 -0.522 -0.039
6454259.000 1726925.000 0.332 -0.454 -0.037
6454309.000 1726925.000 0.458 -0.477 -0.032
6454334.000 1726925.000 0.481 -0.491 -0.028
6454484.000 1726925.000 0.274 -0.388 -0.041
6454384.000 1726925.000 0.388 -0.512 -0.036
6454359.000 1726925.000 0.515 -0.574 -0.036
6451559.000 1726950.000 0.242 -0.669 -0.093
6454534.000 1726925.000 0.423 -0.478 -0.053
6454434.000 1726925.000 0.357 -0.462 -0.034
6454459.000 1726925.000 0.314 -0.448 -0.035
6451684.000 1726950.000 0.260 -0.634 -0.106
6454409.000 1726925.000 0.370 -0.502 -0.035
6454509.000 1726925.000 0.397 -0.449 -0.049
6451584.000 1726950.000 0.251 -0.646 -0.094
6451609.000 1726950.000 0.253 -0.621 -0.101
6451759.000 1726950.000 0.259 -0.683 -0.131
6451634.000 1726950.000 0.250 -0.615 -0.104
6451659.000 1726950.000 0.227 -0.628 -0.106
6451784.000 1726950.000 0.211 -0.727 -0.166
6451859.000 1726950.000 0.290 -0.586 -0.096
6451834.000 1726950.000 0.294 -0.609 -0.104
6451709.000 1726950.000 0.238 -0.598 -0.110
6451734.000 1726950.000 0.274 -0.627 -0.114
6451809.000 1726950.000 0.288 -0.700 -0.144
6451909.000 1726950.000 0.268 -0.630 -0.119
6451884.000 1726950.000 0.265 -0.610 -0.116
6451934.000 1726950.000 0.308 -0.548 -0.114
6452059.000 1726950.000 -0.020 0.022 -0.140
6451984.000 1726950.000 0.362 -0.511 -0.122
6451959.000 1726950.000 0.336 -0.509 -0.115
6452159.000 1726950.000 -0.128 0.016 -0.122
6452134.000 1726950.000 0.136 0.037 -0.149
6452184.000 1726950.000 1.329 -3.705 0.425
6452009.000 1726950.000 0.336 -0.447 -0.128
6452034.000 1726950.000 0.296 -0.236 -0.137
6452109.000 1726950.000 0.245 -0.266 -0.147
6452209.000 1726950.000 -0.895 -3.952 0.423
6452234.000 1726950.000 0.522 -0.089 -0.199
6452084.000 1726950.000 0.614 -0.427 -0.124
6452259.000 1726950.000 0.427 -0.343 -0.128
6452284.000 1726950.000 0.344 -0.424 -0.104
6452309.000 1726950.000 0.379 -0.402 -0.110
6452359.000 1726950.000 -0.013 -0.336 -0.132
6452434.000 1726950.000 0.291 -0.472 -0.136
6452459.000 1726950.000 0.282 -0.422 -0.123
6452484.000 1726950.000 0.261 -0.403 -0.121
6452334.000 1726950.000 0.338 -0.437 -0.111
6452384.000 1726950.000 0.121 -0.182 -0.129
6452409.000 1726950.000 0.433 -0.518 -0.082
6452734.000 1726950.000 0.316 -0.510 -0.094
6452584.000 1726950.000 0.320 -0.545 -0.093
6452609.000 1726950.000 0.511 -0.597 -0.090
6452659.000 1726950.000 0.329 -0.468 -0.091
6452759.000 1726950.000 0.327 -0.488 -0.094
6452809.000 1726950.000 0.335 -0.531 -0.088
6452534.000 1726950.000 0.322 -0.425 -0.107
6452784.000 1726950.000 0.296 -0.536 -0.089
6452684.000 1726950.000 0.311 -0.482 -0.097
6452509.000 1726950.000 0.310 -0.442 -0.107
6452709.000 1726950.000 0.320 -0.537 -0.097
6452559.000 1726950.000 0.227 -0.491 -0.106
6452834.000 1726950.000 0.378 -0.604 -0.096
6452634.000 1726950.000 0.344 -0.525 -0.099
6452909.000 1726950.000 0.322 -0.495 -0.082
6453009.000 1726950.000 0.302 -0.491 -0.077
6453034.000 1726950.000 0.329 -0.441 -0.075
6453084.000 1726950.000 0.330 -0.470 -0.071
6452984.000 1726950.000 0.353 -0.530 -0.077
6452959.000 1726950.000 0.354 -0.515 -0.076
6452934.000 1726950.000 0.318 -0.479 -0.081
6453109.000 1726950.000 0.341 -0.478 -0.072
6453159.000 1726950.000 0.330 -0.476 -0.079
6453209.000 1726950.000 0.461 -0.343 -0.050
6453259.000 1726950.000 0.352 -0.520 -0.074
6453284.000 1726950.000 0.323 -0.428 -0.072
6453309.000 1726950.000 0.275 -0.343 -0.068
6453334.000 1726950.000 0.229 -0.278 -0.069
6452859.000 1726950.000 0.333 -0.602 -0.097
6452884.000 1726950.000 0.269 -0.455 -0.078
6453059.000 1726950.000 0.333 -0.470 -0.073
6453134.000 1726950.000 0.349 -0.465 -0.073
6453359.000 1726950.000 0.289 -0.365 -0.063
6453184.000 1726950.000 0.365 -0.490 -0.070
6453384.000 1726950.000 0.371 -0.454 -0.056
6453409.000 1726950.000 0.396 -0.437 -0.054
6453509.000 1726950.000 0.458 -0.437 -0.058
6453234.000 1726950.000 0.393 -0.496 -0.065
6453434.000 1726950.000 0.408 -0.466 -0.054
6453534.000 1726950.000 0.437 -0.465 -0.056
6453559.000 1726950.000 0.434 -0.423 -0.053
6453584.000 1726950.000 0.451 -0.409 -0.044
6453459.000 1726950.000 0.409 -0.461 -0.051
6453484.000 1726950.000 0.385 -0.458 -0.051
6453809.000 1726950.000 0.335 -0.329 -0.064
6453634.000 1726950.000 0.353 -0.354 -0.055
6453609.000 1726950.000 0.385 -0.365 -0.053
6453884.000 1726950.000 0.436 -0.302 -0.059
6453909.000 1726950.000 0.404 -0.477 -0.065
6453709.000 1726950.000 0.292 -0.306 -0.054
6453934.000 1726950.000 0.384 -0.585 -0.062
6453659.000 1726950.000 0.374 -0.344 -0.055
6453784.000 1726950.000 0.366 -0.341 -0.061
6453759.000 1726950.000 0.341 -0.276 -0.058
6453859.000 1726950.000 0.434 -0.252 -0.058
6453684.000 1726950.000 0.354 -0.269 -0.056
6453959.000 1726950.000 0.391 -0.545 -0.029
6453984.000 1726950.000 0.405 -0.598 -0.039
6453734.000 1726950.000 0.321 -0.278 -0.056
6453834.000 1726950.000 0.348 -0.330 -0.060
6454009.000 1726950.000 0.424 -0.584 -0.048
6454159.000 1726950.000 0.486 -0.499 -0.032
6454109.000 1726950.000 0.469 -0.564 -0.034
6454084.000 1726950.000 0.377 -0.446 -0.032
6454134.000 1726950.000 0.464 -0.561 -0.033
6454209.000 1726950.000 0.478 -0.555 -0.039
6454234.000 1726950.000 0.389 -0.446 -0.038
6454259.000 1726950.000 0.378 -0.383 -0.037
6454334.000 1726950.000 0.461 -0.489 -0.035
6454309.000 1726950.000 0.451 -0.471 -0.035
6454034.000 1726950.000 0.454 -0.585 -0.027
6454059.000 1726950.000 0.412 -0.557 -0.029
6454184.000 1726950.000 0.539 -0.506 -0.033
6454284.000 1726950.000 0.458 -0.492 -0.036
6454409.000 1726950.000 0.387 -0.509 -0.034
6454384.000 1726950.000 0.311 -0.458 -0.033
6454459.000 1726950.000 0.402 -0.437 -0.036
6454434.000 1726950.000 0.384 -0.482 -0.035
6454484.000 1726950.000 0.295 -0.337 -0.042
6454359.000 1726950.000 0.350 -0.466 -0.034
6454534.000 1726950.000 0.318 -0.346 -0.046
6454509.000 1726950.000 0.353 -0.369 -0.046
6451659.000 1726975.000 0.245 -0.640 -0.109
6451684.000 1726975.000 0.246 -0.735 -0.131
6451809.000 1726975.000 0.292 -0.652 -0.117
6451834.000 1726975.000 0.293 -0.616 -0.109
6451759.000 1726975.000 0.233 -0.724 -0.160
6451609.000 1726975.000 0.279 -0.633 -0.097
6451734.000 1726975.000 0.133 -0.910 -0.281
6451634.000 1726975.000 0.265 -0.631 -0.101
6451784.000 1726975.000 0.258 -0.678 -0.136
6451709.000 1726975.000 0.167 -0.821 -0.179
6451909.000 1726975.000 0.275 -0.579 -0.105
6451934.000 1726975.000 0.339 -0.545 -0.132
6451559.000 1726975.000 0.269 -0.650 -0.099
6451584.000 1726975.000 0.262 -0.680 -0.093
6451859.000 1726975.000 0.324 -0.615 -0.112
6451884.000 1726975.000 0.297 -0.585 -0.111
6452009.000 1726975.000 0.366 -0.504 -0.136
6451984.000 1726975.000 0.372 -0.529 -0.132
6451959.000 1726975.000 0.349 -0.526 -0.129
6452034.000 1726975.000 0.330 -0.354 -0.141
6452109.000 1726975.000 0.023 -0.033 -0.171
6452059.000 1726975.000 -0.236 -0.145 -0.135
6452134.000 1726975.000 0.058 -0.209 -0.159
6452084.000 1726975.000 0.257 -0.711 -0.119
6452234.000 1726975.000 0.141 -0.223 -0.161
6452159.000 1726975.000 -0.177 -0.494 -0.127
6452209.000 1726975.000 0.101 0.209 -0.226
6452184.000 1726975.000 -0.174 -0.556 -0.097
6452259.000 1726975.000 0.222 -0.271 -0.144
6452359.000 1726975.000 0.253 -0.317 -0.117
6452434.000 1726975.000 0.278 -0.306 -0.120
6452309.000 1726975.000 0.567 -0.472 -0.106
6452284.000 1726975.000 0.309 -0.268 -0.132
6452334.000 1726975.000 0.709 -0.712 -0.079
6452384.000 1726975.000 0.370 -0.370 -0.082
6452409.000 1726975.000 0.205 -0.258 -0.126
6452484.000 1726975.000 0.296 -0.424 -0.118
6452509.000 1726975.000 0.287 -0.421 -0.108
6452534.000 1726975.000 0.291 -0.423 -0.106
6452459.000 1726975.000 0.287 -0.378 -0.119
6452559.000 1726975.000 0.275 -0.489 -0.104
6452584.000 1726975.000 0.275 -0.530 -0.104
6452684.000 1726975.000 0.365 -0.364 -0.077
6452609.000 1726975.000 0.299 -0.492 -0.105
6452709.000 1726975.000 0.354 -0.489 -0.085
6452809.000 1726975.000 0.325 -0.569 -0.097
6452834.000 1726975.000 0.398 -0.567 -0.085
6452659.000 1726975.000 0.300 -0.396 -0.090
6452634.000 1726975.000 0.336 -0.473 -0.097
6452759.000 1726975.000 0.299 -0.527 -0.094
6452734.000 1726975.000 0.337 -0.525 -0.089
6452784.000 1726975.000 0.305 -0.570 -0.096
6452859.000 1726975.000 0.306 -0.478 -0.077
6453009.000 1726975.000 0.316 -0.454 -0.073
6452934.000 1726975.000 0.344 -0.481 -0.071
6453059.000 1726975.000 0.336 -0.456 -0.070
6452884.000 1726975.000 0.289 -0.415 -0.067
6452909.000 1726975.000 0.340 -0.456 -0.072
6452959.000 1726975.000 0.362 -0.506 -0.073
6453084.000 1726975.000 0.333 -0.507 -0.076
6452984.000 1726975.000 0.348 -0.522 -0.074
6453109.000 1726975.000 0.380 -0.512 -0.061
6453034.000 1726975.000 0.312 -0.457 -0.072
6453284.000 1726975.000 0.362 -0.521 -0.069
6453334.000 1726975.000 0.220 -0.314 -0.066
6453434.000 1726975.000 0.426 -0.494 -0.053
6453134.000 1726975.000 0.400 -0.477 -0.053
6453484.000 1726975.000 0.425 -0.399 -0.048
6453159.000 1726975.000 0.347 -0.469 -0.073
6453184.000 1726975.000 0.363 -0.436 -0.061
6453234.000 1726975.000 0.401 -0.512 -0.059
6453259.000 1726975.000 0.395 -0.533 -0.069
6453209.000 1726975.000 0.476 -0.334 -0.047
6453359.000 1726975.000 0.237 -0.266 -0.062
6453384.000 1726975.000 0.231 -0.218 -0.059
6453409.000 1726975.000 0.422 -0.465 -0.053
6453459.000 1726975.000 0.423 -0.475 -0.050
6453309.000 1726975.000 0.276 -0.363 -0.066
6453509.000 1726975.000 0.455 -0.453 -0.055
6453534.000 1726975.000 0.426 -0.377 -0.055
6453559.000 1726975.000 0.455 -0.398 -0.046
6453584.000 1726975.000 0.418 -0.385 -0.050
6453634.000 1726975.000 0.383 -0.398 -0.054
6453609.000 1726975.000 0.375 -0.395 -0.053
6453784.000 1726975.000 0.380 -0.315 -0.059
6453734.000 1726975.000 0.340 -0.291 -0.059
6453659.000 1726975.000 0.375 -0.304 -0.051
6453759.000 1726975.000 0.336 -0.307 -0.059
6453684.000 1726975.000 0.387 -0.273 -0.054
6453834.000 1726975.000 0.396 -0.299 -0.063
6453859.000 1726975.000 0.327 -0.240 -0.061
6453909.000 1726975.000 0.372 -0.398 -0.062
6453709.000 1726975.000 0.367 -0.277 -0.056
6453809.000 1726975.000 0.380 -0.347 -0.064
6453959.000 1726975.000 0.372 -0.588 -0.032
6453934.000 1726975.000 0.395 -0.518 -0.036
6453884.000 1726975.000 0.373 -0.262 -0.061
6453984.000 1726975.000 0.524 -0.609 -0.037
6454009.000 1726975.000 0.572 -0.625 -0.047
6454034.000 1726975.000 0.440 -0.509 -0.032
6454059.000 1726975.000 0.343 -0.354 -0.031
6454084.000 1726975.000 0.242 -0.249 -0.031
6454209.000 1726975.000 0.455 -0.544 -0.039
6454184.000 1726975.000 0.472 -0.612 -0.036
6454334.000 1726975.000 0.395 -0.429 -0.037
6454309.000 1726975.000 0.446 -0.485 -0.052
6454234.000 1726975.000 0.373 -0.454 -0.037
6454159.000 1726975.000 0.444 -0.505 -0.034
6454384.000 1726975.000 0.296 -0.424 -0.031
6454134.000 1726975.000 0.453 -0.544 -0.034
6454109.000 1726975.000 0.454 -0.539 -0.033
6454284.000 1726975.000 0.456 -0.483 -0.035
6454259.000 1726975.000 0.450 -0.431 -0.032
6454409.000 1726975.000 0.421 -0.475 -0.033
6454359.000 1726975.000 0.279 -0.408 -0.031
6451559.000 1727000.000 0.240 -0.718 -0.090
6451584.000 1727000.000 0.254 -0.710 -0.093
6454459.000 1726975.000 0.441 -0.483 -0.039
6454484.000 1726975.000 0.514 -0.522 -0.043
6451659.000 1727000.000 0.267 -0.791 -0.166
6454434.000 1726975.000 0.453 -0.471 -0.037
6451784.000 1727000.000 0.268 -0.638 -0.108
6454509.000 1726975.000 0.275 -0.341 -0.044
6454534.000 1726975.000 0.270 -0.351 -0.046
6451609.000 1727000.000 0.268 -0.683 -0.100
6451734.000 1727000.000 0.252 -0.857 -0.229
6451684.000 1727000.000 0.261 -0.846 -0.216
6451634.000 1727000.000 0.204 -0.634 -0.106
6451759.000 1727000.000 0.265 -0.645 -0.102
6451709.000 1727000.000 0.243 -0.843 -0.226
6451834.000 1727000.000 0.303 -0.646 -0.111
6451859.000 1727000.000 0.347 -0.630 -0.107
6451809.000 1727000.000 0.287 -0.663 -0.116
6451934.000 1727000.000 0.339 -0.581 -0.124
6451984.000 1727000.000 0.370 -0.539 -0.135
6451884.000 1727000.000 0.329 -0.598 -0.105
6451909.000 1727000.000 0.319 -0.591 -0.105
6452009.000 1727000.000 0.383 -0.555 -0.141
6452034.000 1727000.000 0.394 -0.441 -0.149
6452059.000 1727000.000 0.192 -0.320 -0.150
6452084.000 1727000.000 0.238 -0.407 -0.150
6451959.000 1727000.000 0.345 -0.558 -0.129
6452134.000 1727000.000 0.227 -0.148 -0.183
6452234.000 1727000.000 0.128 -0.257 -0.152
6452209.000 1727000.000 0.275 -0.227 -0.160
6452109.000 1727000.000 0.244 -0.392 -0.164
6452284.000 1727000.000 0.277 -0.382 -0.128
6452159.000 1727000.000 0.234 -0.282 -0.167
6452184.000 1727000.000 0.416 -0.154 -0.177
6452309.000 1727000.000 0.263 -0.423 -0.133
6452259.000 1727000.000 -0.008 -0.223 -0.149
6452334.000 1727000.000 0.139 -0.267 -0.156
6452359.000 1727000.000 0.249 -0.289 -0.128
6452384.000 1727000.000 0.358 -0.327 -0.100
6452434.000 1727000.000 0.231 -0.292 -0.123
6452409.000 1727000.000 0.085 -0.328 -0.145
6452459.000 1727000.000 0.441 -0.432 -0.095
6452534.000 1727000.000 0.333 -0.462 -0.113
6452559.000 1727000.000 0.277 -0.516 -0.112
6452609.000 1727000.000 0.305 -0.535 -0.105
6452484.000 1727000.000 0.375 -0.413 -0.113
6452509.000 1727000.000 0.335 -0.413 -0.113
6452684.000 1727000.000 0.347 -0.450 -0.076
6452634.000 1727000.000 0.318 -0.539 -0.099
6452584.000 1727000.000 0.289 -0.522 -0.106
6452659.000 1727000.000 0.335 -0.552 -0.089
6452709.000 1727000.000 0.325 -0.423 -0.078
6452734.000 1727000.000 0.328 -0.449 -0.079
6452759.000 1727000.000 0.377 -0.530 -0.085
6452884.000 1727000.000 0.344 -0.485 -0.071
6452934.000 1727000.000 0.362 -0.503 -0.067
6452909.000 1727000.000 0.337 -0.457 -0.071
6452784.000 1727000.000 0.381 -0.598 -0.082
6452809.000 1727000.000 0.364 -0.562 -0.086
6452859.000 1727000.000 0.378 -0.549 -0.077
6452834.000 1727000.000 0.382 -0.583 -0.079
6453009.000 1727000.000 0.351 -0.471 -0.068
6452984.000 1727000.000 0.385 -0.535 -0.068
6452959.000 1727000.000 0.398 -0.553 -0.066
6453059.000 1727000.000 0.331 -0.460 -0.067
6453034.000 1727000.000 0.310 -0.429 -0.069
6453084.000 1727000.000 0.340 -0.530 -0.074
6453184.000 1727000.000 0.385 -0.315 -0.043
6453209.000 1727000.000 0.464 -0.319 -0.041
6453234.000 1727000.000 0.385 -0.432 -0.042
6453134.000 1727000.000 0.409 -0.478 -0.049
6453159.000 1727000.000 0.365 -0.422 -0.061
6453359.000 1727000.000 0.353 -0.353 -0.059
6453109.000 1727000.000 0.417 -0.512 -0.040
6453259.000 1727000.000 0.409 -0.486 -0.065
6453334.000 1727000.000 0.328 -0.472 -0.061
6453284.000 1727000.000 0.482 -0.627 -0.063
6453309.000 1727000.000 0.407 -0.540 -0.059
6453384.000 1727000.000 0.401 -0.444 -0.057
6453534.000 1727000.000 0.437 -0.380 -0.050
6453509.000 1727000.000 0.443 -0.427 -0.050
6453559.000 1727000.000 0.415 -0.348 -0.051
6453434.000 1727000.000 0.468 -0.498 -0.051
6453409.000 1727000.000 0.457 -0.493 -0.050
6453484.000 1727000.000 0.431 -0.407 -0.046
6453634.000 1727000.000 0.409 -0.415 -0.055
6453459.000 1727000.000 0.635 -0.465 -0.043
6453584.000 1727000.000 0.448 -0.410 -0.054
6453609.000 1727000.000 0.459 -0.393 -0.054
6453709.000 1727000.000 0.387 -0.290 -0.055
6453659.000 1727000.000 0.333 -0.263 -0.050
6453684.000 1727000.000 0.364 -0.265 -0.051
6453734.000 1727000.000 0.391 -0.351 -0.059
6453759.000 1727000.000 0.350 -0.284 -0.059
6453784.000 1727000.000 0.369 -0.296 -0.060
6453809.000 1727000.000 0.430 -0.316 -0.058
6453859.000 1727000.000 0.288 -0.238 -0.066
6453834.000 1727000.000 0.364 -0.357 -0.061
6453959.000 1727000.000 0.474 -0.580 -0.032
6453884.000 1727000.000 0.329 -0.287 -0.068
6454009.000 1727000.000 0.584 -0.513 -0.037
6453909.000 1727000.000 0.393 -0.367 -0.051
6454034.000 1727000.000 0.555 -0.534 -0.034
6453934.000 1727000.000 0.390 -0.453 -0.035
6453984.000 1727000.000 0.469 -0.518 -0.040
6454059.000 1727000.000 0.448 -0.385 -0.031
6454209.000 1727000.000 0.399 -0.460 -0.040
6454109.000 1727000.000 0.492 -0.518 -0.035
6454134.000 1727000.000 0.468 -0.530 -0.035
6454159.000 1727000.000 0.399 -0.543 -0.040
6454234.000 1727000.000 0.341 -0.438 -0.039
6454259.000 1727000.000 0.443 -0.431 -0.032
6454084.000 1727000.000 0.412 -0.376 -0.032
6454284.000 1727000.000 0.420 -0.395 -0.035
6454184.000 1727000.000 0.557 -0.425 -0.040
6454334.000 1727000.000 0.316 -0.419 -0.034
6454384.000 1727000.000 0.355 -0.396 -0.029
6454309.000 1727000.000 0.438 -0.389 -0.035
6454359.000 1727000.000 0.261 -0.438 -0.030
6454484.000 1727000.000 0.548 -0.499 -0.037
6454434.000 1727000.000 0.516 -0.437 -0.035
6454509.000 1727000.000 0.217 -0.240 -0.041
6454409.000 1727000.000 0.381 -0.396 -0.031
6454459.000 1727000.000 0.446 -0.406 -0.037
6454534.000 1727000.000 0.233 -0.245 -0.041
6451584.000 1727025.000 0.223 -0.716 -0.092
6451709.000 1727025.000 0.333 -0.754 -0.116
6451734.000 1727025.000 0.285 -0.681 -0.095
6451559.000 1727025.000 0.202 -0.794 -0.086
6451634.000 1727025.000 0.165 -0.676 -0.089
6451659.000 1727025.000 0.157 -0.822 -0.198
6451609.000 1727025.000 0.254 -0.681 -0.091
6451684.000 1727025.000 0.220 -0.853 -0.213
6451759.000 1727025.000 0.274 -0.673 -0.111
6451884.000 1727025.000 0.341 -0.583 -0.091
6451784.000 1727025.000 0.289 -0.654 -0.110
6451834.000 1727025.000 0.317 -0.661 -0.107
6451809.000 1727025.000 0.310 -0.654 -0.109
6451859.000 1727025.000 0.357 -0.619 -0.102
6451909.000 1727025.000 0.323 -0.638 -0.090
6451934.000 1727025.000 0.337 -0.556 -0.108
6451959.000 1727025.000 0.319 -0.495 -0.112
6452009.000 1727025.000 0.281 -0.454 -0.131
6451984.000 1727025.000 0.347 -0.438 -0.122
6452034.000 1727025.000 0.412 -0.452 -0.149
6452109.000 1727025.000 0.233 -0.520 -0.158
6452059.000 1727025.000 0.349 -0.384 -0.156
6452134.000 1727025.000 0.162 -0.433 -0.157
6452084.000 1727025.000 0.289 -0.399 -0.154
6452159.000 1727025.000 0.193 -0.339 -0.157
6452184.000 1727025.000 0.259 -0.224 -0.162
6452209.000 1727025.000 0.313 -0.254 -0.162
6452284.000 1727025.000 0.388 -0.334 -0.127
6452234.000 1727025.000 0.246 -0.349 -0.152
6452259.000 1727025.000 0.144 -0.465 -0.138
6452309.000 1727025.000 0.357 -0.404 -0.118
6452334.000 1727025.000 0.254 -0.403 -0.132
6452359.000 1727025.000 0.351 -0.351 -0.100
6452384.000 1727025.000 0.336 -0.484 -0.122
6452409.000 1727025.000 0.335 -0.638 -0.167
6452534.000 1727025.000 0.405 -0.529 -0.114
6452459.000 1727025.000 0.443 -0.430 -0.121
6452434.000 1727025.000 0.257 -0.629 -0.188
6452509.000 1727025.000 0.437 -0.498 -0.133
6452559.000 1727025.000 0.276 -0.489 -0.104
6452484.000 1727025.000 0.443 -0.451 -0.130
6452584.000 1727025.000 0.330 -0.501 -0.098
6452659.000 1727025.000 0.385 -0.550 -0.082
6452609.000 1727025.000 0.351 -0.500 -0.095
6452684.000 1727025.000 0.366 -0.489 -0.076
6452634.000 1727025.000 0.343 -0.507 -0.090
6452709.000 1727025.000 0.316 -0.446 -0.080
6452734.000 1727025.000 0.294 -0.410 -0.081
6452759.000 1727025.000 0.298 -0.435 -0.082
6452809.000 1727025.000 0.368 -0.494 -0.079
6452784.000 1727025.000 0.352 -0.517 -0.081
6452884.000 1727025.000 0.349 -0.488 -0.071
6452834.000 1727025.000 0.359 -0.500 -0.077
6452859.000 1727025.000 0.401 -0.500 -0.073
6452959.000 1727025.000 0.333 -0.454 -0.070
6452984.000 1727025.000 0.343 -0.456 -0.070
6452934.000 1727025.000 0.354 -0.451 -0.050
6453034.000 1727025.000 0.318 -0.440 -0.066
6452909.000 1727025.000 0.370 -0.457 -0.051
6453084.000 1727025.000 0.352 -0.551 -0.069
6453009.000 1727025.000 0.296 -0.448 -0.068
6453059.000 1727025.000 0.333 -0.450 -0.061
6453109.000 1727025.000 0.408 -0.489 -0.051
6453134.000 1727025.000 0.395 -0.450 -0.056
6453159.000 1727025.000 0.371 -0.403 -0.058
6453184.000 1727025.000 0.401 -0.390 -0.049
6453209.000 1727025.000 0.333 -0.251 -0.029
6453234.000 1727025.000 0.472 -0.431 -0.038
6453259.000 1727025.000 0.280 -0.279 -0.061
6453409.000 1727025.000 0.396 -0.475 -0.052
6453284.000 1727025.000 0.405 -0.509 -0.062
6453309.000 1727025.000 0.389 -0.463 -0.056
6453334.000 1727025.000 0.325 -0.406 -0.057
6453359.000 1727025.000 0.380 -0.448 -0.059
6453484.000 1727025.000 0.471 -0.488 -0.053
6453434.000 1727025.000 0.437 -0.510 -0.061
6453459.000 1727025.000 0.494 -0.498 -0.056
6453384.000 1727025.000 0.371 -0.472 -0.059
6453509.000 1727025.000 0.448 -0.448 -0.051
6453534.000 1727025.000 0.423 -0.408 -0.056
6453559.000 1727025.000 0.396 -0.337 -0.052
6453659.000 1727025.000 0.359 -0.331 -0.050
6453684.000 1727025.000 0.298 -0.183 -0.050
6453584.000 1727025.000 0.420 -0.421 -0.053
6453609.000 1727025.000 0.470 -0.504 -0.051
6453809.000 1727025.000 0.486 -0.473 -0.060
6453859.000 1727025.000 0.391 -0.362 -0.067
6453634.000 1727025.000 0.432 -0.470 -0.053
6453709.000 1727025.000 0.366 -0.315 -0.054
6453759.000 1727025.000 0.366 -0.272 -0.056
6453734.000 1727025.000 0.396 -0.340 -0.056
6453834.000 1727025.000 0.387 -0.395 -0.061
6453784.000 1727025.000 0.460 -0.381 -0.061
6453884.000 1727025.000 0.354 -0.334 -0.072
6453934.000 1727025.000 0.412 -0.439 -0.040
6453909.000 1727025.000 0.397 -0.341 -0.052
6453984.000 1727025.000 0.398 -0.485 -0.032
6454009.000 1727025.000 0.483 -0.495 -0.028
6453959.000 1727025.000 0.347 -0.629 -0.034
6454084.000 1727025.000 0.464 -0.420 -0.035
6454109.000 1727025.000 0.464 -0.443 -0.042
6454059.000 1727025.000 0.465 -0.387 -0.031
6454034.000 1727025.000 0.503 -0.438 -0.029
6454134.000 1727025.000 0.515 -0.472 -0.041
6454184.000 1727025.000 0.528 -0.419 -0.037
6454159.000 1727025.000 0.525 -0.490 -0.048
6454234.000 1727025.000 0.525 -0.469 -0.036
6454209.000 1727025.000 0.491 -0.430 -0.036
6454259.000 1727025.000 0.414 -0.377 -0.031
6454284.000 1727025.000 0.380 -0.338 -0.033
6454309.000 1727025.000 0.312 -0.352 -0.031
6454334.000 1727025.000 0.190 -0.403 -0.032
6454409.000 1727025.000 0.475 -0.452 -0.027
6454359.000 1727025.000 0.342 -0.396 -0.032
6454384.000 1727025.000 0.447 -0.417 -0.027
6454484.000 1727025.000 0.140 -0.104 -0.031
6454459.000 1727025.000 0.454 -0.390 -0.035
6454509.000 1727025.000 0.124 -0.128 -0.039
6454434.000 1727025.000 0.541 -0.470 -0.034
6454534.000 1727025.000 0.332 -0.315 -0.041
6451559.000 1727050.000 0.340 -0.709 -0.071
6451609.000 1727050.000 0.329 -0.742 -0.073
6451584.000 1727050.000 0.168 -0.633 -0.109
6451634.000 1727050.000 0.227 -0.702 -0.057
6451684.000 1727050.000 0.253 -0.721 -0.091
6451659.000 1727050.000 0.220 -0.698 -0.069
6451709.000 1727050.000 0.346 -0.736 -0.095
6451734.000 1727050.000 0.281 -0.688 -0.107
6451784.000 1727050.000 0.330 -0.651 -0.098
6451809.000 1727050.000 0.339 -0.626 -0.085
6451759.000 1727050.000 0.300 -0.669 -0.110
6451859.000 1727050.000 0.341 -0.517 -0.075
6451909.000 1727050.000 0.341 -0.577 -0.083
6451834.000 1727050.000 0.321 -0.577 -0.080
6451884.000 1727050.000 0.321 -0.532 -0.062
6451934.000 1727050.000 0.334 -0.519 -0.086
6451959.000 1727050.000 0.314 -0.473 -0.089
6451984.000 1727050.000 0.318 -0.441 -0.100
6452009.000 1727050.000 0.388 -0.333 -0.108
6452034.000 1727050.000 0.433 -0.414 -0.128
6452059.000 1727050.000 0.353 -0.437 -0.138
6452084.000 1727050.000 0.304 -0.453 -0.143
6452109.000 1727050.000 0.297 -0.520 -0.167
6452184.000 1727050.000 0.265 -0.264 -0.158
6452159.000 1727050.000 0.240 -0.301 -0.156
6452234.000 1727050.000 0.231 -0.429 -0.148
6452134.000 1727050.000 0.196 -0.415 -0.166
6452259.000 1727050.000 0.269 -0.436 -0.142
6452209.000 1727050.000 0.248 -0.339 -0.155
6452309.000 1727050.000 0.552 -0.441 -0.070
6452284.000 1727050.000 0.341 -0.320 -0.138
6452334.000 1727050.000 0.374 -0.461 -0.111
6452359.000 1727050.000 0.334 -0.523 -0.157
6452384.000 1727050.000 0.443 -0.413 -0.098
6452534.000 1727050.000 0.334 -0.506 -0.103
6452559.000 1727050.000 0.271 -0.468 -0.098
6452459.000 1727050.000 0.356 -0.363 -0.108
6452409.000 1727050.000 0.357 -0.524 -0.151
6452434.000 1727050.000 0.276 -0.474 -0.171
6452584.000 1727050.000 0.135 -0.438 -0.088
6452484.000 1727050.000 0.384 -0.407 -0.114
6452509.000 1727050.000 0.375 -0.460 -0.112
6452634.000 1727050.000 0.350 -0.479 -0.088
6452609.000 1727050.000 0.335 -0.462 -0.089
6452659.000 1727050.000 0.362 -0.526 -0.086
6452684.000 1727050.000 0.314 -0.467 -0.079
6452709.000 1727050.000 0.317 -0.454 -0.080
6452734.000 1727050.000 0.316 -0.413 -0.082
6452784.000 1727050.000 0.367 -0.492 -0.077
6452759.000 1727050.000 0.313 -0.413 -0.082
6452834.000 1727050.000 0.329 -0.480 -0.080
6452809.000 1727050.000 0.324 -0.413 -0.077
6452934.000 1727050.000 0.378 -0.480 -0.050
6452884.000 1727050.000 0.356 -0.499 -0.077
6452909.000 1727050.000 0.400 -0.482 -0.049
6453009.000 1727050.000 0.283 -0.419 -0.071
6452859.000 1727050.000 0.366 -0.510 -0.081
6452959.000 1727050.000 0.342 -0.466 -0.059
6452984.000 1727050.000 0.346 -0.469 -0.065
6453034.000 1727050.000 0.313 -0.418 -0.070
6453059.000 1727050.000 0.350 -0.475 -0.063
6453084.000 1727050.000 0.367 -0.498 -0.062
6453109.000 1727050.000 0.406 -0.461 -0.049
6453234.000 1727050.000 0.452 -0.436 -0.039
6453134.000 1727050.000 0.417 -0.426 -0.036
6453209.000 1727050.000 0.374 -0.427 -0.033
6453159.000 1727050.000 0.379 -0.460 -0.064
6453184.000 1727050.000 0.386 -0.464 -0.058
6453259.000 1727050.000 0.376 -0.433 -0.054
6453334.000 1727050.000 0.376 -0.402 -0.055
6453284.000 1727050.000 0.377 -0.432 -0.059
6453309.000 1727050.000 0.352 -0.362 -0.053
6453359.000 1727050.000 0.385 -0.454 -0.058
6453384.000 1727050.000 0.408 -0.456 -0.051
6453409.000 1727050.000 0.414 -0.457 -0.050
6453434.000 1727050.000 0.430 -0.468 -0.059
6453534.000 1727050.000 0.413 -0.397 -0.053
6453584.000 1727050.000 0.377 -0.329 -0.051
6453659.000 1727050.000 0.388 -0.343 -0.051
6453459.000 1727050.000 0.438 -0.384 -0.055
6453484.000 1727050.000 0.409 -0.385 -0.061
6453684.000 1727050.000 0.314 -0.290 -0.052
6453509.000 1727050.000 0.431 -0.400 -0.054
6453559.000 1727050.000 0.364 -0.272 -0.049
6453609.000 1727050.000 0.533 -0.487 -0.048
6453634.000 1727050.000 0.412 -0.370 -0.050
6453709.000 1727050.000 0.334 -0.330 -0.051
6453734.000 1727050.000 0.389 -0.349 -0.051
6453759.000 1727050.000 0.462 -0.445 -0.056
6453784.000 1727050.000 0.386 -0.243 -0.058
6453809.000 1727050.000 0.388 -0.260 -0.060
6453859.000 1727050.000 0.413 -0.385 -0.058
6453884.000 1727050.000 0.345 -0.315 -0.059
6453909.000 1727050.000 0.435 -0.361 -0.057
6453984.000 1727050.000 0.505 -0.380 -0.039
6453834.000 1727050.000 0.385 -0.353 -0.065
6453934.000 1727050.000 0.575 -0.423 -0.051
6453959.000 1727050.000 0.395 -0.665 -0.043
6454009.000 1727050.000 0.481 -0.396 -0.033
6454034.000 1727050.000 0.497 -0.409 -0.030
6454059.000 1727050.000 0.442 -0.375 -0.030
6454084.000 1727050.000 0.482 -0.501 -0.036
6454134.000 1727050.000 0.520 -0.495 -0.044
6454109.000 1727050.000 0.505 -0.460 -0.041
6454159.000 1727050.000 0.538 -0.437 -0.043
6454184.000 1727050.000 0.496 -0.434 -0.038
6454209.000 1727050.000 0.469 -0.445 -0.039
6454234.000 1727050.000 0.475 -0.443 -0.043
6454284.000 1727050.000 0.331 -0.335 -0.033
6454259.000 1727050.000 0.450 -0.381 -0.036
6454309.000 1727050.000 0.215 -0.337 -0.031
6454334.000 1727050.000 0.209 -0.347 -0.033
6454359.000 1727050.000 0.488 -0.424 -0.035
6454384.000 1727050.000 0.586 -0.449 -0.033
6454409.000 1727050.000 0.678 -0.576 -0.033
6454509.000 1727050.000 0.376 -0.352 -0.042
6454434.000 1727050.000 0.529 -0.470 -0.034
6454534.000 1727050.000 0.380 -0.352 -0.042
6454484.000 1727050.000 -0.011 -0.015 -0.039
6454459.000 1727050.000 0.144 -0.121 -0.034
6451809.000 1727075.000 0.325 -0.566 -0.065
6451834.000 1727075.000 0.331 -0.532 -0.065
6451684.000 1727075.000 0.259 -0.725 -0.096
6451659.000 1727075.000 0.232 -0.723 -0.094
6451559.000 1727075.000 0.265 -0.783 -0.089
6451709.000 1727075.000 0.340 -0.737 -0.098
6451584.000 1727075.000 0.267 -0.882 -0.183
6451859.000 1727075.000 0.349 -0.536 -0.067
6451734.000 1727075.000 0.296 -0.704 -0.109
6451884.000 1727075.000 0.332 -0.551 -0.058
6451634.000 1727075.000 0.264 -0.747 -0.092
6451759.000 1727075.000 0.300 -0.635 -0.092
6451609.000 1727075.000 0.305 -0.752 -0.090
6451784.000 1727075.000 0.320 -0.578 -0.067
6451934.000 1727075.000 0.346 -0.434 -0.060
6451909.000 1727075.000 0.355 -0.499 -0.076
6451959.000 1727075.000 0.343 -0.484 -0.072
6452009.000 1727075.000 0.367 -0.342 -0.093
6451984.000 1727075.000 0.344 -0.405 -0.080
6452034.000 1727075.000 0.325 -0.458 -0.111
6452059.000 1727075.000 0.392 -0.492 -0.130
6452109.000 1727075.000 0.305 -0.541 -0.169
6452084.000 1727075.000 0.345 -0.539 -0.142
6452159.000 1727075.000 0.262 -0.194 -0.167
6452184.000 1727075.000 0.126 -0.223 -0.148
6452134.000 1727075.000 0.419 -0.291 -0.184
6452209.000 1727075.000 0.352 -0.457 -0.149
6452259.000 1727075.000 0.264 -0.383 -0.147
6452234.000 1727075.000 0.276 -0.471 -0.147
6452284.000 1727075.000 0.337 -0.383 -0.138
6452384.000 1727075.000 0.415 -0.382 -0.101
6452359.000 1727075.000 0.370 -0.414 -0.134
6452409.000 1727075.000 0.348 -0.471 -0.157
6452434.000 1727075.000 0.311 -0.458 -0.163
6452309.000 1727075.000 0.345 -0.404 -0.134
6452334.000 1727075.000 0.325 -0.408 -0.146
6452484.000 1727075.000 0.329 -0.414 -0.105
6452459.000 1727075.000 0.335 -0.402 -0.106
6452509.000 1727075.000 0.313 -0.439 -0.104
6452559.000 1727075.000 0.278 -0.519 -0.097
6452534.000 1727075.000 0.306 -0.462 -0.098
6452584.000 1727075.000 0.166 -0.433 -0.086
6452734.000 1727075.000 0.343 -0.460 -0.084
6452709.000 1727075.000 0.350 -0.490 -0.082
6452759.000 1727075.000 0.308 -0.406 -0.084
6452784.000 1727075.000 0.301 -0.378 -0.079
6452884.000 1727075.000 0.369 -0.462 -0.066
6452609.000 1727075.000 0.367 -0.523 -0.088
6452659.000 1727075.000 0.364 -0.483 -0.088
6452909.000 1727075.000 0.416 -0.418 -0.046
6452634.000 1727075.000 0.422 -0.478 -0.090
6452959.000 1727075.000 0.368 -0.480 -0.054
6452859.000 1727075.000 0.341 -0.484 -0.078
6452684.000 1727075.000 0.318 -0.481 -0.085
6452984.000 1727075.000 0.399 -0.460 -0.060
6452934.000 1727075.000 0.322 -0.383 -0.053
6452809.000 1727075.000 0.355 -0.452 -0.074
6452834.000 1727075.000 0.337 -0.459 -0.078
6453009.000 1727075.000 0.293 -0.380 -0.068
6453034.000 1727075.000 0.359 -0.470 -0.062
6453059.000 1727075.000 0.376 -0.542 -0.066
6453084.000 1727075.000 0.391 -0.450 -0.054
6453109.000 1727075.000 0.352 -0.394 -0.075
6453184.000 1727075.000 0.411 -0.517 -0.051
6453234.000 1727075.000 0.401 -0.389 -0.036
6453259.000 1727075.000 0.391 -0.400 -0.048
6453334.000 1727075.000 0.192 -0.229 -0.055
6453309.000 1727075.000 0.384 -0.405 -0.053
6453209.000 1727075.000 0.339 -0.436 -0.038
6453159.000 1727075.000 0.391 -0.467 -0.059
6453134.000 1727075.000 0.407 -0.442 -0.036
6453284.000 1727075.000 0.382 -0.400 -0.056
6453484.000 1727075.000 0.400 -0.360 -0.060
6453409.000 1727075.000 0.425 -0.464 -0.050
6453434.000 1727075.000 0.434 -0.465 -0.058
6453459.000 1727075.000 0.426 -0.365 -0.054
6453384.000 1727075.000 0.411 -0.457 -0.050
6453359.000 1727075.000 0.391 -0.437 -0.052
6453509.000 1727075.000 0.384 -0.342 -0.058
6453534.000 1727075.000 0.364 -0.348 -0.052
6453584.000 1727075.000 0.506 -0.416 -0.053
6453559.000 1727075.000 0.468 -0.347 -0.050
6453609.000 1727075.000 0.435 -0.375 -0.051
6453634.000 1727075.000 0.371 -0.284 -0.050
6453809.000 1727075.000 0.402 -0.282 -0.058
6453759.000 1727075.000 0.475 -0.547 -0.052
6453784.000 1727075.000 0.387 -0.308 -0.053
6453834.000 1727075.000 0.406 -0.362 -0.062
6453709.000 1727075.000 0.347 -0.312 -0.045
6453659.000 1727075.000 0.313 -0.186 -0.048
6453684.000 1727075.000 0.334 -0.291 -0.049
6453734.000 1727075.000 0.412 -0.345 -0.042
6453859.000 1727075.000 0.396 -0.371 -0.053
6453884.000 1727075.000 0.356 -0.313 -0.055
6453909.000 1727075.000 0.439 -0.383 -0.059
6453984.000 1727075.000 0.506 -0.376 -0.038
6453934.000 1727075.000 0.718 -0.549 -0.058
6453959.000 1727075.000 0.643 -0.429 -0.044
6454059.000 1727075.000 0.458 -0.447 -0.028
6454084.000 1727075.000 0.386 -0.498 -0.043
6454109.000 1727075.000 0.490 -0.396 -0.045
6454009.000 1727075.000 0.453 -0.361 -0.036
6454134.000 1727075.000 0.665 -0.642 -0.053
6454034.000 1727075.000 0.457 -0.423 -0.029
6454159.000 1727075.000 0.486 -0.493 -0.048
6454184.000 1727075.000 0.490 -0.440 -0.044
6454209.000 1727075.000 0.451 -0.448 -0.056
6454409.000 1727075.000 0.514 -0.377 -0.034
6454459.000 1727075.000 0.339 -0.273 -0.034
6454234.000 1727075.000 0.431 -0.390 -0.050
6454434.000 1727075.000 0.511 -0.384 -0.032
6454509.000 1727075.000 0.395 -0.343 -0.041
6454309.000 1727075.000 0.157 -0.352 -0.032
6454334.000 1727075.000 0.184 -0.326 -0.034
6454259.000 1727075.000 0.467 -0.410 -0.047
6454384.000 1727075.000 0.542 -0.458 -0.036
6454359.000 1727075.000 0.489 -0.457 -0.036
6454284.000 1727075.000 0.221 -0.388 -0.034
6454484.000 1727075.000 0.025 -0.065 -0.036
6454534.000 1727075.000 0.392 -0.352 -0.045
6451634.000 1727100.000 0.299 -0.771 -0.100
6451659.000 1727100.000 0.286 -0.741 -0.088
6451709.000 1727100.000 0.325 -0.762 -0.084
6451734.000 1727100.000 0.270 -0.710 -0.092
6451584.000 1727100.000 0.318 -0.834 -0.110
6451759.000 1727100.000 0.336 -0.610 -0.061
6451559.000 1727100.000 0.191 -0.802 -0.111
6451784.000 1727100.000 0.340 -0.587 -0.054
6451859.000 1727100.000 0.342 -0.492 -0.054
6451834.000 1727100.000 0.366 -0.502 -0.057
6451909.000 1727100.000 0.338 -0.471 -0.065
6451684.000 1727100.000 0.290 -0.754 -0.084
6451609.000 1727100.000 0.319 -0.785 -0.113
6451934.000 1727100.000 0.367 -0.422 -0.061
6451809.000 1727100.000 0.353 -0.548 -0.057
6451884.000 1727100.000 0.324 -0.502 -0.048
6451959.000 1727100.000 0.374 -0.517 -0.077
6451984.000 1727100.000 0.363 -0.480 -0.081
6452009.000 1727100.000 0.355 -0.537 -0.098
6452034.000 1727100.000 0.356 -0.585 -0.108
6452134.000 1727100.000 0.382 -0.406 -0.167
6452159.000 1727100.000 0.173 -0.314 -0.148
6452209.000 1727100.000 0.134 -0.156 -0.122
6452084.000 1727100.000 0.382 -0.528 -0.144
6452184.000 1727100.000 0.090 -0.358 -0.136
6452284.000 1727100.000 0.372 -0.404 -0.105
6452109.000 1727100.000 0.314 -0.548 -0.151
6452059.000 1727100.000 0.402 -0.482 -0.122
6452234.000 1727100.000 0.181 -0.289 -0.134
6452259.000 1727100.000 0.160 -0.364 -0.137
6452359.000 1727100.000 0.366 -0.417 -0.135
6452409.000 1727100.000 0.305 -0.404 -0.113
6452434.000 1727100.000 0.318 -0.425 -0.113
6452309.000 1727100.000 0.335 -0.373 -0.126
6452384.000 1727100.000 0.370 -0.432 -0.113
6452334.000 1727100.000 0.324 -0.403 -0.145
6452459.000 1727100.000 0.338 -0.427 -0.108
6452509.000 1727100.000 0.351 -0.418 -0.095
6452534.000 1727100.000 0.329 -0.448 -0.093
6452484.000 1727100.000 0.356 -0.400 -0.099
6452559.000 1727100.000 0.284 -0.458 -0.090
6452584.000 1727100.000 0.379 -0.522 -0.087
6452609.000 1727100.000 0.380 -0.517 -0.088
6452709.000 1727100.000 0.365 -0.459 -0.070
6452759.000 1727100.000 0.307 -0.434 -0.080
6452734.000 1727100.000 0.374 -0.495 -0.087
6452809.000 1727100.000 0.371 -0.475 -0.071
6452684.000 1727100.000 0.362 -0.429 -0.069
6452634.000 1727100.000 0.282 -0.441 -0.085
6452659.000 1727100.000 0.365 -0.415 -0.071
6452784.000 1727100.000 0.325 -0.455 -0.078
6452859.000 1727100.000 0.377 -0.503 -0.067
6452834.000 1727100.000 0.380 -0.496 -0.071
6452884.000 1727100.000 0.382 -0.474 -0.062
6452934.000 1727100.000 0.348 -0.319 -0.056
6452909.000 1727100.000 0.365 -0.408 -0.055
6452959.000 1727100.000 0.395 -0.464 -0.054
6453034.000 1727100.000 0.393 -0.471 -0.052
6452984.000 1727100.000 0.390 -0.451 -0.057
6453084.000 1727100.000 0.385 -0.480 -0.056
6453059.000 1727100.000 0.392 -0.509 -0.058
6453109.000 1727100.000 0.326 -0.406 -0.085
6453009.000 1727100.000 0.355 -0.440 -0.059
6453234.000 1727100.000 0.504 -0.479 -0.026
6453384.000 1727100.000 0.397 -0.446 -0.053
6453309.000 1727100.000 0.364 -0.391 -0.052
6453284.000 1727100.000 0.348 -0.353 -0.054
6453334.000 1727100.000 0.220 -0.276 -0.060
6453184.000 1727100.000 0.474 -0.541 -0.047
6453359.000 1727100.000 0.327 -0.372 -0.056
6453134.000 1727100.000 0.380 -0.405 -0.058
6453159.000 1727100.000 0.394 -0.453 -0.058
6453484.000 1727100.000 0.416 -0.393 -0.061
6453459.000 1727100.000 0.428 -0.419 -0.068
6453434.000 1727100.000 0.447 -0.426 -0.060
6453409.000 1727100.000 0.439 -0.460 -0.053
6453209.000 1727100.000 0.462 -0.432 -0.030
6453259.000 1727100.000 0.361 -0.387 -0.048
6453559.000 1727100.000 0.501 -0.299 -0.047
6453534.000 1727100.000 0.405 -0.343 -0.050
6453759.000 1727100.000 0.391 -0.401 -0.047
6453784.000 1727100.000 0.405 -0.277 -0.053
6453584.000 1727100.000 0.504 -0.404 -0.051
6453809.000 1727100.000 0.417 -0.290 -0.057
6453609.000 1727100.000 0.468 -0.399 -0.051
6453634.000 1727100.000 0.401 -0.336 -0.051
6453684.000 1727100.000 0.352 -0.275 -0.048
6453834.000 1727100.000 0.442 -0.361 -0.056
6453509.000 1727100.000 0.379 -0.332 -0.058
6453909.000 1727100.000 0.368 -0.443 -0.060
6453734.000 1727100.000 0.424 -0.286 -0.042
6453659.000 1727100.000 0.381 -0.304 -0.048
6453984.000 1727100.000 0.475 -0.351 -0.037
6453709.000 1727100.000 0.363 -0.208 -0.038
6453959.000 1727100.000 0.505 -0.402 -0.040
6454034.000 1727100.000 0.383 -0.368 -0.029
6453859.000 1727100.000 0.434 -0.389 -0.052
6453934.000 1727100.000 0.293 -0.516 -0.042
6454009.000 1727100.000 0.413 -0.359 -0.037
6454109.000 1727100.000 0.571 -0.417 -0.046
6454059.000 1727100.000 0.399 -0.363 -0.023
6454084.000 1727100.000 0.503 -0.421 -0.028
6453884.000 1727100.000 0.420 -0.381 -0.052
6454134.000 1727100.000 0.561 -0.470 -0.046
6454184.000 1727100.000 0.422 -0.401 -0.045
6454259.000 1727100.000 0.230 -0.270 -0.043
6454309.000 1727100.000 0.158 -0.383 -0.034
6454334.000 1727100.000 0.175 -0.255 -0.034
6454159.000 1727100.000 0.448 -0.451 -0.050
6454384.000 1727100.000 0.580 -0.432 -0.034
6454409.000 1727100.000 0.526 -0.389 -0.031
6454209.000 1727100.000 0.405 -0.381 -0.046
6454434.000 1727100.000 0.474 -0.324 -0.029
6454284.000 1727100.000 0.235 -0.421 -0.037
6454459.000 1727100.000 0.451 -0.308 -0.029
6454234.000 1727100.000 0.371 -0.301 -0.043
6454484.000 1727100.000 0.095 -0.295 -0.032
6454534.000 1727100.000 0.454 -0.285 -0.048
6454359.000 1727100.000 0.520 -0.460 -0.035
6454509.000 1727100.000 0.437 -0.268 -0.038
6451659.000 1727125.000 0.294 -0.693 -0.073
6451684.000 1727125.000 0.326 -0.620 -0.070
6451809.000 1727125.000 0.422 -0.488 -0.061
6451834.000 1727125.000 0.370 -0.457 -0.057
6451634.000 1727125.000 0.310 -0.698 -0.079
6451609.000 1727125.000 0.323 -0.767 -0.120
6451759.000 1727125.000 0.500 -0.749 -0.032
6451784.000 1727125.000 0.368 -0.571 -0.055
6451709.000 1727125.000 0.385 -0.662 -0.067
6451559.000 1727125.000 0.119 -0.785 -0.184
6451734.000 1727125.000 0.285 -0.831 -0.093
6451584.000 1727125.000 0.284 -0.774 -0.131
6451934.000 1727125.000 0.361 -0.424 -0.056
6451859.000 1727125.000 0.342 -0.456 -0.050
6451909.000 1727125.000 0.340 -0.503 -0.058
6451884.000 1727125.000 0.328 -0.492 -0.045
6451984.000 1727125.000 0.402 -0.476 -0.085
6451959.000 1727125.000 0.397 -0.518 -0.079
6452009.000 1727125.000 0.333 -0.579 -0.103
6452034.000 1727125.000 0.394 -0.565 -0.110
6452059.000 1727125.000 0.410 -0.593 -0.113
6452109.000 1727125.000 0.612 -0.642 -0.187
6452084.000 1727125.000 0.497 -0.366 -0.133
6452134.000 1727125.000 0.651 -0.453 -0.169
6452159.000 1727125.000 0.320 -0.342 -0.134
6452284.000 1727125.000 0.357 -0.393 -0.108
6452259.000 1727125.000 0.266 -0.383 -0.124
6452184.000 1727125.000 0.300 -0.356 -0.134
6452209.000 1727125.000 0.249 -0.337 -0.133
6452309.000 1727125.000 0.347 -0.384 -0.114
6452234.000 1727125.000 0.173 -0.357 -0.151
6452334.000 1727125.000 0.373 -0.389 -0.107
6452359.000 1727125.000 0.371 -0.386 -0.102
6452384.000 1727125.000 0.300 -0.393 -0.105
6452409.000 1727125.000 0.273 -0.371 -0.094
6452434.000 1727125.000 0.318 -0.390 -0.092
6452459.000 1727125.000 0.372 -0.422 -0.096
6452484.000 1727125.000 0.397 -0.441 -0.100
6452534.000 1727125.000 0.301 -0.464 -0.089
6452509.000 1727125.000 0.459 -0.483 -0.093
6452759.000 1727125.000 0.360 -0.509 -0.084
6452784.000 1727125.000 0.355 -0.481 -0.079
6452809.000 1727125.000 0.367 -0.453 -0.073
6452559.000 1727125.000 0.248 -0.462 -0.082
6452609.000 1727125.000 0.333 -0.402 -0.073
6452584.000 1727125.000 0.348 -0.497 -0.084
6452834.000 1727125.000 0.406 -0.466 -0.069
6452684.000 1727125.000 0.357 -0.437 -0.067
6452659.000 1727125.000 0.369 -0.431 -0.065
6452634.000 1727125.000 0.304 -0.405 -0.073
6452734.000 1727125.000 0.348 -0.400 -0.072
6452709.000 1727125.000 0.366 -0.432 -0.066
6452984.000 1727125.000 0.385 -0.449 -0.055
6452859.000 1727125.000 0.422 -0.513 -0.068
6452884.000 1727125.000 0.329 -0.415 -0.066
6452959.000 1727125.000 0.351 -0.425 -0.060
6452934.000 1727125.000 0.355 -0.409 -0.061
6452909.000 1727125.000 0.311 -0.408 -0.065
6453034.000 1727125.000 0.437 -0.447 -0.038
6453109.000 1727125.000 0.345 -0.418 -0.073
6453009.000 1727125.000 0.404 -0.448 -0.043
6453059.000 1727125.000 0.400 -0.456 -0.048
6453134.000 1727125.000 0.399 -0.391 -0.048
6453209.000 1727125.000 0.464 -0.417 -0.028
6453184.000 1727125.000 0.462 -0.422 -0.038
6453234.000 1727125.000 0.457 -0.434 -0.031
6453159.000 1727125.000 0.405 -0.398 -0.043
6453084.000 1727125.000 0.393 -0.468 -0.053
6453259.000 1727125.000 0.436 -0.534 -0.050
6453334.000 1727125.000 0.216 -0.289 -0.065
6453459.000 1727125.000 0.429 -0.431 -0.074
6453434.000 1727125.000 0.455 -0.438 -0.079
6453284.000 1727125.000 0.400 -0.381 -0.053
6453384.000 1727125.000 0.417 -0.458 -0.061
6453359.000 1727125.000 0.361 -0.404 -0.062
6453309.000 1727125.000 0.392 -0.375 -0.050
6453484.000 1727125.000 0.413 -0.399 -0.064
6453509.000 1727125.000 0.391 -0.276 -0.060
6453409.000 1727125.000 0.448 -0.407 -0.056
6453659.000 1727125.000 0.400 -0.380 -0.045
6453584.000 1727125.000 0.485 -0.335 -0.052
6453684.000 1727125.000 0.361 -0.333 -0.047
6453559.000 1727125.000 0.431 -0.350 -0.049
6453534.000 1727125.000 0.441 -0.356 -0.052
6453709.000 1727125.000 0.241 -0.244 -0.047
6453734.000 1727125.000 0.448 -0.360 -0.046
6453609.000 1727125.000 0.569 -0.441 -0.052
6453634.000 1727125.000 0.405 -0.446 -0.051
6453759.000 1727125.000 0.423 -0.340 -0.048
6453784.000 1727125.000 0.432 -0.367 -0.052
6453934.000 1727125.000 0.361 -0.485 -0.042
6453834.000 1727125.000 0.427 -0.356 -0.059
6453809.000 1727125.000 0.407 -0.330 -0.060
6453859.000 1727125.000 0.431 -0.369 -0.058
6453984.000 1727125.000 0.355 -0.340 -0.037
6453884.000 1727125.000 0.503 -0.346 -0.064
6454084.000 1727125.000 0.197 -0.275 -0.037
6454059.000 1727125.000 0.272 -0.305 -0.029
6453909.000 1727125.000 0.440 -0.439 -0.067
6454009.000 1727125.000 0.363 -0.379 -0.040
6454209.000 1727125.000 0.413 -0.376 -0.040
6453959.000 1727125.000 0.442 -0.467 -0.039
6454034.000 1727125.000 0.389 -0.377 -0.032
6454109.000 1727125.000 0.475 -0.525 -0.046
6454134.000 1727125.000 0.484 -0.570 -0.044
6454309.000 1727125.000 0.439 -0.316 -0.041
6454359.000 1727125.000 0.484 -0.424 -0.033
6454384.000 1727125.000 0.451 -0.369 -0.033
6454159.000 1727125.000 0.444 -0.420 -0.045
6454184.000 1727125.000 0.446 -0.403 -0.035
6454259.000 1727125.000 0.196 -0.464 -0.037
6454284.000 1727125.000 0.430 -0.290 -0.045
6454234.000 1727125.000 0.410 -0.336 -0.035
6454334.000 1727125.000 0.516 -0.468 -0.037
6454459.000 1727125.000 0.411 -0.302 -0.028
6451584.000 1727150.000 0.269 -0.744 -0.093
6454409.000 1727125.000 0.519 -0.398 -0.031
6454434.000 1727125.000 0.445 -0.264 -0.027
6454509.000 1727125.000 0.497 -0.427 -0.040
6451634.000 1727150.000 0.254 -0.614 -0.050
6451609.000 1727150.000 0.323 -0.771 -0.096
6454484.000 1727125.000 0.403 -0.340 -0.030
6451559.000 1727150.000 0.217 -0.726 -0.092
6454534.000 1727125.000 0.563 -0.502 -0.053
6451659.000 1727150.000 0.299 -0.688 -0.056
6451684.000 1727150.000 0.325 -0.610 -0.060
6451734.000 1727150.000 1.040 -0.435 -0.181
6451709.000 1727150.000 0.463 -0.728 -0.052
6451784.000 1727150.000 0.410 -0.498 -0.105
6451759.000 1727150.000 0.825 1.052 -0.496
6451809.000 1727150.000 0.440 -0.539 -0.056
6451834.000 1727150.000 0.375 -0.473 -0.048
6451934.000 1727150.000 0.351 -0.407 -0.048
6451959.000 1727150.000 0.378 -0.434 -0.064
6451909.000 1727150.000 0.351 -0.427 -0.049
6451859.000 1727150.000 0.330 -0.463 -0.043
6451884.000 1727150.000 0.355 -0.468 -0.051
6452059.000 1727150.000 0.421 -0.656 -0.102
6451984.000 1727150.000 0.394 -0.554 -0.073
6452209.000 1727150.000 0.272 -0.384 -0.149
6452084.000 1727150.000 0.363 -0.680 -0.093
6452009.000 1727150.000 0.328 -0.699 -0.093
6452234.000 1727150.000 0.213 -0.347 -0.140
6452109.000 1727150.000 0.627 -0.667 -0.175
6452034.000 1727150.000 0.413 -0.576 -0.106
6452184.000 1727150.000 0.330 -0.381 -0.127
6452134.000 1727150.000 0.261 -0.348 -0.117
6452159.000 1727150.000 0.273 -0.309 -0.112
6452284.000 1727150.000 0.364 -0.366 -0.076
6452259.000 1727150.000 0.286 -0.344 -0.118
6452434.000 1727150.000 0.264 -0.400 -0.087
6452509.000 1727150.000 0.374 -0.491 -0.087
6452384.000 1727150.000 0.283 -0.376 -0.098
6452659.000 1727150.000 0.359 -0.453 -0.065
6452309.000 1727150.000 0.182 -0.291 -0.076
6452684.000 1727150.000 0.355 -0.433 -0.067
6452334.000 1727150.000 0.244 -0.312 -0.079
6452459.000 1727150.000 0.372 -0.470 -0.097
6452534.000 1727150.000 0.293 -0.458 -0.084
6452409.000 1727150.000 0.233 -0.364 -0.088
6452609.000 1727150.000 0.373 -0.557 -0.096
6452359.000 1727150.000 0.341 -0.378 -0.086
6452584.000 1727150.000 0.357 -0.521 -0.086
6452634.000 1727150.000 0.288 -0.459 -0.076
6452484.000 1727150.000 0.384 -0.470 -0.099
6452559.000 1727150.000 0.275 -0.461 -0.083
6452709.000 1727150.000 0.361 -0.410 -0.066
6452734.000 1727150.000 0.344 -0.447 -0.072
6452834.000 1727150.000 0.484 -0.413 -0.063
6452784.000 1727150.000 0.369 -0.476 -0.074
6452759.000 1727150.000 0.346 -0.464 -0.075
6452884.000 1727150.000 0.354 -0.474 -0.064
6452909.000 1727150.000 0.260 -0.350 -0.065
6453034.000 1727150.000 0.408 -0.390 -0.036
6452809.000 1727150.000 0.381 -0.415 -0.065
6453009.000 1727150.000 0.407 -0.475 -0.052
6452959.000 1727150.000 0.348 -0.418 -0.056
6453109.000 1727150.000 0.398 -0.421 -0.047
6453134.000 1727150.000 0.410 -0.408 -0.038
6452859.000 1727150.000 0.340 -0.441 -0.062
6452934.000 1727150.000 0.275 -0.362 -0.062
6452984.000 1727150.000 0.388 -0.454 -0.054
6453059.000 1727150.000 0.399 -0.418 -0.044
6453159.000 1727150.000 0.444 -0.339 -0.034
6453184.000 1727150.000 0.469 -0.388 -0.034
6453084.000 1727150.000 0.404 -0.440 -0.048
6453209.000 1727150.000 0.488 -0.444 -0.028
6453384.000 1727150.000 0.419 -0.476 -0.067
6453234.000 1727150.000 0.451 -0.391 -0.025
6453409.000 1727150.000 0.515 -0.491 -0.072
6453259.000 1727150.000 0.338 -0.273 -0.042
6453284.000 1727150.000 0.369 -0.342 -0.052
6453334.000 1727150.000 0.331 -0.393 -0.061
6453534.000 1727150.000 0.452 -0.295 -0.057
6453559.000 1727150.000 0.383 -0.275 -0.049
6453359.000 1727150.000 0.345 -0.437 -0.066
6453309.000 1727150.000 0.398 -0.361 -0.049
6453434.000 1727150.000 0.456 -0.390 -0.069
6453484.000 1727150.000 0.428 -0.374 -0.064
6453459.000 1727150.000 0.430 -0.376 -0.064
6453509.000 1727150.000 0.402 -0.447 -0.067
6453584.000 1727150.000 0.397 -0.235 -0.048
6453634.000 1727150.000 0.374 -0.379 -0.049
6453684.000 1727150.000 0.406 -0.344 -0.045
6453784.000 1727150.000 0.456 -0.394 -0.050
6453809.000 1727150.000 0.392 -0.310 -0.056
6453609.000 1727150.000 0.403 -0.245 -0.048
6453659.000 1727150.000 0.400 -0.333 -0.041
6453709.000 1727150.000 0.451 -0.445 -0.046
6453734.000 1727150.000 0.515 -0.375 -0.045
6453759.000 1727150.000 0.477 -0.370 -0.048
6453834.000 1727150.000 0.396 -0.291 -0.061
6454009.000 1727150.000 0.325 -0.404 -0.044
6453859.000 1727150.000 0.484 -0.302 -0.062
6454034.000 1727150.000 0.357 -0.418 -0.041
6453884.000 1727150.000 0.392 -0.355 -0.069
6453959.000 1727150.000 0.465 -0.469 -0.040
6454084.000 1727150.000 0.111 -0.219 -0.042
6453909.000 1727150.000 0.459 -0.359 -0.059
6454059.000 1727150.000 0.385 -0.487 -0.043
6453934.000 1727150.000 0.389 -0.412 -0.045
6453984.000 1727150.000 0.343 -0.389 -0.039
6454109.000 1727150.000 0.379 -0.323 -0.039
6454134.000 1727150.000 0.343 -0.310 -0.043
6454159.000 1727150.000 0.407 -0.351 -0.041
6454184.000 1727150.000 0.426 -0.375 -0.037
6454259.000 1727150.000 0.473 -0.447 -0.046
6454209.000 1727150.000 0.422 -0.385 -0.038
6454309.000 1727150.000 0.364 -0.290 -0.037
6454234.000 1727150.000 0.307 -0.713 -0.036
6454434.000 1727150.000 0.477 -0.312 -0.021
6454384.000 1727150.000 0.351 -0.153 -0.010
6454284.000 1727150.000 0.372 -0.270 -0.041
6454334.000 1727150.000 0.395 -0.395 -0.034
6454359.000 1727150.000 0.363 -0.293 -0.031
6454459.000 1727150.000 0.429 -0.265 -0.019
6454409.000 1727150.000 0.340 -0.188 -0.016
6454484.000 1727150.000 0.411 -0.318 -0.024
6454509.000 1727150.000 0.477 -0.441 -0.042
6454534.000 1727150.000 0.489 -0.495 -0.059
6451684.000 1727175.000 0.267 -0.605 -0.054
6451659.000 1727175.000 0.253 -0.640 -0.052
6451809.000 1727175.000 0.572 -0.559 -0.068
6451834.000 1727175.000 0.355 -0.488 -0.047
6451609.000 1727175.000 0.256 -0.709 -0.076
6451734.000 1727175.000 1.275 -0.002 -0.165
6451559.000 1727175.000 0.216 -0.706 -0.097
6451634.000 1727175.000 0.249 -0.640 -0.058
6451709.000 1727175.000 0.345 -0.563 -0.059
6451584.000 1727175.000 0.224 -0.672 -0.081
6451759.000 1727175.000 2.792 1.110 -0.402
6451784.000 1727175.000 1.531 -0.333 -0.172
6451859.000 1727175.000 0.342 -0.491 -0.039
6451884.000 1727175.000 0.375 -0.477 -0.050
6451934.000 1727175.000 0.367 -0.435 -0.051
6451909.000 1727175.000 0.366 -0.429 -0.048
6451959.000 1727175.000 0.373 -0.431 -0.055
6451984.000 1727175.000 0.404 -0.512 -0.065
6452009.000 1727175.000 0.417 -0.544 -0.073
6452034.000 1727175.000 0.337 -0.603 -0.095
6452059.000 1727175.000 0.386 -0.631 -0.094
6452209.000 1727175.000 0.322 -0.392 -0.112
6452234.000 1727175.000 0.335 -0.373 -0.104
6452134.000 1727175.000 0.317 -0.483 -0.123
6452184.000 1727175.000 0.334 -0.451 -0.145
6452084.000 1727175.000 0.353 -0.640 -0.093
6452159.000 1727175.000 0.314 -0.401 -0.116
6452109.000 1727175.000 0.229 -0.434 -0.103
6452334.000 1727175.000 0.216 -0.293 -0.078
6452309.000 1727175.000 0.140 -0.293 -0.078
6452259.000 1727175.000 0.335 -0.358 -0.081
6452284.000 1727175.000 0.165 -0.281 -0.078
6452359.000 1727175.000 0.343 -0.404 -0.087
6452384.000 1727175.000 0.340 -0.447 -0.101
6452409.000 1727175.000 0.280 -0.446 -0.094
6452434.000 1727175.000 0.314 -0.429 -0.089
6452459.000 1727175.000 0.298 -0.505 -0.094
6452484.000 1727175.000 0.301 -0.471 -0.093
6452509.000 1727175.000 0.073 -0.308 -0.094
6452534.000 1727175.000 0.247 -0.427 -0.086
6452609.000 1727175.000 0.371 -0.517 -0.090
6452659.000 1727175.000 0.378 -0.456 -0.066
6452559.000 1727175.000 0.260 -0.465 -0.088
6452634.000 1727175.000 0.369 -0.472 -0.075
6452584.000 1727175.000 0.249 -0.516 -0.095
6452684.000 1727175.000 0.376 -0.453 -0.068
6452709.000 1727175.000 0.375 -0.471 -0.075
6452734.000 1727175.000 0.316 -0.409 -0.065
6452759.000 1727175.000 0.338 -0.432 -0.066
6452784.000 1727175.000 0.399 -0.482 -0.068
6452809.000 1727175.000 0.388 -0.520 -0.074
6452834.000 1727175.000 0.369 -0.555 -0.068
6452859.000 1727175.000 0.349 -0.391 -0.061
6452959.000 1727175.000 0.372 -0.444 -0.058
6453009.000 1727175.000 0.398 -0.473 -0.057
6452884.000 1727175.000 0.438 -0.514 -0.054
6453059.000 1727175.000 0.397 -0.445 -0.049
6452909.000 1727175.000 0.407 -0.490 -0.055
6452984.000 1727175.000 0.385 -0.457 -0.058
6452934.000 1727175.000 0.385 -0.438 -0.052
6453109.000 1727175.000 0.380 -0.379 -0.042
6453084.000 1727175.000 0.396 -0.435 -0.050
6453034.000 1727175.000 0.376 -0.434 -0.049
6453134.000 1727175.000 0.327 -0.291 -0.042
6453159.000 1727175.000 0.369 -0.301 -0.035
6453209.000 1727175.000 0.556 -0.415 -0.018
6453184.000 1727175.000 0.393 -0.325 -0.033
6453234.000 1727175.000 0.476 -0.361 -0.019
6453259.000 1727175.000 0.415 -0.340 -0.033
6453284.000 1727175.000 0.369 -0.368 -0.054
6453309.000 1727175.000 0.424 -0.481 -0.055
6453359.000 1727175.000 0.365 -0.375 -0.071
6453334.000 1727175.000 0.341 -0.366 -0.068
6453384.000 1727175.000 0.402 -0.456 -0.074
6453434.000 1727175.000 0.439 -0.306 -0.063
6453459.000 1727175.000 0.423 -0.238 -0.061
6453409.000 1727175.000 0.424 -0.425 -0.066
6453509.000 1727175.000 0.413 -0.467 -0.068
6453484.000 1727175.000 0.443 -0.438 -0.067
6453534.000 1727175.000 0.381 -0.234 -0.061
6453609.000 1727175.000 0.488 -0.344 -0.049
6453559.000 1727175.000 0.371 -0.300 -0.047
6453584.000 1727175.000 0.361 -0.212 -0.044
6453634.000 1727175.000 0.417 -0.365 -0.052
6453659.000 1727175.000 0.419 -0.360 -0.044
6453684.000 1727175.000 0.421 -0.292 -0.040
6453709.000 1727175.000 0.412 -0.543 -0.047
6453734.000 1727175.000 0.490 -0.260 -0.046
6453759.000 1727175.000 0.414 -0.232 -0.052
6453784.000 1727175.000 0.460 -0.353 -0.048
6453809.000 1727175.000 0.379 -0.398 -0.051
6453859.000 1727175.000 0.258 -0.568 -0.070
6453884.000 1727175.000 0.323 -0.489 -0.072
6453834.000 1727175.000 0.316 -0.350 -0.061
6453909.000 1727175.000 0.478 -0.455 -0.061
6453934.000 1727175.000 0.417 -0.459 -0.048
6453984.000 1727175.000 0.468 -0.452 -0.041
6453959.000 1727175.000 0.467 -0.453 -0.042
6454009.000 1727175.000 0.420 -0.494 -0.047
6454034.000 1727175.000 0.405 -0.456 -0.040
6454059.000 1727175.000 0.479 -0.468 -0.036
6454109.000 1727175.000 0.393 -0.260 -0.037
6454159.000 1727175.000 0.430 -0.374 -0.050
6454084.000 1727175.000 0.498 -0.530 -0.037
6454209.000 1727175.000 0.290 -0.477 -0.036
6454234.000 1727175.000 0.521 -0.628 -0.035
6454134.000 1727175.000 0.457 -0.399 -0.053
6454184.000 1727175.000 0.422 -0.390 -0.045
6454284.000 1727175.000 0.536 -0.379 -0.054
6454309.000 1727175.000 0.491 -0.388 -0.049
6454259.000 1727175.000 0.540 -0.416 -0.053
6454384.000 1727175.000 0.373 -0.340 -0.031
6454359.000 1727175.000 0.475 -0.553 -0.069
6454334.000 1727175.000 0.625 -0.589 -0.045
6454434.000 1727175.000 0.458 -0.353 -0.025
6454409.000 1727175.000 0.312 -0.204 -0.023
6454459.000 1727175.000 0.390 -0.135 -0.017
6454484.000 1727175.000 0.429 -0.261 -0.019
6454534.000 1727175.000 0.320 -0.444 -0.098
6454509.000 1727175.000 0.437 -0.472 -0.079
6451559.000 1727200.000 0.234 -0.640 -0.076
6451584.000 1727200.000 0.250 -0.695 -0.066
6451634.000 1727200.000 0.266 -0.634 -0.062
6451609.000 1727200.000 0.260 -0.657 -0.062
6451709.000 1727200.000 0.283 -0.594 -0.054
6451734.000 1727200.000 0.256 -0.583 -0.046
6451659.000 1727200.000 0.263 -0.628 -0.058
6451759.000 1727200.000 0.179 -0.617 -0.036
6451684.000 1727200.000 0.263 -0.625 -0.059
6451834.000 1727200.000 0.391 -0.523 -0.047
6451784.000 1727200.000 0.540 -0.587 -0.081
6451809.000 1727200.000 0.466 -0.578 -0.054
6451859.000 1727200.000 0.318 -0.449 -0.042
6451884.000 1727200.000 0.359 -0.447 -0.048
6452084.000 1727200.000 0.420 -0.537 -0.095
6451934.000 1727200.000 0.365 -0.467 -0.055
6452134.000 1727200.000 0.309 -0.418 -0.116
6451909.000 1727200.000 0.368 -0.462 -0.052
6452184.000 1727200.000 0.315 -0.373 -0.095
6451959.000 1727200.000 0.407 -0.451 -0.064
6452009.000 1727200.000 0.271 -0.552 -0.078
6452034.000 1727200.000 0.266 -0.549 -0.087
6452234.000 1727200.000 0.306 -0.372 -0.099
6451984.000 1727200.000 0.400 -0.506 -0.071
6452109.000 1727200.000 0.257 -0.415 -0.092
6452059.000 1727200.000 0.362 -0.537 -0.094
6452159.000 1727200.000 0.280 -0.386 -0.115
6452209.000 1727200.000 0.314 -0.362 -0.093
6452309.000 1727200.000 0.164 -0.334 -0.082
6452359.000 1727200.000 0.294 -0.362 -0.105
6452259.000 1727200.000 0.283 -0.367 -0.088
6452409.000 1727200.000 0.294 -0.396 -0.113
6452509.000 1727200.000 0.243 -0.437 -0.095
6452284.000 1727200.000 0.164 -0.353 -0.083
6452334.000 1727200.000 0.290 -0.382 -0.084
6452434.000 1727200.000 0.316 -0.358 -0.100
6452384.000 1727200.000 0.216 -0.319 -0.123
6452459.000 1727200.000 0.381 -0.356 -0.095
6452534.000 1727200.000 0.242 -0.452 -0.097
6452559.000 1727200.000 0.245 -0.453 -0.096
6452484.000 1727200.000 0.373 -0.406 -0.093
6452584.000 1727200.000 0.285 -0.483 -0.095
6452609.000 1727200.000 0.366 -0.480 -0.085
6452634.000 1727200.000 0.335 -0.416 -0.071
6452659.000 1727200.000 0.355 -0.366 -0.056
6452684.000 1727200.000 0.370 -0.358 -0.051
6452709.000 1727200.000 0.331 -0.337 -0.054
6452734.000 1727200.000 0.335 -0.400 -0.059
6452759.000 1727200.000 0.313 -0.414 -0.064
6452809.000 1727200.000 0.385 -0.535 -0.064
6452784.000 1727200.000 0.391 -0.509 -0.066
6452834.000 1727200.000 0.364 -0.456 -0.059
6452884.000 1727200.000 0.323 -0.422 -0.057
6452909.000 1727200.000 0.352 -0.432 -0.055
6452859.000 1727200.000 0.320 -0.423 -0.060
6452959.000 1727200.000 0.357 -0.444 -0.058
6452984.000 1727200.000 0.364 -0.410 -0.047
6452934.000 1727200.000 0.409 -0.452 -0.046
6453034.000 1727200.000 0.353 -0.392 -0.047
6453059.000 1727200.000 0.399 -0.413 -0.043
6453009.000 1727200.000 0.366 -0.374 -0.044
6453084.000 1727200.000 0.421 -0.437 -0.048
6453159.000 1727200.000 0.392 -0.314 -0.035
6453134.000 1727200.000 0.433 -0.325 -0.037
6453109.000 1727200.000 0.350 -0.309 -0.044
6453184.000 1727200.000 0.433 -0.335 -0.024
6453209.000 1727200.000 0.441 -0.290 -0.015
6453234.000 1727200.000 0.462 -0.305 -0.016
6453259.000 1727200.000 0.432 -0.356 -0.030
6453309.000 1727200.000 0.313 -0.508 -0.067
6453434.000 1727200.000 0.424 -0.394 -0.067
6453334.000 1727200.000 0.389 -0.367 -0.074
6453284.000 1727200.000 0.373 -0.435 -0.058
6453359.000 1727200.000 0.391 -0.391 -0.077
6453484.000 1727200.000 0.427 -0.410 -0.069
6453384.000 1727200.000 0.421 -0.455 -0.084
6453409.000 1727200.000 0.407 -0.436 -0.070
6453534.000 1727200.000 0.428 -0.218 -0.062
6453459.000 1727200.000 0.385 -0.235 -0.065
6453509.000 1727200.000 0.435 -0.365 -0.066
6453559.000 1727200.000 0.379 -0.209 -0.048
6453584.000 1727200.000 0.402 -0.170 -0.043
6453609.000 1727200.000 0.482 -0.266 -0.045
6453709.000 1727200.000 0.443 -0.449 -0.052
6453809.000 1727200.000 0.430 -0.349 -0.065
6453634.000 1727200.000 0.436 -0.317 -0.056
6453684.000 1727200.000 0.346 -0.547 -0.052
6453659.000 1727200.000 0.470 -0.388 -0.052
6453759.000 1727200.000 0.440 -0.314 -0.067
6453734.000 1727200.000 0.442 -0.295 -0.052
6453934.000 1727200.000 0.398 -0.337 -0.062
6453884.000 1727200.000 0.450 -0.252 -0.085
6453784.000 1727200.000 0.435 -0.340 -0.072
6453834.000 1727200.000 0.449 -0.457 -0.060
6453909.000 1727200.000 0.459 -0.333 -0.078
6453859.000 1727200.000 0.308 -0.620 -0.078
6454034.000 1727200.000 0.509 -0.362 -0.043
6453959.000 1727200.000 0.503 -0.412 -0.053
6454059.000 1727200.000 0.717 -0.485 -0.041
6454009.000 1727200.000 0.424 -0.498 -0.053
6453984.000 1727200.000 0.500 -0.477 -0.054
6454209.000 1727200.000 0.350 -0.975 -0.033
6454234.000 1727200.000 0.446 -0.703 -0.063
6454084.000 1727200.000 0.691 -0.570 -0.040
6454134.000 1727200.000 0.529 -0.505 -0.080
6454109.000 1727200.000 0.527 -0.373 -0.045
6454159.000 1727200.000 0.528 -0.510 -0.073
6454184.000 1727200.000 0.511 -0.655 -0.064
6454259.000 1727200.000 0.597 -0.385 -0.079
6454284.000 1727200.000 0.433 -0.285 -0.079
6454309.000 1727200.000 0.378 -0.190 -0.074
6454334.000 1727200.000 0.633 -0.524 -0.066
6454359.000 1727200.000 0.546 -0.569 -0.080
6454409.000 1727200.000 0.425 -0.357 -0.038
6454384.000 1727200.000 0.436 -0.542 -0.055
6454434.000 1727200.000 0.797 -0.735 -0.040
6454459.000 1727200.000 0.409 -0.129 -0.019
6454509.000 1727200.000 0.429 -0.475 -0.093
6454484.000 1727200.000 0.410 -0.193 -0.023
6454534.000 1727200.000 0.293 -0.367 -0.094
6451659.000 1727225.000 0.262 -0.621 -0.056
6451809.000 1727225.000 0.388 -0.524 -0.042
6451684.000 1727225.000 0.287 -0.586 -0.053
6451584.000 1727225.000 0.254 -0.683 -0.065
6451634.000 1727225.000 0.294 -0.610 -0.061
6451559.000 1727225.000 0.232 -0.668 -0.069
6451784.000 1727225.000 0.253 -0.520 -0.043
6451709.000 1727225.000 0.276 -0.611 -0.055
6451834.000 1727225.000 0.527 -0.491 -0.056
6451734.000 1727225.000 0.275 -0.609 -0.057
6451609.000 1727225.000 0.259 -0.628 -0.062
6451884.000 1727225.000 0.360 -0.469 -0.051
6451759.000 1727225.000 0.233 -0.569 -0.040
6451859.000 1727225.000 0.444 -0.416 -0.048
6451909.000 1727225.000 0.418 -0.501 -0.059
6451934.000 1727225.000 0.381 -0.464 -0.062
6452009.000 1727225.000 0.081 -0.551 -0.080
6451959.000 1727225.000 0.423 -0.445 -0.069
6451984.000 1727225.000 0.198 -0.554 -0.080
6452159.000 1727225.000 0.285 -0.386 -0.114
6452034.000 1727225.000 0.148 -0.493 -0.083
6452134.000 1727225.000 0.416 -0.476 -0.127
6452084.000 1727225.000 0.438 -0.517 -0.088
6452184.000 1727225.000 0.154 -0.188 -0.098
6452234.000 1727225.000 0.325 -0.388 -0.098
6452284.000 1727225.000 0.306 -0.332 -0.089
6452059.000 1727225.000 0.398 -0.520 -0.089
6452109.000 1727225.000 0.484 -0.487 -0.088
6452209.000 1727225.000 0.343 -0.330 -0.092
6452259.000 1727225.000 0.367 -0.372 -0.089
6452309.000 1727225.000 0.312 -0.377 -0.090
6452334.000 1727225.000 0.378 -0.405 -0.090
6452359.000 1727225.000 0.382 -0.349 -0.095
6452384.000 1727225.000 0.305 -0.342 -0.112
6452409.000 1727225.000 0.289 -0.366 -0.116
6452434.000 1727225.000 0.281 -0.337 -0.106
6452459.000 1727225.000 0.333 -0.376 -0.100
6452509.000 1727225.000 0.302 -0.431 -0.098
6452484.000 1727225.000 0.392 -0.406 -0.097
6452559.000 1727225.000 0.260 -0.422 -0.101
6452534.000 1727225.000 0.220 -0.436 -0.098
6452584.000 1727225.000 0.365 -0.411 -0.086
6452759.000 1727225.000 0.293 -0.431 -0.066
6452784.000 1727225.000 0.392 -0.400 -0.059
6452809.000 1727225.000 0.408 -0.396 -0.053
6452659.000 1727225.000 0.330 -0.318 -0.057
6452834.000 1727225.000 0.376 -0.391 -0.051
6452634.000 1727225.000 0.360 -0.325 -0.059
6452609.000 1727225.000 0.372 -0.365 -0.069
6452709.000 1727225.000 0.362 -0.292 -0.052
6452684.000 1727225.000 0.359 -0.310 -0.050
6452734.000 1727225.000 0.391 -0.371 -0.054
6452884.000 1727225.000 0.348 -0.424 -0.053
6452859.000 1727225.000 0.355 -0.414 -0.053
6452934.000 1727225.000 0.370 -0.492 -0.059
6452909.000 1727225.000 0.324 -0.437 -0.062
6452959.000 1727225.000 0.348 -0.411 -0.056
6452984.000 1727225.000 0.365 -0.369 -0.045
6453009.000 1727225.000 0.401 -0.289 -0.039
6453059.000 1727225.000 0.455 -0.443 -0.045
6453034.000 1727225.000 0.433 -0.373 -0.043
6453109.000 1727225.000 0.378 -0.241 -0.046
6453209.000 1727225.000 0.452 -0.277 -0.019
6453084.000 1727225.000 0.458 -0.448 -0.046
6453159.000 1727225.000 0.453 -0.371 -0.037
6453184.000 1727225.000 0.479 -0.372 -0.026
6453134.000 1727225.000 0.465 -0.370 -0.039
6453234.000 1727225.000 0.418 -0.280 -0.019
6453259.000 1727225.000 0.380 -0.301 -0.032
6453284.000 1727225.000 0.326 -0.383 -0.064
6453334.000 1727225.000 0.431 -0.397 -0.073
6453309.000 1727225.000 0.266 -0.455 -0.070
6453359.000 1727225.000 0.430 -0.437 -0.090
6453409.000 1727225.000 0.439 -0.456 -0.089
6453384.000 1727225.000 0.414 -0.442 -0.097
6453434.000 1727225.000 0.475 -0.483 -0.090
6453459.000 1727225.000 0.388 -0.497 -0.109
6453484.000 1727225.000 0.444 -0.545 -0.086
6453509.000 1727225.000 0.458 -0.385 -0.085
6453534.000 1727225.000 0.176 -0.071 -0.076
6453609.000 1727225.000 0.504 -0.363 -0.052
6453584.000 1727225.000 0.515 -0.366 -0.053
6453634.000 1727225.000 0.441 -0.514 -0.078
6453559.000 1727225.000 0.157 0.066 -0.067
6453784.000 1727225.000 0.432 -0.279 -0.085
6453659.000 1727225.000 0.402 -0.454 -0.085
6453734.000 1727225.000 0.478 -0.402 -0.078
6453709.000 1727225.000 0.506 -0.451 -0.067
6453834.000 1727225.000 0.234 -0.353 -0.081
6453684.000 1727225.000 0.385 -0.394 -0.073
6453809.000 1727225.000 0.390 -0.188 -0.082
6453759.000 1727225.000 0.419 -0.346 -0.086
6453859.000 1727225.000 0.400 -0.448 -0.095
6453884.000 1727225.000 0.415 -0.286 -0.101
6454059.000 1727225.000 0.416 -0.552 -0.073
6454159.000 1727225.000 0.592 -0.522 -0.083
6454084.000 1727225.000 0.582 -0.542 -0.063
6454259.000 1727225.000 0.552 -0.464 -0.091
6454184.000 1727225.000 0.548 -0.596 -0.085
6454109.000 1727225.000 0.550 -0.493 -0.080
6454284.000 1727225.000 0.550 -0.569 -0.091
6454209.000 1727225.000 0.701 -0.565 -0.086
6454134.000 1727225.000 0.583 -0.485 -0.082
6453909.000 1727225.000 0.365 -0.308 -0.098
6454234.000 1727225.000 0.567 -0.446 -0.086
6453984.000 1727225.000 0.638 -0.294 -0.060
6454009.000 1727225.000 0.374 -0.344 -0.072
6453959.000 1727225.000 0.587 -0.466 -0.066
6454034.000 1727225.000 0.479 -0.529 -0.075
6453934.000 1727225.000 0.408 -0.483 -0.086
6454309.000 1727225.000 0.532 -0.573 -0.091
6454334.000 1727225.000 0.557 -0.507 -0.087
6454384.000 1727225.000 0.161 -0.780 -0.086
6454459.000 1727225.000 0.523 -0.468 -0.097
6454434.000 1727225.000 0.619 -0.463 -0.073
6454359.000 1727225.000 0.015 -0.597 -0.121
6454409.000 1727225.000 0.253 -0.705 -0.074
6454484.000 1727225.000 0.506 -0.449 -0.088
6451559.000 1727250.000 0.202 -0.635 -0.074
6454509.000 1727225.000 0.326 -0.387 -0.090
6451709.000 1727250.000 0.290 -0.610 -0.054
6451584.000 1727250.000 0.154 -0.656 -0.070
6454534.000 1727225.000 0.236 -0.249 -0.089
6451734.000 1727250.000 0.287 -0.575 -0.054
6451609.000 1727250.000 0.275 -0.612 -0.060
6451684.000 1727250.000 0.318 -0.595 -0.050
6451659.000 1727250.000 0.289 -0.571 -0.053
6451759.000 1727250.000 0.240 -0.507 -0.038
6451634.000 1727250.000 0.289 -0.570 -0.057
6451784.000 1727250.000 0.304 -0.403 -0.042
6451809.000 1727250.000 0.477 -0.424 -0.051
6451834.000 1727250.000 0.492 -0.310 -0.069
6451859.000 1727250.000 0.372 -0.374 -0.052
6451934.000 1727250.000 0.378 -0.445 -0.076
6451909.000 1727250.000 0.333 -0.426 -0.073
6451884.000 1727250.000 0.392 -0.444 -0.066
6451959.000 1727250.000 0.438 -0.473 -0.075
6452034.000 1727250.000 0.220 -0.467 -0.084
6452134.000 1727250.000 0.439 -0.465 -0.125
6452184.000 1727250.000 0.032 -0.228 -0.104
6452009.000 1727250.000 0.136 -0.569 -0.079
6451984.000 1727250.000 0.203 -0.595 -0.080
6452209.000 1727250.000 0.142 -0.342 -0.104
6452259.000 1727250.000 0.328 -0.312 -0.097
6452234.000 1727250.000 0.292 -0.342 -0.102
6452059.000 1727250.000 0.371 -0.495 -0.085
6452109.000 1727250.000 0.480 -0.471 -0.089
6452084.000 1727250.000 0.430 -0.454 -0.085
6452284.000 1727250.000 0.384 -0.377 -0.093
6452159.000 1727250.000 0.080 -0.220 -0.101
6452334.000 1727250.000 0.390 -0.369 -0.093
6452309.000 1727250.000 0.409 -0.391 -0.090
6452359.000 1727250.000 0.360 -0.357 -0.107
6452384.000 1727250.000 0.348 -0.400 -0.122
6452409.000 1727250.000 0.305 -0.351 -0.114
6452434.000 1727250.000 0.305 -0.355 -0.113
6452534.000 1727250.000 0.248 -0.432 -0.098
6452509.000 1727250.000 0.344 -0.416 -0.100
6452559.000 1727250.000 0.354 -0.425 -0.091
6452659.000 1727250.000 0.347 -0.283 -0.051
6452759.000 1727250.000 0.252 -0.305 -0.075
6452734.000 1727250.000 0.269 -0.332 -0.070
6452784.000 1727250.000 0.350 -0.340 -0.063
6452709.000 1727250.000 0.307 -0.320 -0.058
6452484.000 1727250.000 0.417 -0.419 -0.102
6452809.000 1727250.000 0.385 -0.375 -0.054
6452459.000 1727250.000 0.306 -0.362 -0.106
6452834.000 1727250.000 0.377 -0.394 -0.056
6452584.000 1727250.000 0.392 -0.389 -0.077
6452609.000 1727250.000 0.362 -0.367 -0.070
6452634.000 1727250.000 0.340 -0.331 -0.063
6452684.000 1727250.000 0.335 -0.263 -0.051
6452884.000 1727250.000 0.353 -0.380 -0.054
6452859.000 1727250.000 0.367 -0.405 -0.056
6452959.000 1727250.000 0.310 -0.324 -0.062
6452909.000 1727250.000 0.323 -0.359 -0.058
6453009.000 1727250.000 0.385 -0.278 -0.046
6452934.000 1727250.000 0.413 -0.381 -0.039
6452984.000 1727250.000 0.331 -0.315 -0.055
6453034.000 1727250.000 0.450 -0.421 -0.057
6453084.000 1727250.000 0.519 -0.439 -0.045
6453134.000 1727250.000 0.523 -0.346 -0.043
6453309.000 1727250.000 0.457 -0.419 -0.074
6453359.000 1727250.000 0.411 -0.453 -0.108
6453059.000 1727250.000 0.466 -0.433 -0.053
6453109.000 1727250.000 0.528 -0.361 -0.043
6453159.000 1727250.000 0.487 -0.385 -0.037
6453459.000 1727250.000 0.402 -0.496 -0.108
6453484.000 1727250.000 0.405 -0.463 -0.105
6453284.000 1727250.000 0.407 -0.550 -0.085
6453184.000 1727250.000 0.485 -0.403 -0.033
6453259.000 1727250.000 0.160 -0.233 -0.048
6453209.000 1727250.000 0.447 -0.381 -0.031
6453409.000 1727250.000 0.442 -0.432 -0.096
6453384.000 1727250.000 0.450 -0.480 -0.101
6453334.000 1727250.000 0.390 -0.345 -0.071
6453434.000 1727250.000 0.489 -0.448 -0.100
6453234.000 1727250.000 0.223 -0.282 -0.036
6453509.000 1727250.000 0.462 -0.469 -0.110
6453534.000 1727250.000 0.367 -0.287 -0.108
6453634.000 1727250.000 0.375 -0.402 -0.088
6453659.000 1727250.000 0.442 -0.372 -0.090
6453734.000 1727250.000 0.489 -0.406 -0.086
6453684.000 1727250.000 0.472 -0.354 -0.086
6453784.000 1727250.000 0.550 -0.396 -0.094
6453809.000 1727250.000 0.540 -0.398 -0.095
6453909.000 1727250.000 0.494 -0.583 -0.107
6453934.000 1727250.000 0.546 -0.673 -0.102
6453834.000 1727250.000 0.208 -0.232 -0.095
6453859.000 1727250.000 0.369 -0.249 -0.099
6453984.000 1727250.000 0.620 -0.496 -0.090
6453959.000 1727250.000 0.620 -0.605 -0.087
6453559.000 1727250.000 0.349 -0.148 -0.102
6453609.000 1727250.000 0.384 -0.478 -0.083
6453584.000 1727250.000 0.479 -0.463 -0.085
6454134.000 1727250.000 0.621 -0.474 -0.080
6453759.000 1727250.000 0.486 -0.391 -0.091
6454109.000 1727250.000 0.525 -0.495 -0.083
6454059.000 1727250.000 0.501 -0.497 -0.074
6453709.000 1727250.000 0.472 -0.363 -0.080
6454034.000 1727250.000 0.490 -0.490 -0.080
6454234.000 1727250.000 0.642 -0.528 -0.089
6454209.000 1727250.000 0.688 -0.570 -0.086
6454009.000 1727250.000 0.557 -0.428 -0.087
6453884.000 1727250.000 0.424 -0.369 -0.107
6454084.000 1727250.000 0.499 -0.497 -0.082
6454184.000 1727250.000 0.659 -0.579 -0.084
6454159.000 1727250.000 0.451 -0.590 -0.080
6454334.000 1727250.000 0.704 -0.564 -0.082
6454384.000 1727250.000 0.763 -0.500 -0.080
6454484.000 1727250.000 0.452 -0.396 -0.088
6454509.000 1727250.000 0.459 -0.482 -0.086
6454459.000 1727250.000 0.556 -0.489 -0.096
6454409.000 1727250.000 0.643 -0.478 -0.080
6454534.000 1727250.000 0.262 -0.585 -0.088
6454309.000 1727250.000 0.568 -0.535 -0.087
6454259.000 1727250.000 0.547 -0.481 -0.091
6454284.000 1727250.000 0.551 -0.518 -0.089
6454434.000 1727250.000 0.605 -0.519 -0.099
6454359.000 1727250.000 0.727 -0.564 -0.083
6451684.000 1727275.000 0.341 -0.578 -0.048
6451659.000 1727275.000 0.321 -0.540 -0.051
6451809.000 1727275.000 0.651 -0.588 -0.059
6451834.000 1727275.000 0.479 -0.348 -0.060
6451609.000 1727275.000 0.291 -0.590 -0.058
6451634.000 1727275.000 0.270 -0.486 -0.054
6451759.000 1727275.000 0.249 -0.468 -0.036
6451784.000 1727275.000 0.617 -0.568 -0.063
6451909.000 1727275.000 0.352 -0.572 -0.079
6451584.000 1727275.000 0.153 -0.675 -0.076
6451934.000 1727275.000 0.270 -0.528 -0.077
6451734.000 1727275.000 0.231 -0.458 -0.029
6451559.000 1727275.000 0.272 -0.673 -0.091
6451709.000 1727275.000 0.289 -0.565 -0.044
6451859.000 1727275.000 0.333 -0.334 -0.051
6451959.000 1727275.000 0.393 -0.571 -0.077
6451884.000 1727275.000 0.423 -0.434 -0.072
6451984.000 1727275.000 0.369 -0.525 -0.083
6452034.000 1727275.000 0.396 -0.483 -0.073
6452009.000 1727275.000 0.386 -0.522 -0.083
6452059.000 1727275.000 0.345 -0.437 -0.068
6452084.000 1727275.000 0.415 -0.442 -0.087
6452109.000 1727275.000 0.400 -0.448 -0.092
6452134.000 1727275.000 0.367 -0.485 -0.111
6452159.000 1727275.000 0.102 -0.330 -0.110
6452334.000 1727275.000 0.388 -0.470 -0.100
6452209.000 1727275.000 0.024 -0.255 -0.103
6452384.000 1727275.000 0.314 -0.275 -0.088
6452234.000 1727275.000 0.166 -0.369 -0.103
6452434.000 1727275.000 0.329 -0.343 -0.097
6452409.000 1727275.000 0.309 -0.325 -0.096
6452184.000 1727275.000 0.007 -0.245 -0.105
6452259.000 1727275.000 0.341 -0.386 -0.092
6452309.000 1727275.000 0.365 -0.461 -0.097
6452284.000 1727275.000 0.372 -0.510 -0.097
6452359.000 1727275.000 0.365 -0.397 -0.095
6452459.000 1727275.000 0.329 -0.356 -0.104
6452584.000 1727275.000 0.409 -0.382 -0.066
6452484.000 1727275.000 0.380 -0.349 -0.100
6452509.000 1727275.000 0.247 -0.398 -0.096
6452534.000 1727275.000 0.245 -0.375 -0.088
6452684.000 1727275.000 0.340 -0.394 -0.047
6452634.000 1727275.000 0.305 -0.392 -0.056
6452709.000 1727275.000 0.328 -0.462 -0.057
6452559.000 1727275.000 0.385 -0.440 -0.074
6452609.000 1727275.000 0.312 -0.359 -0.064
6452659.000 1727275.000 0.361 -0.400 -0.043
6452759.000 1727275.000 0.351 -0.413 -0.066
6452734.000 1727275.000 0.318 -0.475 -0.066
6452834.000 1727275.000 0.371 -0.450 -0.063
6452809.000 1727275.000 0.366 -0.433 -0.064
6452784.000 1727275.000 0.359 -0.412 -0.066
6452884.000 1727275.000 0.349 -0.496 -0.065
6452984.000 1727275.000 0.393 -0.440 -0.059
6453034.000 1727275.000 0.511 -0.433 -0.070
6453009.000 1727275.000 0.461 -0.407 -0.053
6452859.000 1727275.000 0.369 -0.458 -0.060
6452909.000 1727275.000 0.340 -0.441 -0.061
6452934.000 1727275.000 0.458 -0.470 -0.037
6452959.000 1727275.000 0.385 -0.442 -0.058
6453259.000 1727275.000 -0.017 -0.178 -0.052
6453059.000 1727275.000 0.472 -0.336 -0.064
6453084.000 1727275.000 0.429 -0.316 -0.057
6453284.000 1727275.000 0.435 -0.582 -0.093
6453309.000 1727275.000 0.400 -0.452 -0.087
6453334.000 1727275.000 0.368 -0.411 -0.101
6453159.000 1727275.000 0.492 -0.357 -0.053
6453109.000 1727275.000 0.467 -0.302 -0.055
6453134.000 1727275.000 0.550 -0.347 -0.054
6453184.000 1727275.000 0.489 -0.380 -0.043
6453209.000 1727275.000 0.480 -0.411 -0.037
6453234.000 1727275.000 0.051 -0.233 -0.042
6453459.000 1727275.000 0.344 -0.465 -0.102
6453359.000 1727275.000 0.420 -0.445 -0.109
6453534.000 1727275.000 0.404 -0.472 -0.116
6453559.000 1727275.000 0.405 -0.487 -0.118
6453384.000 1727275.000 0.433 -0.501 -0.111
6453584.000 1727275.000 0.359 -0.370 -0.116
6453409.000 1727275.000 0.464 -0.514 -0.108
6453434.000 1727275.000 0.463 -0.412 -0.103
6453484.000 1727275.000 0.361 -0.439 -0.106
6453509.000 1727275.000 0.400 -0.483 -0.112
6453609.000 1727275.000 -0.050 -0.168 -0.111
6453759.000 1727275.000 0.416 -0.464 -0.093
6453634.000 1727275.000 0.115 -0.306 -0.086
6453709.000 1727275.000 0.466 -0.330 -0.079
6453684.000 1727275.000 0.476 -0.348 -0.087
6453659.000 1727275.000 0.355 -0.445 -0.086
6453734.000 1727275.000 0.498 -0.409 -0.081
6453809.000 1727275.000 0.445 -0.376 -0.087
6453834.000 1727275.000 0.353 -0.259 -0.089
6453884.000 1727275.000 0.194 -0.179 -0.094
6453784.000 1727275.000 0.471 -0.419 -0.098
6453859.000 1727275.000 0.301 -0.194 -0.093
6453909.000 1727275.000 0.422 -0.486 -0.094
6453934.000 1727275.000 0.550 -0.558 -0.090
6454034.000 1727275.000 0.504 -0.494 -0.084
6453959.000 1727275.000 0.616 -0.578 -0.083
6454184.000 1727275.000 0.540 -0.470 -0.081
6454234.000 1727275.000 0.659 -0.642 -0.090
6454209.000 1727275.000 0.613 -0.492 -0.087
6453984.000 1727275.000 0.410 -0.682 -0.091
6454009.000 1727275.000 0.389 -0.502 -0.091
6454059.000 1727275.000 0.506 -0.499 -0.083
6454084.000 1727275.000 0.441 -0.457 -0.090
6454159.000 1727275.000 0.501 -0.536 -0.077
6454109.000 1727275.000 0.453 -0.459 -0.084
6454134.000 1727275.000 0.633 -0.568 -0.080
6454359.000 1727275.000 0.572 -0.493 -0.089
6454259.000 1727275.000 0.565 -0.518 -0.090
6454284.000 1727275.000 0.543 -0.481 -0.088
6454459.000 1727275.000 0.506 -0.432 -0.092
6454409.000 1727275.000 0.542 -0.496 -0.090
6454434.000 1727275.000 0.508 -0.441 -0.094
6454309.000 1727275.000 0.576 -0.478 -0.085
6454334.000 1727275.000 0.631 -0.529 -0.085
6454384.000 1727275.000 0.621 -0.575 -0.088
6454484.000 1727275.000 0.447 -0.270 -0.086
6454509.000 1727275.000 0.549 -0.482 -0.085
6451659.000 1727300.000 0.291 -0.546 -0.053
6451559.000 1727300.000 0.215 -0.637 -0.097
6454534.000 1727275.000 0.455 -0.607 -0.084
6451634.000 1727300.000 0.248 -0.545 -0.057
6451609.000 1727300.000 0.294 -0.611 -0.064
6451584.000 1727300.000 0.128 -0.631 -0.080
6451784.000 1727300.000 0.533 -0.274 -0.082
6451759.000 1727300.000 0.245 -0.508 -0.023
6451734.000 1727300.000 0.353 -0.500 -0.035
6451709.000 1727300.000 0.306 -0.532 -0.040
6451684.000 1727300.000 0.361 -0.554 -0.050
6451834.000 1727300.000 0.227 -0.383 -0.028
6451809.000 1727300.000 0.281 -0.488 -0.032
6451859.000 1727300.000 0.251 -0.379 -0.042
6451884.000 1727300.000 0.415 -0.557 -0.075
6451934.000 1727300.000 0.137 -0.545 -0.076
6452084.000 1727300.000 0.394 -0.304 -0.070
6451909.000 1727300.000 0.285 -0.592 -0.082
6452134.000 1727300.000 0.310 -0.508 -0.117
6452109.000 1727300.000 0.361 -0.362 -0.089
6451959.000 1727300.000 0.185 -0.419 -0.086
6451984.000 1727300.000 0.498 -0.456 -0.085
6452059.000 1727300.000 0.492 -0.470 -0.050
6452034.000 1727300.000 0.465 -0.476 -0.066
6452159.000 1727300.000 0.201 -0.374 -0.107
6452009.000 1727300.000 0.394 -0.559 -0.089
6452184.000 1727300.000 0.019 -0.263 -0.103
6452209.000 1727300.000 -0.029 -0.232 -0.100
6452234.000 1727300.000 0.206 -0.420 -0.101
6452309.000 1727300.000 0.366 -0.474 -0.096
6452259.000 1727300.000 0.346 -0.505 -0.095
6452284.000 1727300.000 0.368 -0.518 -0.099
6452409.000 1727300.000 0.323 -0.394 -0.089
6452334.000 1727300.000 0.358 -0.427 -0.083
6452384.000 1727300.000 0.346 -0.272 -0.076
6452359.000 1727300.000 0.310 -0.336 -0.079
6452659.000 1727300.000 0.276 -0.392 -0.050
6452534.000 1727300.000 0.122 -0.373 -0.088
6452584.000 1727300.000 0.322 -0.467 -0.063
6452734.000 1727300.000 0.350 -0.479 -0.068
6452434.000 1727300.000 0.293 -0.464 -0.090
6452634.000 1727300.000 0.229 -0.429 -0.055
6452784.000 1727300.000 0.325 -0.559 -0.097
6452609.000 1727300.000 0.361 -0.472 -0.053
6452759.000 1727300.000 0.362 -0.532 -0.082
6452684.000 1727300.000 0.294 -0.381 -0.054
6452559.000 1727300.000 0.245 -0.422 -0.076
6452459.000 1727300.000 0.282 -0.623 -0.098
6452509.000 1727300.000 0.196 -0.538 -0.085
6452484.000 1727300.000 0.274 -0.503 -0.098
6452709.000 1727300.000 0.308 -0.441 -0.063
6452834.000 1727300.000 0.349 -0.534 -0.076
6452909.000 1727300.000 0.330 -0.518 -0.073
6452859.000 1727300.000 0.342 -0.552 -0.075
6453034.000 1727300.000 0.166 -0.109 -0.081
6452984.000 1727300.000 0.448 -0.490 -0.052
6452809.000 1727300.000 0.353 -0.520 -0.079
6452884.000 1727300.000 0.293 -0.588 -0.085
6452959.000 1727300.000 0.380 -0.486 -0.066
6453009.000 1727300.000 0.450 -0.433 -0.062
6452934.000 1727300.000 0.422 -0.556 -0.061
6453059.000 1727300.000 0.476 -0.409 -0.069
6453184.000 1727300.000 0.481 -0.484 -0.049
6453209.000 1727300.000 0.496 -0.434 -0.030
6453134.000 1727300.000 0.587 -0.462 -0.057
6453084.000 1727300.000 0.503 -0.442 -0.063
6453109.000 1727300.000 0.495 -0.430 -0.057
6453159.000 1727300.000 0.491 -0.432 -0.064
6453234.000 1727300.000 0.200 -0.320 -0.031
6453309.000 1727300.000 0.378 -0.529 -0.098
6453284.000 1727300.000 0.375 -0.566 -0.095
6453359.000 1727300.000 0.365 -0.334 -0.096
6453509.000 1727300.000 0.288 -0.436 -0.098
6453409.000 1727300.000 0.466 -0.537 -0.091
6453259.000 1727300.000 0.070 -0.229 -0.049
6453384.000 1727300.000 0.246 -0.321 -0.097
6453634.000 1727300.000 0.018 -0.182 -0.098
6453684.000 1727300.000 0.419 -0.260 -0.079
6453659.000 1727300.000 -0.007 -0.051 -0.102
6453334.000 1727300.000 0.347 -0.430 -0.095
6453459.000 1727300.000 0.324 -0.561 -0.091
6453484.000 1727300.000 0.322 -0.477 -0.096
6453434.000 1727300.000 0.333 -0.654 -0.088
6453734.000 1727300.000 0.432 -0.373 -0.076
6453534.000 1727300.000 0.307 -0.449 -0.101
6453559.000 1727300.000 0.451 -0.485 -0.108
6453584.000 1727300.000 0.053 -0.251 -0.111
6453609.000 1727300.000 -0.015 -0.152 -0.105
6453834.000 1727300.000 0.356 -0.335 -0.081
6453859.000 1727300.000 0.295 -0.306 -0.082
6453884.000 1727300.000 0.252 -0.295 -0.083
6453709.000 1727300.000 0.472 -0.304 -0.078
6453759.000 1727300.000 0.401 -0.500 -0.086
6453784.000 1727300.000 0.466 -0.428 -0.086
6453809.000 1727300.000 0.445 -0.415 -0.081
6454009.000 1727300.000 0.378 -0.614 -0.088
6453934.000 1727300.000 0.527 -0.416 -0.075
6453959.000 1727300.000 0.368 -0.542 -0.076
6454134.000 1727300.000 0.629 -0.522 -0.073
6454184.000 1727300.000 0.397 -0.470 -0.073
6454159.000 1727300.000 0.399 -0.493 -0.071
6453909.000 1727300.000 0.355 -0.354 -0.080
6453984.000 1727300.000 0.396 -0.644 -0.084
6454309.000 1727300.000 0.337 -0.590 -0.063
6454209.000 1727300.000 0.477 -0.497 -0.077
6454034.000 1727300.000 0.370 -0.519 -0.089
6454084.000 1727300.000 0.423 -0.293 -0.075
6454059.000 1727300.000 0.344 -0.363 -0.074
6454109.000 1727300.000 0.481 -0.535 -0.078
6454234.000 1727300.000 0.614 -0.675 -0.081
6454259.000 1727300.000 0.256 -0.491 -0.079
6454284.000 1727300.000 0.381 -0.597 -0.064
6454384.000 1727300.000 0.429 -0.567 -0.082
6454409.000 1727300.000 0.512 -0.546 -0.080
6454434.000 1727300.000 0.543 -0.531 -0.083
6454359.000 1727300.000 0.385 -0.523 -0.083
6454334.000 1727300.000 0.392 -0.580 -0.073
6454459.000 1727300.000 0.527 -0.547 -0.088
6454484.000 1727300.000 0.326 0.031 -0.081
6454509.000 1727300.000 0.345 -0.422 -0.070
6454534.000 1727300.000 0.409 -0.483 -0.078
6451559.000 1727325.000 0.131 -0.677 -0.095
6451709.000 1727325.000 0.267 -0.568 -0.031
6451634.000 1727325.000 0.200 -0.666 -0.062
6451609.000 1727325.000 0.236 -0.708 -0.076
6451734.000 1727325.000 0.290 -0.547 -0.024
6451784.000 1727325.000 0.353 -0.479 -0.034
6451759.000 1727325.000 0.257 -0.560 -0.021
6451859.000 1727325.000 0.136 -0.516 -0.034
6451909.000 1727325.000 0.286 -0.705 -0.081
6451934.000 1727325.000 0.302 -0.726 -0.094
6451884.000 1727325.000 0.165 -0.602 -0.048
6451659.000 1727325.000 0.241 -0.595 -0.055
6451684.000 1727325.000 0.319 -0.543 -0.050
6451584.000 1727325.000 0.126 -0.667 -0.088
6451834.000 1727325.000 0.231 -0.453 -0.032
6451809.000 1727325.000 0.266 -0.460 -0.035
6452034.000 1727325.000 0.386 -0.568 -0.095
6452009.000 1727325.000 0.530 -0.787 -0.117
6452109.000 1727325.000 0.304 -0.375 -0.100
6451959.000 1727325.000 0.208 -0.706 -0.079
6452159.000 1727325.000 0.342 -0.322 -0.102
6452059.000 1727325.000 0.401 -0.524 -0.089
6452184.000 1727325.000 0.113 -0.302 -0.102
6451984.000 1727325.000 0.004 -0.429 -0.069
6452134.000 1727325.000 0.311 -0.482 -0.121
6452084.000 1727325.000 0.724 0.095 -0.095
6452234.000 1727325.000 0.098 -0.324 -0.100
6452259.000 1727325.000 0.290 -0.487 -0.104
6452209.000 1727325.000 -0.028 -0.255 -0.096
6452309.000 1727325.000 0.372 -0.503 -0.094
6452284.000 1727325.000 0.317 -0.488 -0.104
6452334.000 1727325.000 0.348 -0.495 -0.084
6452359.000 1727325.000 0.318 -0.456 -0.081
6452384.000 1727325.000 0.058 -0.648 -0.084
6452409.000 1727325.000 0.166 -0.679 -0.095
6452434.000 1727325.000 0.202 -0.644 -0.098
6452459.000 1727325.000 0.241 -0.586 -0.103
6452484.000 1727325.000 0.332 -0.519 -0.103
6452509.000 1727325.000 0.377 -0.603 -0.089
6452584.000 1727325.000 0.267 -0.448 -0.072
6452534.000 1727325.000 0.218 -0.489 -0.089
6452559.000 1727325.000 0.275 -0.466 -0.078
6452609.000 1727325.000 0.276 -0.445 -0.067
6452684.000 1727325.000 0.307 -0.489 -0.079
6452634.000 1727325.000 0.218 -0.438 -0.069
6452659.000 1727325.000 0.247 -0.470 -0.082
6452709.000 1727325.000 0.313 -0.467 -0.073
6452734.000 1727325.000 0.335 -0.458 -0.068
6452784.000 1727325.000 0.257 -0.533 -0.111
6452759.000 1727325.000 0.333 -0.524 -0.083
6452834.000 1727325.000 0.300 -0.595 -0.091
6452809.000 1727325.000 0.333 -0.567 -0.086
6453034.000 1727325.000 0.384 -0.444 -0.071
6453009.000 1727325.000 0.284 -0.443 -0.074
6453059.000 1727325.000 0.461 -0.459 -0.068
6452959.000 1727325.000 0.362 -0.483 -0.072
6452884.000 1727325.000 0.303 -0.596 -0.086
6452859.000 1727325.000 0.323 -0.586 -0.083
6452984.000 1727325.000 0.390 -0.489 -0.067
6452909.000 1727325.000 0.324 -0.565 -0.084
6453134.000 1727325.000 0.409 -0.535 -0.056
6452934.000 1727325.000 0.371 -0.560 -0.076
6453109.000 1727325.000 0.503 -0.555 -0.058
6453084.000 1727325.000 0.451 -0.531 -0.062
6453259.000 1727325.000 0.409 -0.510 -0.039
6453284.000 1727325.000 0.375 -0.534 -0.087
6453309.000 1727325.000 0.342 -0.517 -0.098
6453159.000 1727325.000 0.506 -0.462 -0.058
6453459.000 1727325.000 0.315 -0.538 -0.085
6453184.000 1727325.000 0.419 -0.513 -0.067
6453209.000 1727325.000 0.439 -0.490 -0.038
6453234.000 1727325.000 0.430 -0.494 -0.036
6453334.000 1727325.000 0.322 -0.507 -0.094
6453384.000 1727325.000 0.406 -0.380 -0.094
6453359.000 1727325.000 0.212 -0.271 -0.093
6453434.000 1727325.000 0.274 -0.535 -0.083
6453409.000 1727325.000 0.344 -0.497 -0.088
6453484.000 1727325.000 0.292 -0.468 -0.086
6453509.000 1727325.000 0.286 -0.448 -0.088
6453534.000 1727325.000 0.307 -0.452 -0.090
6453584.000 1727325.000 0.131 -0.322 -0.102
6453559.000 1727325.000 0.338 -0.402 -0.094
6453609.000 1727325.000 0.022 -0.192 -0.104
6453659.000 1727325.000 0.149 -0.222 -0.111
6453684.000 1727325.000 0.358 -0.332 -0.097
6453634.000 1727325.000 0.025 -0.164 -0.106
6453709.000 1727325.000 0.425 -0.401 -0.079
6453809.000 1727325.000 0.391 -0.392 -0.079
6453759.000 1727325.000 0.447 -0.458 -0.078
6453734.000 1727325.000 0.392 -0.422 -0.076
6453834.000 1727325.000 0.362 -0.352 -0.080
6453859.000 1727325.000 0.353 -0.381 -0.079
6453784.000 1727325.000 0.405 -0.422 -0.079
6453884.000 1727325.000 0.166 -0.240 -0.075
6453909.000 1727325.000 0.115 -0.243 -0.074
6453934.000 1727325.000 0.360 -0.384 -0.077
6453959.000 1727325.000 0.391 -0.440 -0.077
6453984.000 1727325.000 0.394 -0.337 -0.073
6454034.000 1727325.000 0.449 -0.623 -0.072
6454009.000 1727325.000 0.407 -0.587 -0.071
6454059.000 1727325.000 0.351 -0.528 -0.072
6454084.000 1727325.000 0.482 -0.498 -0.069
6454109.000 1727325.000 0.432 -0.499 -0.068
6454184.000 1727325.000 0.360 -0.474 -0.070
6454134.000 1727325.000 0.408 -0.489 -0.070
6454159.000 1727325.000 0.360 -0.491 -0.070
6454259.000 1727325.000 0.305 -0.531 -0.069
6454234.000 1727325.000 0.236 -0.448 -0.071
6454209.000 1727325.000 0.374 -0.481 -0.070
6454284.000 1727325.000 0.373 -0.609 -0.062
6454334.000 1727325.000 0.405 -0.550 -0.071
6454309.000 1727325.000 0.332 -0.600 -0.065
6454359.000 1727325.000 0.363 -0.522 -0.071
6454409.000 1727325.000 0.399 -0.524 -0.074
6454384.000 1727325.000 0.326 -0.489 -0.073
6454434.000 1727325.000 0.413 -0.464 -0.076
6454534.000 1727325.000 0.413 -0.489 -0.074
6454459.000 1727325.000 0.409 -0.440 -0.078
6454484.000 1727325.000 0.493 -0.362 -0.074
6451559.000 1727350.000 0.115 -0.747 -0.097
6454509.000 1727325.000 0.417 -0.470 -0.071
6451609.000 1727350.000 0.193 -0.790 -0.091
6451584.000 1727350.000 0.166 -0.781 -0.096
6451659.000 1727350.000 0.169 -0.622 -0.073
6451634.000 1727350.000 0.140 -0.777 -0.091
6451734.000 1727350.000 0.261 -0.592 -0.028
6451684.000 1727350.000 0.207 -0.575 -0.044
6451709.000 1727350.000 0.227 -0.611 -0.035
6451784.000 1727350.000 0.296 -0.583 -0.030
6451759.000 1727350.000 0.266 -0.606 -0.028
6451834.000 1727350.000 0.252 -0.547 -0.035
6451809.000 1727350.000 0.280 -0.582 -0.035
6451884.000 1727350.000 0.266 -0.576 -0.042
6451859.000 1727350.000 0.375 -0.560 -0.043
6451909.000 1727350.000 0.220 -0.611 -0.051
6452009.000 1727350.000 0.440 -0.625 -0.099
6451934.000 1727350.000 0.254 -0.708 -0.077
6451959.000 1727350.000 0.258 -0.764 -0.095
6451984.000 1727350.000 0.275 -0.757 -0.107
6452159.000 1727350.000 0.317 -0.412 -0.156
6452184.000 1727350.000 0.387 -0.493 -0.112
6452209.000 1727350.000 0.366 -0.537 -0.109
6452034.000 1727350.000 0.425 -0.591 -0.094
6452059.000 1727350.000 0.405 -0.575 -0.100
6452234.000 1727350.000 0.311 -0.515 -0.108
6452109.000 1727350.000 0.346 -0.495 -0.154
6452134.000 1727350.000 0.068 -0.729 -0.214
6452084.000 1727350.000 0.390 -0.195 -0.110
6452259.000 1727350.000 0.291 -0.498 -0.122
6452459.000 1727350.000 0.239 -0.575 -0.106
6452434.000 1727350.000 0.200 -0.652 -0.100
6452284.000 1727350.000 0.279 -0.468 -0.114
6452334.000 1727350.000 0.172 -0.663 -0.103
6452484.000 1727350.000 0.290 -0.579 -0.105
6452359.000 1727350.000 0.201 -0.685 -0.106
6452309.000 1727350.000 0.368 -0.524 -0.102
6452559.000 1727350.000 0.255 -0.481 -0.105
6452384.000 1727350.000 0.224 -0.561 -0.102
6452409.000 1727350.000 0.206 -0.638 -0.101
6452609.000 1727350.000 0.214 -0.491 -0.140
6452509.000 1727350.000 0.395 -0.608 -0.097
6452534.000 1727350.000 0.315 -0.537 -0.102
6452584.000 1727350.000 0.240 -0.470 -0.111
6452634.000 1727350.000 0.276 -0.470 -0.130
6452684.000 1727350.000 0.332 -0.509 -0.094
6452709.000 1727350.000 0.366 -0.494 -0.083
6452784.000 1727350.000 0.177 -0.505 -0.135
6452859.000 1727350.000 0.304 -0.562 -0.086
6452659.000 1727350.000 0.256 -0.483 -0.124
6452759.000 1727350.000 0.303 -0.603 -0.116
6452834.000 1727350.000 0.253 -0.566 -0.097
6452809.000 1727350.000 0.330 -0.521 -0.084
6452734.000 1727350.000 0.330 -0.547 -0.098
6452884.000 1727350.000 0.275 -0.577 -0.090
6452909.000 1727350.000 0.315 -0.568 -0.086
6452934.000 1727350.000 0.325 -0.508 -0.083
6452959.000 1727350.000 0.345 -0.472 -0.078
6452984.000 1727350.000 0.345 -0.446 -0.078
6453034.000 1727350.000 0.387 -0.439 -0.075
6453009.000 1727350.000 0.384 -0.467 -0.075
6453059.000 1727350.000 0.442 -0.507 -0.072
6453109.000 1727350.000 0.473 -0.497 -0.063
6453084.000 1727350.000 0.480 -0.546 -0.069
6453134.000 1727350.000 0.492 -0.316 -0.059
6453159.000 1727350.000 0.624 -0.532 -0.071
6453259.000 1727350.000 0.383 -0.536 -0.076
6453209.000 1727350.000 0.413 -0.521 -0.065
6453234.000 1727350.000 0.446 -0.508 -0.049
6453184.000 1727350.000 0.432 -0.506 -0.055
6453284.000 1727350.000 0.330 -0.537 -0.106
6453309.000 1727350.000 0.295 -0.468 -0.099
6453334.000 1727350.000 0.250 -0.467 -0.097
6453409.000 1727350.000 0.343 -0.507 -0.090
6453384.000 1727350.000 0.412 -0.449 -0.099
6453359.000 1727350.000 0.296 -0.452 -0.099
6453434.000 1727350.000 0.312 -0.512 -0.087
6453459.000 1727350.000 0.316 -0.496 -0.087
6453484.000 1727350.000 0.303 -0.518 -0.087
6453509.000 1727350.000 0.280 -0.508 -0.089
6453534.000 1727350.000 0.330 -0.496 -0.088
6453634.000 1727350.000 0.311 -0.446 -0.117
6453559.000 1727350.000 0.362 -0.504 -0.091
6453684.000 1727350.000 0.287 -0.393 -0.114
6453659.000 1727350.000 0.342 -0.399 -0.112
6453609.000 1727350.000 0.288 -0.483 -0.107
6453584.000 1727350.000 0.319 -0.505 -0.099
6453734.000 1727350.000 0.228 -0.392 -0.087
6453709.000 1727350.000 0.272 -0.425 -0.108
6453759.000 1727350.000 0.299 -0.366 -0.068
6453784.000 1727350.000 0.406 -0.458 -0.078
6453809.000 1727350.000 0.409 -0.517 -0.081
6453834.000 1727350.000 0.312 -0.314 -0.081
6453859.000 1727350.000 0.195 -0.131 -0.075
6453884.000 1727350.000 0.180 -0.005 -0.073
6453909.000 1727350.000 0.274 -0.008 -0.072
6453934.000 1727350.000 0.386 -0.076 -0.069
6453959.000 1727350.000 0.389 -0.327 -0.072
6454059.000 1727350.000 0.360 -0.550 -0.072
6453984.000 1727350.000 0.466 -0.585 -0.072
6454084.000 1727350.000 0.398 -0.479 -0.070
6454009.000 1727350.000 0.410 -0.609 -0.067
6454034.000 1727350.000 0.363 -0.601 -0.071
6454134.000 1727350.000 0.363 -0.508 -0.071
6454259.000 1727350.000 0.364 -0.605 -0.069
6454159.000 1727350.000 0.285 -0.431 -0.070
6454109.000 1727350.000 0.370 -0.547 -0.068
6454209.000 1727350.000 0.299 -0.568 -0.074
6454184.000 1727350.000 0.265 -0.411 -0.069
6454234.000 1727350.000 0.236 -0.578 -0.077
6454309.000 1727350.000 0.350 -0.558 -0.075
6454284.000 1727350.000 0.350 -0.583 -0.068
6454334.000 1727350.000 0.410 -0.535 -0.073
6454359.000 1727350.000 0.356 -0.523 -0.069
6454384.000 1727350.000 0.341 -0.529 -0.077
6454409.000 1727350.000 0.398 -0.561 -0.076
6454434.000 1727350.000 0.348 -0.314 -0.073
6454459.000 1727350.000 0.301 -0.177 -0.078
6454484.000 1727350.000 0.502 -0.413 -0.078
6454509.000 1727350.000 0.450 -0.457 -0.075
6454534.000 1727350.000 0.449 -0.461 -0.077
6451734.000 1727375.000 0.260 -0.746 -0.088
6451709.000 1727375.000 0.276 -0.760 -0.112
6451584.000 1727375.000 0.174 -0.845 -0.108
6451809.000 1727375.000 0.265 -0.627 -0.041
6451659.000 1727375.000 0.157 -0.731 -0.096
6451559.000 1727375.000 0.150 -0.795 -0.102
6451859.000 1727375.000 0.289 -0.665 -0.049
6451884.000 1727375.000 0.274 -0.638 -0.051
6451684.000 1727375.000 0.223 -0.709 -0.098
6451834.000 1727375.000 0.242 -0.546 -0.048
6451784.000 1727375.000 0.251 -0.672 -0.037
6451759.000 1727375.000 0.221 -0.704 -0.043
6451634.000 1727375.000 0.147 -0.793 -0.100
6451609.000 1727375.000 0.188 -0.864 -0.111
6451934.000 1727375.000 0.244 -0.729 -0.084
6451909.000 1727375.000 0.272 -0.716 -0.078
6451984.000 1727375.000 0.366 -0.713 -0.100
6451959.000 1727375.000 0.287 -0.733 -0.085
6452034.000 1727375.000 0.497 -0.616 -0.097
6452009.000 1727375.000 0.459 -0.598 -0.090
6452059.000 1727375.000 0.425 -0.670 -0.112
6452184.000 1727375.000 0.306 -0.537 -0.144
6452109.000 1727375.000 0.195 -0.733 -0.132
6452084.000 1727375.000 0.248 -0.522 -0.127
6452159.000 1727375.000 0.350 -0.495 -0.194
6452134.000 1727375.000 0.375 -0.534 -0.177
6452259.000 1727375.000 0.293 -0.480 -0.119
6452209.000 1727375.000 0.267 -0.494 -0.150
6452234.000 1727375.000 0.289 -0.439 -0.122
6452309.000 1727375.000 0.288 -0.525 -0.113
6452334.000 1727375.000 0.220 -0.410 -0.111
6452284.000 1727375.000 0.365 -0.513 -0.116
6452409.000 1727375.000 0.256 -0.504 -0.120
6452459.000 1727375.000 0.263 -0.541 -0.109
6452484.000 1727375.000 0.260 -0.566 -0.115
6452559.000 1727375.000 0.271 -0.487 -0.111
6452434.000 1727375.000 0.190 -0.495 -0.119
6452359.000 1727375.000 0.288 -0.490 -0.107
6452384.000 1727375.000 0.285 -0.518 -0.112
6452584.000 1727375.000 0.274 -0.484 -0.116
6452534.000 1727375.000 0.253 -0.516 -0.103
6452509.000 1727375.000 0.291 -0.599 -0.119
6452759.000 1727375.000 0.332 -0.500 -0.084
6452834.000 1727375.000 0.197 -0.499 -0.103
6452784.000 1727375.000 0.316 -0.519 -0.119
6452809.000 1727375.000 0.345 -0.618 -0.115
6452609.000 1727375.000 0.244 -0.465 -0.129
6452859.000 1727375.000 0.294 -0.547 -0.086
6452634.000 1727375.000 0.275 -0.505 -0.169
6452659.000 1727375.000 0.263 -0.504 -0.148
6452734.000 1727375.000 0.295 -0.525 -0.093
6452684.000 1727375.000 0.281 -0.486 -0.120
6452909.000 1727375.000 0.350 -0.512 -0.076
6452884.000 1727375.000 0.326 -0.545 -0.083
6452959.000 1727375.000 0.319 -0.459 -0.087
6452934.000 1727375.000 0.335 -0.495 -0.081
6452709.000 1727375.000 0.314 -0.489 -0.108
6452984.000 1727375.000 0.236 -0.329 -0.086
6453009.000 1727375.000 0.332 -0.466 -0.079
6453059.000 1727375.000 0.304 -0.337 -0.075
6453034.000 1727375.000 0.337 -0.385 -0.075
6453084.000 1727375.000 0.473 -0.506 -0.071
6453134.000 1727375.000 0.378 -0.422 -0.057
6453309.000 1727375.000 0.255 -0.375 -0.103
6453284.000 1727375.000 0.263 -0.384 -0.098
6453259.000 1727375.000 0.390 -0.522 -0.093
6453334.000 1727375.000 0.326 -0.492 -0.102
6453384.000 1727375.000 0.340 -0.523 -0.092
6453109.000 1727375.000 0.435 -0.555 -0.066
6453159.000 1727375.000 0.266 -0.018 -0.006
6453234.000 1727375.000 0.409 -0.524 -0.082
6453184.000 1727375.000 0.428 -0.506 -0.053
6453209.000 1727375.000 0.379 -0.528 -0.096
6453359.000 1727375.000 0.381 -0.516 -0.097
6453409.000 1727375.000 0.343 -0.529 -0.090
6453434.000 1727375.000 0.333 -0.518 -0.089
6453484.000 1727375.000 0.321 -0.544 -0.088
6453459.000 1727375.000 0.347 -0.550 -0.088
6453509.000 1727375.000 0.243 -0.499 -0.091
6453559.000 1727375.000 0.361 -0.485 -0.096
6453534.000 1727375.000 0.424 -0.514 -0.092
6453584.000 1727375.000 0.410 -0.423 -0.101
6453634.000 1727375.000 0.387 -0.408 -0.103
6453609.000 1727375.000 0.343 -0.439 -0.102
6453659.000 1727375.000 0.340 -0.401 -0.110
6453684.000 1727375.000 0.347 -0.409 -0.114
6453809.000 1727375.000 0.348 -0.374 -0.080
6453834.000 1727375.000 0.244 -0.146 -0.078
6453884.000 1727375.000 0.200 -0.041 -0.075
6453859.000 1727375.000 0.237 -0.132 -0.076
6453709.000 1727375.000 0.331 -0.453 -0.112
6453734.000 1727375.000 0.367 -0.351 -0.068
6453759.000 1727375.000 0.398 -0.379 -0.068
6453784.000 1727375.000 0.395 -0.394 -0.075
6453909.000 1727375.000 0.188 -0.051 -0.074
6453959.000 1727375.000 0.239 -0.368 -0.073
6453984.000 1727375.000 0.285 -0.429 -0.060
6453934.000 1727375.000 0.166 -0.080 -0.070
6454009.000 1727375.000 0.279 -0.562 -0.069
6454034.000 1727375.000 0.304 -0.527 -0.069
6454109.000 1727375.000 0.339 -0.482 -0.070
6454159.000 1727375.000 0.314 -0.514 -0.072
6454134.000 1727375.000 0.347 -0.509 -0.072
6454184.000 1727375.000 0.315 -0.533 -0.070
6454059.000 1727375.000 0.232 -0.358 -0.070
6454084.000 1727375.000 0.333 -0.579 -0.069
6454209.000 1727375.000 0.269 -0.545 -0.071
6454234.000 1727375.000 0.260 -0.584 -0.073
6454259.000 1727375.000 0.379 -0.488 -0.074
6454309.000 1727375.000 0.390 -0.529 -0.075
6454284.000 1727375.000 0.410 -0.519 -0.074
6454334.000 1727375.000 0.389 -0.506 -0.078
6454434.000 1727375.000 0.085 0.006 -0.070
6454359.000 1727375.000 0.357 -0.500 -0.075
6454459.000 1727375.000 0.525 -0.475 -0.084
6454509.000 1727375.000 0.437 -0.464 -0.079
6454409.000 1727375.000 0.496 -0.531 -0.080
6454484.000 1727375.000 0.469 -0.461 -0.082
6454384.000 1727375.000 0.405 -0.605 -0.083
6454534.000 1727375.000 0.399 -0.437 -0.080
6451559.000 1727400.000 0.206 -0.942 -0.120
6451584.000 1727400.000 0.193 -0.930 -0.117
6451609.000 1727400.000 0.220 -0.938 -0.121
6451634.000 1727400.000 0.203 -0.893 -0.125
6451709.000 1727400.000 0.259 -0.867 -0.145
6451809.000 1727400.000 0.252 -0.602 -0.078
6451659.000 1727400.000 0.191 -0.838 -0.124
6451884.000 1727400.000 0.314 -0.901 -0.106
6451834.000 1727400.000 0.201 -0.501 -0.085
6451684.000 1727400.000 0.221 -0.845 -0.134
6451934.000 1727400.000 0.224 -0.830 -0.112
6451734.000 1727400.000 0.254 -0.807 -0.121
6451784.000 1727400.000 0.253 -0.653 -0.075
6451759.000 1727400.000 0.294 -0.726 -0.109
6451859.000 1727400.000 0.254 -0.693 -0.089
6451909.000 1727400.000 0.344 -1.019 -0.125
6452084.000 1727400.000 0.298 -0.655 -0.131
6452134.000 1727400.000 0.312 -0.566 -0.139
6452209.000 1727400.000 0.311 -0.587 -0.069
6452159.000 1727400.000 0.273 -0.641 -0.153
6451984.000 1727400.000 0.333 -0.761 -0.103
6451959.000 1727400.000 0.272 -0.799 -0.099
6452009.000 1727400.000 0.411 -0.674 -0.097
6452184.000 1727400.000 0.168 -0.615 -0.146
6452059.000 1727400.000 0.210 -0.560 -0.140
6452034.000 1727400.000 0.346 -0.566 -0.128
6452234.000 1727400.000 0.281 -0.501 -0.101
6452259.000 1727400.000 0.258 -0.479 -0.115
6452109.000 1727400.000 0.270 -0.663 -0.129
6452309.000 1727400.000 0.312 -0.555 -0.111
6452284.000 1727400.000 0.277 -0.569 -0.111
6452334.000 1727400.000 0.250 -0.506 -0.108
6452409.000 1727400.000 0.074 -0.402 -0.126
6452384.000 1727400.000 0.173 -0.513 -0.110
6452359.000 1727400.000 0.281 -0.533 -0.103
6452434.000 1727400.000 0.129 -0.469 -0.128
6452534.000 1727400.000 0.252 -0.508 -0.097
6452609.000 1727400.000 0.251 -0.497 -0.132
6452634.000 1727400.000 0.233 -0.524 -0.147
6452684.000 1727400.000 0.257 -0.562 -0.165
6452709.000 1727400.000 0.278 -0.509 -0.121
6452734.000 1727400.000 0.294 -0.496 -0.091
6452784.000 1727400.000 0.410 -0.476 -0.095
6452809.000 1727400.000 0.337 -0.557 -0.111
6452834.000 1727400.000 0.236 -0.526 -0.108
6452484.000 1727400.000 0.239 -0.557 -0.114
6452759.000 1727400.000 0.369 -0.488 -0.085
6452509.000 1727400.000 0.265 -0.558 -0.103
6452459.000 1727400.000 0.203 -0.515 -0.116
6452584.000 1727400.000 0.302 -0.503 -0.119
6452559.000 1727400.000 0.281 -0.497 -0.112
6452659.000 1727400.000 0.270 -0.540 -0.159
6452859.000 1727400.000 0.270 -0.486 -0.088
6452884.000 1727400.000 0.325 -0.511 -0.087
6453034.000 1727400.000 0.355 -0.366 -0.074
6453009.000 1727400.000 0.361 -0.537 -0.080
6452909.000 1727400.000 0.344 -0.494 -0.088
6452959.000 1727400.000 0.317 -0.348 -0.089
6453059.000 1727400.000 0.321 -0.382 -0.075
6453109.000 1727400.000 0.435 -0.433 -0.070
6452934.000 1727400.000 0.342 -0.495 -0.089
6452984.000 1727400.000 0.294 -0.437 -0.085
6453309.000 1727400.000 0.226 -0.234 -0.107
6453334.000 1727400.000 0.342 -0.449 -0.096
6453409.000 1727400.000 0.254 -0.440 -0.088
6453084.000 1727400.000 0.358 -0.482 -0.074
6453434.000 1727400.000 0.313 -0.591 -0.092
6453159.000 1727400.000 0.354 -0.250 0.023
6453134.000 1727400.000 0.337 -0.429 -0.072
6453259.000 1727400.000 0.341 -0.457 -0.099
6453209.000 1727400.000 0.392 -0.555 -0.105
6453284.000 1727400.000 0.300 -0.321 -0.103
6453234.000 1727400.000 0.412 -0.557 -0.092
6453359.000 1727400.000 0.280 -0.541 -0.091
6453184.000 1727400.000 0.421 -0.489 -0.074
6453459.000 1727400.000 0.345 -0.585 -0.089
6453384.000 1727400.000 0.286 -0.504 -0.090
6453484.000 1727400.000 0.342 -0.553 -0.089
6453509.000 1727400.000 0.267 -0.480 -0.093
6453534.000 1727400.000 0.292 -0.344 -0.097
6453559.000 1727400.000 0.363 -0.434 -0.098
6453609.000 1727400.000 0.347 -0.386 -0.106
6453684.000 1727400.000 0.337 -0.458 -0.112
6453734.000 1727400.000 0.279 -0.693 -0.091
6453784.000 1727400.000 0.359 -0.376 -0.077
6453834.000 1727400.000 0.317 -0.244 -0.076
6453884.000 1727400.000 0.229 -0.083 -0.078
6453859.000 1727400.000 0.283 -0.132 -0.077
6453634.000 1727400.000 0.386 -0.381 -0.104
6453584.000 1727400.000 0.409 -0.471 -0.105
6453659.000 1727400.000 0.345 -0.386 -0.109
6453909.000 1727400.000 0.165 -0.079 -0.079
6453709.000 1727400.000 0.225 -0.614 -0.125
6453934.000 1727400.000 0.130 -0.108 -0.080
6453809.000 1727400.000 0.314 -0.268 -0.076
6453759.000 1727400.000 0.470 -0.543 -0.073
6453959.000 1727400.000 0.405 -0.511 -0.077
6453984.000 1727400.000 0.392 -0.511 -0.077
6454009.000 1727400.000 0.429 -0.585 -0.075
6454059.000 1727400.000 0.424 -0.376 -0.069
6454034.000 1727400.000 0.382 -0.367 -0.075
6454234.000 1727400.000 0.224 -0.559 -0.069
6454084.000 1727400.000 0.291 -0.426 -0.070
6454109.000 1727400.000 0.343 -0.415 -0.070
6454134.000 1727400.000 0.347 -0.478 -0.073
6454284.000 1727400.000 0.408 -0.510 -0.073
6454359.000 1727400.000 0.452 -0.451 -0.081
6454384.000 1727400.000 0.424 -0.559 -0.085
6454184.000 1727400.000 0.295 -0.527 -0.070
6454209.000 1727400.000 0.283 -0.499 -0.070
6454159.000 1727400.000 0.277 -0.521 -0.072
6454334.000 1727400.000 0.497 -0.487 -0.076
6454259.000 1727400.000 0.234 -0.579 -0.073
6454309.000 1727400.000 0.418 -0.436 -0.075
6454409.000 1727400.000 0.458 -0.517 -0.082
6454459.000 1727400.000 0.514 -0.511 -0.081
6454434.000 1727400.000 0.372 -0.423 -0.077
6454484.000 1727400.000 0.394 -0.501 -0.080
6454509.000 1727400.000 0.350 -0.484 -0.083
6454534.000 1727400.000 0.183 -0.482 -0.089
6451659.000 1727425.000 0.198 -0.911 -0.129
6451684.000 1727425.000 0.216 -0.859 -0.129
6451834.000 1727425.000 0.236 -0.653 -0.116
6451809.000 1727425.000 0.237 -0.678 -0.116
6451784.000 1727425.000 0.220 -0.768 -0.112
6451759.000 1727425.000 0.262 -0.789 -0.131
6451634.000 1727425.000 0.209 -0.976 -0.126
6451609.000 1727425.000 0.216 -0.955 -0.122
6451909.000 1727425.000 0.462 -0.894 -0.125
6451709.000 1727425.000 0.235 -0.878 -0.134
6451734.000 1727425.000 0.223 -0.872 -0.125
6451934.000 1727425.000 0.349 -0.933 -0.131
6451559.000 1727425.000 0.172 -0.962 -0.126
6451584.000 1727425.000 0.200 -0.952 -0.122
6451859.000 1727425.000 0.231 -0.844 -0.128
6451884.000 1727425.000 0.183 -0.953 -0.149
6451959.000 1727425.000 0.283 -0.841 -0.115
6451984.000 1727425.000 0.275 -0.853 -0.107
6452009.000 1727425.000 0.325 -0.833 -0.105
6452034.000 1727425.000 0.301 -0.766 -0.121
6452084.000 1727425.000 0.244 -0.665 -0.137
6452059.000 1727425.000 0.165 -0.591 -0.134
6452134.000 1727425.000 0.254 -0.632 -0.132
6452109.000 1727425.000 0.279 -0.679 -0.135
6452159.000 1727425.000 0.205 -0.466 -0.121
6452359.000 1727425.000 0.185 -0.630 -0.089
6452234.000 1727425.000 0.320 -0.570 -0.070
6452384.000 1727425.000 0.145 -0.474 -0.109
6452409.000 1727425.000 0.213 -0.525 -0.108
6452434.000 1727425.000 0.195 -0.519 -0.127
6452184.000 1727425.000 0.181 -0.499 -0.114
6452259.000 1727425.000 0.277 -0.486 -0.114
6452284.000 1727425.000 0.247 -0.424 -0.115
6452209.000 1727425.000 0.279 -0.629 -0.097
6452309.000 1727425.000 0.207 -0.473 -0.108
6452334.000 1727425.000 0.221 -0.514 -0.102
6452584.000 1727425.000 0.264 -0.478 -0.114
6452634.000 1727425.000 0.228 -0.511 -0.120
6452659.000 1727425.000 0.239 -0.526 -0.122
6452684.000 1727425.000 0.290 -0.539 -0.143
6452484.000 1727425.000 0.210 -0.529 -0.115
6452459.000 1727425.000 0.228 -0.533 -0.122
6452509.000 1727425.000 0.246 -0.538 -0.105
6452534.000 1727425.000 0.266 -0.509 -0.097
6452559.000 1727425.000 0.278 -0.496 -0.114
6452609.000 1727425.000 0.244 -0.501 -0.118
6452709.000 1727425.000 0.305 -0.559 -0.151
6452859.000 1727425.000 0.330 -0.430 -0.081
6452884.000 1727425.000 0.275 -0.457 -0.105
6452909.000 1727425.000 0.309 -0.479 -0.099
6452934.000 1727425.000 0.358 -0.519 -0.090
6452784.000 1727425.000 0.444 -0.430 -0.083
6452734.000 1727425.000 0.295 -0.507 -0.120
6452759.000 1727425.000 0.410 -0.455 -0.099
6452809.000 1727425.000 0.425 -0.490 -0.089
6452834.000 1727425.000 0.351 -0.459 -0.085
6452984.000 1727425.000 0.320 -0.538 -0.083
6452959.000 1727425.000 0.330 -0.609 -0.087
6453034.000 1727425.000 0.387 -0.456 -0.076
6453009.000 1727425.000 0.354 -0.425 -0.078
6453059.000 1727425.000 0.300 -0.461 -0.078
6453084.000 1727425.000 0.391 -0.456 -0.074
6453134.000 1727425.000 0.354 -0.460 -0.094
6453159.000 1727425.000 0.400 -0.435 -0.064
6453209.000 1727425.000 0.365 -0.492 -0.065
6453184.000 1727425.000 0.376 -0.450 -0.073
6453109.000 1727425.000 0.377 -0.426 -0.077
6453259.000 1727425.000 0.300 -0.471 -0.095
6453234.000 1727425.000 0.354 -0.511 -0.084
6453284.000 1727425.000 0.264 -0.500 -0.107
6453309.000 1727425.000 0.293 -0.544 -0.094
6453384.000 1727425.000 0.258 -0.440 -0.093
6453359.000 1727425.000 0.301 -0.447 -0.094
6453334.000 1727425.000 0.330 -0.441 -0.095
6453409.000 1727425.000 0.248 -0.444 -0.091
6453434.000 1727425.000 0.272 -0.517 -0.094
6453484.000 1727425.000 0.243 -0.476 -0.095
6453459.000 1727425.000 0.293 -0.559 -0.092
6453509.000 1727425.000 0.239 -0.272 -0.100
6453534.000 1727425.000 0.327 -0.343 -0.100
6453559.000 1727425.000 0.291 -0.426 -0.098
6453584.000 1727425.000 0.288 -0.468 -0.106
6453609.000 1727425.000 0.326 -0.405 -0.112
6453634.000 1727425.000 0.438 -0.343 -0.110
6453659.000 1727425.000 0.400 -0.355 -0.108
6453709.000 1727425.000 0.290 -0.406 -0.136
6453784.000 1727425.000 0.346 -0.356 -0.080
6453759.000 1727425.000 0.433 -0.529 -0.086
6453734.000 1727425.000 0.209 -0.401 -0.124
6453834.000 1727425.000 0.384 -0.363 -0.076
6453684.000 1727425.000 0.261 -0.312 -0.120
6453809.000 1727425.000 0.392 -0.362 -0.078
6453934.000 1727425.000 0.355 -0.470 -0.097
6453909.000 1727425.000 0.255 0.016 -0.085
6453959.000 1727425.000 0.333 -0.455 -0.084
6453984.000 1727425.000 0.343 -0.532 -0.080
6453884.000 1727425.000 0.372 -0.158 -0.080
6453859.000 1727425.000 0.374 -0.347 -0.076
6454259.000 1727425.000 0.372 -0.516 -0.074
6454284.000 1727425.000 0.383 -0.294 -0.073
6454009.000 1727425.000 0.334 -0.598 -0.083
6454134.000 1727425.000 0.417 -0.578 -0.079
6454309.000 1727425.000 0.480 -0.311 -0.075
6454109.000 1727425.000 0.317 -0.369 -0.070
6454034.000 1727425.000 0.610 -0.214 -0.077
6454184.000 1727425.000 0.312 -0.552 -0.072
6454159.000 1727425.000 0.272 -0.522 -0.074
6454059.000 1727425.000 0.503 -0.327 -0.067
6454234.000 1727425.000 0.402 -0.480 -0.071
6454334.000 1727425.000 0.513 -0.306 -0.075
6454084.000 1727425.000 0.333 -0.390 -0.073
6454359.000 1727425.000 0.485 -0.309 -0.076
6454209.000 1727425.000 0.384 -0.481 -0.072
6454384.000 1727425.000 0.469 -0.469 -0.082
6454409.000 1727425.000 0.480 -0.438 -0.079
6454434.000 1727425.000 0.488 -0.442 -0.079
6454509.000 1727425.000 0.048 -0.321 -0.090
6454484.000 1727425.000 0.377 -0.491 -0.082
6451684.000 1727450.000 0.202 -0.849 -0.124
6451584.000 1727450.000 0.172 -0.931 -0.124
6451609.000 1727450.000 0.183 -0.960 -0.124
6451709.000 1727450.000 0.253 -0.848 -0.136
6451734.000 1727450.000 0.244 -0.861 -0.136
6451659.000 1727450.000 0.197 -0.931 -0.126
6451559.000 1727450.000 0.119 -0.923 -0.129
6454534.000 1727425.000 0.178 -0.577 -0.088
6454459.000 1727425.000 0.455 -0.475 -0.079
6451634.000 1727450.000 0.172 -0.973 -0.125
6451784.000 1727450.000 0.193 -0.826 -0.129
6451759.000 1727450.000 0.181 -0.846 -0.118
6451809.000 1727450.000 0.220 -0.780 -0.137
6451834.000 1727450.000 0.189 -0.869 -0.147
6451859.000 1727450.000 0.225 -0.855 -0.147
6451909.000 1727450.000 0.271 -0.812 -0.151
6451884.000 1727450.000 0.203 -0.846 -0.156
6451934.000 1727450.000 0.278 -0.769 -0.143
6451959.000 1727450.000 0.454 -0.533 -0.090
6452009.000 1727450.000 0.345 -0.738 -0.103
6451984.000 1727450.000 0.429 -0.628 -0.094
6452034.000 1727450.000 0.295 -0.788 -0.117
6452059.000 1727450.000 0.230 -0.683 -0.140
6452159.000 1727450.000 0.228 -0.478 -0.132
6452109.000 1727450.000 0.306 -0.667 -0.149
6452084.000 1727450.000 0.226 -0.643 -0.147
6452134.000 1727450.000 0.289 -0.603 -0.158
6452184.000 1727450.000 0.142 -0.491 -0.122
6452209.000 1727450.000 0.231 -0.625 -0.119
6452234.000 1727450.000 0.310 -0.681 -0.085
6452259.000 1727450.000 0.354 -0.647 -0.106
6452284.000 1727450.000 0.274 -0.438 -0.109
6452309.000 1727450.000 0.140 -0.416 -0.110
6452334.000 1727450.000 0.199 -0.410 -0.105
6452359.000 1727450.000 0.240 -0.518 -0.085
6452384.000 1727450.000 0.241 -0.553 -0.086
6452434.000 1727450.000 0.220 -0.548 -0.120
6452484.000 1727450.000 0.259 -0.549 -0.126
6452609.000 1727450.000 0.222 -0.493 -0.117
6452459.000 1727450.000 0.254 -0.538 -0.125
6452634.000 1727450.000 0.210 -0.501 -0.113
6452659.000 1727450.000 0.249 -0.491 -0.088
6452409.000 1727450.000 0.243 -0.567 -0.096
6452684.000 1727450.000 0.237 -0.502 -0.087
6452534.000 1727450.000 0.254 -0.526 -0.113
6452559.000 1727450.000 0.280 -0.495 -0.106
6452509.000 1727450.000 0.251 -0.538 -0.114
6452584.000 1727450.000 0.270 -0.487 -0.106
6452734.000 1727450.000 0.229 -0.606 -0.145
6452759.000 1727450.000 0.379 -0.551 -0.143
6452709.000 1727450.000 0.247 -0.555 -0.123
6452859.000 1727450.000 0.294 -0.435 -0.088
6452784.000 1727450.000 0.385 -0.529 -0.158
6452909.000 1727450.000 0.213 -0.388 -0.096
6452934.000 1727450.000 0.297 -0.545 -0.092
6452834.000 1727450.000 0.329 -0.391 -0.076
6452984.000 1727450.000 0.267 -0.468 -0.087
6452809.000 1727450.000 0.348 -0.431 -0.077
6452884.000 1727450.000 0.264 -0.427 -0.095
6452959.000 1727450.000 0.260 -0.502 -0.090
6453009.000 1727450.000 0.404 -0.386 -0.084
6453059.000 1727450.000 0.395 -0.471 -0.075
6453034.000 1727450.000 0.404 -0.485 -0.082
6453184.000 1727450.000 0.361 -0.397 -0.044
6453234.000 1727450.000 0.473 -0.499 -0.057
6453259.000 1727450.000 0.333 -0.507 -0.081
6453084.000 1727450.000 0.418 -0.454 -0.064
6453109.000 1727450.000 0.425 -0.456 -0.065
6453134.000 1727450.000 0.409 -0.419 -0.067
6453309.000 1727450.000 0.243 -0.477 -0.097
6453159.000 1727450.000 0.381 -0.400 -0.056
6453209.000 1727450.000 0.378 -0.462 -0.052
6453284.000 1727450.000 0.280 -0.501 -0.099
6453334.000 1727450.000 0.311 -0.458 -0.099
6453359.000 1727450.000 0.287 -0.451 -0.098
6453384.000 1727450.000 0.276 -0.412 -0.095
6453484.000 1727450.000 0.169 -0.436 -0.100
6453459.000 1727450.000 0.163 -0.538 -0.103
6453509.000 1727450.000 0.279 -0.324 -0.100
6453534.000 1727450.000 0.315 -0.367 -0.101
6453434.000 1727450.000 0.215 -0.553 -0.107
6453409.000 1727450.000 0.291 -0.480 -0.096
6453634.000 1727450.000 0.463 -0.296 -0.115
6453559.000 1727450.000 0.294 -0.460 -0.102
6453609.000 1727450.000 0.281 -0.421 -0.110
6453584.000 1727450.000 0.260 -0.471 -0.107
6453659.000 1727450.000 0.353 -0.346 -0.116
6453684.000 1727450.000 0.360 -0.385 -0.125
6453709.000 1727450.000 0.294 -0.463 -0.127
6453859.000 1727450.000 0.377 -0.347 -0.076
6453734.000 1727450.000 0.322 -0.477 -0.131
6453809.000 1727450.000 0.387 -0.365 -0.077
6453759.000 1727450.000 0.348 -0.447 -0.111
6453884.000 1727450.000 0.380 -0.345 -0.081
6453959.000 1727450.000 0.229 -0.383 -0.083
6453784.000 1727450.000 0.373 -0.386 -0.081
6453834.000 1727450.000 0.372 -0.353 -0.075
6453909.000 1727450.000 0.281 -0.389 -0.087
6453934.000 1727450.000 0.141 -0.324 -0.100
6454034.000 1727450.000 0.435 -0.285 -0.081
6453984.000 1727450.000 0.342 -0.427 -0.081
6454009.000 1727450.000 0.544 -0.331 -0.082
6454059.000 1727450.000 0.291 -0.370 -0.079
6454084.000 1727450.000 0.309 -0.336 -0.073
6454134.000 1727450.000 0.325 -0.529 -0.079
6454184.000 1727450.000 0.381 -0.516 -0.072
6454234.000 1727450.000 0.446 -0.438 -0.073
6454109.000 1727450.000 0.289 -0.336 -0.070
6454259.000 1727450.000 0.412 -0.467 -0.077
6454159.000 1727450.000 0.365 -0.519 -0.070
6454209.000 1727450.000 0.453 -0.443 -0.073
6454309.000 1727450.000 0.686 -0.359 -0.078
6454359.000 1727450.000 0.267 -0.418 -0.074
6454334.000 1727450.000 0.601 -0.195 -0.076
6454284.000 1727450.000 0.735 -0.248 -0.091
6454384.000 1727450.000 0.158 -0.497 -0.082
6454434.000 1727450.000 0.431 -0.443 -0.075
6454409.000 1727450.000 0.475 -0.435 -0.080
6454459.000 1727450.000 0.452 -0.477 -0.076
6454484.000 1727450.000 0.299 -0.431 -0.084
6454509.000 1727450.000 0.186 -0.519 -0.079
6454534.000 1727450.000 0.219 -0.519 -0.070
6451684.000 1727475.000 0.197 -0.835 -0.122
6451759.000 1727475.000 0.140 -0.846 -0.106
6451784.000 1727475.000 0.173 -0.851 -0.132
6451709.000 1727475.000 0.245 -0.825 -0.131
6451659.000 1727475.000 0.199 -0.944 -0.120
6451734.000 1727475.000 0.212 -0.878 -0.131
6451559.000 1727475.000 -0.014 -0.859 -0.143
6451634.000 1727475.000 0.148 -0.949 -0.121
6451809.000 1727475.000 0.210 -0.875 -0.156
6451609.000 1727475.000 0.140 -0.958 -0.125
6451834.000 1727475.000 0.182 -0.918 -0.166
6451584.000 1727475.000 0.146 -0.910 -0.125
6451859.000 1727475.000 0.240 -0.850 -0.153
6451934.000 1727475.000 0.194 -0.921 -0.183
6451884.000 1727475.000 0.237 -0.874 -0.160
6451909.000 1727475.000 0.274 -0.897 -0.165
6451959.000 1727475.000 0.252 -0.717 -0.150
6452084.000 1727475.000 0.321 -0.686 -0.150
6452034.000 1727475.000 0.289 -0.812 -0.128
6451984.000 1727475.000 0.402 -0.677 -0.126
6452109.000 1727475.000 0.316 -0.665 -0.149
6452009.000 1727475.000 0.312 -0.808 -0.138
6452234.000 1727475.000 0.203 -0.622 -0.126
6452059.000 1727475.000 0.281 -0.802 -0.146
6452134.000 1727475.000 0.289 -0.579 -0.154
6452209.000 1727475.000 0.107 -0.522 -0.148
6452159.000 1727475.000 0.247 -0.516 -0.153
6452184.000 1727475.000 0.142 -0.530 -0.146
6452259.000 1727475.000 0.309 -0.602 -0.097
6452284.000 1727475.000 0.243 -0.575 -0.095
6452309.000 1727475.000 0.164 -0.447 -0.100
6452334.000 1727475.000 0.163 -0.464 -0.094
6452359.000 1727475.000 0.206 -0.490 -0.093
6452409.000 1727475.000 0.225 -0.538 -0.098
6452384.000 1727475.000 0.257 -0.529 -0.097
6452509.000 1727475.000 0.253 -0.536 -0.108
6452534.000 1727475.000 0.270 -0.507 -0.096
6452609.000 1727475.000 0.223 -0.506 -0.115
6452584.000 1727475.000 0.251 -0.514 -0.104
6452559.000 1727475.000 0.272 -0.509 -0.099
6452434.000 1727475.000 0.286 -0.554 -0.072
6452459.000 1727475.000 0.291 -0.581 -0.061
6452659.000 1727475.000 0.233 -0.496 -0.095
6452634.000 1727475.000 0.206 -0.475 -0.103
6452484.000 1727475.000 0.296 -0.570 -0.098
6452709.000 1727475.000 0.237 -0.492 -0.093
6452734.000 1727475.000 0.232 -0.509 -0.094
6452684.000 1727475.000 0.228 -0.509 -0.100
6452759.000 1727475.000 0.376 -0.520 -0.114
6452784.000 1727475.000 0.356 -0.546 -0.166
6452809.000 1727475.000 0.170 -0.538 -0.125
6452859.000 1727475.000 0.275 -0.448 -0.098
6452884.000 1727475.000 0.250 -0.375 -0.095
6452834.000 1727475.000 0.259 -0.496 -0.111
6452909.000 1727475.000 0.189 -0.388 -0.096
6452984.000 1727475.000 0.230 -0.474 -0.098
6453009.000 1727475.000 0.313 -0.465 -0.096
6452959.000 1727475.000 0.230 -0.380 -0.098
6452934.000 1727475.000 0.262 -0.451 -0.097
6453059.000 1727475.000 0.368 -0.442 -0.077
6453034.000 1727475.000 0.349 -0.472 -0.095
6453084.000 1727475.000 0.394 -0.442 -0.070
6453109.000 1727475.000 0.361 -0.460 -0.082
6453134.000 1727475.000 0.383 -0.435 -0.075
6453159.000 1727475.000 0.358 -0.422 -0.080
6453234.000 1727475.000 0.492 -0.484 -0.058
6453184.000 1727475.000 0.319 -0.377 -0.059
6453209.000 1727475.000 0.490 -0.475 -0.059
6453259.000 1727475.000 0.377 -0.519 -0.085
6453309.000 1727475.000 0.249 -0.466 -0.101
6453384.000 1727475.000 0.257 -0.450 -0.098
6453334.000 1727475.000 0.273 -0.468 -0.102
6453459.000 1727475.000 0.191 -0.554 -0.108
6453284.000 1727475.000 0.281 -0.510 -0.101
6453434.000 1727475.000 0.197 -0.558 -0.109
6453359.000 1727475.000 0.196 -0.392 -0.098
6453509.000 1727475.000 0.387 -0.462 -0.099
6453409.000 1727475.000 0.294 -0.476 -0.095
6453534.000 1727475.000 0.327 -0.487 -0.100
6453484.000 1727475.000 0.324 -0.462 -0.102
6453559.000 1727475.000 0.294 -0.496 -0.104
6453584.000 1727475.000 0.238 -0.427 -0.108
6453659.000 1727475.000 0.243 -0.337 -0.116
6453684.000 1727475.000 0.323 -0.386 -0.124
6453634.000 1727475.000 0.374 -0.275 -0.116
6453609.000 1727475.000 0.311 -0.400 -0.110
6453709.000 1727475.000 0.254 -0.421 -0.121
6453734.000 1727475.000 0.389 -0.473 -0.140
6453834.000 1727475.000 0.362 -0.353 -0.076
6453784.000 1727475.000 0.348 -0.357 -0.083
6453759.000 1727475.000 0.319 -0.390 -0.133
6453809.000 1727475.000 0.381 -0.363 -0.076
6453859.000 1727475.000 0.374 -0.342 -0.076
6453909.000 1727475.000 0.312 -0.335 -0.079
6453884.000 1727475.000 0.385 -0.332 -0.078
6453959.000 1727475.000 0.240 -0.411 -0.084
6453934.000 1727475.000 0.183 -0.309 -0.091
6453984.000 1727475.000 0.395 -0.363 -0.082
6454009.000 1727475.000 0.538 -0.285 -0.082
6454034.000 1727475.000 0.386 -0.336 -0.083
6454059.000 1727475.000 0.289 -0.372 -0.075
6454084.000 1727475.000 0.303 -0.344 -0.073
6454134.000 1727475.000 0.326 -0.522 -0.080
6454159.000 1727475.000 0.389 -0.498 -0.071
6454109.000 1727475.000 0.270 -0.301 -0.072
6454184.000 1727475.000 0.387 -0.483 -0.075
6454209.000 1727475.000 0.489 -0.413 -0.074
6454234.000 1727475.000 0.534 -0.358 -0.076
6454334.000 1727475.000 0.385 -0.518 -0.077
6454259.000 1727475.000 0.522 -0.323 -0.084
6454384.000 1727475.000 0.456 -0.441 -0.084
6454284.000 1727475.000 0.638 -0.421 -0.079
6454409.000 1727475.000 0.502 -0.511 -0.076
6454309.000 1727475.000 0.435 -0.582 -0.077
6454359.000 1727475.000 0.355 -0.485 -0.075
6454434.000 1727475.000 0.457 -0.443 -0.075
6454459.000 1727475.000 0.532 -0.599 -0.076
6454484.000 1727475.000 0.381 -0.521 -0.081
6451659.000 1727500.000 0.176 -0.930 -0.118
6454509.000 1727475.000 0.255 -0.446 -0.078
6451559.000 1727500.000 0.087 -0.924 -0.123
6454534.000 1727475.000 0.283 -0.454 -0.069
6451584.000 1727500.000 0.155 -0.955 -0.118
6451709.000 1727500.000 0.161 -0.896 -0.115
6451609.000 1727500.000 0.163 -0.958 -0.117
6451634.000 1727500.000 0.154 -0.959 -0.118
6451834.000 1727500.000 0.147 -0.937 -0.173
6451759.000 1727500.000 0.135 -0.884 -0.115
6451684.000 1727500.000 0.174 -0.902 -0.120
6451734.000 1727500.000 0.161 -0.911 -0.122
6451809.000 1727500.000 0.162 -0.911 -0.162
6451784.000 1727500.000 0.148 -0.925 -0.149
6451859.000 1727500.000 0.171 -0.929 -0.173
6451934.000 1727500.000 0.154 -0.957 -0.191
6451984.000 1727500.000 0.218 -0.903 -0.181
6451884.000 1727500.000 0.227 -0.898 -0.165
6451959.000 1727500.000 0.147 -0.947 -0.196
6452009.000 1727500.000 0.234 -0.931 -0.178
6451909.000 1727500.000 0.237 -0.923 -0.170
6452059.000 1727500.000 0.285 -0.811 -0.137
6452034.000 1727500.000 0.252 -0.862 -0.151
6452109.000 1727500.000 0.311 -0.665 -0.144
6452159.000 1727500.000 0.293 -0.512 -0.154
6452134.000 1727500.000 0.309 -0.540 -0.145
6452084.000 1727500.000 0.301 -0.712 -0.145
6452184.000 1727500.000 0.149 -0.518 -0.150
6452209.000 1727500.000 0.110 -0.461 -0.130
6452234.000 1727500.000 0.144 -0.499 -0.123
6452259.000 1727500.000 0.191 -0.486 -0.111
6452409.000 1727500.000 0.183 -0.486 -0.101
6452334.000 1727500.000 0.151 -0.479 -0.098
6452309.000 1727500.000 0.140 -0.535 -0.086
6452284.000 1727500.000 0.285 -0.640 -0.079
6452459.000 1727500.000 0.277 -0.486 -0.097
6452359.000 1727500.000 0.189 -0.490 -0.095
6452384.000 1727500.000 0.254 -0.522 -0.096
6452484.000 1727500.000 0.302 -0.557 -0.097
6452534.000 1727500.000 0.306 -0.508 -0.059
6452434.000 1727500.000 0.192 -0.496 -0.104
6452509.000 1727500.000 0.257 -0.522 -0.105
6452559.000 1727500.000 0.291 -0.504 -0.072
6452609.000 1727500.000 0.202 -0.521 -0.126
6452584.000 1727500.000 0.233 -0.524 -0.102
6452634.000 1727500.000 0.210 -0.500 -0.119
6452684.000 1727500.000 0.238 -0.519 -0.110
6452659.000 1727500.000 0.207 -0.497 -0.114
6452709.000 1727500.000 0.268 -0.500 -0.111
6452784.000 1727500.000 0.253 -0.523 -0.137
6452734.000 1727500.000 0.237 -0.503 -0.098
6452759.000 1727500.000 0.306 -0.490 -0.102
6452884.000 1727500.000 0.269 -0.396 -0.095
6452834.000 1727500.000 0.260 -0.422 -0.102
6452859.000 1727500.000 0.298 -0.435 -0.094
6452809.000 1727500.000 0.315 -0.459 -0.136
6452909.000 1727500.000 0.291 -0.551 -0.095
6452984.000 1727500.000 0.370 -0.543 -0.113
6452959.000 1727500.000 0.269 -0.602 -0.113
6452934.000 1727500.000 0.293 -0.547 -0.100
6453009.000 1727500.000 0.361 -0.500 -0.112
6453034.000 1727500.000 0.366 -0.432 -0.081
6453059.000 1727500.000 0.389 -0.431 -0.076
6453134.000 1727500.000 0.359 -0.426 -0.086
6453084.000 1727500.000 0.395 -0.387 -0.049
6453109.000 1727500.000 0.363 -0.419 -0.076
6453209.000 1727500.000 0.484 -0.468 -0.059
6453159.000 1727500.000 0.362 -0.422 -0.083
6453259.000 1727500.000 0.409 -0.458 -0.071
6453234.000 1727500.000 0.504 -0.458 -0.049
6453184.000 1727500.000 0.310 -0.361 -0.068
6453284.000 1727500.000 0.246 -0.486 -0.100
6453334.000 1727500.000 0.309 -0.500 -0.110
6453309.000 1727500.000 0.306 -0.477 -0.108
6453359.000 1727500.000 0.309 -0.493 -0.111
6453384.000 1727500.000 0.281 -0.488 -0.105
6453434.000 1727500.000 0.315 -0.442 -0.101
6453409.000 1727500.000 0.354 -0.542 -0.100
6453459.000 1727500.000 0.302 -0.427 -0.105
6453509.000 1727500.000 0.358 -0.459 -0.103
6453484.000 1727500.000 0.317 -0.451 -0.108
6453559.000 1727500.000 0.242 -0.503 -0.107
6453609.000 1727500.000 0.382 -0.499 -0.114
6453534.000 1727500.000 0.279 -0.494 -0.107
6453584.000 1727500.000 0.284 -0.495 -0.110
6453634.000 1727500.000 0.494 -0.316 -0.122
6453659.000 1727500.000 0.248 -0.341 -0.117
6453684.000 1727500.000 0.295 -0.388 -0.121
6453709.000 1727500.000 0.283 -0.380 -0.123
6453734.000 1727500.000 0.292 -0.352 -0.132
6453759.000 1727500.000 0.318 -0.367 -0.145
6453784.000 1727500.000 0.349 -0.295 -0.102
6453859.000 1727500.000 0.361 -0.331 -0.085
6453834.000 1727500.000 0.361 -0.312 -0.087
6453809.000 1727500.000 0.369 -0.319 -0.086
6453934.000 1727500.000 0.262 -0.352 -0.090
6453909.000 1727500.000 0.331 -0.342 -0.081
6453884.000 1727500.000 0.385 -0.368 -0.072
6453959.000 1727500.000 0.320 -0.513 -0.086
6453984.000 1727500.000 0.419 -0.358 -0.084
6454009.000 1727500.000 0.213 -0.401 -0.089
6454034.000 1727500.000 0.255 -0.394 -0.086
6454059.000 1727500.000 0.293 -0.384 -0.076
6454084.000 1727500.000 0.331 -0.361 -0.076
6454109.000 1727500.000 0.330 -0.450 -0.080
6454159.000 1727500.000 0.342 -0.501 -0.081
6454209.000 1727500.000 0.395 -0.449 -0.077
6454134.000 1727500.000 0.328 -0.521 -0.083
6454184.000 1727500.000 0.348 -0.486 -0.079
6454334.000 1727500.000 0.343 -0.521 -0.077
6454309.000 1727500.000 0.465 -0.589 -0.077
6454234.000 1727500.000 0.396 -0.439 -0.080
6454284.000 1727500.000 0.506 -0.615 -0.080
6454259.000 1727500.000 0.460 -0.397 -0.087
6454359.000 1727500.000 0.380 -0.478 -0.077
6454384.000 1727500.000 0.425 -0.444 -0.084
6454409.000 1727500.000 0.507 -0.526 -0.080
6454434.000 1727500.000 0.489 -0.505 -0.078
6454459.000 1727500.000 0.384 -0.465 -0.079
6454484.000 1727500.000 0.373 -0.503 -0.083
6454509.000 1727500.000 0.371 -0.427 -0.078
6454534.000 1727500.000 0.290 -0.433 -0.078
6451659.000 1727525.000 0.166 -0.901 -0.118
6451684.000 1727525.000 0.179 -0.924 -0.125
6451834.000 1727525.000 0.156 -0.914 -0.171
6451809.000 1727525.000 0.177 -0.835 -0.135
6451759.000 1727525.000 0.130 -0.920 -0.123
6451709.000 1727525.000 0.165 -0.924 -0.123
6451734.000 1727525.000 0.145 -0.950 -0.131
6451584.000 1727525.000 0.144 -0.912 -0.110
6451559.000 1727525.000 0.095 -0.865 -0.110
6451859.000 1727525.000 0.154 -0.931 -0.175
6451634.000 1727525.000 0.164 -0.962 -0.114
6451884.000 1727525.000 0.143 -0.946 -0.175
6451609.000 1727525.000 0.171 -0.956 -0.111
6451784.000 1727525.000 0.168 -0.847 -0.117
6451909.000 1727525.000 0.201 -0.916 -0.164
6451934.000 1727525.000 0.213 -0.908 -0.165
6451984.000 1727525.000 0.153 -0.940 -0.186
6451959.000 1727525.000 0.152 -0.951 -0.183
6452009.000 1727525.000 0.223 -0.911 -0.173
6452034.000 1727525.000 0.236 -0.880 -0.163
6452134.000 1727525.000 0.325 -0.685 -0.147
6452084.000 1727525.000 0.258 -0.789 -0.149
6452109.000 1727525.000 0.317 -0.600 -0.139
6452059.000 1727525.000 0.243 -0.840 -0.152
6452234.000 1727525.000 0.142 -0.534 -0.135
6452184.000 1727525.000 0.154 -0.471 -0.136
6452159.000 1727525.000 0.176 -0.430 -0.139
6452259.000 1727525.000 0.179 -0.490 -0.122
6452284.000 1727525.000 0.200 -0.467 -0.098
6452209.000 1727525.000 0.114 -0.486 -0.134
6452309.000 1727525.000 0.133 -0.531 -0.095
6452334.000 1727525.000 0.147 -0.539 -0.096
6452409.000 1727525.000 0.130 -0.400 -0.099
6452359.000 1727525.000 0.197 -0.515 -0.092
6452434.000 1727525.000 0.181 -0.479 -0.100
6452384.000 1727525.000 0.199 -0.433 -0.094
6452459.000 1727525.000 0.215 -0.513 -0.105
6452484.000 1727525.000 0.281 -0.496 -0.129
6452559.000 1727525.000 0.255 -0.526 -0.066
6452584.000 1727525.000 0.268 -0.560 -0.038
6452509.000 1727525.000 0.245 -0.492 -0.136
6452609.000 1727525.000 0.225 -0.532 -0.105
6452534.000 1727525.000 0.290 -0.503 -0.080
6452759.000 1727525.000 0.259 -0.504 -0.125
6452634.000 1727525.000 0.234 -0.521 -0.119
6452834.000 1727525.000 0.263 -0.451 -0.094
6452784.000 1727525.000 0.308 -0.495 -0.135
6452659.000 1727525.000 0.227 -0.494 -0.120
6452809.000 1727525.000 0.265 -0.446 -0.100
6452684.000 1727525.000 0.301 -0.513 -0.121
6452709.000 1727525.000 0.272 -0.505 -0.120
6452734.000 1727525.000 0.238 -0.511 -0.121
6452859.000 1727525.000 0.277 -0.494 -0.096
6452884.000 1727525.000 0.203 -0.502 -0.097
6452934.000 1727525.000 0.198 -0.441 -0.099
6452959.000 1727525.000 0.279 -0.493 -0.105
6452909.000 1727525.000 0.192 -0.493 -0.098
6452984.000 1727525.000 0.328 -0.441 -0.087
6453084.000 1727525.000 0.397 -0.397 -0.065
6453034.000 1727525.000 0.391 -0.434 -0.088
6453109.000 1727525.000 0.391 -0.446 -0.091
6453159.000 1727525.000 0.367 -0.434 -0.079
6453009.000 1727525.000 0.354 -0.425 -0.076
6453059.000 1727525.000 0.403 -0.409 -0.067
6453184.000 1727525.000 0.357 -0.396 -0.073
6453134.000 1727525.000 0.399 -0.432 -0.077
6453209.000 1727525.000 0.330 -0.307 -0.061
6453259.000 1727525.000 0.479 -0.397 -0.063
6453234.000 1727525.000 0.519 -0.452 -0.043
6453284.000 1727525.000 0.263 -0.483 -0.106
6453434.000 1727525.000 0.294 -0.374 -0.104
6453409.000 1727525.000 0.365 -0.428 -0.106
6453309.000 1727525.000 0.305 -0.469 -0.111
6453459.000 1727525.000 0.234 -0.454 -0.105
6453484.000 1727525.000 0.278 -0.476 -0.103
6453359.000 1727525.000 0.287 -0.530 -0.114
6453384.000 1727525.000 0.253 -0.528 -0.114
6453334.000 1727525.000 0.249 -0.429 -0.107
6453509.000 1727525.000 0.264 -0.439 -0.107
6453534.000 1727525.000 0.249 -0.460 -0.108
6453634.000 1727525.000 0.248 -0.301 -0.116
6453709.000 1727525.000 0.279 -0.376 -0.121
6453584.000 1727525.000 0.277 -0.349 -0.110
6453734.000 1727525.000 0.251 -0.401 -0.133
6453784.000 1727525.000 0.362 -0.438 -0.151
6453559.000 1727525.000 0.323 -0.430 -0.109
6453809.000 1727525.000 0.305 -0.408 -0.106
6453609.000 1727525.000 0.227 -0.253 -0.125
6453684.000 1727525.000 0.257 -0.327 -0.116
6453759.000 1727525.000 0.267 -0.428 -0.156
6453659.000 1727525.000 0.329 -0.389 -0.120
6453834.000 1727525.000 0.352 -0.307 -0.090
6453859.000 1727525.000 0.333 -0.321 -0.087
6453884.000 1727525.000 0.366 -0.415 -0.099
6454034.000 1727525.000 0.270 -0.345 -0.083
6453984.000 1727525.000 0.437 -0.430 -0.086
6454059.000 1727525.000 0.362 -0.397 -0.077
6454109.000 1727525.000 0.419 -0.369 -0.078
6453909.000 1727525.000 0.412 -0.446 -0.095
6453959.000 1727525.000 0.494 -0.451 -0.085
6453934.000 1727525.000 0.393 -0.349 -0.091
6454009.000 1727525.000 0.391 -0.349 -0.086
6454184.000 1727525.000 0.310 -0.427 -0.083
6454159.000 1727525.000 0.356 -0.483 -0.082
6454134.000 1727525.000 0.339 -0.443 -0.084
6454084.000 1727525.000 0.426 -0.390 -0.077
6454234.000 1727525.000 0.323 -0.443 -0.085
6454259.000 1727525.000 0.308 -0.420 -0.090
6454209.000 1727525.000 0.371 -0.413 -0.080
6454284.000 1727525.000 0.327 -0.430 -0.082
6454309.000 1727525.000 0.416 -0.437 -0.084
6454334.000 1727525.000 0.307 -0.504 -0.081
6454359.000 1727525.000 0.364 -0.474 -0.082
6454384.000 1727525.000 0.388 -0.439 -0.085
6454409.000 1727525.000 0.325 -0.430 -0.087
6454459.000 1727525.000 0.362 -0.443 -0.078
6454484.000 1727525.000 0.394 -0.453 -0.078
6454534.000 1727525.000 0.347 -0.446 -0.079
6454434.000 1727525.000 0.338 -0.506 -0.081
6454509.000 1727525.000 0.386 -0.480 -0.080
6451609.000 1727550.000 0.173 -0.906 -0.107
6451584.000 1727550.000 0.101 -0.851 -0.102
6451559.000 1727550.000 0.075 -0.849 -0.118
6451634.000 1727550.000 0.203 -0.895 -0.108
6451659.000 1727550.000 0.075 -0.977 -0.123
6451684.000 1727550.000 0.101 -0.975 -0.127
6451709.000 1727550.000 0.137 -0.979 -0.131
6451734.000 1727550.000 0.135 -0.957 -0.129
6451759.000 1727550.000 0.158 -0.900 -0.119
6451784.000 1727550.000 0.182 -0.859 -0.117
6451909.000 1727550.000 0.161 -0.934 -0.164
6451884.000 1727550.000 0.152 -0.937 -0.167
6451934.000 1727550.000 0.245 -0.870 -0.147
6451809.000 1727550.000 0.201 -0.844 -0.132
6451959.000 1727550.000 0.226 -0.885 -0.155
6451834.000 1727550.000 0.152 -0.885 -0.145
6451859.000 1727550.000 0.151 -0.937 -0.170
6452034.000 1727550.000 0.179 -0.895 -0.170
6452134.000 1727550.000 0.214 -0.607 -0.141
6452084.000 1727550.000 0.248 -0.843 -0.156
6452159.000 1727550.000 0.333 -0.453 -0.140
6452109.000 1727550.000 0.309 -0.754 -0.143
6452184.000 1727550.000 0.262 -0.414 -0.138
6451984.000 1727550.000 0.176 -0.926 -0.171
6452059.000 1727550.000 0.219 -0.864 -0.162
6452009.000 1727550.000 0.186 -0.905 -0.171
6452209.000 1727550.000 0.207 -0.479 -0.134
6452259.000 1727550.000 0.118 -0.433 -0.125
6452234.000 1727550.000 0.109 -0.442 -0.133
6452409.000 1727550.000 0.177 -0.487 -0.089
6452459.000 1727550.000 0.069 -0.626 -0.093
6452484.000 1727550.000 0.211 -0.538 -0.099
6452509.000 1727550.000 0.246 -0.569 -0.117
6452309.000 1727550.000 0.165 -0.498 -0.107
6452384.000 1727550.000 0.280 -0.572 -0.087
6452434.000 1727550.000 0.167 -0.460 -0.085
6452284.000 1727550.000 0.176 -0.417 -0.117
6452359.000 1727550.000 0.302 -0.557 -0.089
6452334.000 1727550.000 0.176 -0.524 -0.098
6452684.000 1727550.000 0.288 -0.480 -0.127
6452534.000 1727550.000 0.231 -0.552 -0.081
6452559.000 1727550.000 0.213 -0.541 -0.077
6452584.000 1727550.000 0.281 -0.564 -0.025
6452734.000 1727550.000 0.237 -0.517 -0.126
6452709.000 1727550.000 0.259 -0.519 -0.128
6452759.000 1727550.000 0.279 -0.488 -0.126
6452609.000 1727550.000 0.262 -0.548 -0.056
6452634.000 1727550.000 0.247 -0.522 -0.101
6452659.000 1727550.000 0.224 -0.506 -0.119
6452784.000 1727550.000 0.304 -0.478 -0.127
6452834.000 1727550.000 0.286 -0.370 -0.098
6452809.000 1727550.000 0.257 -0.454 -0.097
6452934.000 1727550.000 0.310 -0.361 -0.051
6453059.000 1727550.000 0.357 -0.438 -0.098
6452859.000 1727550.000 0.244 -0.558 -0.098
6453034.000 1727550.000 0.357 -0.427 -0.091
6453084.000 1727550.000 0.347 -0.424 -0.090
6453109.000 1727550.000 0.352 -0.385 -0.086
6452884.000 1727550.000 0.215 -0.476 -0.098
6453159.000 1727550.000 0.389 -0.427 -0.076
6453134.000 1727550.000 0.412 -0.422 -0.073
6452909.000 1727550.000 0.200 -0.453 -0.101
6453234.000 1727550.000 0.607 -0.217 -0.078
6453209.000 1727550.000 0.357 -0.412 -0.067
6453184.000 1727550.000 0.395 -0.430 -0.075
6452959.000 1727550.000 0.282 -0.419 -0.082
6452984.000 1727550.000 0.308 -0.416 -0.073
6453009.000 1727550.000 0.319 -0.432 -0.089
6453259.000 1727550.000 0.407 -0.301 -0.100
6453284.000 1727550.000 0.270 -0.440 -0.110
6453359.000 1727550.000 0.315 -0.524 -0.110
6453334.000 1727550.000 0.258 -0.491 -0.111
6453384.000 1727550.000 0.227 -0.496 -0.114
6453459.000 1727550.000 0.235 -0.475 -0.114
6453434.000 1727550.000 0.258 -0.473 -0.108
6453509.000 1727550.000 0.343 -0.475 -0.108
6453534.000 1727550.000 0.346 -0.456 -0.109
6453559.000 1727550.000 0.396 -0.421 -0.111
6453309.000 1727550.000 0.329 -0.491 -0.113
6453659.000 1727550.000 0.229 -0.288 -0.112
6453409.000 1727550.000 0.282 -0.411 -0.107
6453484.000 1727550.000 0.248 -0.490 -0.109
6453709.000 1727550.000 0.304 -0.433 -0.122
6453684.000 1727550.000 0.321 -0.419 -0.122
6453584.000 1727550.000 0.322 -0.270 -0.113
6453734.000 1727550.000 0.254 -0.428 -0.127
6453609.000 1727550.000 0.313 -0.274 -0.116
6453634.000 1727550.000 0.257 -0.331 -0.114
6453759.000 1727550.000 0.299 -0.472 -0.153
6453809.000 1727550.000 0.359 -0.373 -0.132
6453784.000 1727550.000 0.367 -0.358 -0.164
6453934.000 1727550.000 0.268 -0.437 -0.096
6453834.000 1727550.000 0.383 -0.267 -0.082
6453859.000 1727550.000 0.345 -0.302 -0.088
6453884.000 1727550.000 0.321 -0.425 -0.133
6454009.000 1727550.000 0.285 -0.429 -0.078
6454034.000 1727550.000 0.330 -0.394 -0.081
6454084.000 1727550.000 0.411 -0.470 -0.076
6453909.000 1727550.000 0.403 -0.442 -0.104
6453959.000 1727550.000 0.393 -0.445 -0.085
6453984.000 1727550.000 0.466 -0.412 -0.079
6454059.000 1727550.000 0.539 -0.363 -0.078
6454234.000 1727550.000 0.291 -0.463 -0.086
6454109.000 1727550.000 0.450 -0.220 -0.071
6454159.000 1727550.000 0.313 -0.476 -0.081
6454134.000 1727550.000 0.304 -0.458 -0.084
6454184.000 1727550.000 0.260 -0.416 -0.082
6454209.000 1727550.000 0.372 -0.398 -0.079
6454334.000 1727550.000 0.264 -0.552 -0.078
6454384.000 1727550.000 0.257 -0.449 -0.086
6454359.000 1727550.000 0.422 -0.595 -0.078
6454259.000 1727550.000 0.270 -0.439 -0.084
6454284.000 1727550.000 0.333 -0.401 -0.083
6454309.000 1727550.000 0.412 -0.441 -0.084
6454409.000 1727550.000 0.301 -0.481 -0.091
6454434.000 1727550.000 0.338 -0.458 -0.082
6454459.000 1727550.000 0.383 -0.450 -0.076
6454484.000 1727550.000 0.386 -0.460 -0.075
6454509.000 1727550.000 0.390 -0.471 -0.078
6454534.000 1727550.000 0.319 -0.488 -0.082
6451834.000 1727575.000 0.203 -0.842 -0.125
6451809.000 1727575.000 0.210 -0.849 -0.121
6451659.000 1727575.000 0.134 -0.890 -0.114
6451684.000 1727575.000 0.105 -0.894 -0.121
6451709.000 1727575.000 0.132 -0.895 -0.123
6451634.000 1727575.000 0.116 -0.845 -0.104
6451584.000 1727575.000 0.142 -0.854 -0.095
6451784.000 1727575.000 0.209 -0.899 -0.125
6451734.000 1727575.000 0.137 -0.955 -0.128
6451609.000 1727575.000 0.100 -0.850 -0.100
6451759.000 1727575.000 0.189 -0.920 -0.124
6451859.000 1727575.000 0.155 -0.844 -0.121
6451559.000 1727575.000 0.144 -0.861 -0.100
6451884.000 1727575.000 0.113 -0.841 -0.114
6451909.000 1727575.000 0.160 -0.908 -0.150
6451934.000 1727575.000 0.188 -0.901 -0.151
6451959.000 1727575.000 0.145 -0.911 -0.162
6451984.000 1727575.000 0.200 -0.885 -0.155
6452034.000 1727575.000 0.167 -0.878 -0.162
6452009.000 1727575.000 0.207 -0.838 -0.151
6452059.000 1727575.000 0.242 -0.833 -0.148
6452084.000 1727575.000 0.314 -0.760 -0.124
6452109.000 1727575.000 0.333 -0.737 -0.121
6452284.000 1727575.000 0.013 -0.418 -0.110
6452159.000 1727575.000 0.264 -0.486 -0.139
6452234.000 1727575.000 0.103 -0.383 -0.106
6452309.000 1727575.000 0.187 -0.492 -0.113
6452209.000 1727575.000 0.082 -0.445 -0.131
6452134.000 1727575.000 0.251 -0.627 -0.134
6452184.000 1727575.000 0.187 -0.524 -0.136
6452259.000 1727575.000 0.107 -0.306 -0.074
6452334.000 1727575.000 0.223 -0.487 -0.099
6452359.000 1727575.000 0.402 -0.487 -0.083
6452384.000 1727575.000 0.299 -0.567 -0.086
6452434.000 1727575.000 0.086 -0.600 -0.085
6452409.000 1727575.000 0.115 -0.645 -0.091
6452459.000 1727575.000 0.124 -0.513 -0.083
6452509.000 1727575.000 0.236 -0.588 -0.101
6452584.000 1727575.000 0.256 -0.525 -0.080
6452484.000 1727575.000 0.190 -0.572 -0.087
6452534.000 1727575.000 0.173 -0.507 -0.123
6452709.000 1727575.000 0.259 -0.501 -0.122
6452609.000 1727575.000 0.273 -0.525 -0.065
6452559.000 1727575.000 0.152 -0.509 -0.126
6452634.000 1727575.000 0.271 -0.500 -0.080
6452684.000 1727575.000 0.241 -0.475 -0.121
6452659.000 1727575.000 0.237 -0.486 -0.110
6452734.000 1727575.000 0.254 -0.502 -0.122
6452759.000 1727575.000 0.310 -0.520 -0.126
6452784.000 1727575.000 0.279 -0.490 -0.109
6452809.000 1727575.000 0.259 -0.430 -0.102
6452834.000 1727575.000 0.280 -0.435 -0.102
6452884.000 1727575.000 0.251 -0.469 -0.097
6452859.000 1727575.000 0.258 -0.500 -0.100
6452934.000 1727575.000 0.336 -0.368 -0.038
6453009.000 1727575.000 0.305 -0.446 -0.099
6453159.000 1727575.000 0.402 -0.410 -0.076
6452909.000 1727575.000 0.263 -0.409 -0.070
6452959.000 1727575.000 0.246 -0.403 -0.061
6453059.000 1727575.000 0.336 -0.501 -0.102
6453109.000 1727575.000 0.304 -0.387 -0.083
6452984.000 1727575.000 0.288 -0.437 -0.088
6453034.000 1727575.000 0.325 -0.456 -0.095
6453184.000 1727575.000 0.413 -0.412 -0.077
6453084.000 1727575.000 0.377 -0.494 -0.094
6453209.000 1727575.000 0.332 -0.525 -0.067
6453134.000 1727575.000 0.426 -0.394 -0.074
6453234.000 1727575.000 0.253 -0.486 -0.080
6453359.000 1727575.000 0.262 -0.492 -0.113
6453534.000 1727575.000 0.405 -0.401 -0.113
6453259.000 1727575.000 0.243 -0.409 -0.098
6453284.000 1727575.000 0.253 -0.363 -0.107
6453309.000 1727575.000 0.270 -0.441 -0.112
6453409.000 1727575.000 0.305 -0.448 -0.107
6453584.000 1727575.000 0.419 -0.297 -0.114
6453334.000 1727575.000 0.228 -0.449 -0.113
6453459.000 1727575.000 0.232 -0.465 -0.115
6453434.000 1727575.000 0.251 -0.498 -0.110
6453634.000 1727575.000 0.257 -0.314 -0.112
6453484.000 1727575.000 0.255 -0.467 -0.112
6453509.000 1727575.000 0.387 -0.416 -0.112
6453384.000 1727575.000 0.258 -0.408 -0.109
6453559.000 1727575.000 0.240 -0.270 -0.113
6453609.000 1727575.000 0.302 -0.343 -0.115
6453659.000 1727575.000 0.169 -0.256 -0.109
6453684.000 1727575.000 0.281 -0.409 -0.120
6453709.000 1727575.000 0.331 -0.404 -0.119
6453809.000 1727575.000 0.311 -0.319 -0.133
6453909.000 1727575.000 0.463 -0.348 -0.100
6453734.000 1727575.000 0.339 -0.391 -0.118
6453759.000 1727575.000 0.239 -0.353 -0.129
6453834.000 1727575.000 0.408 -0.326 -0.089
6453859.000 1727575.000 0.364 -0.334 -0.107
6453884.000 1727575.000 0.342 -0.348 -0.125
6453784.000 1727575.000 0.344 -0.332 -0.144
6453934.000 1727575.000 0.315 -0.440 -0.090
6454009.000 1727575.000 0.334 -0.403 -0.077
6454034.000 1727575.000 0.342 -0.419 -0.080
6453984.000 1727575.000 0.289 -0.394 -0.077
6453959.000 1727575.000 0.303 -0.441 -0.083
6454059.000 1727575.000 0.333 -0.428 -0.079
6454084.000 1727575.000 0.330 -0.416 -0.074
6454134.000 1727575.000 0.267 -0.435 -0.082
6454159.000 1727575.000 0.277 -0.462 -0.081
6454234.000 1727575.000 0.304 -0.371 -0.076
6454284.000 1727575.000 0.386 -0.409 -0.086
6454259.000 1727575.000 0.293 -0.394 -0.078
6454109.000 1727575.000 0.342 -0.435 -0.077
6454384.000 1727575.000 0.267 -0.459 -0.091
6454209.000 1727575.000 0.287 -0.448 -0.076
6454184.000 1727575.000 0.244 -0.455 -0.084
6454359.000 1727575.000 0.394 -0.573 -0.083
6454309.000 1727575.000 0.372 -0.393 -0.091
6454334.000 1727575.000 0.421 -0.517 -0.084
6454409.000 1727575.000 0.311 -0.434 -0.092
6454459.000 1727575.000 0.369 -0.433 -0.072
6454484.000 1727575.000 0.360 -0.452 -0.075
6454434.000 1727575.000 0.363 -0.418 -0.075
6454509.000 1727575.000 0.371 -0.464 -0.078
6454534.000 1727575.000 0.317 -0.477 -0.081
6451559.000 1727600.000 0.180 -0.831 -0.090
6451584.000 1727600.000 0.160 -0.859 -0.097
6451634.000 1727600.000 0.073 -0.812 -0.099
6451609.000 1727600.000 0.094 -0.831 -0.099
6451659.000 1727600.000 0.089 -0.859 -0.107
6451709.000 1727600.000 0.215 -0.849 -0.113
6451734.000 1727600.000 0.206 -0.914 -0.119
6451684.000 1727600.000 0.185 -0.841 -0.108
6451834.000 1727600.000 0.173 -0.839 -0.119
6451859.000 1727600.000 0.158 -0.841 -0.122
6451759.000 1727600.000 0.182 -0.927 -0.121
6451784.000 1727600.000 0.171 -0.921 -0.122
6451809.000 1727600.000 0.167 -0.869 -0.116
6451884.000 1727600.000 0.175 -0.839 -0.124
6451909.000 1727600.000 0.183 -0.867 -0.136
6451934.000 1727600.000 0.143 -0.892 -0.139
6451959.000 1727600.000 0.125 -0.928 -0.156
6451984.000 1727600.000 0.189 -0.916 -0.152
6452034.000 1727600.000 0.344 -0.743 -0.120
6452059.000 1727600.000 0.343 -0.758 -0.121
6452159.000 1727600.000 0.296 -0.698 -0.125
6452184.000 1727600.000 0.205 -0.544 -0.128
6452009.000 1727600.000 0.268 -0.829 -0.136
6452109.000 1727600.000 0.328 -0.758 -0.114
6452084.000 1727600.000 0.432 -0.729 -0.103
6452134.000 1727600.000 0.221 -0.769 -0.126
6452209.000 1727600.000 0.208 -0.453 -0.097
6452234.000 1727600.000 0.259 -0.403 -0.056
6452309.000 1727600.000 0.201 -0.354 -0.098
6452334.000 1727600.000 0.182 -0.349 -0.112
6452259.000 1727600.000 0.228 -0.475 -0.127
6452284.000 1727600.000 0.429 -0.393 -0.174
6452359.000 1727600.000 0.176 -0.259 -0.103
6452459.000 1727600.000 0.142 -0.417 -0.080
6452384.000 1727600.000 0.305 -0.374 -0.089
6452409.000 1727600.000 0.308 -0.421 -0.084
6452434.000 1727600.000 0.134 -0.436 -0.085
6452484.000 1727600.000 0.192 -0.478 -0.078
6452534.000 1727600.000 0.189 -0.523 -0.114
6452584.000 1727600.000 0.213 -0.517 -0.119
6452684.000 1727600.000 0.247 -0.511 -0.110
6452659.000 1727600.000 0.269 -0.489 -0.091
6452509.000 1727600.000 0.233 -0.569 -0.091
6452559.000 1727600.000 0.154 -0.529 -0.131
6452609.000 1727600.000 0.231 -0.497 -0.116
6452634.000 1727600.000 0.255 -0.484 -0.100
6452709.000 1727600.000 0.243 -0.518 -0.122
6452784.000 1727600.000 0.263 -0.506 -0.105
6452884.000 1727600.000 0.282 -0.452 -0.101
6452734.000 1727600.000 0.229 -0.519 -0.125
6452759.000 1727600.000 0.281 -0.528 -0.118
6452809.000 1727600.000 0.186 -0.306 -0.108
6452859.000 1727600.000 0.267 -0.447 -0.100
6452834.000 1727600.000 0.246 -0.417 -0.105
6452934.000 1727600.000 0.356 -0.423 -0.089
6452959.000 1727600.000 0.248 -0.445 -0.103
6452909.000 1727600.000 0.324 -0.387 -0.075
6452984.000 1727600.000 0.281 -0.442 -0.104
6453009.000 1727600.000 0.362 -0.446 -0.102
6453034.000 1727600.000 0.358 -0.448 -0.096
6453134.000 1727600.000 0.312 -0.287 -0.077
6453159.000 1727600.000 0.362 -0.310 -0.074
6453084.000 1727600.000 0.233 -0.268 -0.090
6453059.000 1727600.000 0.418 -0.481 -0.092
6453109.000 1727600.000 0.243 -0.299 -0.081
6453184.000 1727600.000 0.461 -0.298 -0.075
6453209.000 1727600.000 0.435 -0.393 -0.072
6453384.000 1727600.000 0.281 -0.412 -0.108
6453334.000 1727600.000 0.281 -0.443 -0.116
6453234.000 1727600.000 0.289 -0.465 -0.076
6453259.000 1727600.000 0.235 -0.327 -0.099
6453359.000 1727600.000 0.334 -0.438 -0.113
6453284.000 1727600.000 0.257 -0.351 -0.109
6453309.000 1727600.000 0.260 -0.447 -0.116
6453459.000 1727600.000 0.245 -0.493 -0.113
6453434.000 1727600.000 0.266 -0.503 -0.111
6453484.000 1727600.000 0.271 -0.406 -0.112
6453409.000 1727600.000 0.331 -0.489 -0.110
6453509.000 1727600.000 0.316 -0.381 -0.114
6453534.000 1727600.000 0.399 -0.354 -0.117
6453559.000 1727600.000 0.303 -0.366 -0.116
6453609.000 1727600.000 0.301 -0.353 -0.118
6453634.000 1727600.000 0.262 -0.328 -0.116
6453684.000 1727600.000 0.206 -0.373 -0.121
6453659.000 1727600.000 0.194 -0.367 -0.117
6453584.000 1727600.000 0.249 -0.328 -0.117
6453709.000 1727600.000 0.285 -0.356 -0.125
6453734.000 1727600.000 0.545 -0.281 -0.125
6453759.000 1727600.000 0.302 -0.333 -0.129
6453784.000 1727600.000 0.305 -0.346 -0.135
6453809.000 1727600.000 0.317 -0.297 -0.140
6453859.000 1727600.000 0.332 -0.315 -0.112
6453834.000 1727600.000 0.346 -0.260 -0.125
6453884.000 1727600.000 0.342 -0.379 -0.106
6454009.000 1727600.000 0.304 -0.426 -0.081
6454059.000 1727600.000 0.311 -0.408 -0.073
6453909.000 1727600.000 0.399 -0.336 -0.094
6453934.000 1727600.000 0.361 -0.374 -0.088
6453984.000 1727600.000 0.334 -0.312 -0.078
6454034.000 1727600.000 0.313 -0.402 -0.076
6453959.000 1727600.000 0.374 -0.377 -0.084
6454084.000 1727600.000 0.324 -0.419 -0.073
6454109.000 1727600.000 0.339 -0.439 -0.076
6454209.000 1727600.000 0.358 -0.363 -0.074
6454134.000 1727600.000 0.360 -0.301 -0.076
6454159.000 1727600.000 0.297 -0.419 -0.082
6454184.000 1727600.000 0.324 -0.320 -0.077
6454234.000 1727600.000 0.344 -0.351 -0.077
6454309.000 1727600.000 0.194 -0.381 -0.100
6454259.000 1727600.000 0.369 -0.366 -0.084
6454334.000 1727600.000 0.252 -0.417 -0.091
6454284.000 1727600.000 0.242 -0.394 -0.098
6454409.000 1727600.000 0.343 -0.397 -0.092
6454359.000 1727600.000 0.319 -0.453 -0.088
6454384.000 1727600.000 0.310 -0.432 -0.093
6454434.000 1727600.000 0.328 -0.455 -0.077
6454509.000 1727600.000 0.311 -0.471 -0.070
6454459.000 1727600.000 0.349 -0.435 -0.071
6454534.000 1727600.000 0.310 -0.512 -0.078
6454484.000 1727600.000 0.340 -0.441 -0.073
6451634.000 1727625.000 0.121 -0.936 -0.094
6451734.000 1727625.000 0.198 -0.847 -0.107
6451609.000 1727625.000 0.139 -0.883 -0.088
6451659.000 1727625.000 0.119 -0.967 -0.102
6451859.000 1727625.000 0.174 -0.906 -0.131
6451709.000 1727625.000 0.242 -0.837 -0.103
6451684.000 1727625.000 0.171 -0.882 -0.100
6451759.000 1727625.000 0.156 -0.895 -0.112
6451784.000 1727625.000 0.129 -0.908 -0.113
6451809.000 1727625.000 0.134 -0.886 -0.110
6451559.000 1727625.000 0.163 -0.826 -0.081
6451584.000 1727625.000 0.179 -0.838 -0.084
6451834.000 1727625.000 0.132 -0.879 -0.112
6451884.000 1727625.000 0.173 -0.861 -0.119
6451909.000 1727625.000 0.126 -0.798 -0.103
6451934.000 1727625.000 0.123 -0.851 -0.122
6452034.000 1727625.000 0.283 -0.776 -0.125
6452109.000 1727625.000 0.506 -0.828 -0.091
6452184.000 1727625.000 0.196 -0.441 -0.109
6451959.000 1727625.000 0.106 -0.924 -0.151
6452259.000 1727625.000 0.205 -0.468 -0.141
6451984.000 1727625.000 0.147 -0.933 -0.157
6452009.000 1727625.000 0.220 -0.846 -0.136
6452209.000 1727625.000 0.244 -0.436 -0.088
6452059.000 1727625.000 0.305 -0.749 -0.118
6452084.000 1727625.000 0.335 -0.714 -0.111
6452159.000 1727625.000 0.192 -0.449 -0.108
6452134.000 1727625.000 0.341 -0.826 -0.106
6452284.000 1727625.000 0.367 -0.577 -0.193
6452234.000 1727625.000 0.197 -0.462 -0.133
6452334.000 1727625.000 0.186 -0.479 -0.191
6452309.000 1727625.000 0.172 -0.459 -0.163
6452384.000 1727625.000 0.277 -0.418 -0.102
6452409.000 1727625.000 0.193 -0.474 -0.101
6452359.000 1727625.000 0.116 -0.451 -0.126
6452459.000 1727625.000 0.161 -0.479 -0.080
6452484.000 1727625.000 0.220 -0.454 -0.074
6452534.000 1727625.000 0.196 -0.535 -0.098
6452559.000 1727625.000 0.187 -0.543 -0.104
6452434.000 1727625.000 0.151 -0.447 -0.088
6452584.000 1727625.000 0.215 -0.528 -0.116
6452509.000 1727625.000 0.200 -0.490 -0.082
6452684.000 1727625.000 0.264 -0.532 -0.090
6452634.000 1727625.000 0.209 -0.489 -0.126
6452609.000 1727625.000 0.194 -0.508 -0.134
6452659.000 1727625.000 0.255 -0.511 -0.100
6452709.000 1727625.000 0.241 -0.530 -0.115
6452734.000 1727625.000 0.232 -0.540 -0.111
6452809.000 1727625.000 0.273 -0.494 -0.107
6452759.000 1727625.000 0.228 -0.510 -0.108
6452784.000 1727625.000 0.213 -0.470 -0.109
6452859.000 1727625.000 0.254 -0.433 -0.109
6452984.000 1727625.000 0.241 -0.487 -0.105
6452934.000 1727625.000 0.347 -0.439 -0.102
6452834.000 1727625.000 0.227 -0.417 -0.108
6453034.000 1727625.000 0.326 -0.407 -0.096
6452884.000 1727625.000 0.273 -0.445 -0.106
6452909.000 1727625.000 0.299 -0.421 -0.100
6452959.000 1727625.000 0.284 -0.486 -0.109
6453009.000 1727625.000 0.349 -0.420 -0.099
6453084.000 1727625.000 0.341 -0.342 -0.091
6453109.000 1727625.000 0.276 -0.241 -0.085
6453059.000 1727625.000 0.286 -0.443 -0.093
6453134.000 1727625.000 0.371 -0.308 -0.081
6453284.000 1727625.000 0.235 -0.323 -0.109
6453184.000 1727625.000 0.513 -0.297 -0.082
6453359.000 1727625.000 0.387 -0.478 -0.114
6453209.000 1727625.000 0.562 -0.350 -0.079
6453259.000 1727625.000 0.261 -0.295 -0.095
6453159.000 1727625.000 0.446 -0.349 -0.082
6453334.000 1727625.000 0.304 -0.472 -0.116
6453434.000 1727625.000 0.284 -0.478 -0.116
6453409.000 1727625.000 0.340 -0.458 -0.116
6453459.000 1727625.000 0.270 -0.519 -0.113
6453484.000 1727625.000 0.276 -0.432 -0.115
6453234.000 1727625.000 0.333 -0.421 -0.073
6453309.000 1727625.000 0.244 -0.507 -0.122
6453509.000 1727625.000 0.242 -0.312 -0.117
6453534.000 1727625.000 0.314 -0.333 -0.119
6453384.000 1727625.000 0.358 -0.453 -0.111
6453684.000 1727625.000 0.261 -0.364 -0.122
6453584.000 1727625.000 0.187 -0.362 -0.120
6453634.000 1727625.000 0.271 -0.357 -0.118
6453559.000 1727625.000 0.213 -0.363 -0.119
6453609.000 1727625.000 0.304 -0.352 -0.120
6453709.000 1727625.000 0.322 -0.337 -0.125
6453859.000 1727625.000 0.323 -0.281 -0.109
6453734.000 1727625.000 0.376 -0.320 -0.125
6453659.000 1727625.000 0.261 -0.388 -0.117
6453759.000 1727625.000 0.417 -0.342 -0.125
6453784.000 1727625.000 0.349 -0.326 -0.127
6453809.000 1727625.000 0.352 -0.295 -0.155
6453834.000 1727625.000 0.328 -0.219 -0.126
6453909.000 1727625.000 0.344 -0.408 -0.102
6453934.000 1727625.000 0.363 -0.386 -0.094
6453884.000 1727625.000 0.338 -0.345 -0.104
6453984.000 1727625.000 0.449 -0.402 -0.085
6453959.000 1727625.000 0.418 -0.402 -0.089
6454009.000 1727625.000 0.300 -0.372 -0.082
6454034.000 1727625.000 0.314 -0.400 -0.071
6454109.000 1727625.000 0.344 -0.430 -0.075
6454059.000 1727625.000 0.317 -0.408 -0.070
6454209.000 1727625.000 0.463 -0.311 -0.076
6454134.000 1727625.000 0.426 -0.235 -0.074
6454184.000 1727625.000 0.365 -0.281 -0.078
6454084.000 1727625.000 0.319 -0.417 -0.071
6454159.000 1727625.000 0.334 -0.371 -0.084
6454259.000 1727625.000 0.321 -0.385 -0.091
6454234.000 1727625.000 0.456 -0.374 -0.080
6454309.000 1727625.000 0.270 -0.478 -0.098
6454334.000 1727625.000 0.227 -0.418 -0.094
6454284.000 1727625.000 0.387 -0.498 -0.096
6454359.000 1727625.000 0.264 -0.407 -0.088
6454384.000 1727625.000 0.261 -0.369 -0.092
6454409.000 1727625.000 0.372 -0.362 -0.092
6454459.000 1727625.000 0.340 -0.442 -0.071
6454434.000 1727625.000 0.316 -0.463 -0.083
6454484.000 1727625.000 0.333 -0.439 -0.070
6454534.000 1727625.000 0.279 -0.401 -0.070
6451559.000 1727650.000 0.096 -0.828 -0.073
6454509.000 1727625.000 0.276 -0.512 -0.070
6451584.000 1727650.000 0.138 -0.781 -0.069
6451609.000 1727650.000 0.102 -0.774 -0.067
6451634.000 1727650.000 0.089 -0.868 -0.077
6451659.000 1727650.000 0.127 -0.922 -0.088
6451684.000 1727650.000 0.189 -0.893 -0.091
6451734.000 1727650.000 0.145 -0.917 -0.096
6451709.000 1727650.000 0.204 -0.889 -0.093
6451759.000 1727650.000 0.169 -0.917 -0.099
6451784.000 1727650.000 0.173 -0.875 -0.096
6451809.000 1727650.000 0.146 -0.863 -0.098
6451834.000 1727650.000 0.114 -0.875 -0.101
6451884.000 1727650.000 0.162 -0.831 -0.106
6451909.000 1727650.000 0.154 -0.816 -0.108
6451934.000 1727650.000 0.126 -0.839 -0.117
6451959.000 1727650.000 0.138 -0.928 -0.148
6451859.000 1727650.000 0.125 -0.855 -0.105
6452034.000 1727650.000 0.206 -0.847 -0.138
6452084.000 1727650.000 0.175 -0.817 -0.128
6451984.000 1727650.000 0.152 -0.914 -0.149
6452009.000 1727650.000 0.167 -0.864 -0.136
6452059.000 1727650.000 0.207 -0.814 -0.128
6452109.000 1727650.000 0.357 -0.753 -0.088
6452134.000 1727650.000 0.126 -0.672 -0.092
6452159.000 1727650.000 0.117 -0.582 -0.091
6452184.000 1727650.000 0.210 -0.513 -0.100
6452209.000 1727650.000 0.222 -0.469 -0.105
6452234.000 1727650.000 0.185 -0.462 -0.135
6452259.000 1727650.000 0.161 -0.461 -0.151
6452284.000 1727650.000 0.319 -0.471 -0.150
6452309.000 1727650.000 0.168 -0.448 -0.155
6452334.000 1727650.000 0.152 -0.468 -0.163
6452359.000 1727650.000 0.134 -0.566 -0.201
6452384.000 1727650.000 0.048 -0.437 -0.101
6452409.000 1727650.000 0.296 -0.471 -0.111
6452459.000 1727650.000 0.232 -0.463 -0.083
6452434.000 1727650.000 0.240 -0.535 -0.131
6452559.000 1727650.000 0.183 -0.553 -0.104
6452484.000 1727650.000 0.228 -0.467 -0.076
6452509.000 1727650.000 0.212 -0.497 -0.076
6452534.000 1727650.000 0.189 -0.529 -0.096
6452609.000 1727650.000 0.196 -0.528 -0.130
6452584.000 1727650.000 0.228 -0.531 -0.105
6452634.000 1727650.000 0.194 -0.511 -0.121
6452659.000 1727650.000 0.210 -0.516 -0.111
6452709.000 1727650.000 0.243 -0.549 -0.096
6452734.000 1727650.000 0.252 -0.625 -0.055
6452684.000 1727650.000 0.224 -0.545 -0.108
6452784.000 1727650.000 0.212 -0.503 -0.103
6452759.000 1727650.000 0.366 -0.762 -0.063
6452884.000 1727650.000 0.292 -0.482 -0.100
6452809.000 1727650.000 0.270 -0.482 -0.106
6452834.000 1727650.000 0.255 -0.454 -0.107
6452984.000 1727650.000 0.302 -0.349 -0.100
6452859.000 1727650.000 0.291 -0.483 -0.105
6452909.000 1727650.000 0.299 -0.473 -0.099
6453009.000 1727650.000 0.361 -0.314 -0.094
6452934.000 1727650.000 0.298 -0.459 -0.107
6452959.000 1727650.000 0.312 -0.493 -0.105
6453034.000 1727650.000 0.355 -0.358 -0.092
6453059.000 1727650.000 0.347 -0.400 -0.098
6453084.000 1727650.000 0.481 -0.371 -0.096
6453109.000 1727650.000 0.381 -0.317 -0.086
6453134.000 1727650.000 0.372 -0.350 -0.084
6453209.000 1727650.000 0.389 -0.310 -0.078
6453159.000 1727650.000 0.392 -0.376 -0.086
6453234.000 1727650.000 0.331 -0.315 -0.068
6453184.000 1727650.000 0.405 -0.311 -0.083
6453284.000 1727650.000 0.261 -0.422 -0.116
6453359.000 1727650.000 0.386 -0.480 -0.113
6453259.000 1727650.000 0.351 -0.369 -0.094
6453384.000 1727650.000 0.441 -0.463 -0.114
6453434.000 1727650.000 0.189 -0.442 -0.119
6453334.000 1727650.000 0.305 -0.474 -0.115
6453309.000 1727650.000 0.253 -0.504 -0.121
6453409.000 1727650.000 0.164 -0.414 -0.121
6453459.000 1727650.000 0.257 -0.515 -0.114
6453484.000 1727650.000 0.246 -0.538 -0.117
6453509.000 1727650.000 0.216 -0.348 -0.120
6453534.000 1727650.000 0.359 -0.314 -0.121
6453559.000 1727650.000 0.329 -0.383 -0.119
6453584.000 1727650.000 0.275 -0.344 -0.122
6453609.000 1727650.000 0.266 -0.366 -0.123
6453659.000 1727650.000 0.282 -0.365 -0.115
6453684.000 1727650.000 0.299 -0.368 -0.116
6453634.000 1727650.000 0.263 -0.368 -0.121
6453759.000 1727650.000 0.324 -0.279 -0.132
6453709.000 1727650.000 0.322 -0.313 -0.119
6453734.000 1727650.000 0.300 -0.311 -0.131
6453784.000 1727650.000 0.376 -0.273 -0.146
6453809.000 1727650.000 0.193 -0.319 -0.169
6453834.000 1727650.000 0.207 -0.330 -0.137
6453859.000 1727650.000 0.309 -0.266 -0.100
6453884.000 1727650.000 0.452 -0.360 -0.101
6453959.000 1727650.000 0.278 -0.420 -0.085
6453909.000 1727650.000 0.332 -0.400 -0.104
6453934.000 1727650.000 0.299 -0.381 -0.096
6453984.000 1727650.000 0.366 -0.473 -0.068
6454009.000 1727650.000 0.306 -0.353 -0.070
6454034.000 1727650.000 0.298 -0.406 -0.067
6454059.000 1727650.000 0.285 -0.423 -0.066
6454109.000 1727650.000 0.484 -0.296 -0.072
6454084.000 1727650.000 0.207 -0.337 -0.072
6454134.000 1727650.000 0.470 -0.282 -0.076
6454159.000 1727650.000 0.394 -0.347 -0.084
6454184.000 1727650.000 0.348 -0.347 -0.086
6454209.000 1727650.000 0.287 -0.322 -0.088
6454234.000 1727650.000 0.307 -0.309 -0.089
6454259.000 1727650.000 0.497 -0.546 -0.089
6454284.000 1727650.000 0.323 -0.489 -0.097
6454309.000 1727650.000 0.262 -0.480 -0.098
6454434.000 1727650.000 0.351 -0.500 -0.082
6454334.000 1727650.000 0.177 -0.476 -0.104
6454459.000 1727650.000 0.338 -0.432 -0.082
6454359.000 1727650.000 0.327 -0.334 -0.091
6454384.000 1727650.000 0.247 -0.310 -0.093
6454409.000 1727650.000 0.244 -0.260 -0.087
6454484.000 1727650.000 0.302 -0.422 -0.079
6454509.000 1727650.000 0.284 -0.385 -0.077
6454534.000 1727650.000 0.297 -0.410 -0.069
6451684.000 1727675.000 0.026 -0.753 -0.068
6451659.000 1727675.000 0.007 -0.793 -0.070
6451809.000 1727675.000 0.186 -0.828 -0.086
6451584.000 1727675.000 0.101 -0.935 -0.079
6451834.000 1727675.000 0.196 -0.777 -0.089
6451709.000 1727675.000 0.225 -0.790 -0.074
6451559.000 1727675.000 0.152 -0.937 -0.081
6451859.000 1727675.000 0.194 -0.781 -0.092
6451884.000 1727675.000 0.161 -0.810 -0.096
6451734.000 1727675.000 0.186 -0.942 -0.091
6451609.000 1727675.000 0.112 -0.888 -0.072
6451784.000 1727675.000 0.222 -0.848 -0.083
6451759.000 1727675.000 0.216 -0.889 -0.087
6451634.000 1727675.000 0.160 -0.802 -0.066
6451934.000 1727675.000 0.199 -0.834 -0.117
6451909.000 1727675.000 0.197 -0.837 -0.109
6451959.000 1727675.000 0.044 -0.792 -0.104
6451984.000 1727675.000 0.102 -0.837 -0.118
6452009.000 1727675.000 0.133 -0.857 -0.127
6452059.000 1727675.000 0.146 -0.839 -0.130
6452034.000 1727675.000 0.134 -0.904 -0.152
6452134.000 1727675.000 0.210 -0.687 -0.079
6452159.000 1727675.000 0.000 -0.586 -0.090
6452109.000 1727675.000 0.238 -0.760 -0.093
6452084.000 1727675.000 0.115 -0.838 -0.129
6452184.000 1727675.000 0.112 -0.629 -0.125
6452234.000 1727675.000 0.182 -0.507 -0.117
6452284.000 1727675.000 0.345 -0.386 -0.128
6452209.000 1727675.000 0.168 -0.565 -0.112
6452309.000 1727675.000 0.233 -0.443 -0.174
6452409.000 1727675.000 0.264 -0.456 -0.103
6452334.000 1727675.000 0.188 -0.480 -0.197
6452359.000 1727675.000 0.119 -0.493 -0.201
6452384.000 1727675.000 0.001 -0.417 -0.093
6452259.000 1727675.000 0.240 -0.271 -0.124
6452434.000 1727675.000 0.223 -0.479 -0.127
6452459.000 1727675.000 0.235 -0.480 -0.110
6452534.000 1727675.000 0.152 -0.504 -0.118
6452484.000 1727675.000 0.223 -0.466 -0.087
6452559.000 1727675.000 0.164 -0.497 -0.117
6452509.000 1727675.000 0.196 -0.481 -0.086
6452584.000 1727675.000 0.211 -0.497 -0.105
6452634.000 1727675.000 0.201 -0.524 -0.108
6452609.000 1727675.000 0.190 -0.521 -0.122
6452709.000 1727675.000 0.227 -0.560 -0.093
6452659.000 1727675.000 0.205 -0.533 -0.107
6452759.000 1727675.000 0.378 -0.378 -0.045
6452784.000 1727675.000 0.355 -0.535 -0.055
6452809.000 1727675.000 0.267 -0.481 -0.106
6452834.000 1727675.000 0.286 -0.491 -0.102
6452684.000 1727675.000 0.221 -0.511 -0.092
6452734.000 1727675.000 0.254 -0.545 -0.078
6452859.000 1727675.000 0.297 -0.513 -0.091
6452884.000 1727675.000 0.284 -0.518 -0.079
6452909.000 1727675.000 0.276 -0.524 -0.091
6452959.000 1727675.000 0.295 -0.515 -0.104
6452934.000 1727675.000 0.267 -0.546 -0.100
6453059.000 1727675.000 0.410 -0.400 -0.082
6453109.000 1727675.000 0.332 -0.523 -0.075
6452984.000 1727675.000 0.303 -0.438 -0.098
6453134.000 1727675.000 0.365 -0.269 -0.082
6453184.000 1727675.000 0.388 -0.387 -0.082
6453009.000 1727675.000 0.368 -0.349 -0.091
6453034.000 1727675.000 0.370 -0.342 -0.086
6453084.000 1727675.000 0.548 -0.625 -0.063
6453159.000 1727675.000 0.356 -0.403 -0.084
6453209.000 1727675.000 0.303 -0.355 -0.079
6453259.000 1727675.000 0.140 -0.413 -0.093
6453284.000 1727675.000 0.214 -0.425 -0.117
6453234.000 1727675.000 0.252 -0.335 -0.069
6453309.000 1727675.000 0.209 -0.484 -0.121
6453384.000 1727675.000 0.219 -0.616 -0.122
6453334.000 1727675.000 0.271 -0.460 -0.116
6453359.000 1727675.000 0.288 -0.616 -0.116
6453459.000 1727675.000 0.247 -0.494 -0.115
6453409.000 1727675.000 0.171 -0.478 -0.122
6453484.000 1727675.000 0.230 -0.515 -0.118
6453434.000 1727675.000 0.262 -0.484 -0.117
6453634.000 1727675.000 0.266 -0.333 -0.119
6453534.000 1727675.000 0.295 -0.444 -0.120
6453659.000 1727675.000 0.294 -0.301 -0.115
6453509.000 1727675.000 0.211 -0.383 -0.122
6453734.000 1727675.000 0.273 -0.378 -0.130
6453709.000 1727675.000 0.324 -0.309 -0.118
6453559.000 1727675.000 0.286 -0.404 -0.120
6453759.000 1727675.000 0.303 -0.307 -0.139
6453809.000 1727675.000 0.211 -0.336 -0.172
6453834.000 1727675.000 0.179 -0.353 -0.121
6453859.000 1727675.000 0.309 -0.348 -0.081
6453784.000 1727675.000 0.415 -0.254 -0.154
6453584.000 1727675.000 0.267 -0.388 -0.122
6453609.000 1727675.000 0.279 -0.406 -0.123
6453884.000 1727675.000 0.473 -0.381 -0.097
6453684.000 1727675.000 0.340 -0.294 -0.116
6454009.000 1727675.000 0.379 -0.302 -0.067
6454159.000 1727675.000 0.305 -0.349 -0.085
6454109.000 1727675.000 0.336 -0.275 -0.078
6453909.000 1727675.000 0.390 -0.322 -0.095
6454134.000 1727675.000 0.406 -0.351 -0.080
6453959.000 1727675.000 0.277 -0.358 -0.078
6454084.000 1727675.000 0.134 -0.194 -0.080
6454034.000 1727675.000 0.430 -0.315 -0.070
6454184.000 1727675.000 0.284 -0.343 -0.090
6454259.000 1727675.000 0.243 -0.465 -0.093
6453934.000 1727675.000 0.396 -0.264 -0.093
6453984.000 1727675.000 0.408 -0.364 -0.069
6454059.000 1727675.000 0.372 -0.281 -0.070
6454234.000 1727675.000 0.264 -0.387 -0.086
6454209.000 1727675.000 0.392 -0.401 -0.087
6454309.000 1727675.000 0.177 -0.522 -0.100
6454334.000 1727675.000 0.174 -0.465 -0.101
6454284.000 1727675.000 0.240 -0.468 -0.097
6454409.000 1727675.000 0.252 -0.306 -0.092
6454359.000 1727675.000 0.405 -0.256 -0.091
6454384.000 1727675.000 0.397 -0.211 -0.098
6454434.000 1727675.000 0.331 -0.371 -0.082
6454459.000 1727675.000 0.368 -0.392 -0.084
6454484.000 1727675.000 0.264 -0.365 -0.082
6454534.000 1727675.000 0.229 -0.368 -0.071
6454509.000 1727675.000 0.232 -0.373 -0.081
6451559.000 1727700.000 0.336 -1.526 -0.191
6451584.000 1727700.000 0.191 -1.012 -0.078
6451684.000 1727700.000 -0.068 -0.805 -0.068
6451609.000 1727700.000 0.160 -0.870 -0.062
6451759.000 1727700.000 0.204 -0.916 -0.080
6451784.000 1727700.000 0.176 -0.919 -0.082
6451709.000 1727700.000 0.288 -0.762 -0.060
6451634.000 1727700.000 -0.024 -0.711 -0.035
6451659.000 1727700.000 -0.108 -0.923 -0.113
6451734.000 1727700.000 0.224 -0.876 -0.071
6451834.000 1727700.000 0.111 -0.806 -0.090
6451809.000 1727700.000 0.097 -0.883 -0.089
6451859.000 1727700.000 0.191 -0.746 -0.090
6451884.000 1727700.000 0.189 -0.767 -0.094
6451909.000 1727700.000 0.243 -0.801 -0.106
6451934.000 1727700.000 0.229 -0.822 -0.116
6452009.000 1727700.000 0.018 -0.685 -0.023
6452059.000 1727700.000 0.142 -0.802 -0.119
6452084.000 1727700.000 0.127 -0.839 -0.143
6452109.000 1727700.000 0.170 -0.794 -0.133
6451959.000 1727700.000 0.153 -0.780 -0.098
6451984.000 1727700.000 0.055 -0.702 -0.041
6452034.000 1727700.000 0.055 -0.790 -0.083
6452159.000 1727700.000 0.002 -0.586 -0.098
6452134.000 1727700.000 0.192 -0.778 -0.144
6452209.000 1727700.000 0.123 -0.564 -0.121
6452259.000 1727700.000 0.239 -0.429 -0.095
6452184.000 1727700.000 0.037 -0.625 -0.124
6452234.000 1727700.000 0.151 -0.538 -0.120
6452284.000 1727700.000 0.218 -0.408 -0.153
6452309.000 1727700.000 0.214 -0.465 -0.179
6452334.000 1727700.000 0.170 -0.429 -0.175
6452359.000 1727700.000 0.174 -0.461 -0.147
6452409.000 1727700.000 0.249 -0.404 -0.101
6452384.000 1727700.000 0.150 -0.479 -0.136
6452434.000 1727700.000 0.267 -0.408 -0.115
6452484.000 1727700.000 0.205 -0.479 -0.108
6452459.000 1727700.000 0.256 -0.465 -0.118
6452584.000 1727700.000 0.196 -0.493 -0.115
6452509.000 1727700.000 0.181 -0.508 -0.130
6452684.000 1727700.000 0.231 -0.503 -0.084
6452659.000 1727700.000 0.210 -0.505 -0.088
6452609.000 1727700.000 0.188 -0.502 -0.116
6452559.000 1727700.000 0.157 -0.507 -0.147
6452534.000 1727700.000 0.173 -0.525 -0.144
6452759.000 1727700.000 0.327 -0.436 -0.082
6452734.000 1727700.000 0.145 -0.403 -0.079
6452709.000 1727700.000 0.183 -0.479 -0.084
6452834.000 1727700.000 0.259 -0.472 -0.137
6452784.000 1727700.000 0.337 -0.529 -0.060
6452809.000 1727700.000 0.277 -0.495 -0.099
6452634.000 1727700.000 0.183 -0.523 -0.116
6452909.000 1727700.000 0.288 -0.526 -0.082
6452959.000 1727700.000 0.237 -0.546 -0.119
6452984.000 1727700.000 0.276 -0.577 -0.100
6453084.000 1727700.000 0.356 -0.446 -0.082
6452884.000 1727700.000 0.304 -0.485 -0.109
6453009.000 1727700.000 0.353 -0.361 -0.088
6452859.000 1727700.000 0.320 -0.482 -0.128
6453159.000 1727700.000 0.356 -0.479 -0.093
6453184.000 1727700.000 0.428 -0.423 -0.089
6453209.000 1727700.000 0.376 -0.487 -0.102
6452934.000 1727700.000 0.272 -0.550 -0.080
6453134.000 1727700.000 0.286 -0.547 -0.104
6453109.000 1727700.000 0.377 -0.511 -0.081
6453034.000 1727700.000 0.345 -0.332 -0.084
6453059.000 1727700.000 0.348 -0.423 -0.083
6453234.000 1727700.000 0.223 -0.407 -0.084
6453334.000 1727700.000 0.271 -0.359 -0.114
6453259.000 1727700.000 0.127 -0.457 -0.100
6453484.000 1727700.000 0.239 -0.523 -0.119
6453309.000 1727700.000 0.213 -0.429 -0.120
6453434.000 1727700.000 0.270 -0.449 -0.114
6453459.000 1727700.000 0.258 -0.465 -0.112
6453284.000 1727700.000 0.226 -0.434 -0.119
6453359.000 1727700.000 0.273 -0.413 -0.112
6453384.000 1727700.000 0.249 -0.554 -0.118
6453559.000 1727700.000 0.209 -0.397 -0.121
6453509.000 1727700.000 0.257 -0.392 -0.121
6453534.000 1727700.000 0.223 -0.386 -0.120
6453409.000 1727700.000 0.322 -0.371 -0.115
6453584.000 1727700.000 0.289 -0.355 -0.120
6453609.000 1727700.000 0.323 -0.385 -0.122
6453634.000 1727700.000 0.280 -0.400 -0.123
6453659.000 1727700.000 0.262 -0.315 -0.119
6453759.000 1727700.000 0.278 -0.322 -0.158
6453709.000 1727700.000 0.277 -0.366 -0.130
6453784.000 1727700.000 0.310 -0.232 -0.129
6453684.000 1727700.000 0.305 -0.323 -0.124
6453734.000 1727700.000 0.275 -0.352 -0.138
6453809.000 1727700.000 0.216 0.078 -0.104
6453834.000 1727700.000 0.259 -0.268 -0.096
6453859.000 1727700.000 0.296 -0.278 -0.089
6453934.000 1727700.000 0.441 -0.356 -0.089
6453884.000 1727700.000 0.365 -0.248 -0.093
6454059.000 1727700.000 0.438 -0.359 -0.070
6453959.000 1727700.000 0.401 -0.305 -0.079
6453909.000 1727700.000 0.414 -0.323 -0.092
6453984.000 1727700.000 0.438 -0.288 -0.072
6454009.000 1727700.000 0.413 -0.292 -0.067
6454109.000 1727700.000 0.404 -0.345 -0.075
6454084.000 1727700.000 0.299 -0.329 -0.078
6454134.000 1727700.000 0.385 -0.383 -0.078
6454034.000 1727700.000 0.504 -0.351 -0.067
6454159.000 1727700.000 0.376 -0.369 -0.080
6454184.000 1727700.000 0.346 -0.323 -0.088
6454209.000 1727700.000 0.367 -0.350 -0.084
6454284.000 1727700.000 0.043 -0.305 -0.094
6454259.000 1727700.000 0.052 -0.375 -0.096
6454309.000 1727700.000 0.022 -0.253 -0.095
6454334.000 1727700.000 0.257 -0.104 -0.099
6454459.000 1727700.000 0.228 -0.395 -0.088
6454234.000 1727700.000 0.150 -0.297 -0.083
6454509.000 1727700.000 0.215 -0.352 -0.075
6454484.000 1727700.000 0.187 -0.373 -0.090
6454359.000 1727700.000 0.410 -0.362 -0.097
6454384.000 1727700.000 0.337 -0.327 -0.097
6454434.000 1727700.000 0.220 -0.386 -0.086
6454409.000 1727700.000 0.216 -0.353 -0.095
6454534.000 1727700.000 0.187 -0.363 -0.076
6451684.000 1727725.000 0.207 -0.807 -0.082
6451659.000 1727725.000 0.145 -0.764 -0.090
6451809.000 1727725.000 0.118 -0.829 -0.076
6451634.000 1727725.000 -0.347 -0.649 0.095
6451609.000 1727725.000 0.245 -0.915 0.073
6451834.000 1727725.000 0.113 -0.834 -0.090
6451559.000 1727725.000 0.584 -1.641 -0.189
6451584.000 1727725.000 0.388 -1.198 -0.025
6451784.000 1727725.000 0.124 -0.851 -0.071
6451759.000 1727725.000 0.177 -0.858 -0.068
6451709.000 1727725.000 0.167 -0.904 -0.064
6451734.000 1727725.000 0.162 -0.929 -0.071
6451859.000 1727725.000 0.119 -0.808 -0.099
6451909.000 1727725.000 0.211 -0.825 -0.116
6451884.000 1727725.000 0.144 -0.802 -0.104
6451934.000 1727725.000 0.236 -0.827 -0.113
6451959.000 1727725.000 0.204 -0.754 -0.106
6451984.000 1727725.000 0.191 -0.750 -0.110
6452009.000 1727725.000 0.166 -0.786 -0.117
6452084.000 1727725.000 0.156 -0.814 -0.140
6452034.000 1727725.000 0.151 -0.793 -0.114
6452059.000 1727725.000 0.167 -0.798 -0.123
6452109.000 1727725.000 0.190 -0.740 -0.115
6452134.000 1727725.000 0.229 -0.763 -0.132
6452184.000 1727725.000 0.022 -0.552 -0.083
6452234.000 1727725.000 0.166 -0.530 -0.113
6452159.000 1727725.000 0.028 -0.616 -0.107
6452209.000 1727725.000 0.164 -0.492 -0.103
6452259.000 1727725.000 0.213 -0.517 -0.100
6452334.000 1727725.000 0.257 -0.394 -0.132
6452284.000 1727725.000 0.229 -0.464 -0.113
6452309.000 1727725.000 0.223 -0.508 -0.177
6452359.000 1727725.000 0.170 -0.480 -0.139
6452409.000 1727725.000 0.223 -0.428 -0.123
6452384.000 1727725.000 0.122 -0.496 -0.143
6452434.000 1727725.000 0.232 -0.452 -0.133
6452459.000 1727725.000 0.241 -0.484 -0.150
6452484.000 1727725.000 0.219 -0.476 -0.146
6452559.000 1727725.000 0.149 -0.514 -0.158
6452509.000 1727725.000 0.157 -0.487 -0.134
6452534.000 1727725.000 0.141 -0.513 -0.151
6452609.000 1727725.000 0.188 -0.499 -0.117
6452584.000 1727725.000 0.176 -0.529 -0.145
6452634.000 1727725.000 0.171 -0.475 -0.099
6452734.000 1727725.000 0.170 -0.397 -0.079
6452659.000 1727725.000 0.195 -0.507 -0.088
6452709.000 1727725.000 0.252 -0.517 -0.081
6452684.000 1727725.000 0.286 -0.546 -0.084
6452759.000 1727725.000 0.248 -0.401 -0.078
6452809.000 1727725.000 0.348 -0.535 -0.070
6452784.000 1727725.000 0.320 -0.493 -0.069
6452834.000 1727725.000 0.258 -0.544 -0.117
6452859.000 1727725.000 0.283 -0.494 -0.132
6452884.000 1727725.000 0.314 -0.512 -0.107
6452959.000 1727725.000 0.297 -0.542 -0.089
6452934.000 1727725.000 0.294 -0.530 -0.088
6452909.000 1727725.000 0.302 -0.523 -0.093
6453009.000 1727725.000 0.259 -0.569 -0.120
6453034.000 1727725.000 0.308 -0.450 -0.091
6452984.000 1727725.000 0.287 -0.549 -0.101
6453159.000 1727725.000 0.372 -0.328 -0.076
6453059.000 1727725.000 0.337 -0.416 -0.085
6453084.000 1727725.000 0.358 -0.401 -0.082
6453209.000 1727725.000 0.339 -0.388 -0.076
6453134.000 1727725.000 0.376 -0.306 -0.076
6453184.000 1727725.000 0.305 -0.374 -0.079
6453109.000 1727725.000 0.405 -0.408 -0.077
6453234.000 1727725.000 0.273 -0.407 -0.087
6453259.000 1727725.000 0.225 -0.432 -0.105
6453334.000 1727725.000 0.339 -0.293 -0.114
6453309.000 1727725.000 0.292 -0.358 -0.119
6453284.000 1727725.000 0.262 -0.425 -0.119
6453459.000 1727725.000 0.266 -0.510 -0.115
6453359.000 1727725.000 0.343 -0.327 -0.112
6453534.000 1727725.000 0.212 -0.389 -0.122
6453434.000 1727725.000 0.265 -0.432 -0.114
6453384.000 1727725.000 0.411 -0.322 -0.114
6453584.000 1727725.000 0.308 -0.294 -0.115
6453634.000 1727725.000 0.320 -0.334 -0.127
6453409.000 1727725.000 0.328 -0.396 -0.117
6453484.000 1727725.000 0.270 -0.495 -0.120
6453609.000 1727725.000 0.329 -0.352 -0.122
6453509.000 1727725.000 0.289 -0.413 -0.124
6453559.000 1727725.000 0.170 -0.380 -0.117
6453659.000 1727725.000 0.273 -0.375 -0.131
6453759.000 1727725.000 0.308 -0.320 -0.126
6453809.000 1727725.000 0.387 -0.350 -0.091
6453884.000 1727725.000 0.256 -0.200 -0.091
6453684.000 1727725.000 0.268 -0.357 -0.134
6453734.000 1727725.000 0.290 -0.306 -0.146
6453909.000 1727725.000 0.323 -0.248 -0.094
6453784.000 1727725.000 0.317 -0.251 -0.094
6453834.000 1727725.000 0.325 -0.266 -0.091
6453709.000 1727725.000 0.398 -0.353 -0.139
6453859.000 1727725.000 0.324 -0.258 -0.089
6453934.000 1727725.000 0.420 -0.327 -0.090
6453984.000 1727725.000 0.275 -0.279 -0.080
6453959.000 1727725.000 0.297 -0.314 -0.085
6454034.000 1727725.000 0.197 -0.329 -0.078
6454009.000 1727725.000 0.288 -0.331 -0.071
6454084.000 1727725.000 0.314 -0.335 -0.077
6454109.000 1727725.000 0.364 -0.317 -0.074
6454134.000 1727725.000 0.447 -0.352 -0.074
6454209.000 1727725.000 0.494 -0.552 -0.092
6454059.000 1727725.000 0.286 -0.339 -0.077
6454184.000 1727725.000 0.460 -0.340 -0.084
6454234.000 1727725.000 0.226 -0.281 -0.092
6454159.000 1727725.000 0.486 -0.349 -0.075
6454259.000 1727725.000 0.180 -0.170 -0.093
6454359.000 1727725.000 0.353 -0.443 -0.101
6454459.000 1727725.000 0.303 -0.391 -0.077
6454484.000 1727725.000 0.242 -0.327 -0.066
6454509.000 1727725.000 0.253 -0.341 -0.065
6454534.000 1727725.000 0.234 -0.371 -0.069
6454409.000 1727725.000 0.222 -0.377 -0.101
6454284.000 1727725.000 0.129 -0.298 -0.092
6454334.000 1727725.000 0.322 -0.440 -0.099
6454309.000 1727725.000 0.265 -0.334 -0.093
6454384.000 1727725.000 0.297 -0.421 -0.100
6454434.000 1727725.000 0.254 -0.408 -0.098
6451559.000 1727750.000 10.669 9.978 0.687
6451709.000 1727750.000 0.154 -0.875 -0.072
6451584.000 1727750.000 4.387 1.326 0.419
6451759.000 1727750.000 0.160 -0.852 -0.064
6451734.000 1727750.000 0.151 -0.888 -0.072
6451784.000 1727750.000 0.122 -0.865 -0.066
6451609.000 1727750.000 0.666 -0.852 0.432
6451659.000 1727750.000 0.177 -0.761 -0.063
6451684.000 1727750.000 0.158 -0.803 -0.071
6451634.000 1727750.000 0.670 -0.852 0.304
6451809.000 1727750.000 0.139 -0.872 -0.069
6451834.000 1727750.000 0.115 -0.823 -0.076
6451984.000 1727750.000 0.197 -0.746 -0.119
6451859.000 1727750.000 0.137 -0.768 -0.080
6451884.000 1727750.000 0.123 -0.744 -0.083
6452059.000 1727750.000 0.187 -0.889 -0.177
6452034.000 1727750.000 0.242 -0.851 -0.154
6452084.000 1727750.000 0.188 -0.889 -0.193
6451934.000 1727750.000 0.187 -0.762 -0.094
6451909.000 1727750.000 0.190 -0.741 -0.083
6451959.000 1727750.000 0.199 -0.764 -0.106
6452009.000 1727750.000 0.241 -0.773 -0.133
6452109.000 1727750.000 0.198 -0.838 -0.182
6452159.000 1727750.000 0.159 -0.644 -0.122
6452134.000 1727750.000 0.279 -0.771 -0.148
6452259.000 1727750.000 0.161 -0.575 -0.130
6452334.000 1727750.000 0.298 -0.464 -0.129
6452359.000 1727750.000 0.294 -0.450 -0.132
6452384.000 1727750.000 0.242 -0.451 -0.148
6452209.000 1727750.000 0.134 -0.511 -0.115
6452184.000 1727750.000 0.097 -0.553 -0.109
6452234.000 1727750.000 0.102 -0.531 -0.121
6452309.000 1727750.000 0.226 -0.464 -0.140
6452284.000 1727750.000 0.237 -0.529 -0.098
6452459.000 1727750.000 0.229 -0.476 -0.144
6452584.000 1727750.000 0.179 -0.479 -0.125
6452434.000 1727750.000 0.218 -0.459 -0.128
6452409.000 1727750.000 0.228 -0.441 -0.130
6452509.000 1727750.000 0.172 -0.475 -0.127
6452484.000 1727750.000 0.237 -0.479 -0.159
6452609.000 1727750.000 0.181 -0.466 -0.109
6452634.000 1727750.000 0.177 -0.483 -0.100
6452659.000 1727750.000 0.244 -0.494 -0.089
6452534.000 1727750.000 0.157 -0.482 -0.138
6452559.000 1727750.000 0.192 -0.505 -0.146
6452684.000 1727750.000 0.259 -0.570 -0.085
6452834.000 1727750.000 0.311 -0.537 -0.057
6452959.000 1727750.000 0.294 -0.477 -0.095
6452984.000 1727750.000 0.292 -0.505 -0.078
6452709.000 1727750.000 0.279 -0.467 -0.080
6453009.000 1727750.000 0.287 -0.493 -0.088
6452809.000 1727750.000 0.300 -0.502 -0.060
6452734.000 1727750.000 0.231 -0.448 -0.075
6452909.000 1727750.000 0.282 -0.515 -0.071
6452759.000 1727750.000 0.218 -0.419 -0.061
6452934.000 1727750.000 0.323 -0.443 -0.097
6452784.000 1727750.000 0.275 -0.489 -0.061
6452859.000 1727750.000 0.284 -0.556 -0.063
6452884.000 1727750.000 0.283 -0.569 -0.063
6453034.000 1727750.000 0.289 -0.472 -0.094
6453059.000 1727750.000 0.290 -0.460 -0.090
6453109.000 1727750.000 0.334 -0.358 -0.076
6453134.000 1727750.000 0.361 -0.270 -0.074
6453084.000 1727750.000 0.366 -0.401 -0.083
6453159.000 1727750.000 0.368 -0.283 -0.076
6453209.000 1727750.000 0.294 -0.416 -0.082
6453234.000 1727750.000 0.289 -0.418 -0.086
6453484.000 1727750.000 0.284 -0.471 -0.123
6453184.000 1727750.000 0.308 -0.422 -0.079
6453284.000 1727750.000 0.283 -0.411 -0.118
6453334.000 1727750.000 0.339 -0.342 -0.118
6453509.000 1727750.000 0.292 -0.442 -0.124
6453584.000 1727750.000 0.269 -0.250 -0.114
6453559.000 1727750.000 0.251 -0.256 -0.118
6453259.000 1727750.000 0.249 -0.419 -0.095
6453309.000 1727750.000 0.320 -0.370 -0.119
6453359.000 1727750.000 0.316 -0.406 -0.121
6453384.000 1727750.000 0.400 -0.327 -0.117
6453434.000 1727750.000 0.340 -0.428 -0.119
6453459.000 1727750.000 0.278 -0.480 -0.121
6453409.000 1727750.000 0.354 -0.413 -0.123
6453534.000 1727750.000 0.320 -0.355 -0.123
6453634.000 1727750.000 0.317 -0.332 -0.130
6453734.000 1727750.000 0.320 -0.313 -0.107
6453759.000 1727750.000 0.347 -0.301 -0.090
6453784.000 1727750.000 0.311 -0.252 -0.087
6453609.000 1727750.000 0.331 -0.313 -0.125
6453684.000 1727750.000 0.290 -0.260 -0.143
6453709.000 1727750.000 0.288 -0.327 -0.148
6453659.000 1727750.000 0.290 -0.307 -0.132
6453934.000 1727750.000 0.563 -0.343 -0.085
6453834.000 1727750.000 0.238 -0.240 -0.090
6453809.000 1727750.000 0.380 -0.261 -0.088
6453909.000 1727750.000 0.322 -0.235 -0.092
6453859.000 1727750.000 0.231 -0.232 -0.089
6453884.000 1727750.000 0.303 -0.195 -0.086
6453959.000 1727750.000 0.437 -0.365 -0.079
6454009.000 1727750.000 0.406 -0.351 -0.061
6453984.000 1727750.000 0.431 -0.357 -0.073
6454034.000 1727750.000 0.226 -0.313 -0.070
6454059.000 1727750.000 0.343 -0.334 -0.074
6454084.000 1727750.000 0.281 -0.367 -0.086
6454109.000 1727750.000 0.295 -0.338 -0.085
6454134.000 1727750.000 0.149 -0.174 -0.091
6454159.000 1727750.000 0.397 -0.543 -0.086
6454384.000 1727750.000 0.288 -0.437 -0.101
6454184.000 1727750.000 0.421 -0.423 -0.077
6454209.000 1727750.000 0.314 -0.377 -0.088
6454284.000 1727750.000 0.309 -0.398 -0.094
6454259.000 1727750.000 0.297 -0.348 -0.087
6454234.000 1727750.000 0.409 -0.370 -0.090
6454484.000 1727750.000 0.245 -0.297 -0.061
6454309.000 1727750.000 0.258 -0.332 -0.094
6454434.000 1727750.000 0.351 -0.401 -0.088
6454459.000 1727750.000 0.335 -0.356 -0.076
6454334.000 1727750.000 0.376 -0.403 -0.093
6454359.000 1727750.000 0.324 -0.436 -0.098
6454409.000 1727750.000 0.289 -0.410 -0.098
6454509.000 1727750.000 0.228 -0.312 -0.058
6454534.000 1727750.000 0.245 -0.352 -0.065
6451684.000 1727775.000 0.168 -0.851 -0.079
6451659.000 1727775.000 0.212 -0.835 -0.080
6451709.000 1727775.000 0.177 -0.865 -0.072
6451559.000 1727775.000 9.451 6.226 0.574
6451609.000 1727775.000 1.323 -0.544 0.386
6451734.000 1727775.000 0.196 -0.849 -0.065
6451809.000 1727775.000 0.114 -0.877 -0.070
6451634.000 1727775.000 0.836 -0.793 0.265
6451584.000 1727775.000 8.812 5.308 0.614
6451784.000 1727775.000 0.118 -0.857 -0.062
6451834.000 1727775.000 0.075 -0.878 -0.084
6451759.000 1727775.000 0.177 -0.821 -0.061
6451884.000 1727775.000 0.227 -0.710 -0.070
6451859.000 1727775.000 0.203 -0.775 -0.069
6451934.000 1727775.000 0.131 -0.718 -0.096
6451909.000 1727775.000 0.190 -0.697 -0.078
6451959.000 1727775.000 0.113 -0.740 -0.114
6452059.000 1727775.000 0.173 -0.862 -0.181
6452134.000 1727775.000 0.192 -0.644 -0.144
6452009.000 1727775.000 0.228 -0.712 -0.141
6451984.000 1727775.000 0.230 -0.687 -0.121
6452034.000 1727775.000 0.190 -0.802 -0.164
6452184.000 1727775.000 0.162 -0.567 -0.122
6452109.000 1727775.000 0.176 -0.760 -0.175
6452159.000 1727775.000 0.249 -0.632 -0.124
6452234.000 1727775.000 0.082 -0.522 -0.119
6452209.000 1727775.000 0.116 -0.546 -0.128
6452084.000 1727775.000 0.207 -0.814 -0.180
6452259.000 1727775.000 0.115 -0.505 -0.114
6452309.000 1727775.000 0.211 -0.586 -0.115
6452284.000 1727775.000 0.201 -0.593 -0.120
6452334.000 1727775.000 0.269 -0.529 -0.144
6452359.000 1727775.000 0.286 -0.532 -0.142
6452534.000 1727775.000 0.217 -0.453 -0.111
6452409.000 1727775.000 0.176 -0.475 -0.120
6452384.000 1727775.000 0.202 -0.485 -0.141
6452609.000 1727775.000 0.202 -0.432 -0.106
6452434.000 1727775.000 0.212 -0.482 -0.123
6452484.000 1727775.000 0.222 -0.486 -0.135
6452459.000 1727775.000 0.221 -0.503 -0.140
6452509.000 1727775.000 0.211 -0.480 -0.127
6452634.000 1727775.000 0.235 -0.478 -0.098
6452559.000 1727775.000 0.202 -0.436 -0.114
6452659.000 1727775.000 0.242 -0.491 -0.091
6452584.000 1727775.000 0.215 -0.462 -0.107
6452684.000 1727775.000 0.208 -0.456 -0.086
6452709.000 1727775.000 0.304 -0.485 -0.080
6452734.000 1727775.000 0.277 -0.523 -0.073
6452759.000 1727775.000 0.246 -0.527 -0.064
6452784.000 1727775.000 0.200 -0.552 -0.067
6452859.000 1727775.000 0.244 -0.489 -0.052
6452809.000 1727775.000 0.305 -0.487 -0.058
6452934.000 1727775.000 0.338 -0.493 -0.048
6452884.000 1727775.000 0.275 -0.515 -0.046
6452959.000 1727775.000 0.304 -0.451 -0.081
6452834.000 1727775.000 0.291 -0.477 -0.052
6452984.000 1727775.000 0.281 -0.477 -0.084
6453059.000 1727775.000 0.323 -0.461 -0.086
6453009.000 1727775.000 0.299 -0.473 -0.075
6452909.000 1727775.000 0.305 -0.515 -0.038
6453034.000 1727775.000 0.316 -0.461 -0.077
6453084.000 1727775.000 0.353 -0.484 -0.079
6453109.000 1727775.000 0.351 -0.427 -0.076
6453134.000 1727775.000 0.357 -0.289 -0.075
6453159.000 1727775.000 0.361 -0.286 -0.077
6453184.000 1727775.000 0.284 -0.363 -0.084
6453209.000 1727775.000 0.330 -0.361 -0.083
6453259.000 1727775.000 0.310 -0.420 -0.086
6453234.000 1727775.000 0.323 -0.404 -0.081
6453284.000 1727775.000 0.291 -0.417 -0.119
6453359.000 1727775.000 0.188 -0.502 -0.133
6453309.000 1727775.000 0.315 -0.362 -0.117
6453409.000 1727775.000 0.250 -0.434 -0.129
6453459.000 1727775.000 0.183 -0.432 -0.121
6453384.000 1727775.000 0.206 -0.465 -0.130
6453334.000 1727775.000 0.359 -0.297 -0.116
6453434.000 1727775.000 0.355 -0.343 -0.118
6453484.000 1727775.000 0.303 -0.383 -0.115
6453509.000 1727775.000 0.259 -0.425 -0.119
6453559.000 1727775.000 0.254 -0.258 -0.117
6453534.000 1727775.000 0.284 -0.383 -0.118
6453584.000 1727775.000 0.228 -0.210 -0.117
6453609.000 1727775.000 0.317 -0.251 -0.126
6453634.000 1727775.000 0.330 -0.322 -0.135
6453684.000 1727775.000 0.274 -0.300 -0.148
6453659.000 1727775.000 0.337 -0.275 -0.144
6453709.000 1727775.000 0.264 -0.287 -0.126
6453759.000 1727775.000 0.372 -0.290 -0.083
6453784.000 1727775.000 0.322 -0.219 -0.087
6453734.000 1727775.000 0.333 -0.281 -0.091
6453834.000 1727775.000 0.264 -0.281 -0.087
6453809.000 1727775.000 0.355 -0.253 -0.084
6453859.000 1727775.000 0.237 -0.302 -0.088
6453934.000 1727775.000 0.380 -0.305 -0.078
6453884.000 1727775.000 0.312 -0.281 -0.083
6453909.000 1727775.000 0.332 -0.241 -0.083
6453984.000 1727775.000 0.189 -0.292 -0.079
6454009.000 1727775.000 0.210 -0.289 -0.064
6454034.000 1727775.000 0.340 -0.367 -0.070
6453959.000 1727775.000 0.313 -0.306 -0.075
6454059.000 1727775.000 0.359 -0.397 -0.074
6454109.000 1727775.000 0.290 -0.224 -0.087
6454084.000 1727775.000 0.208 -0.436 -0.089
6454134.000 1727775.000 0.284 -0.176 -0.086
6454159.000 1727775.000 0.448 -0.400 -0.083
6454284.000 1727775.000 0.328 -0.430 -0.097
6454184.000 1727775.000 0.306 -0.279 -0.076
6454234.000 1727775.000 0.306 -0.366 -0.094
6454259.000 1727775.000 0.377 -0.389 -0.090
6454359.000 1727775.000 0.212 -0.419 -0.105
6454209.000 1727775.000 0.257 -0.353 -0.087
6454384.000 1727775.000 0.237 -0.437 -0.109
6454409.000 1727775.000 0.286 -0.397 -0.094
6454334.000 1727775.000 0.191 -0.351 -0.099
6454309.000 1727775.000 0.211 -0.406 -0.106
6454434.000 1727775.000 0.312 -0.393 -0.089
6451584.000 1727800.000 -0.437 -0.231 0.204
6454459.000 1727775.000 0.234 -0.343 -0.072
6454484.000 1727775.000 0.178 -0.291 -0.057
6454509.000 1727775.000 0.241 -0.334 -0.061
6451684.000 1727800.000 0.203 -0.824 -0.080
6454534.000 1727775.000 0.251 -0.338 -0.055
6451559.000 1727800.000 4.683 -0.685 0.212
6451734.000 1727800.000 0.247 -0.805 -0.077
6451659.000 1727800.000 0.226 -0.825 -0.078
6451634.000 1727800.000 0.148 -0.746 -0.009
6451609.000 1727800.000 0.742 -0.575 0.374
6451759.000 1727800.000 0.243 -0.812 -0.074
6451709.000 1727800.000 0.219 -0.813 -0.081
6451784.000 1727800.000 0.171 -0.848 -0.080
6451809.000 1727800.000 0.114 -0.852 -0.074
6451834.000 1727800.000 0.070 -0.880 -0.085
6451859.000 1727800.000 0.150 -0.837 -0.073
6451959.000 1727800.000 0.119 -0.734 -0.138
6452034.000 1727800.000 0.251 -0.710 -0.159
6451884.000 1727800.000 0.171 -0.745 -0.067
6451909.000 1727800.000 0.153 -0.722 -0.073
6452134.000 1727800.000 0.192 -0.657 -0.152
6451934.000 1727800.000 0.097 -0.730 -0.105
6452009.000 1727800.000 0.256 -0.720 -0.162
6451984.000 1727800.000 0.235 -0.683 -0.150
6452084.000 1727800.000 0.231 -0.747 -0.168
6452059.000 1727800.000 0.300 -0.723 -0.164
6452109.000 1727800.000 0.163 -0.683 -0.168
6452159.000 1727800.000 0.269 -0.679 -0.120
6452209.000 1727800.000 0.104 -0.474 -0.114
6452184.000 1727800.000 0.028 -0.589 -0.120
6452234.000 1727800.000 0.105 -0.457 -0.109
6452259.000 1727800.000 0.102 -0.465 -0.108
6452284.000 1727800.000 0.171 -0.587 -0.134
6452309.000 1727800.000 0.179 -0.591 -0.128
6452384.000 1727800.000 0.129 -0.456 -0.127
6452409.000 1727800.000 0.125 -0.471 -0.118
6452334.000 1727800.000 0.156 -0.519 -0.141
6452534.000 1727800.000 0.236 -0.443 -0.113
6452359.000 1727800.000 0.159 -0.449 -0.132
6452484.000 1727800.000 0.222 -0.487 -0.119
6452434.000 1727800.000 0.209 -0.469 -0.114
6452459.000 1727800.000 0.234 -0.497 -0.125
6452509.000 1727800.000 0.218 -0.479 -0.126
6452584.000 1727800.000 0.111 -0.374 -0.110
6452559.000 1727800.000 0.231 -0.440 -0.111
6452609.000 1727800.000 0.166 -0.462 -0.108
6452659.000 1727800.000 0.204 -0.470 -0.095
6452634.000 1727800.000 0.168 -0.484 -0.103
6452684.000 1727800.000 0.231 -0.442 -0.088
6452709.000 1727800.000 0.292 -0.456 -0.084
6452759.000 1727800.000 0.241 -0.557 -0.074
6452734.000 1727800.000 0.292 -0.528 -0.082
6452809.000 1727800.000 0.240 -0.445 -0.063
6452784.000 1727800.000 0.255 -0.547 -0.074
6452909.000 1727800.000 0.307 -0.431 -0.019
6452859.000 1727800.000 0.198 -0.461 -0.072
6452884.000 1727800.000 0.222 -0.490 -0.037
6452934.000 1727800.000 0.353 -0.465 -0.023
6452834.000 1727800.000 0.217 -0.434 -0.066
6452959.000 1727800.000 0.336 -0.475 -0.041
6452984.000 1727800.000 0.285 -0.502 -0.050
6453009.000 1727800.000 0.306 -0.492 -0.050
6453034.000 1727800.000 0.349 -0.467 -0.048
6453059.000 1727800.000 0.362 -0.460 -0.062
6453084.000 1727800.000 0.356 -0.467 -0.074
6453109.000 1727800.000 0.346 -0.486 -0.083
6453159.000 1727800.000 0.362 -0.381 -0.084
6453134.000 1727800.000 0.301 -0.484 -0.082
6453184.000 1727800.000 0.358 -0.340 -0.079
6453209.000 1727800.000 0.206 -0.245 -0.076
6453234.000 1727800.000 0.337 -0.320 -0.075
6453259.000 1727800.000 0.289 -0.365 -0.092
6453284.000 1727800.000 0.284 -0.411 -0.125
6453309.000 1727800.000 0.304 -0.438 -0.126
6453334.000 1727800.000 0.305 -0.401 -0.126
6453359.000 1727800.000 0.202 -0.483 -0.131
6453434.000 1727800.000 0.348 -0.398 -0.116
6453409.000 1727800.000 0.254 -0.363 -0.123
6453384.000 1727800.000 0.209 -0.476 -0.130
6453484.000 1727800.000 0.392 -0.361 -0.107
6453459.000 1727800.000 0.364 -0.439 -0.118
6453509.000 1727800.000 0.291 -0.372 -0.114
6453534.000 1727800.000 0.312 -0.286 -0.117
6453559.000 1727800.000 0.286 -0.328 -0.118
6453584.000 1727800.000 0.329 -0.357 -0.125
6453609.000 1727800.000 0.364 -0.345 -0.132
6453659.000 1727800.000 0.311 -0.254 -0.147
6453634.000 1727800.000 0.354 -0.303 -0.141
6453684.000 1727800.000 0.287 -0.252 -0.124
6453734.000 1727800.000 0.304 -0.299 -0.090
6453709.000 1727800.000 0.303 -0.291 -0.098
6453784.000 1727800.000 0.297 -0.270 -0.087
6453759.000 1727800.000 0.383 -0.311 -0.084
6453859.000 1727800.000 0.390 -0.331 -0.086
6453809.000 1727800.000 0.308 -0.246 -0.085
6453834.000 1727800.000 0.340 -0.278 -0.087
6453934.000 1727800.000 0.351 -0.265 -0.079
6453909.000 1727800.000 0.372 -0.233 -0.077
6453884.000 1727800.000 0.330 -0.290 -0.083
6453959.000 1727800.000 0.320 -0.327 -0.076
6453984.000 1727800.000 0.282 -0.231 -0.076
6454159.000 1727800.000 0.293 -0.345 -0.080
6454034.000 1727800.000 0.248 -0.270 -0.081
6454009.000 1727800.000 0.267 -0.256 -0.074
6454209.000 1727800.000 0.219 -0.310 -0.093
6454059.000 1727800.000 0.097 -0.297 -0.072
6454084.000 1727800.000 0.210 -0.425 -0.078
6454109.000 1727800.000 0.204 -0.370 -0.086
6454184.000 1727800.000 0.179 -0.267 -0.074
6454284.000 1727800.000 0.460 -0.426 -0.089
6454309.000 1727800.000 0.244 -0.393 -0.099
6454134.000 1727800.000 0.295 -0.355 -0.085
6454259.000 1727800.000 0.450 -0.423 -0.101
6454234.000 1727800.000 0.292 -0.392 -0.118
6454334.000 1727800.000 0.039 -0.306 -0.110
6454359.000 1727800.000 0.224 -0.466 -0.131
6454384.000 1727800.000 0.220 -0.447 -0.121
6454409.000 1727800.000 0.280 -0.393 -0.100
6454434.000 1727800.000 0.303 -0.421 -0.101
6454484.000 1727800.000 0.234 -0.352 -0.059
6454459.000 1727800.000 0.214 -0.361 -0.076
6454534.000 1727800.000 0.257 -0.374 -0.057
6454509.000 1727800.000 0.267 -0.371 -0.060
6451684.000 1727825.000 0.183 -0.825 -0.082
6451809.000 1727825.000 0.154 -0.822 -0.086
6451659.000 1727825.000 0.219 -0.811 -0.078
6451834.000 1727825.000 0.168 -0.823 -0.092
6451584.000 1727825.000 -5.545 3.083 0.202
6451709.000 1727825.000 0.196 -0.822 -0.086
6451734.000 1727825.000 0.191 -0.844 -0.087
6451859.000 1727825.000 0.221 -0.817 -0.087
6451884.000 1727825.000 0.190 -0.818 -0.117
6451784.000 1727825.000 0.183 -0.829 -0.085
6451634.000 1727825.000 0.127 -0.815 -0.063
6451759.000 1727825.000 0.185 -0.853 -0.091
6451609.000 1727825.000 1.032 -0.652 0.455
6451559.000 1727825.000 1.919 5.542 0.115
6451984.000 1727825.000 0.231 -0.694 -0.149
6452009.000 1727825.000 0.234 -0.682 -0.148
6451959.000 1727825.000 0.210 -0.736 -0.149
6452034.000 1727825.000 0.209 -0.668 -0.143
6451909.000 1727825.000 0.136 -0.837 -0.154
6451934.000 1727825.000 0.116 -0.811 -0.160
6452059.000 1727825.000 0.248 -0.697 -0.155
6452084.000 1727825.000 0.233 -0.721 -0.162
6452109.000 1727825.000 0.215 -0.667 -0.160
6452134.000 1727825.000 0.195 -0.637 -0.153
6452159.000 1727825.000 0.214 -0.675 -0.139
6452334.000 1727825.000 0.176 -0.439 -0.101
6452384.000 1727825.000 0.152 -0.466 -0.119
6452309.000 1727825.000 0.141 -0.449 -0.109
6452359.000 1727825.000 0.198 -0.465 -0.110
6452284.000 1727825.000 0.118 -0.486 -0.123
6452184.000 1727825.000 0.062 -0.620 -0.134
6452209.000 1727825.000 0.111 -0.463 -0.114
6452259.000 1727825.000 0.111 -0.482 -0.118
6452234.000 1727825.000 0.114 -0.470 -0.113
6452434.000 1727825.000 0.221 -0.504 -0.120
6452409.000 1727825.000 0.150 -0.493 -0.120
6452459.000 1727825.000 0.182 -0.505 -0.124
6452584.000 1727825.000 0.205 -0.506 -0.107
6452609.000 1727825.000 0.180 -0.491 -0.108
6452659.000 1727825.000 0.195 -0.501 -0.100
6452634.000 1727825.000 0.187 -0.486 -0.103
6452484.000 1727825.000 0.173 -0.506 -0.119
6452509.000 1727825.000 0.166 -0.493 -0.116
6452534.000 1727825.000 0.177 -0.458 -0.107
6452559.000 1727825.000 0.219 -0.394 -0.106
6452684.000 1727825.000 0.202 -0.492 -0.098
6452884.000 1727825.000 0.244 -0.518 -0.107
6452909.000 1727825.000 0.239 -0.479 -0.070
6452934.000 1727825.000 0.226 -0.455 -0.034
6452959.000 1727825.000 0.241 -0.459 -0.028
6452709.000 1727825.000 0.213 -0.487 -0.104
6452734.000 1727825.000 0.217 -0.505 -0.116
6452784.000 1727825.000 0.191 -0.420 -0.088
6452859.000 1727825.000 0.188 -0.437 -0.088
6452759.000 1727825.000 0.242 -0.472 -0.111
6452809.000 1727825.000 0.201 -0.415 -0.070
6452834.000 1727825.000 0.212 -0.430 -0.070
6452984.000 1727825.000 0.326 -0.507 -0.038
6453009.000 1727825.000 0.307 -0.503 -0.052
6453059.000 1727825.000 0.335 -0.460 -0.065
6453034.000 1727825.000 0.316 -0.472 -0.059
6453134.000 1727825.000 0.287 -0.480 -0.109
6453084.000 1727825.000 0.315 -0.483 -0.064
6453109.000 1727825.000 0.314 -0.477 -0.075
6453184.000 1727825.000 0.377 -0.425 -0.073
6453159.000 1727825.000 0.317 -0.478 -0.073
6453284.000 1727825.000 0.257 -0.339 -0.108
6453384.000 1727825.000 0.244 -0.400 -0.126
6453409.000 1727825.000 0.324 -0.314 -0.115
6453209.000 1727825.000 0.250 -0.314 -0.075
6453234.000 1727825.000 0.326 -0.363 -0.080
6453259.000 1727825.000 0.269 -0.349 -0.100
6453434.000 1727825.000 0.301 -0.361 -0.117
6453309.000 1727825.000 0.332 -0.330 -0.121
6453459.000 1727825.000 0.217 -0.399 -0.121
6453359.000 1727825.000 0.245 -0.406 -0.126
6453334.000 1727825.000 0.362 -0.306 -0.121
6453484.000 1727825.000 0.322 -0.376 -0.112
6453534.000 1727825.000 0.311 -0.313 -0.118
6453584.000 1727825.000 0.212 -0.251 -0.137
6453559.000 1727825.000 0.175 -0.175 -0.127
6453509.000 1727825.000 0.300 -0.346 -0.117
6453609.000 1727825.000 0.326 -0.366 -0.151
6453884.000 1727825.000 0.344 -0.354 -0.080
6453634.000 1727825.000 0.376 -0.332 -0.150
6453909.000 1727825.000 0.337 -0.304 -0.079
6453659.000 1727825.000 0.331 -0.235 -0.131
6453934.000 1727825.000 0.343 -0.238 -0.085
6453959.000 1727825.000 0.098 -0.153 -0.079
6453759.000 1727825.000 0.405 -0.360 -0.083
6453809.000 1727825.000 0.344 -0.270 -0.081
6453709.000 1727825.000 0.322 -0.368 -0.090
6453684.000 1727825.000 0.276 -0.205 -0.098
6453734.000 1727825.000 0.384 -0.369 -0.085
6453834.000 1727825.000 0.381 -0.297 -0.083
6453784.000 1727825.000 0.362 -0.314 -0.086
6453859.000 1727825.000 0.362 -0.345 -0.089
6453984.000 1727825.000 0.334 -0.210 -0.067
6454034.000 1727825.000 0.401 -0.357 -0.077
6454084.000 1727825.000 0.265 -0.295 -0.072
6454134.000 1727825.000 0.274 -0.351 -0.084
6454159.000 1727825.000 0.261 -0.348 -0.082
6454009.000 1727825.000 0.393 -0.167 -0.065
6454059.000 1727825.000 0.259 -0.274 -0.071
6454109.000 1727825.000 0.260 -0.359 -0.082
6454184.000 1727825.000 0.269 -0.349 -0.082
6454209.000 1727825.000 0.245 -0.344 -0.091
6454409.000 1727825.000 0.162 -0.388 -0.099
6454434.000 1727825.000 0.166 -0.386 -0.090
6454459.000 1727825.000 0.195 -0.370 -0.070
6454484.000 1727825.000 0.281 -0.366 -0.044
6454234.000 1727825.000 0.259 -0.367 -0.109
6454384.000 1727825.000 0.194 -0.418 -0.108
6454259.000 1727825.000 0.431 -0.500 -0.116
6454284.000 1727825.000 0.462 -0.639 -0.128
6454309.000 1727825.000 0.323 -0.429 -0.091
6454334.000 1727825.000 0.087 -0.292 -0.124
6454359.000 1727825.000 0.206 -0.346 -0.077
6454509.000 1727825.000 0.234 -0.357 -0.052
6451634.000 1727850.000 0.184 -0.798 -0.076
6451559.000 1727850.000 4.946 2.713 -0.246
6454534.000 1727825.000 0.198 -0.376 -0.066
6451659.000 1727850.000 0.211 -0.798 -0.084
6451584.000 1727850.000 -0.218 -0.477 0.150
6451609.000 1727850.000 0.189 -0.865 0.003
6451684.000 1727850.000 0.183 -0.826 -0.088
6451709.000 1727850.000 0.223 -0.817 -0.079
6451759.000 1727850.000 0.185 -0.833 -0.081
6451734.000 1727850.000 0.212 -0.830 -0.072
6451809.000 1727850.000 0.172 -0.818 -0.099
6451934.000 1727850.000 0.174 -0.744 -0.137
6451859.000 1727850.000 0.206 -0.788 -0.128
6451834.000 1727850.000 0.164 -0.795 -0.103
6451784.000 1727850.000 0.183 -0.814 -0.085
6451884.000 1727850.000 0.187 -0.776 -0.130
6452009.000 1727850.000 0.265 -0.649 -0.140
6452084.000 1727850.000 0.231 -0.696 -0.158
6452109.000 1727850.000 0.230 -0.696 -0.168
6451909.000 1727850.000 0.186 -0.771 -0.132
6451984.000 1727850.000 0.268 -0.669 -0.142
6452034.000 1727850.000 0.279 -0.639 -0.143
6451959.000 1727850.000 0.235 -0.703 -0.140
6452059.000 1727850.000 0.241 -0.714 -0.154
6452134.000 1727850.000 0.224 -0.659 -0.157
6452209.000 1727850.000 0.115 -0.492 -0.139
6452334.000 1727850.000 0.193 -0.452 -0.098
6452359.000 1727850.000 0.183 -0.492 -0.114
6452384.000 1727850.000 0.156 -0.517 -0.120
6452409.000 1727850.000 0.176 -0.568 -0.122
6452434.000 1727850.000 0.259 -0.621 -0.130
6452159.000 1727850.000 0.232 -0.658 -0.153
6452459.000 1727850.000 0.214 -0.591 -0.128
6452484.000 1727850.000 0.187 -0.558 -0.118
6452509.000 1727850.000 0.182 -0.544 -0.105
6452259.000 1727850.000 0.120 -0.510 -0.132
6452184.000 1727850.000 0.191 -0.631 -0.182
6452234.000 1727850.000 0.092 -0.495 -0.125
6452284.000 1727850.000 0.114 -0.521 -0.142
6452309.000 1727850.000 0.165 -0.472 -0.114
6452534.000 1727850.000 0.214 -0.542 -0.102
6452559.000 1727850.000 0.238 -0.404 -0.100
6452584.000 1727850.000 0.231 -0.469 -0.105
6452609.000 1727850.000 0.252 -0.474 -0.103
6452634.000 1727850.000 0.243 -0.501 -0.103
6452684.000 1727850.000 0.180 -0.492 -0.107
6452659.000 1727850.000 0.208 -0.524 -0.110
6452784.000 1727850.000 0.237 -0.506 -0.120
6452734.000 1727850.000 0.160 -0.498 -0.099
6452759.000 1727850.000 0.198 -0.510 -0.114
6452709.000 1727850.000 0.183 -0.509 -0.113
6452959.000 1727850.000 0.253 -0.467 -0.086
6452809.000 1727850.000 0.230 -0.473 -0.095
6452984.000 1727850.000 0.292 -0.490 -0.087
6452859.000 1727850.000 0.219 -0.463 -0.098
6453034.000 1727850.000 0.298 -0.530 -0.075
6453009.000 1727850.000 0.313 -0.500 -0.072
6452834.000 1727850.000 0.232 -0.471 -0.094
6452909.000 1727850.000 0.247 -0.497 -0.095
6452884.000 1727850.000 0.248 -0.497 -0.111
6452934.000 1727850.000 0.235 -0.474 -0.079
6453059.000 1727850.000 0.305 -0.510 -0.063
6453084.000 1727850.000 0.318 -0.481 -0.055
6453209.000 1727850.000 0.317 -0.443 -0.079
6453109.000 1727850.000 0.360 -0.442 -0.060
6453134.000 1727850.000 0.276 -0.376 -0.189
6453159.000 1727850.000 0.343 -0.438 -0.092
6453259.000 1727850.000 0.269 -0.346 -0.102
6453309.000 1727850.000 0.261 -0.358 -0.099
6453334.000 1727850.000 0.272 -0.335 -0.097
6453234.000 1727850.000 0.303 -0.366 -0.087
6453409.000 1727850.000 0.199 -0.423 -0.126
6453384.000 1727850.000 0.204 -0.456 -0.129
6453184.000 1727850.000 0.301 -0.467 -0.078
6453359.000 1727850.000 0.249 -0.437 -0.119
6453284.000 1727850.000 0.254 -0.356 -0.107
6453434.000 1727850.000 0.352 -0.347 -0.115
6453484.000 1727850.000 0.260 -0.363 -0.117
6453584.000 1727850.000 0.223 -0.258 -0.150
6453459.000 1727850.000 0.255 -0.395 -0.121
6453559.000 1727850.000 0.126 -0.249 -0.136
6453509.000 1727850.000 0.255 -0.293 -0.111
6453534.000 1727850.000 0.213 -0.311 -0.112
6453609.000 1727850.000 0.289 -0.373 -0.156
6453634.000 1727850.000 0.383 -0.403 -0.141
6453659.000 1727850.000 0.453 -0.302 -0.101
6453684.000 1727850.000 0.402 -0.302 -0.089
6453759.000 1727850.000 0.419 -0.389 -0.089
6453734.000 1727850.000 0.387 -0.393 -0.090
6453709.000 1727850.000 0.378 -0.343 -0.088
6453834.000 1727850.000 0.367 -0.292 -0.078
6453784.000 1727850.000 0.386 -0.355 -0.091
6453809.000 1727850.000 0.299 -0.290 -0.078
6453959.000 1727850.000 0.200 -0.404 -0.062
6454009.000 1727850.000 0.369 -0.447 -0.065
6454034.000 1727850.000 0.354 -0.432 -0.076
6454059.000 1727850.000 0.225 -0.325 -0.071
6453859.000 1727850.000 0.356 -0.235 -0.077
6453884.000 1727850.000 0.304 -0.276 -0.071
6453909.000 1727850.000 0.275 -0.267 -0.077
6453984.000 1727850.000 0.380 -0.439 -0.059
6453934.000 1727850.000 0.248 -0.394 -0.070
6454084.000 1727850.000 0.338 -0.379 -0.070
6454184.000 1727850.000 0.303 -0.410 -0.093
6454109.000 1727850.000 0.266 -0.386 -0.075
6454259.000 1727850.000 0.392 -0.531 -0.118
6454284.000 1727850.000 0.142 -0.482 -0.090
6454134.000 1727850.000 0.250 -0.337 -0.065
6454159.000 1727850.000 0.227 -0.325 -0.073
6454209.000 1727850.000 0.200 -0.374 -0.086
6454334.000 1727850.000 0.095 -0.422 -0.105
6454234.000 1727850.000 0.145 -0.366 -0.108
6454309.000 1727850.000 0.092 -0.406 -0.090
6454359.000 1727850.000 0.110 -0.402 -0.062
6454384.000 1727850.000 0.094 -0.423 -0.088
6454409.000 1727850.000 0.135 -0.397 -0.083
6454434.000 1727850.000 0.143 -0.403 -0.082
6454459.000 1727850.000 0.149 -0.398 -0.070
6454484.000 1727850.000 0.168 -0.404 -0.060
6454509.000 1727850.000 0.145 -0.405 -0.075
6454534.000 1727850.000 0.104 -0.404 -0.089
6451659.000 1727875.000 0.178 -0.796 -0.078
6451684.000 1727875.000 0.169 -0.821 -0.086
6451834.000 1727875.000 0.156 -0.779 -0.089
6451809.000 1727875.000 0.198 -0.801 -0.087
6451609.000 1727875.000 0.226 -0.810 -0.075
6451759.000 1727875.000 0.192 -0.833 -0.089
6451634.000 1727875.000 0.202 -0.796 -0.076
6451784.000 1727875.000 0.199 -0.815 -0.089
6451584.000 1727875.000 0.211 -0.786 -0.072
6451709.000 1727875.000 0.225 -0.831 -0.086
6451559.000 1727875.000 0.172 -0.784 -0.068
6451734.000 1727875.000 0.222 -0.836 -0.079
6451859.000 1727875.000 0.204 -0.757 -0.111
6451934.000 1727875.000 0.229 -0.694 -0.134
6451909.000 1727875.000 0.199 -0.721 -0.128
6451884.000 1727875.000 0.197 -0.770 -0.128
6451959.000 1727875.000 0.250 -0.674 -0.140
6451984.000 1727875.000 0.261 -0.652 -0.140
6452009.000 1727875.000 0.277 -0.637 -0.139
6452034.000 1727875.000 0.208 -0.653 -0.140
6452159.000 1727875.000 0.238 -0.655 -0.145
6452059.000 1727875.000 0.229 -0.692 -0.155
6452109.000 1727875.000 0.210 -0.654 -0.150
6452134.000 1727875.000 0.230 -0.637 -0.140
6452084.000 1727875.000 0.212 -0.669 -0.156
6452184.000 1727875.000 0.232 -0.564 -0.149
6452209.000 1727875.000 0.199 -0.504 -0.147
6452234.000 1727875.000 0.181 -0.539 -0.157
6452309.000 1727875.000 0.195 -0.472 -0.113
6452284.000 1727875.000 0.137 -0.481 -0.129
6452334.000 1727875.000 0.206 -0.474 -0.107
6452259.000 1727875.000 0.175 -0.539 -0.151
6452359.000 1727875.000 0.185 -0.498 -0.113
6452384.000 1727875.000 0.159 -0.542 -0.119
6452409.000 1727875.000 0.160 -0.591 -0.125
6452434.000 1727875.000 0.213 -0.617 -0.135
6452484.000 1727875.000 0.142 -0.550 -0.108
6452509.000 1727875.000 0.181 -0.541 -0.103
6452534.000 1727875.000 0.170 -0.511 -0.101
6452559.000 1727875.000 0.153 -0.465 -0.104
6452459.000 1727875.000 0.187 -0.619 -0.110
6452759.000 1727875.000 0.233 -0.491 -0.108
6452784.000 1727875.000 0.241 -0.482 -0.105
6452809.000 1727875.000 0.237 -0.477 -0.098
6452659.000 1727875.000 0.164 -0.530 -0.145
6452684.000 1727875.000 0.164 -0.489 -0.113
6452609.000 1727875.000 0.272 -0.525 -0.108
6452834.000 1727875.000 0.239 -0.476 -0.107
6452584.000 1727875.000 0.257 -0.464 -0.107
6452634.000 1727875.000 0.203 -0.518 -0.119
6452709.000 1727875.000 0.180 -0.513 -0.125
6452734.000 1727875.000 0.195 -0.502 -0.116
6452859.000 1727875.000 0.217 -0.479 -0.121
6452984.000 1727875.000 0.299 -0.472 -0.095
6453009.000 1727875.000 0.267 -0.528 -0.113
6452884.000 1727875.000 0.244 -0.474 -0.112
6452909.000 1727875.000 0.267 -0.460 -0.110
6452934.000 1727875.000 0.278 -0.472 -0.114
6453034.000 1727875.000 0.295 -0.564 -0.129
6453134.000 1727875.000 0.342 -0.485 -0.067
6453059.000 1727875.000 0.309 -0.503 -0.065
6453084.000 1727875.000 0.394 -0.467 -0.047
6452959.000 1727875.000 0.279 -0.475 -0.097
6453159.000 1727875.000 0.327 -0.442 -0.083
6453109.000 1727875.000 0.351 -0.491 -0.059
6453209.000 1727875.000 0.288 -0.488 -0.089
6453184.000 1727875.000 0.301 -0.484 -0.077
6453234.000 1727875.000 0.274 -0.462 -0.102
6453284.000 1727875.000 0.189 -0.369 -0.121
6453309.000 1727875.000 0.280 -0.314 -0.091
6453409.000 1727875.000 0.253 -0.396 -0.126
6453434.000 1727875.000 0.316 -0.366 -0.118
6453259.000 1727875.000 0.230 -0.415 -0.118
6453359.000 1727875.000 0.313 -0.271 -0.082
6453334.000 1727875.000 0.295 -0.298 -0.086
6453384.000 1727875.000 0.303 -0.272 -0.093
6453459.000 1727875.000 0.178 -0.423 -0.129
6453484.000 1727875.000 0.216 -0.383 -0.118
6453509.000 1727875.000 0.371 -0.313 -0.098
6453659.000 1727875.000 0.333 -0.253 -0.088
6453534.000 1727875.000 0.262 -0.361 -0.115
6453559.000 1727875.000 0.260 -0.320 -0.144
6453684.000 1727875.000 0.371 -0.278 -0.086
6453709.000 1727875.000 0.397 -0.300 -0.085
6453734.000 1727875.000 0.359 -0.430 -0.095
6453609.000 1727875.000 0.371 -0.433 -0.134
6453584.000 1727875.000 0.287 -0.347 -0.144
6453634.000 1727875.000 0.407 -0.431 -0.108
6453759.000 1727875.000 0.507 -0.160 -0.083
6453809.000 1727875.000 0.196 -0.207 -0.068
6453784.000 1727875.000 0.179 -0.140 -0.073
6453834.000 1727875.000 0.385 -0.234 -0.074
6453859.000 1727875.000 0.284 -0.136 -0.071
6453884.000 1727875.000 0.280 -0.293 -0.063
6453909.000 1727875.000 0.238 -0.307 -0.067
6454034.000 1727875.000 0.068 -0.421 -0.108
6453934.000 1727875.000 0.181 -0.337 -0.071
6454009.000 1727875.000 0.093 -0.389 -0.090
6453959.000 1727875.000 0.114 -0.343 -0.059
6453984.000 1727875.000 0.145 -0.363 -0.067
6454059.000 1727875.000 0.269 -0.447 -0.082
6454084.000 1727875.000 0.390 -0.389 -0.037
6454134.000 1727875.000 0.242 -0.381 -0.069
6454109.000 1727875.000 0.180 -0.449 -0.088
6454159.000 1727875.000 0.218 -0.300 -0.052
6454209.000 1727875.000 0.072 -0.315 -0.086
6454184.000 1727875.000 0.172 -0.284 -0.061
6454234.000 1727875.000 0.051 -0.380 -0.122
6454334.000 1727875.000 0.100 -0.426 -0.102
6454359.000 1727875.000 0.071 -0.414 -0.083
6454259.000 1727875.000 0.300 -0.293 -0.008
6454384.000 1727875.000 0.064 -0.400 -0.074
6454284.000 1727875.000 0.073 -0.308 -0.050
6454459.000 1727875.000 0.135 -0.431 -0.096
6454309.000 1727875.000 0.043 -0.409 -0.113
6454409.000 1727875.000 0.093 -0.371 -0.085
6454434.000 1727875.000 0.126 -0.417 -0.099
6454509.000 1727875.000 0.105 -0.413 -0.092
6454484.000 1727875.000 0.120 -0.442 -0.098
6454534.000 1727875.000 0.120 -0.423 -0.091
6451559.000 1727900.000 0.163 -0.767 -0.079
6451584.000 1727900.000 0.209 -0.753 -0.082
6451609.000 1727900.000 0.215 -0.783 -0.081
6451659.000 1727900.000 0.187 -0.813 -0.079
6451734.000 1727900.000 0.204 -0.812 -0.093
6451684.000 1727900.000 0.197 -0.812 -0.080
6451634.000 1727900.000 0.199 -0.792 -0.077
6451784.000 1727900.000 0.163 -0.785 -0.111
6451709.000 1727900.000 0.213 -0.820 -0.085
6451759.000 1727900.000 0.193 -0.788 -0.107
6451809.000 1727900.000 0.158 -0.767 -0.106
6451834.000 1727900.000 0.139 -0.748 -0.101
6451884.000 1727900.000 0.210 -0.737 -0.125
6451859.000 1727900.000 0.224 -0.714 -0.121
6451909.000 1727900.000 0.199 -0.695 -0.133
6451934.000 1727900.000 0.243 -0.631 -0.140
6452059.000 1727900.000 0.160 -0.624 -0.136
6452034.000 1727900.000 0.140 -0.640 -0.144
6452084.000 1727900.000 0.199 -0.629 -0.122
6452134.000 1727900.000 0.198 -0.601 -0.130
6451984.000 1727900.000 0.246 -0.670 -0.161
6451959.000 1727900.000 0.232 -0.656 -0.174
6452009.000 1727900.000 0.187 -0.646 -0.147
6452109.000 1727900.000 0.199 -0.614 -0.124
6452159.000 1727900.000 0.224 -0.599 -0.123
6452184.000 1727900.000 0.241 -0.589 -0.123
6452209.000 1727900.000 0.194 -0.497 -0.127
6452384.000 1727900.000 0.209 -0.561 -0.087
6452284.000 1727900.000 0.077 -0.649 -0.148
6452359.000 1727900.000 0.226 -0.570 -0.066
6452234.000 1727900.000 0.193 -0.473 -0.145
6452409.000 1727900.000 0.164 -0.598 -0.100
6452434.000 1727900.000 0.189 -0.625 -0.105
6452259.000 1727900.000 0.126 -0.552 -0.149
6452309.000 1727900.000 0.071 -0.744 -0.158
6452334.000 1727900.000 0.116 -0.692 -0.086
6452459.000 1727900.000 0.164 -0.581 -0.101
6452484.000 1727900.000 0.113 -0.473 -0.102
6452509.000 1727900.000 0.231 -0.523 -0.102
6452534.000 1727900.000 0.181 -0.526 -0.107
6452559.000 1727900.000 0.175 -0.494 -0.113
6452584.000 1727900.000 0.181 -0.530 -0.121
6452684.000 1727900.000 0.150 -0.532 -0.152
6452634.000 1727900.000 0.128 -0.519 -0.155
6452734.000 1727900.000 0.183 -0.544 -0.156
6452759.000 1727900.000 0.234 -0.522 -0.144
6452609.000 1727900.000 0.160 -0.523 -0.136
6452659.000 1727900.000 0.143 -0.518 -0.150
6452709.000 1727900.000 0.170 -0.541 -0.154
6452784.000 1727900.000 0.225 -0.500 -0.125
6452809.000 1727900.000 0.214 -0.508 -0.130
6452834.000 1727900.000 0.223 -0.495 -0.123
6452884.000 1727900.000 0.215 -0.479 -0.123
6452859.000 1727900.000 0.200 -0.488 -0.130
6452909.000 1727900.000 0.246 -0.476 -0.143
6453009.000 1727900.000 0.234 -0.525 -0.119
6452934.000 1727900.000 0.255 -0.462 -0.122
6452984.000 1727900.000 0.300 -0.484 -0.101
6452959.000 1727900.000 0.268 -0.505 -0.117
6453059.000 1727900.000 0.181 -0.525 -0.081
6453034.000 1727900.000 0.242 -0.535 -0.133
6453084.000 1727900.000 0.226 -0.496 -0.045
6453109.000 1727900.000 0.333 -0.538 -0.040
6453134.000 1727900.000 0.353 -0.515 -0.066
6453159.000 1727900.000 0.334 -0.439 -0.102
6453259.000 1727900.000 0.212 -0.537 -0.139
6453184.000 1727900.000 0.270 -0.449 -0.129
6453334.000 1727900.000 0.313 -0.291 -0.087
6453459.000 1727900.000 0.188 -0.409 -0.129
6453284.000 1727900.000 0.180 -0.383 -0.126
6453434.000 1727900.000 0.248 -0.393 -0.125
6453209.000 1727900.000 0.257 -0.480 -0.126
6453309.000 1727900.000 0.287 -0.159 -0.113
6453234.000 1727900.000 0.258 -0.508 -0.119
6453484.000 1727900.000 0.181 -0.403 -0.127
6453409.000 1727900.000 0.259 -0.383 -0.127
6453359.000 1727900.000 0.324 -0.286 -0.085
6453384.000 1727900.000 0.307 -0.285 -0.100
6453634.000 1727900.000 0.307 -0.286 -0.087
6453659.000 1727900.000 0.242 -0.339 -0.090
6453534.000 1727900.000 0.302 -0.341 -0.153
6453709.000 1727900.000 0.338 -0.343 -0.093
6453509.000 1727900.000 0.195 -0.401 -0.140
6453809.000 1727900.000 0.318 -0.316 -0.073
6453584.000 1727900.000 0.318 -0.393 -0.137
6453559.000 1727900.000 0.291 -0.383 -0.156
6453684.000 1727900.000 0.343 -0.398 -0.091
6453609.000 1727900.000 0.409 -0.423 -0.104
6453759.000 1727900.000 0.395 -0.445 -0.081
6453784.000 1727900.000 0.327 -0.339 -0.077
6453734.000 1727900.000 0.370 -0.448 -0.093
6453834.000 1727900.000 0.401 -0.376 -0.073
6453859.000 1727900.000 0.301 -0.329 -0.064
6453884.000 1727900.000 0.344 -0.323 -0.068
6453909.000 1727900.000 0.326 -0.353 -0.077
6453934.000 1727900.000 0.154 -0.360 -0.095
6453984.000 1727900.000 0.089 -0.415 -0.105
6454034.000 1727900.000 0.011 -0.421 -0.113
6453959.000 1727900.000 0.123 -0.421 -0.105
6454009.000 1727900.000 0.076 -0.409 -0.101
6454084.000 1727900.000 0.195 -0.363 -0.095
6454059.000 1727900.000 0.072 -0.412 -0.108
6454134.000 1727900.000 0.173 -0.438 -0.150
6454109.000 1727900.000 0.215 -0.486 -0.123
6454159.000 1727900.000 0.160 -0.412 -0.154
6454234.000 1727900.000 0.067 -0.360 -0.116
6454184.000 1727900.000 0.113 -0.347 -0.131
6454209.000 1727900.000 0.038 -0.301 -0.113
6454259.000 1727900.000 0.156 -0.298 -0.062
6454284.000 1727900.000 0.196 -0.307 -0.077
6454309.000 1727900.000 0.137 -0.327 -0.082
6454334.000 1727900.000 0.049 -0.382 -0.089
6454359.000 1727900.000 0.049 -0.407 -0.097
6454384.000 1727900.000 0.102 -0.366 -0.083
6454484.000 1727900.000 0.130 -0.426 -0.093
6454409.000 1727900.000 0.060 -0.350 -0.090
6454434.000 1727900.000 0.102 -0.397 -0.111
6454459.000 1727900.000 0.119 -0.401 -0.100
6454509.000 1727900.000 0.155 -0.430 -0.094
6454534.000 1727900.000 0.144 -0.428 -0.092
6451659.000 1727925.000 0.172 -0.807 -0.083
6451584.000 1727925.000 0.118 -0.750 -0.078
6451684.000 1727925.000 0.229 -0.777 -0.075
6451734.000 1727925.000 0.225 -0.750 -0.089
6451634.000 1727925.000 0.196 -0.779 -0.079
6451609.000 1727925.000 0.192 -0.750 -0.074
6451709.000 1727925.000 0.256 -0.754 -0.080
6451809.000 1727925.000 0.212 -0.723 -0.106
6451559.000 1727925.000 0.139 -0.765 -0.082
6451759.000 1727925.000 0.198 -0.753 -0.096
6451884.000 1727925.000 0.296 -0.711 -0.110
6451834.000 1727925.000 0.167 -0.701 -0.116
6451784.000 1727925.000 0.210 -0.733 -0.103
6451859.000 1727925.000 0.189 -0.692 -0.136
6451909.000 1727925.000 0.224 -0.651 -0.132
6451934.000 1727925.000 0.222 -0.636 -0.151
6451959.000 1727925.000 0.232 -0.647 -0.181
6452109.000 1727925.000 0.253 -0.699 -0.158
6452134.000 1727925.000 0.171 -0.703 -0.163
6452034.000 1727925.000 0.132 -0.658 -0.175
6451984.000 1727925.000 0.193 -0.699 -0.190
6452009.000 1727925.000 0.164 -0.659 -0.168
6452284.000 1727925.000 0.024 -0.723 -0.158
6452159.000 1727925.000 0.190 -0.670 -0.155
6452059.000 1727925.000 0.140 -0.637 -0.165
6452084.000 1727925.000 0.175 -0.645 -0.155
6452184.000 1727925.000 0.193 -0.659 -0.152
6452234.000 1727925.000 0.052 -0.651 -0.177
6452209.000 1727925.000 0.207 -0.575 -0.159
6452259.000 1727925.000 -0.063 -0.734 -0.174
6452309.000 1727925.000 -0.096 -0.711 -0.153
6452334.000 1727925.000 -0.078 -0.672 -0.127
6452359.000 1727925.000 0.171 -0.532 -0.105
6452484.000 1727925.000 0.219 -0.517 -0.111
6452409.000 1727925.000 0.106 -0.534 -0.117
6452459.000 1727925.000 0.253 -0.492 -0.105
6452434.000 1727925.000 0.154 -0.536 -0.116
6452384.000 1727925.000 0.082 -0.536 -0.114
6452534.000 1727925.000 0.117 -0.501 -0.126
6452634.000 1727925.000 0.117 -0.543 -0.162
6452509.000 1727925.000 0.247 -0.617 -0.125
6452559.000 1727925.000 0.171 -0.527 -0.129
6452659.000 1727925.000 0.126 -0.538 -0.158
6452609.000 1727925.000 0.144 -0.537 -0.149
6452584.000 1727925.000 0.160 -0.508 -0.127
6452684.000 1727925.000 0.132 -0.531 -0.151
6452709.000 1727925.000 0.163 -0.522 -0.144
6452734.000 1727925.000 0.131 -0.491 -0.135
6452759.000 1727925.000 0.158 -0.457 -0.125
6452784.000 1727925.000 0.154 -0.501 -0.124
6452809.000 1727925.000 0.185 -0.504 -0.119
6452934.000 1727925.000 0.184 -0.505 -0.130
6452834.000 1727925.000 0.222 -0.498 -0.114
6452884.000 1727925.000 0.206 -0.488 -0.120
6452859.000 1727925.000 0.236 -0.490 -0.113
6452909.000 1727925.000 0.194 -0.488 -0.139
6452959.000 1727925.000 0.197 -0.525 -0.121
6452984.000 1727925.000 0.300 -0.519 -0.125
6453009.000 1727925.000 0.235 -0.528 -0.130
6453034.000 1727925.000 0.265 -0.527 -0.122
6453059.000 1727925.000 0.236 -0.519 -0.095
6453084.000 1727925.000 0.294 -0.441 -0.071
6453159.000 1727925.000 0.321 -0.561 -0.106
6453109.000 1727925.000 0.296 -0.425 -0.020
6453134.000 1727925.000 0.310 -0.578 -0.078
6453184.000 1727925.000 0.274 -0.482 -0.123
6453209.000 1727925.000 0.234 -0.505 -0.141
6453234.000 1727925.000 0.237 -0.532 -0.122
6453259.000 1727925.000 0.191 -0.564 -0.153
6453284.000 1727925.000 0.167 -0.442 -0.134
6453309.000 1727925.000 0.123 -0.460 -0.126
6453359.000 1727925.000 0.230 -0.429 -0.126
6453334.000 1727925.000 0.198 -0.468 -0.127
6453409.000 1727925.000 0.180 -0.417 -0.125
6453384.000 1727925.000 0.203 -0.422 -0.126
6453434.000 1727925.000 0.219 -0.405 -0.124
6453459.000 1727925.000 0.212 -0.396 -0.126
6453484.000 1727925.000 0.215 -0.457 -0.130
6453509.000 1727925.000 0.321 -0.387 -0.148
6453534.000 1727925.000 0.330 -0.377 -0.164
6453559.000 1727925.000 0.269 -0.366 -0.165
6453584.000 1727925.000 0.239 -0.295 -0.111
6453609.000 1727925.000 0.121 -0.443 -0.101
6453634.000 1727925.000 0.230 -0.487 -0.095
6453659.000 1727925.000 0.276 -0.473 -0.093
6453684.000 1727925.000 0.319 -0.390 -0.093
6453709.000 1727925.000 0.289 -0.335 -0.093
6453734.000 1727925.000 0.353 -0.405 -0.093
6453759.000 1727925.000 0.391 -0.426 -0.085
6453784.000 1727925.000 0.370 -0.331 -0.083
6453809.000 1727925.000 0.344 -0.313 -0.085
6453909.000 1727925.000 0.400 -0.434 -0.120
6453859.000 1727925.000 0.356 -0.382 -0.090
6453834.000 1727925.000 0.424 -0.387 -0.086
6453884.000 1727925.000 0.353 -0.380 -0.108
6453984.000 1727925.000 0.049 -0.418 -0.109
6454009.000 1727925.000 0.054 -0.428 -0.109
6454034.000 1727925.000 -0.009 -0.430 -0.129
6453934.000 1727925.000 0.140 -0.391 -0.118
6453959.000 1727925.000 0.023 -0.424 -0.127
6454084.000 1727925.000 0.112 -0.372 -0.107
6454109.000 1727925.000 0.132 -0.427 -0.111
6454059.000 1727925.000 -0.084 -0.410 -0.144
6454134.000 1727925.000 0.140 -0.410 -0.137
6454159.000 1727925.000 0.036 -0.425 -0.173
6454184.000 1727925.000 0.031 -0.387 -0.144
6454234.000 1727925.000 0.048 -0.313 -0.117
6454209.000 1727925.000 0.036 -0.317 -0.119
6454334.000 1727925.000 0.084 -0.410 -0.103
6454359.000 1727925.000 0.117 -0.394 -0.103
6454284.000 1727925.000 0.036 -0.340 -0.128
6454384.000 1727925.000 0.101 -0.365 -0.089
6454259.000 1727925.000 0.007 -0.343 -0.128
6454309.000 1727925.000 0.138 -0.302 -0.075
6454409.000 1727925.000 0.073 -0.372 -0.093
6454434.000 1727925.000 0.054 -0.379 -0.105
6454484.000 1727925.000 0.128 -0.408 -0.092
6454459.000 1727925.000 0.084 -0.392 -0.113
6451559.000 1727950.000 0.135 -0.727 -0.102
6451584.000 1727950.000 0.163 -0.753 -0.087
6454534.000 1727925.000 0.093 -0.384 -0.092
6454509.000 1727925.000 0.152 -0.417 -0.094
6451609.000 1727950.000 0.160 -0.764 -0.075
6451659.000 1727950.000 0.164 -0.775 -0.092
6451734.000 1727950.000 0.243 -0.777 -0.097
6451684.000 1727950.000 0.159 -0.784 -0.104
6451634.000 1727950.000 0.186 -0.760 -0.088
6451759.000 1727950.000 0.186 -0.775 -0.100
6451709.000 1727950.000 0.244 -0.777 -0.096
6451784.000 1727950.000 0.197 -0.731 -0.123
6451809.000 1727950.000 0.245 -0.729 -0.141
6451859.000 1727950.000 0.212 -0.687 -0.135
6451834.000 1727950.000 0.187 -0.695 -0.145
6451884.000 1727950.000 0.262 -0.670 -0.144
6452009.000 1727950.000 0.151 -0.669 -0.173
6451959.000 1727950.000 0.192 -0.706 -0.204
6451909.000 1727950.000 0.173 -0.669 -0.151
6451934.000 1727950.000 0.177 -0.665 -0.174
6451984.000 1727950.000 0.139 -0.699 -0.199
6452059.000 1727950.000 0.109 -0.632 -0.184
6452034.000 1727950.000 0.117 -0.643 -0.185
6452084.000 1727950.000 0.100 -0.762 -0.164
6452109.000 1727950.000 0.198 -0.783 -0.165
6452134.000 1727950.000 0.241 -0.723 -0.181
6452159.000 1727950.000 0.193 -0.741 -0.175
6452309.000 1727950.000 -0.172 -0.603 -0.156
6452184.000 1727950.000 0.172 -0.722 -0.172
6452234.000 1727950.000 0.081 -0.661 -0.159
6452284.000 1727950.000 0.072 -0.718 -0.155
6452209.000 1727950.000 0.193 -0.661 -0.163
6452434.000 1727950.000 0.121 -0.551 -0.124
6452459.000 1727950.000 0.210 -0.589 -0.124
6452259.000 1727950.000 -0.061 -0.714 -0.160
6452484.000 1727950.000 0.095 -0.532 -0.130
6452334.000 1727950.000 0.009 -0.576 -0.139
6452384.000 1727950.000 0.033 -0.493 -0.124
6452409.000 1727950.000 0.084 -0.515 -0.125
6452359.000 1727950.000 0.172 -0.566 -0.124
6452509.000 1727950.000 0.088 -0.525 -0.138
6452534.000 1727950.000 0.110 -0.513 -0.141
6452584.000 1727950.000 0.143 -0.555 -0.158
6452559.000 1727950.000 0.155 -0.543 -0.141
6452709.000 1727950.000 0.172 -0.573 -0.129
6452684.000 1727950.000 0.174 -0.583 -0.133
6452659.000 1727950.000 0.147 -0.564 -0.136
6452634.000 1727950.000 0.129 -0.528 -0.135
6452759.000 1727950.000 0.206 -0.546 -0.116
6452784.000 1727950.000 0.236 -0.567 -0.112
6452809.000 1727950.000 0.233 -0.567 -0.112
6452609.000 1727950.000 0.124 -0.530 -0.146
6452834.000 1727950.000 0.219 -0.571 -0.113
6452734.000 1727950.000 0.211 -0.541 -0.119
6452884.000 1727950.000 0.231 -0.511 -0.116
6452859.000 1727950.000 0.229 -0.562 -0.112
6452959.000 1727950.000 0.137 -0.550 -0.112
6452909.000 1727950.000 0.178 -0.525 -0.119
6453009.000 1727950.000 0.277 -0.507 -0.157
6452934.000 1727950.000 0.186 -0.532 -0.114
6453134.000 1727950.000 0.229 -0.577 -0.096
6453059.000 1727950.000 0.283 -0.497 -0.113
6453084.000 1727950.000 0.271 -0.438 -0.078
6452984.000 1727950.000 0.159 -0.550 -0.138
6453234.000 1727950.000 0.210 -0.521 -0.140
6453034.000 1727950.000 0.279 -0.514 -0.122
6453259.000 1727950.000 0.191 -0.542 -0.145
6453109.000 1727950.000 0.088 -0.489 -0.072
6453159.000 1727950.000 0.305 -0.506 -0.097
6453209.000 1727950.000 0.208 -0.461 -0.154
6453184.000 1727950.000 0.314 -0.453 -0.103
6453284.000 1727950.000 0.178 -0.459 -0.143
6453309.000 1727950.000 0.131 -0.457 -0.132
6453334.000 1727950.000 0.138 -0.401 -0.134
6453359.000 1727950.000 0.153 -0.407 -0.128
6453559.000 1727950.000 0.278 -0.218 -0.136
6453384.000 1727950.000 0.101 -0.418 -0.127
6453609.000 1727950.000 0.146 -0.391 -0.109
6453484.000 1727950.000 0.048 -0.511 -0.129
6453684.000 1727950.000 0.411 -0.328 -0.098
6453534.000 1727950.000 0.293 -0.343 -0.160
6453659.000 1727950.000 0.339 -0.370 -0.094
6453409.000 1727950.000 0.048 -0.439 -0.125
6453584.000 1727950.000 0.072 -0.357 -0.109
6453434.000 1727950.000 0.143 -0.414 -0.126
6453509.000 1727950.000 0.143 -0.334 -0.146
6453459.000 1727950.000 0.129 -0.418 -0.130
6453634.000 1727950.000 0.258 -0.393 -0.100
6453709.000 1727950.000 0.340 -0.273 -0.097
6453734.000 1727950.000 0.209 -0.260 -0.104
6453784.000 1727950.000 0.189 -0.254 -0.114
6453834.000 1727950.000 0.435 -0.392 -0.123
6453759.000 1727950.000 0.200 -0.267 -0.112
6453809.000 1727950.000 0.376 -0.323 -0.122
6453884.000 1727950.000 0.310 -0.362 -0.112
6453859.000 1727950.000 0.313 -0.390 -0.111
6453959.000 1727950.000 0.039 -0.406 -0.176
6453909.000 1727950.000 0.327 -0.349 -0.122
6454034.000 1727950.000 -0.014 -0.296 -0.111
6453934.000 1727950.000 0.126 -0.314 -0.154
6453984.000 1727950.000 0.103 -0.417 -0.165
6454059.000 1727950.000 -0.092 -0.290 -0.123
6454009.000 1727950.000 0.097 -0.463 -0.184
6454084.000 1727950.000 0.093 -0.379 -0.157
6454109.000 1727950.000 0.050 -0.396 -0.152
6454159.000 1727950.000 0.082 -0.463 -0.177
6454134.000 1727950.000 -0.029 -0.436 -0.190
6454209.000 1727950.000 -0.082 -0.516 -0.206
6454184.000 1727950.000 0.098 -0.492 -0.175
6454234.000 1727950.000 0.136 -0.455 -0.151
6454284.000 1727950.000 0.017 -0.316 -0.133
6454259.000 1727950.000 0.176 -0.399 -0.115
6454309.000 1727950.000 0.193 -0.352 -0.095
6454359.000 1727950.000 0.151 -0.380 -0.105
6454334.000 1727950.000 0.152 -0.417 -0.104
6454384.000 1727950.000 0.096 -0.393 -0.110
6454409.000 1727950.000 0.068 -0.409 -0.122
6454434.000 1727950.000 0.030 -0.414 -0.130
6454459.000 1727950.000 0.068 -0.401 -0.125
6454484.000 1727950.000 0.066 -0.383 -0.106
6454509.000 1727950.000 0.098 -0.369 -0.087
6454534.000 1727950.000 0.067 -0.342 -0.076
6451834.000 1727975.000 0.169 -0.701 -0.164
6451684.000 1727975.000 0.066 -0.836 -0.174
6451809.000 1727975.000 0.186 -0.754 -0.185
6451584.000 1727975.000 0.156 -0.760 -0.129
6451709.000 1727975.000 0.135 -0.843 -0.151
6451559.000 1727975.000 0.044 -0.754 -0.138
6451734.000 1727975.000 0.133 -0.840 -0.150
6451659.000 1727975.000 0.075 -0.776 -0.152
6451884.000 1727975.000 0.158 -0.694 -0.194
6451859.000 1727975.000 0.181 -0.676 -0.145
6451784.000 1727975.000 0.163 -0.803 -0.185
6451634.000 1727975.000 0.122 -0.739 -0.139
6451609.000 1727975.000 0.067 -0.768 -0.147
6451759.000 1727975.000 0.131 -0.850 -0.155
6451934.000 1727975.000 0.161 -0.735 -0.211
6451909.000 1727975.000 0.181 -0.708 -0.203
6451959.000 1727975.000 0.148 -0.726 -0.228
6451984.000 1727975.000 0.095 -0.678 -0.210
6452009.000 1727975.000 0.114 -0.680 -0.187
6452034.000 1727975.000 0.153 -0.727 -0.178
6452134.000 1727975.000 0.135 -0.677 -0.154
6452059.000 1727975.000 0.142 -0.813 -0.171
6452109.000 1727975.000 0.084 -0.745 -0.146
6452084.000 1727975.000 0.072 -0.864 -0.155
6452184.000 1727975.000 0.170 -0.712 -0.157
6452159.000 1727975.000 0.127 -0.707 -0.153
6452259.000 1727975.000 -0.077 -0.604 -0.139
6452234.000 1727975.000 0.090 -0.590 -0.137
6452284.000 1727975.000 0.128 -0.689 -0.138
6452209.000 1727975.000 0.320 -0.698 -0.145
6452309.000 1727975.000 0.035 -0.699 -0.144
6452334.000 1727975.000 -0.012 -0.656 -0.141
6452359.000 1727975.000 -0.039 -0.585 -0.131
6452384.000 1727975.000 -0.308 -0.611 -0.126
6452409.000 1727975.000 -0.148 -0.515 -0.120
6452459.000 1727975.000 0.007 -0.430 -0.118
6452434.000 1727975.000 0.026 -0.417 -0.108
6452484.000 1727975.000 0.134 -0.535 -0.124
6452509.000 1727975.000 0.134 -0.548 -0.136
6452584.000 1727975.000 0.142 -0.563 -0.156
6452559.000 1727975.000 0.117 -0.559 -0.174
6452534.000 1727975.000 0.117 -0.541 -0.154
6452609.000 1727975.000 0.114 -0.520 -0.138
6452659.000 1727975.000 0.159 -0.522 -0.119
6452759.000 1727975.000 0.214 -0.538 -0.114
6452684.000 1727975.000 0.182 -0.544 -0.117
6452784.000 1727975.000 0.239 -0.554 -0.113
6452809.000 1727975.000 0.235 -0.589 -0.114
6452634.000 1727975.000 0.123 -0.502 -0.125
6452834.000 1727975.000 0.220 -0.585 -0.114
6452709.000 1727975.000 0.193 -0.552 -0.114
6452734.000 1727975.000 0.201 -0.546 -0.113
6452859.000 1727975.000 0.216 -0.551 -0.113
6452884.000 1727975.000 0.231 -0.510 -0.114
6452934.000 1727975.000 0.243 -0.529 -0.115
6452959.000 1727975.000 0.200 -0.523 -0.109
6452909.000 1727975.000 0.212 -0.522 -0.116
6452984.000 1727975.000 0.209 -0.496 -0.112
6453109.000 1727975.000 0.047 -0.483 -0.091
6453059.000 1727975.000 0.228 -0.503 -0.118
6453134.000 1727975.000 0.085 -0.417 -0.074
6453034.000 1727975.000 0.261 -0.498 -0.117
6453184.000 1727975.000 0.332 -0.454 -0.096
6453009.000 1727975.000 0.173 -0.495 -0.122
6453084.000 1727975.000 0.095 -0.544 -0.108
6453159.000 1727975.000 0.171 -0.432 -0.082
6453209.000 1727975.000 0.201 -0.462 -0.143
6453234.000 1727975.000 0.185 -0.518 -0.149
6453259.000 1727975.000 0.180 -0.518 -0.144
6453284.000 1727975.000 0.174 -0.494 -0.152
6453309.000 1727975.000 0.183 -0.434 -0.152
6453359.000 1727975.000 0.134 -0.431 -0.131
6453334.000 1727975.000 0.130 -0.446 -0.137
6453384.000 1727975.000 0.113 -0.427 -0.128
6453409.000 1727975.000 0.105 -0.400 -0.128
6453434.000 1727975.000 0.128 -0.419 -0.130
6453459.000 1727975.000 0.100 -0.409 -0.136
6453509.000 1727975.000 0.143 -0.355 -0.151
6453484.000 1727975.000 0.065 -0.371 -0.137
6453534.000 1727975.000 0.270 -0.381 -0.144
6453559.000 1727975.000 0.313 -0.338 -0.110
6453584.000 1727975.000 0.149 -0.291 -0.109
6453659.000 1727975.000 0.148 -0.316 -0.119
6453609.000 1727975.000 0.127 -0.265 -0.112
6453634.000 1727975.000 0.168 -0.304 -0.113
6453709.000 1727975.000 0.248 -0.261 -0.106
6453684.000 1727975.000 0.263 -0.286 -0.129
6453759.000 1727975.000 0.078 -0.247 -0.129
6453859.000 1727975.000 0.126 -0.228 -0.116
6453834.000 1727975.000 0.131 -0.185 -0.102
6453884.000 1727975.000 0.333 -0.346 -0.161
6453734.000 1727975.000 0.147 -0.287 -0.130
6453809.000 1727975.000 0.160 -0.234 -0.123
6453784.000 1727975.000 0.121 -0.252 -0.127
6453909.000 1727975.000 0.293 -0.424 -0.189
6454009.000 1727975.000 0.070 -0.355 -0.162
6453934.000 1727975.000 0.026 -0.341 -0.177
6453959.000 1727975.000 -0.039 -0.388 -0.187
6454084.000 1727975.000 0.046 -0.316 -0.135
6454259.000 1727975.000 0.249 -0.451 -0.152
6454159.000 1727975.000 0.195 -0.359 -0.114
6454209.000 1727975.000 -0.101 -0.554 -0.240
6453984.000 1727975.000 0.061 -0.375 -0.170
6454184.000 1727975.000 0.113 -0.405 -0.157
6454234.000 1727975.000 0.115 -0.569 -0.229
6454134.000 1727975.000 -0.075 -0.266 -0.192
6454109.000 1727975.000 -0.030 -0.315 -0.172
6454284.000 1727975.000 0.105 -0.363 -0.154
6454059.000 1727975.000 0.021 -0.324 -0.122
6454034.000 1727975.000 0.061 -0.312 -0.122
6454334.000 1727975.000 0.085 -0.384 -0.140
6454434.000 1727975.000 -0.004 -0.408 -0.141
6454459.000 1727975.000 0.092 -0.418 -0.141
6454534.000 1727975.000 0.138 -0.495 -0.119
6454484.000 1727975.000 0.041 -0.451 -0.144
6454409.000 1727975.000 0.032 -0.418 -0.146
6451559.000 1728000.000 -0.058 -0.780 -0.177
6451609.000 1728000.000 -0.006 -0.691 -0.185
6451584.000 1728000.000 0.050 -0.699 -0.162
6454309.000 1727975.000 0.142 -0.382 -0.144
6451634.000 1728000.000 0.010 -0.732 -0.192
6454384.000 1727975.000 0.034 -0.395 -0.140
6454359.000 1727975.000 0.044 -0.394 -0.153
6454509.000 1727975.000 0.089 -0.449 -0.124
6451659.000 1728000.000 -0.010 -0.790 -0.218
6451684.000 1728000.000 0.026 -0.804 -0.216
6451784.000 1728000.000 0.058 -0.845 -0.185
6451759.000 1728000.000 0.064 -0.822 -0.182
6451809.000 1728000.000 0.038 -0.800 -0.188
6451734.000 1728000.000 0.045 -0.776 -0.204
6451709.000 1728000.000 0.094 -0.805 -0.193
6451834.000 1728000.000 0.089 -0.752 -0.196
6451859.000 1728000.000 0.045 -0.774 -0.215
6451909.000 1728000.000 0.231 -0.783 -0.262
6451959.000 1728000.000 0.112 -0.679 -0.210
6451884.000 1728000.000 0.078 -0.708 -0.200
6451934.000 1728000.000 0.129 -0.726 -0.231
6452009.000 1728000.000 0.110 -0.719 -0.165
6452034.000 1728000.000 0.093 -0.790 -0.146
6451984.000 1728000.000 0.166 -0.665 -0.181
6452134.000 1728000.000 0.000 -0.807 -0.141
6452184.000 1728000.000 -0.189 -0.597 -0.141
6452159.000 1728000.000 0.017 -0.721 -0.141
6452109.000 1728000.000 0.099 -0.815 -0.132
6452059.000 1728000.000 0.042 -0.836 -0.140
6452084.000 1728000.000 0.080 -0.859 -0.136
6452209.000 1728000.000 -0.019 -0.641 -0.134
6452234.000 1728000.000 0.013 -0.597 -0.123
6452284.000 1728000.000 -0.162 -0.598 -0.131
6452334.000 1728000.000 -0.236 -0.554 -0.130
6452259.000 1728000.000 -0.009 -0.611 -0.122
6452309.000 1728000.000 -0.145 -0.585 -0.133
6452359.000 1728000.000 -0.429 -0.406 -0.120
6452534.000 1728000.000 0.124 -0.575 -0.149
6452459.000 1728000.000 0.169 -0.487 -0.101
6452484.000 1728000.000 0.129 -0.515 -0.107
6452509.000 1728000.000 0.131 -0.564 -0.118
6452384.000 1728000.000 -0.181 -0.256 -0.087
6452409.000 1728000.000 -0.064 -0.327 -0.091
6452434.000 1728000.000 0.087 -0.465 -0.095
6452559.000 1728000.000 0.117 -0.529 -0.132
6452609.000 1728000.000 0.087 -0.498 -0.126
6452584.000 1728000.000 0.109 -0.531 -0.128
6452634.000 1728000.000 0.128 -0.502 -0.120
6452659.000 1728000.000 0.134 -0.507 -0.117
6452684.000 1728000.000 0.144 -0.526 -0.117
6452734.000 1728000.000 0.164 -0.520 -0.114
6452709.000 1728000.000 0.154 -0.526 -0.115
6452834.000 1728000.000 0.183 -0.559 -0.115
6452809.000 1728000.000 0.192 -0.557 -0.111
6452859.000 1728000.000 0.172 -0.558 -0.117
6452784.000 1728000.000 0.206 -0.532 -0.112
6452759.000 1728000.000 0.182 -0.525 -0.112
6452884.000 1728000.000 0.120 -0.550 -0.113
6452909.000 1728000.000 0.139 -0.494 -0.100
6452959.000 1728000.000 0.174 -0.525 -0.117
6452984.000 1728000.000 0.128 -0.565 -0.142
6452934.000 1728000.000 0.172 -0.512 -0.112
6453034.000 1728000.000 0.201 -0.569 -0.166
6453009.000 1728000.000 0.142 -0.588 -0.160
6453059.000 1728000.000 0.145 -0.556 -0.157
6453184.000 1728000.000 0.294 -0.489 -0.085
6453159.000 1728000.000 -0.000 -0.494 -0.101
6453109.000 1728000.000 0.088 -0.513 -0.155
6453209.000 1728000.000 0.225 -0.515 -0.109
6453134.000 1728000.000 0.049 -0.467 -0.102
6453084.000 1728000.000 0.060 -0.571 -0.143
6453234.000 1728000.000 0.194 -0.542 -0.130
6453259.000 1728000.000 0.187 -0.552 -0.133
6453284.000 1728000.000 0.141 -0.559 -0.155
6453309.000 1728000.000 0.120 -0.520 -0.155
6453384.000 1728000.000 0.144 -0.414 -0.132
6453334.000 1728000.000 0.135 -0.464 -0.140
6453359.000 1728000.000 0.143 -0.428 -0.134
6453484.000 1728000.000 0.149 -0.418 -0.149
6453509.000 1728000.000 0.184 -0.412 -0.132
6453559.000 1728000.000 0.245 -0.427 -0.092
6453634.000 1728000.000 0.201 -0.305 -0.086
6453459.000 1728000.000 0.137 -0.424 -0.145
6453409.000 1728000.000 0.136 -0.407 -0.134
6453534.000 1728000.000 0.296 -0.449 -0.088
6453434.000 1728000.000 0.157 -0.431 -0.143
6453609.000 1728000.000 0.141 -0.302 -0.111
6453584.000 1728000.000 0.111 -0.351 -0.103
6453809.000 1728000.000 0.167 -0.245 -0.125
6453834.000 1728000.000 0.126 -0.278 -0.116
6453659.000 1728000.000 0.128 -0.255 -0.049
6453859.000 1728000.000 0.143 -0.367 -0.136
6453684.000 1728000.000 0.250 -0.246 -0.059
6453884.000 1728000.000 0.319 -0.319 -0.113
6453784.000 1728000.000 0.191 -0.292 -0.129
6453709.000 1728000.000 0.322 -0.275 -0.085
6453909.000 1728000.000 0.303 -0.372 -0.135
6453934.000 1728000.000 0.050 -0.331 -0.157
6453759.000 1728000.000 0.144 -0.241 -0.123
6453734.000 1728000.000 0.272 -0.272 -0.111
6453959.000 1728000.000 -0.010 -0.438 -0.210
6454034.000 1728000.000 0.049 -0.337 -0.144
6454009.000 1728000.000 0.025 -0.318 -0.154
6453984.000 1728000.000 -0.169 -0.334 -0.230
6454059.000 1728000.000 0.017 -0.362 -0.154
6454084.000 1728000.000 0.019 -0.359 -0.159
6454134.000 1728000.000 0.053 -0.387 -0.175
6454184.000 1728000.000 0.061 -0.358 -0.189
6454109.000 1728000.000 0.027 -0.364 -0.163
6454209.000 1728000.000 0.101 -0.363 -0.164
6454159.000 1728000.000 0.063 -0.378 -0.181
6454234.000 1728000.000 0.037 -0.444 -0.227
6454259.000 1728000.000 0.000 -0.410 -0.187
6454284.000 1728000.000 0.020 -0.402 -0.178
6454334.000 1728000.000 0.016 -0.342 -0.142
6454359.000 1728000.000 -0.013 -0.331 -0.136
6454309.000 1728000.000 0.019 -0.404 -0.189
6454384.000 1728000.000 -0.007 -0.335 -0.132
6454409.000 1728000.000 -0.005 -0.362 -0.142
6454434.000 1728000.000 -0.046 -0.382 -0.150
6454459.000 1728000.000 0.081 -0.361 -0.156
6454509.000 1728000.000 0.057 -0.396 -0.134
6454484.000 1728000.000 0.012 -0.366 -0.162
6454534.000 1728000.000 0.035 -0.413 -0.126
6451684.000 1728025.000 0.140 -0.860 -0.219
6451659.000 1728025.000 0.044 -0.815 -0.200
6451834.000 1728025.000 0.050 -0.729 -0.184
6451709.000 1728025.000 0.313 -0.765 -0.244
6451609.000 1728025.000 -0.015 -0.816 -0.199
6451809.000 1728025.000 0.044 -0.777 -0.169
6451859.000 1728025.000 0.030 -0.687 -0.190
6451584.000 1728025.000 0.054 -0.747 -0.185
6451634.000 1728025.000 0.003 -0.810 -0.207
6451734.000 1728025.000 0.247 -0.688 -0.260
6451784.000 1728025.000 0.043 -0.800 -0.185
6451559.000 1728025.000 -0.070 -0.772 -0.189
6451759.000 1728025.000 0.039 -0.842 -0.247
6451884.000 1728025.000 0.107 -0.662 -0.137
6451909.000 1728025.000 0.071 -0.695 -0.139
6451934.000 1728025.000 0.088 -0.703 -0.140
6451984.000 1728025.000 -0.013 -0.661 -0.139
6452084.000 1728025.000 -0.028 -0.786 -0.135
6451959.000 1728025.000 -0.020 -0.687 -0.138
6452009.000 1728025.000 -0.054 -0.681 -0.147
6452109.000 1728025.000 -0.042 -0.766 -0.123
6452059.000 1728025.000 -0.011 -0.825 -0.163
6452159.000 1728025.000 -0.063 -0.673 -0.128
6452184.000 1728025.000 0.016 -0.655 -0.134
6452034.000 1728025.000 -0.203 -0.713 -0.169
6452134.000 1728025.000 -0.107 -0.721 -0.126
6452259.000 1728025.000 0.003 -0.572 -0.130
6452209.000 1728025.000 0.006 -0.566 -0.131
6452234.000 1728025.000 0.024 -0.562 -0.127
6452309.000 1728025.000 -0.095 -0.569 -0.131
6452284.000 1728025.000 -0.088 -0.554 -0.129
6452334.000 1728025.000 -0.260 -0.599 -0.094
6452384.000 1728025.000 0.006 -0.648 -0.045
6452409.000 1728025.000 0.116 -0.429 -0.076
6452359.000 1728025.000 -0.293 -0.899 -0.044
6452434.000 1728025.000 0.172 -0.458 -0.082
6452509.000 1728025.000 0.109 -0.561 -0.112
6452459.000 1728025.000 0.220 -0.499 -0.103
6452484.000 1728025.000 0.145 -0.525 -0.117
6452534.000 1728025.000 0.137 -0.558 -0.102
6452634.000 1728025.000 0.065 -0.564 -0.120
6452559.000 1728025.000 0.067 -0.499 -0.125
6452609.000 1728025.000 0.026 -0.533 -0.125
6452584.000 1728025.000 0.062 -0.530 -0.127
6452659.000 1728025.000 0.096 -0.547 -0.116
6452684.000 1728025.000 0.117 -0.540 -0.115
6452709.000 1728025.000 0.139 -0.562 -0.112
6452734.000 1728025.000 0.146 -0.564 -0.112
6452759.000 1728025.000 0.160 -0.576 -0.111
6452834.000 1728025.000 0.148 -0.551 -0.115
6452784.000 1728025.000 0.165 -0.573 -0.112
6452809.000 1728025.000 0.139 -0.580 -0.113
6453059.000 1728025.000 0.145 -0.455 -0.150
6452884.000 1728025.000 0.075 -0.538 -0.118
6452909.000 1728025.000 0.106 -0.486 -0.103
6452934.000 1728025.000 0.137 -0.496 -0.121
6452859.000 1728025.000 0.109 -0.527 -0.120
6452959.000 1728025.000 0.134 -0.540 -0.137
6453034.000 1728025.000 0.137 -0.503 -0.157
6452984.000 1728025.000 0.145 -0.490 -0.153
6453084.000 1728025.000 0.090 -0.529 -0.163
6453009.000 1728025.000 0.162 -0.482 -0.156
6453109.000 1728025.000 0.155 -0.520 -0.206
6453134.000 1728025.000 0.126 -0.541 -0.188
6453159.000 1728025.000 0.040 -0.498 -0.123
6453184.000 1728025.000 0.201 -0.501 -0.092
6453234.000 1728025.000 0.199 -0.539 -0.120
6453209.000 1728025.000 0.207 -0.531 -0.096
6453334.000 1728025.000 0.141 -0.490 -0.139
6453259.000 1728025.000 0.179 -0.538 -0.146
6453309.000 1728025.000 0.171 -0.538 -0.142
6453284.000 1728025.000 0.172 -0.546 -0.151
6453359.000 1728025.000 0.169 -0.411 -0.130
6453409.000 1728025.000 0.118 -0.435 -0.137
6453384.000 1728025.000 0.107 -0.423 -0.134
6453434.000 1728025.000 0.102 -0.465 -0.150
6453509.000 1728025.000 0.195 -0.439 -0.118
6453459.000 1728025.000 0.100 -0.435 -0.139
6453484.000 1728025.000 0.123 -0.456 -0.145
6453534.000 1728025.000 0.253 -0.415 -0.077
6453559.000 1728025.000 0.151 -0.398 -0.075
6453584.000 1728025.000 0.073 -0.369 -0.087
6453634.000 1728025.000 0.133 -0.293 -0.054
6453609.000 1728025.000 0.109 -0.300 -0.061
6453659.000 1728025.000 0.149 -0.345 -0.058
6453684.000 1728025.000 0.202 -0.382 -0.081
6453734.000 1728025.000 0.244 -0.350 -0.115
6453709.000 1728025.000 0.281 -0.378 -0.096
6453784.000 1728025.000 0.054 -0.368 -0.140
6453759.000 1728025.000 0.109 -0.359 -0.137
6453834.000 1728025.000 0.179 -0.402 -0.133
6453809.000 1728025.000 0.054 -0.429 -0.170
6453859.000 1728025.000 0.181 -0.366 -0.116
6453884.000 1728025.000 0.169 -0.324 -0.113
6453909.000 1728025.000 0.030 -0.387 -0.149
6453934.000 1728025.000 -0.057 -0.303 -0.107
6453959.000 1728025.000 0.106 -0.403 -0.118
6453984.000 1728025.000 0.192 -0.443 -0.098
6454034.000 1728025.000 0.032 -0.293 -0.113
6454009.000 1728025.000 -0.069 -0.310 -0.099
6454059.000 1728025.000 0.044 -0.348 -0.141
6454109.000 1728025.000 0.056 -0.438 -0.178
6454084.000 1728025.000 0.051 -0.420 -0.171
6454134.000 1728025.000 0.065 -0.461 -0.177
6454209.000 1728025.000 0.082 -0.397 -0.156
6454159.000 1728025.000 0.032 -0.463 -0.178
6454184.000 1728025.000 0.026 -0.408 -0.151
6454234.000 1728025.000 0.173 -0.334 -0.140
6454259.000 1728025.000 0.090 -0.321 -0.113
6454284.000 1728025.000 0.145 -0.432 -0.158
6454359.000 1728025.000 0.019 -0.336 -0.133
6454309.000 1728025.000 0.089 -0.399 -0.147
6454334.000 1728025.000 0.060 -0.357 -0.136
6454384.000 1728025.000 -0.010 -0.371 -0.133
6454409.000 1728025.000 0.021 -0.469 -0.151
6454434.000 1728025.000 -0.018 -0.398 -0.153
6454459.000 1728025.000 -0.016 -0.414 -0.161
6454534.000 1728025.000 0.079 -0.317 -0.127
6451709.000 1728050.000 0.086 -0.801 -0.164
6451559.000 1728050.000 -0.249 -0.861 -0.162
6451634.000 1728050.000 0.022 -0.864 -0.166
6451609.000 1728050.000 -0.027 -0.892 -0.161
6451809.000 1728050.000 -0.041 -0.787 -0.145
6451784.000 1728050.000 0.068 -0.809 -0.142
6454484.000 1728025.000 -0.004 -0.411 -0.151
6451684.000 1728050.000 0.111 -0.806 -0.161
6451834.000 1728050.000 0.108 -0.775 -0.115
6451659.000 1728050.000 0.076 -0.854 -0.160
6451584.000 1728050.000 -0.136 -0.872 -0.160
6454509.000 1728025.000 0.026 -0.406 -0.141
6451734.000 1728050.000 0.178 -0.832 -0.150
6451759.000 1728050.000 0.067 -0.855 -0.153
6451909.000 1728050.000 0.090 -0.737 -0.118
6452009.000 1728050.000 -0.029 -0.709 -0.119
6452034.000 1728050.000 -0.248 -0.672 -0.160
6451934.000 1728050.000 -0.001 -0.717 -0.121
6452109.000 1728050.000 0.086 -0.756 -0.111
6451884.000 1728050.000 0.030 -0.724 -0.124
6451859.000 1728050.000 0.001 -0.732 -0.125
6451984.000 1728050.000 -0.045 -0.724 -0.112
6451959.000 1728050.000 -0.054 -0.736 -0.115
6452084.000 1728050.000 0.004 -0.675 -0.131
6452209.000 1728050.000 0.041 -0.570 -0.145
6452159.000 1728050.000 0.106 -0.728 -0.113
6452234.000 1728050.000 -0.020 -0.535 -0.151
6452059.000 1728050.000 0.068 -0.561 -0.177
6452184.000 1728050.000 0.170 -0.661 -0.119
6452134.000 1728050.000 0.021 -0.742 -0.113
6452259.000 1728050.000 -0.020 -0.527 -0.147
6452284.000 1728050.000 -0.056 -0.524 -0.134
6452309.000 1728050.000 -0.072 -0.497 -0.119
6452359.000 1728050.000 -0.336 -0.594 -0.059
6452384.000 1728050.000 -0.010 -0.504 -0.097
6452334.000 1728050.000 -0.540 0.643 -0.088
6452459.000 1728050.000 0.160 -0.454 -0.107
6452409.000 1728050.000 0.085 -0.481 -0.101
6452434.000 1728050.000 0.164 -0.462 -0.086
6452484.000 1728050.000 0.178 -0.497 -0.096
6452509.000 1728050.000 0.109 -0.581 -0.108
6452559.000 1728050.000 0.068 -0.541 -0.128
6452609.000 1728050.000 0.049 -0.547 -0.125
6452534.000 1728050.000 0.140 -0.612 -0.098
6452584.000 1728050.000 0.102 -0.548 -0.125
6452634.000 1728050.000 0.089 -0.549 -0.119
6452659.000 1728050.000 0.102 -0.510 -0.116
6452684.000 1728050.000 0.148 -0.515 -0.113
6452734.000 1728050.000 0.118 -0.580 -0.118
6452709.000 1728050.000 0.154 -0.562 -0.114
6452834.000 1728050.000 0.161 -0.561 -0.121
6452759.000 1728050.000 0.147 -0.596 -0.119
6452784.000 1728050.000 0.161 -0.573 -0.123
6452809.000 1728050.000 0.146 -0.578 -0.122
6452859.000 1728050.000 0.068 -0.545 -0.133
6452884.000 1728050.000 0.034 -0.535 -0.139
6453059.000 1728050.000 0.140 -0.497 -0.153
6452909.000 1728050.000 0.077 -0.521 -0.133
6452934.000 1728050.000 0.161 -0.524 -0.137
6453084.000 1728050.000 0.090 -0.548 -0.163
6452959.000 1728050.000 0.153 -0.549 -0.140
6453109.000 1728050.000 0.110 -0.585 -0.207
6453134.000 1728050.000 0.139 -0.571 -0.206
6452984.000 1728050.000 0.121 -0.490 -0.142
6453009.000 1728050.000 0.128 -0.510 -0.142
6453034.000 1728050.000 0.093 -0.539 -0.149
6453184.000 1728050.000 0.150 -0.503 -0.092
6453209.000 1728050.000 0.159 -0.539 -0.096
6453159.000 1728050.000 0.092 -0.538 -0.167
6453234.000 1728050.000 0.226 -0.530 -0.088
6453284.000 1728050.000 0.146 -0.503 -0.169
6453259.000 1728050.000 0.177 -0.514 -0.148
6453309.000 1728050.000 0.183 -0.516 -0.141
6453384.000 1728050.000 0.140 -0.509 -0.139
6453434.000 1728050.000 0.048 -0.490 -0.151
6453409.000 1728050.000 0.128 -0.499 -0.143
6453334.000 1728050.000 0.152 -0.525 -0.141
6453459.000 1728050.000 0.056 -0.461 -0.133
6453359.000 1728050.000 0.113 -0.483 -0.138
6453509.000 1728050.000 0.198 -0.461 -0.120
6453484.000 1728050.000 0.096 -0.489 -0.131
6453534.000 1728050.000 0.191 -0.452 -0.093
6453709.000 1728050.000 0.221 -0.323 -0.071
6453559.000 1728050.000 0.007 -0.446 -0.101
6453734.000 1728050.000 0.237 -0.350 -0.091
6453584.000 1728050.000 0.036 -0.415 -0.100
6453759.000 1728050.000 0.128 -0.418 -0.146
6453634.000 1728050.000 0.156 -0.395 -0.082
6453659.000 1728050.000 0.167 -0.419 -0.075
6453609.000 1728050.000 0.074 -0.395 -0.088
6453834.000 1728050.000 0.201 -0.448 -0.123
6453684.000 1728050.000 0.176 -0.306 -0.055
6453809.000 1728050.000 0.095 -0.455 -0.171
6453784.000 1728050.000 0.098 -0.443 -0.169
6453859.000 1728050.000 0.186 -0.304 -0.072
6453884.000 1728050.000 0.073 -0.251 -0.071
6453934.000 1728050.000 0.096 -0.328 -0.057
6453909.000 1728050.000 0.069 -0.360 -0.106
6453959.000 1728050.000 0.045 -0.344 -0.075
6454059.000 1728050.000 0.138 -0.408 -0.130
6454009.000 1728050.000 0.114 -0.372 -0.092
6454159.000 1728050.000 0.085 -0.364 -0.101
6453984.000 1728050.000 0.055 -0.426 -0.115
6454034.000 1728050.000 0.087 -0.373 -0.120
6454084.000 1728050.000 0.136 -0.468 -0.144
6454109.000 1728050.000 0.075 -0.438 -0.136
6454134.000 1728050.000 0.114 -0.380 -0.106
6454184.000 1728050.000 0.079 -0.333 -0.092
6454234.000 1728050.000 0.152 -0.280 -0.080
6454209.000 1728050.000 0.089 -0.295 -0.083
6454284.000 1728050.000 0.130 -0.333 -0.071
6454259.000 1728050.000 0.066 -0.350 -0.074
6454334.000 1728050.000 0.045 -0.323 -0.095
6454309.000 1728050.000 0.089 -0.333 -0.081
6454359.000 1728050.000 -0.029 -0.399 -0.125
6454384.000 1728050.000 -0.030 -0.407 -0.127
6454409.000 1728050.000 0.030 -0.397 -0.135
6454434.000 1728050.000 0.059 -0.404 -0.140
6454459.000 1728050.000 0.039 -0.422 -0.149
6454484.000 1728050.000 0.022 -0.408 -0.129
6454509.000 1728050.000 0.031 -0.406 -0.126
6454534.000 1728050.000 0.055 -0.380 -0.118
6451659.000 1728075.000 0.164 -0.865 -0.130
6451684.000 1728075.000 0.134 -0.852 -0.133
6451834.000 1728075.000 0.036 -0.776 -0.120
6451809.000 1728075.000 -0.051 -0.792 -0.137
6451709.000 1728075.000 0.117 -0.875 -0.135
6451634.000 1728075.000 0.118 -0.913 -0.135
6451559.000 1728075.000 -0.013 -0.916 -0.135
6451584.000 1728075.000 -0.023 -0.891 -0.137
6451609.000 1728075.000 0.017 -0.905 -0.136
6451734.000 1728075.000 -0.046 -0.899 -0.155
6451759.000 1728075.000 -0.144 -0.919 -0.163
6451784.000 1728075.000 -0.084 -0.879 -0.147
6451859.000 1728075.000 -0.013 -0.738 -0.129
6451884.000 1728075.000 0.021 -0.749 -0.123
6451934.000 1728075.000 0.144 -0.773 -0.105
6451909.000 1728075.000 0.096 -0.779 -0.112
6451959.000 1728075.000 0.139 -0.760 -0.098
6451984.000 1728075.000 0.012 -0.738 -0.101
6452009.000 1728075.000 -0.064 -0.716 -0.100
6452034.000 1728075.000 -0.118 -0.654 -0.125
6452109.000 1728075.000 0.027 -0.724 -0.122
6452059.000 1728075.000 0.041 -0.536 -0.183
6452084.000 1728075.000 0.037 -0.662 -0.131
6452134.000 1728075.000 0.027 -0.691 -0.142
6452159.000 1728075.000 0.062 -0.644 -0.159
6452209.000 1728075.000 0.098 -0.575 -0.148
6452184.000 1728075.000 0.111 -0.632 -0.146
6452259.000 1728075.000 0.001 -0.504 -0.137
6452234.000 1728075.000 0.007 -0.510 -0.143
6452309.000 1728075.000 -0.095 -0.430 -0.100
6452284.000 1728075.000 -0.029 -0.508 -0.119
6452334.000 1728075.000 -0.064 -0.358 -0.074
6452359.000 1728075.000 0.042 -0.438 -0.088
6452384.000 1728075.000 0.003 -0.519 -0.111
6452434.000 1728075.000 0.151 -0.512 -0.089
6452409.000 1728075.000 0.078 -0.517 -0.104
6452484.000 1728075.000 0.160 -0.502 -0.099
6452559.000 1728075.000 0.150 -0.475 -0.113
6452534.000 1728075.000 0.153 -0.492 -0.108
6452459.000 1728075.000 0.142 -0.487 -0.106
6452509.000 1728075.000 0.155 -0.521 -0.100
6452609.000 1728075.000 0.079 -0.546 -0.123
6452634.000 1728075.000 0.090 -0.522 -0.119
6452584.000 1728075.000 0.128 -0.590 -0.118
6452659.000 1728075.000 0.092 -0.464 -0.118
6452709.000 1728075.000 0.114 -0.532 -0.131
6452684.000 1728075.000 0.129 -0.469 -0.121
6452734.000 1728075.000 0.135 -0.529 -0.133
6452759.000 1728075.000 0.171 -0.558 -0.133
6452784.000 1728075.000 0.185 -0.567 -0.135
6452834.000 1728075.000 0.121 -0.614 -0.138
6452809.000 1728075.000 0.142 -0.600 -0.134
6452859.000 1728075.000 0.114 -0.553 -0.142
6452934.000 1728075.000 0.195 -0.490 -0.149
6452984.000 1728075.000 0.142 -0.464 -0.138
6452909.000 1728075.000 0.123 -0.476 -0.148
6452884.000 1728075.000 0.110 -0.500 -0.144
6453009.000 1728075.000 0.204 -0.522 -0.134
6452959.000 1728075.000 0.209 -0.463 -0.143
6453084.000 1728075.000 0.132 -0.505 -0.152
6453034.000 1728075.000 0.105 -0.506 -0.145
6453059.000 1728075.000 0.135 -0.501 -0.148
6453184.000 1728075.000 0.055 -0.543 -0.155
6453159.000 1728075.000 0.103 -0.528 -0.183
6453134.000 1728075.000 0.131 -0.553 -0.195
6453209.000 1728075.000 0.081 -0.560 -0.135
6453109.000 1728075.000 0.136 -0.515 -0.163
6453234.000 1728075.000 0.181 -0.523 -0.094
6453259.000 1728075.000 0.200 -0.520 -0.123
6453284.000 1728075.000 0.179 -0.482 -0.154
6453309.000 1728075.000 0.179 -0.508 -0.146
6453334.000 1728075.000 0.161 -0.574 -0.145
6453359.000 1728075.000 0.164 -0.568 -0.141
6453409.000 1728075.000 0.109 -0.517 -0.146
6453384.000 1728075.000 0.149 -0.548 -0.141
6453509.000 1728075.000 0.228 -0.503 -0.119
6453434.000 1728075.000 0.105 -0.495 -0.140
6453459.000 1728075.000 0.100 -0.518 -0.130
6453534.000 1728075.000 0.226 -0.461 -0.086
6453584.000 1728075.000 0.179 -0.408 -0.080
6453634.000 1728075.000 0.221 -0.330 -0.073
6453609.000 1728075.000 0.139 -0.363 -0.085
6453559.000 1728075.000 0.090 -0.476 -0.093
6453484.000 1728075.000 0.150 -0.576 -0.137
6453659.000 1728075.000 0.203 -0.271 -0.051
6453834.000 1728075.000 0.229 -0.337 -0.107
6453909.000 1728075.000 0.161 -0.358 -0.085
6453709.000 1728075.000 0.206 -0.378 -0.090
6453684.000 1728075.000 0.177 -0.304 -0.065
6453934.000 1728075.000 0.137 -0.316 -0.058
6453734.000 1728075.000 0.185 -0.357 -0.093
6453959.000 1728075.000 0.067 -0.313 -0.074
6453809.000 1728075.000 0.227 -0.379 -0.144
6453859.000 1728075.000 0.199 -0.277 -0.082
6453759.000 1728075.000 0.226 -0.394 -0.123
6453784.000 1728075.000 0.209 -0.384 -0.140
6453884.000 1728075.000 0.155 -0.270 -0.053
6453984.000 1728075.000 0.154 -0.355 -0.070
6454009.000 1728075.000 0.090 -0.336 -0.083
6454034.000 1728075.000 0.126 -0.354 -0.082
6454109.000 1728075.000 0.144 -0.395 -0.072
6454084.000 1728075.000 0.142 -0.390 -0.071
6454059.000 1728075.000 0.119 -0.356 -0.079
6454184.000 1728075.000 0.135 -0.338 -0.082
6454234.000 1728075.000 0.129 -0.316 -0.085
6454159.000 1728075.000 0.141 -0.357 -0.080
6454134.000 1728075.000 0.169 -0.367 -0.070
6454209.000 1728075.000 0.138 -0.308 -0.083
6454284.000 1728075.000 0.119 -0.350 -0.069
6454259.000 1728075.000 0.095 -0.357 -0.075
6454309.000 1728075.000 0.071 -0.366 -0.078
6454334.000 1728075.000 0.083 -0.396 -0.070
6454359.000 1728075.000 0.059 -0.305 -0.081
6454384.000 1728075.000 0.010 -0.308 -0.099
6454409.000 1728075.000 0.046 -0.314 -0.110
6454434.000 1728075.000 0.077 -0.341 -0.102
6454459.000 1728075.000 0.070 -0.369 -0.106
6454484.000 1728075.000 0.045 -0.377 -0.092
6454534.000 1728075.000 0.103 -0.370 -0.094
6451559.000 1728100.000 -0.108 -0.737 -0.143
6454509.000 1728075.000 0.042 -0.376 -0.096
6451609.000 1728100.000 -0.050 -0.800 -0.142
6451584.000 1728100.000 -0.106 -0.762 -0.145
6451634.000 1728100.000 0.037 -0.837 -0.143
6451659.000 1728100.000 -0.075 -0.874 -0.156
6451684.000 1728100.000 -0.122 -0.868 -0.165
6451734.000 1728100.000 -0.108 -0.878 -0.167
6451709.000 1728100.000 0.001 -0.860 -0.154
6451759.000 1728100.000 -0.194 -0.849 -0.174
6451784.000 1728100.000 -0.154 -0.803 -0.164
6451809.000 1728100.000 -0.101 -0.770 -0.150
6451859.000 1728100.000 -0.235 -0.654 -0.166
6451834.000 1728100.000 -0.273 -0.699 -0.171
6451884.000 1728100.000 -0.048 -0.772 -0.135
6451934.000 1728100.000 0.098 -0.764 -0.113
6451909.000 1728100.000 0.153 -0.790 -0.107
6451959.000 1728100.000 0.101 -0.736 -0.111
6451984.000 1728100.000 0.076 -0.722 -0.114
6452009.000 1728100.000 -0.013 -0.676 -0.123
6452034.000 1728100.000 -0.088 -0.664 -0.121
6452059.000 1728100.000 0.021 -0.678 -0.121
6452084.000 1728100.000 0.047 -0.686 -0.113
6452134.000 1728100.000 0.049 -0.628 -0.146
6452159.000 1728100.000 0.101 -0.606 -0.148
6452109.000 1728100.000 0.043 -0.646 -0.136
6452234.000 1728100.000 0.070 -0.560 -0.146
6452284.000 1728100.000 -0.000 -0.524 -0.121
6452334.000 1728100.000 -0.089 -0.447 -0.067
6452309.000 1728100.000 -0.195 -0.379 -0.075
6452209.000 1728100.000 0.144 -0.568 -0.148
6452184.000 1728100.000 0.130 -0.603 -0.144
6452259.000 1728100.000 0.027 -0.555 -0.129
6452359.000 1728100.000 0.036 -0.547 -0.106
6452409.000 1728100.000 0.070 -0.521 -0.108
6452459.000 1728100.000 0.130 -0.469 -0.106
6452384.000 1728100.000 0.002 -0.625 -0.125
6452434.000 1728100.000 0.142 -0.471 -0.089
6452584.000 1728100.000 0.114 -0.539 -0.127
6452509.000 1728100.000 0.155 -0.547 -0.103
6452659.000 1728100.000 0.125 -0.470 -0.126
6452534.000 1728100.000 0.137 -0.528 -0.118
6452609.000 1728100.000 0.075 -0.529 -0.130
6452634.000 1728100.000 0.097 -0.494 -0.125
6452484.000 1728100.000 0.155 -0.503 -0.099
6452684.000 1728100.000 0.141 -0.505 -0.134
6452559.000 1728100.000 0.145 -0.515 -0.117
6452734.000 1728100.000 0.203 -0.486 -0.143
6452709.000 1728100.000 0.155 -0.522 -0.142
6452759.000 1728100.000 0.223 -0.557 -0.139
6452884.000 1728100.000 0.112 -0.494 -0.157
6452934.000 1728100.000 0.204 -0.540 -0.164
6452984.000 1728100.000 0.255 -0.410 -0.140
6452784.000 1728100.000 0.208 -0.593 -0.140
6453009.000 1728100.000 0.330 -0.424 -0.128
6452834.000 1728100.000 0.200 -0.600 -0.136
6452859.000 1728100.000 0.152 -0.539 -0.149
6452809.000 1728100.000 0.137 -0.611 -0.139
6452909.000 1728100.000 0.129 -0.494 -0.163
6452959.000 1728100.000 0.244 -0.472 -0.151
6453034.000 1728100.000 0.255 -0.438 -0.141
6453084.000 1728100.000 0.146 -0.482 -0.153
6453109.000 1728100.000 0.133 -0.484 -0.155
6453059.000 1728100.000 0.147 -0.481 -0.151
6453134.000 1728100.000 0.120 -0.485 -0.161
6453209.000 1728100.000 0.120 -0.537 -0.145
6453184.000 1728100.000 0.069 -0.540 -0.170
6453234.000 1728100.000 0.156 -0.507 -0.115
6453159.000 1728100.000 0.110 -0.479 -0.163
6453284.000 1728100.000 0.195 -0.487 -0.154
6453259.000 1728100.000 0.242 -0.506 -0.090
6453309.000 1728100.000 0.202 -0.570 -0.149
6453359.000 1728100.000 0.237 -0.569 -0.149
6453334.000 1728100.000 0.205 -0.599 -0.151
6453384.000 1728100.000 0.184 -0.526 -0.145
6453434.000 1728100.000 0.164 -0.511 -0.131
6453409.000 1728100.000 0.192 -0.503 -0.128
6453484.000 1728100.000 0.264 -0.490 -0.123
6453459.000 1728100.000 0.180 -0.550 -0.133
6453534.000 1728100.000 0.279 -0.452 -0.061
6453509.000 1728100.000 0.282 -0.484 -0.094
6453609.000 1728100.000 0.216 -0.364 -0.110
6453559.000 1728100.000 0.157 -0.458 -0.084
6453584.000 1728100.000 0.294 -0.394 -0.080
6453659.000 1728100.000 0.099 -0.605 -0.219
6453634.000 1728100.000 0.222 -0.326 -0.097
6453734.000 1728100.000 0.246 -0.348 -0.093
6453684.000 1728100.000 0.162 -0.386 -0.126
6453709.000 1728100.000 0.237 -0.343 -0.089
6453759.000 1728100.000 0.276 -0.363 -0.102
6453784.000 1728100.000 0.241 -0.356 -0.111
6453809.000 1728100.000 0.244 -0.328 -0.114
6453834.000 1728100.000 0.225 -0.311 -0.102
6453984.000 1728100.000 0.174 -0.367 -0.062
6453959.000 1728100.000 0.124 -0.355 -0.065
6453859.000 1728100.000 0.225 -0.317 -0.098
6454009.000 1728100.000 0.185 -0.358 -0.064
6454034.000 1728100.000 0.127 -0.347 -0.078
6453934.000 1728100.000 0.074 -0.371 -0.071
6453909.000 1728100.000 0.092 -0.365 -0.083
6453884.000 1728100.000 0.089 -0.357 -0.095
6454059.000 1728100.000 0.113 -0.348 -0.080
6454109.000 1728100.000 0.235 -0.364 -0.058
6454134.000 1728100.000 0.222 -0.365 -0.063
6454159.000 1728100.000 0.167 -0.357 -0.077
6454184.000 1728100.000 0.164 -0.348 -0.079
6454084.000 1728100.000 0.170 -0.353 -0.070
6454259.000 1728100.000 0.140 -0.360 -0.085
6454284.000 1728100.000 0.142 -0.373 -0.088
6454209.000 1728100.000 0.156 -0.328 -0.083
6454334.000 1728100.000 0.082 -0.389 -0.065
6454234.000 1728100.000 0.167 -0.348 -0.089
6454359.000 1728100.000 0.166 -0.325 -0.067
6454309.000 1728100.000 0.061 -0.338 -0.075
6454434.000 1728100.000 0.093 -0.343 -0.094
6454409.000 1728100.000 0.068 -0.308 -0.108
6454384.000 1728100.000 0.064 -0.327 -0.096
6454459.000 1728100.000 0.105 -0.354 -0.075
6454484.000 1728100.000 0.071 -0.379 -0.071
6454534.000 1728100.000 0.113 -0.358 -0.068
6454509.000 1728100.000 0.065 -0.369 -0.071
6451684.000 1728125.000 0.010 -0.891 -0.165
6451659.000 1728125.000 -0.091 -0.785 -0.162
6451634.000 1728125.000 0.081 -0.812 -0.147
6451834.000 1728125.000 -0.007 -0.781 -0.142
6451809.000 1728125.000 -0.057 -0.807 -0.151
6451784.000 1728125.000 -0.040 -0.839 -0.156
6451709.000 1728125.000 0.115 -0.849 -0.152
6451759.000 1728125.000 -0.010 -0.855 -0.160
6451559.000 1728125.000 -0.195 -0.694 -0.157
6451609.000 1728125.000 0.063 -0.822 -0.144
6451734.000 1728125.000 0.059 -0.858 -0.158
6451859.000 1728125.000 -0.090 -0.726 -0.156
6451934.000 1728125.000 0.007 -0.692 -0.141
6451584.000 1728125.000 -0.105 -0.743 -0.151
6451909.000 1728125.000 0.047 -0.745 -0.131
6451884.000 1728125.000 -0.048 -0.731 -0.146
6451959.000 1728125.000 0.039 -0.671 -0.138
6451984.000 1728125.000 0.075 -0.733 -0.119
6452009.000 1728125.000 -0.033 -0.639 -0.128
6452059.000 1728125.000 0.001 -0.650 -0.129
6452034.000 1728125.000 -0.065 -0.572 -0.136
6452134.000 1728125.000 0.063 -0.623 -0.149
6452184.000 1728125.000 0.149 -0.584 -0.132
6452159.000 1728125.000 0.115 -0.592 -0.132
6452234.000 1728125.000 0.132 -0.549 -0.150
6452109.000 1728125.000 0.067 -0.638 -0.149
6452259.000 1728125.000 0.039 -0.488 -0.129
6452209.000 1728125.000 0.129 -0.565 -0.152
6452309.000 1728125.000 -0.389 -0.498 -0.015
6452284.000 1728125.000 -0.023 -0.487 -0.126
6452084.000 1728125.000 0.047 -0.688 -0.120
6452334.000 1728125.000 0.200 -0.541 -0.021
6452359.000 1728125.000 0.056 -0.583 -0.128
6452384.000 1728125.000 0.049 -0.613 -0.142
6452434.000 1728125.000 0.152 -0.452 -0.092
6452459.000 1728125.000 0.140 -0.454 -0.105
6452559.000 1728125.000 0.137 -0.520 -0.119
6452534.000 1728125.000 0.148 -0.536 -0.111
6452584.000 1728125.000 0.127 -0.527 -0.124
6452634.000 1728125.000 0.112 -0.486 -0.132
6452734.000 1728125.000 0.173 -0.501 -0.155
6452684.000 1728125.000 0.157 -0.487 -0.137
6452409.000 1728125.000 0.060 -0.541 -0.124
6452484.000 1728125.000 0.161 -0.475 -0.098
6452509.000 1728125.000 0.138 -0.535 -0.107
6452609.000 1728125.000 0.038 -0.507 -0.132
6452659.000 1728125.000 0.125 -0.461 -0.134
6452784.000 1728125.000 0.129 -0.521 -0.149
6452759.000 1728125.000 0.172 -0.505 -0.146
6452709.000 1728125.000 0.172 -0.492 -0.145
6452809.000 1728125.000 0.139 -0.553 -0.148
6452834.000 1728125.000 0.161 -0.536 -0.150
6452859.000 1728125.000 0.135 -0.523 -0.158
6452884.000 1728125.000 0.165 -0.513 -0.162
6452909.000 1728125.000 0.219 -0.502 -0.163
6452934.000 1728125.000 0.225 -0.483 -0.162
6452984.000 1728125.000 0.162 -0.493 -0.183
6452959.000 1728125.000 0.200 -0.485 -0.167
6453009.000 1728125.000 0.209 -0.505 -0.174
6453159.000 1728125.000 0.107 -0.467 -0.167
6453134.000 1728125.000 0.134 -0.474 -0.157
6453209.000 1728125.000 0.121 -0.503 -0.214
6453059.000 1728125.000 0.181 -0.481 -0.171
6453234.000 1728125.000 0.139 -0.466 -0.171
6453109.000 1728125.000 0.118 -0.482 -0.154
6453034.000 1728125.000 0.178 -0.483 -0.175
6453084.000 1728125.000 0.137 -0.477 -0.161
6453184.000 1728125.000 0.074 -0.460 -0.175
6453259.000 1728125.000 0.260 -0.478 -0.109
6453309.000 1728125.000 0.219 -0.510 -0.166
6453284.000 1728125.000 0.190 -0.517 -0.160
6453334.000 1728125.000 0.238 -0.499 -0.171
6453359.000 1728125.000 0.272 -0.533 -0.143
6453384.000 1728125.000 0.288 -0.509 -0.118
6453434.000 1728125.000 0.197 -0.489 -0.115
6453459.000 1728125.000 0.191 -0.504 -0.118
6453484.000 1728125.000 0.243 -0.458 -0.099
6453534.000 1728125.000 0.289 -0.504 -0.074
6453409.000 1728125.000 0.273 -0.484 -0.104
6453509.000 1728125.000 0.264 -0.458 -0.076
6453634.000 1728125.000 0.329 -0.425 -0.074
6453584.000 1728125.000 0.308 -0.401 -0.088
6453609.000 1728125.000 0.240 -0.404 -0.095
6453559.000 1728125.000 0.234 -0.458 -0.098
6453659.000 1728125.000 0.218 -0.429 -0.078
6453684.000 1728125.000 0.275 -0.382 -0.075
6453759.000 1728125.000 0.229 -0.339 -0.091
6453709.000 1728125.000 0.249 -0.346 -0.082
6453784.000 1728125.000 0.214 -0.341 -0.094
6453734.000 1728125.000 0.250 -0.343 -0.088
6453809.000 1728125.000 0.225 -0.326 -0.094
6453834.000 1728125.000 0.174 -0.325 -0.093
6453884.000 1728125.000 0.140 -0.364 -0.090
6453859.000 1728125.000 0.208 -0.344 -0.095
6453909.000 1728125.000 0.093 -0.386 -0.085
6454059.000 1728125.000 0.100 -0.351 -0.091
6454084.000 1728125.000 0.117 -0.354 -0.099
6454159.000 1728125.000 0.194 -0.350 -0.088
6454109.000 1728125.000 0.209 -0.332 -0.059
6454134.000 1728125.000 0.209 -0.352 -0.078
6454184.000 1728125.000 0.142 -0.344 -0.083
6454209.000 1728125.000 0.105 -0.327 -0.076
6453959.000 1728125.000 0.167 -0.375 -0.059
6453934.000 1728125.000 0.136 -0.380 -0.063
6454234.000 1728125.000 0.132 -0.356 -0.082
6454259.000 1728125.000 0.135 -0.369 -0.090
6454009.000 1728125.000 0.161 -0.375 -0.062
6454284.000 1728125.000 0.160 -0.372 -0.089
6454034.000 1728125.000 0.117 -0.364 -0.070
6453984.000 1728125.000 0.199 -0.377 -0.058
6454359.000 1728125.000 0.174 -0.396 -0.066
6454384.000 1728125.000 0.125 -0.369 -0.086
6454459.000 1728125.000 0.083 -0.353 -0.068
6454434.000 1728125.000 0.131 -0.346 -0.072
6454409.000 1728125.000 0.138 -0.331 -0.082
6454309.000 1728125.000 0.090 -0.374 -0.086
6454334.000 1728125.000 0.074 -0.417 -0.065
6454484.000 1728125.000 0.003 -0.312 -0.065
6451559.000 1728150.000 -0.146 -0.860 -0.188
6454509.000 1728125.000 0.146 -0.336 -0.060
6451634.000 1728150.000 0.109 -0.830 -0.176
6451584.000 1728150.000 -0.030 -0.838 -0.156
6454534.000 1728125.000 0.058 -0.478 -0.060
6451659.000 1728150.000 0.039 -0.753 -0.181
6451609.000 1728150.000 0.176 -0.813 -0.113
6451684.000 1728150.000 0.037 -0.775 -0.188
6451734.000 1728150.000 0.024 -0.800 -0.196
6451784.000 1728150.000 -0.018 -0.754 -0.189
6451759.000 1728150.000 -0.022 -0.775 -0.197
6451709.000 1728150.000 0.069 -0.824 -0.186
6451809.000 1728150.000 0.086 -0.769 -0.184
6451884.000 1728150.000 -0.016 -0.657 -0.170
6451859.000 1728150.000 0.060 -0.672 -0.172
6451909.000 1728150.000 0.101 -0.718 -0.145
6451834.000 1728150.000 0.180 -0.717 -0.184
6451959.000 1728150.000 0.053 -0.711 -0.133
6451984.000 1728150.000 0.073 -0.691 -0.128
6451934.000 1728150.000 0.061 -0.708 -0.137
6452009.000 1728150.000 0.039 -0.669 -0.117
6452034.000 1728150.000 -0.000 -0.635 -0.113
6452059.000 1728150.000 0.023 -0.629 -0.122
6452084.000 1728150.000 0.024 -0.657 -0.132
6452109.000 1728150.000 0.088 -0.619 -0.165
6452234.000 1728150.000 0.161 -0.506 -0.164
6452159.000 1728150.000 0.106 -0.571 -0.131
6452284.000 1728150.000 -0.112 -0.472 -0.111
6452134.000 1728150.000 0.068 -0.587 -0.147
6452184.000 1728150.000 0.173 -0.556 -0.130
6452259.000 1728150.000 0.111 -0.457 -0.151
6452334.000 1728150.000 0.679 -0.585 0.013
6452209.000 1728150.000 0.145 -0.529 -0.158
6452359.000 1728150.000 0.091 -0.569 -0.133
6452309.000 1728150.000 -0.391 -0.493 -0.003
6452384.000 1728150.000 0.086 -0.554 -0.140
6452534.000 1728150.000 0.168 -0.492 -0.108
6452409.000 1728150.000 0.089 -0.547 -0.132
6452434.000 1728150.000 0.134 -0.482 -0.111
6452459.000 1728150.000 0.150 -0.509 -0.101
6452509.000 1728150.000 0.146 -0.507 -0.107
6452584.000 1728150.000 0.152 -0.509 -0.119
6452684.000 1728150.000 0.192 -0.430 -0.129
6452484.000 1728150.000 0.158 -0.484 -0.102
6452559.000 1728150.000 0.145 -0.499 -0.119
6452734.000 1728150.000 0.178 -0.538 -0.156
6452634.000 1728150.000 0.122 -0.446 -0.136
6452609.000 1728150.000 0.070 -0.490 -0.132
6452659.000 1728150.000 0.134 -0.442 -0.138
6452709.000 1728150.000 0.188 -0.498 -0.140
6452809.000 1728150.000 0.125 -0.493 -0.156
6452759.000 1728150.000 0.165 -0.529 -0.156
6452934.000 1728150.000 0.197 -0.501 -0.172
6452959.000 1728150.000 0.170 -0.500 -0.170
6453034.000 1728150.000 0.179 -0.494 -0.176
6452784.000 1728150.000 0.112 -0.468 -0.154
6452834.000 1728150.000 0.157 -0.505 -0.154
6452909.000 1728150.000 0.253 -0.514 -0.167
6453009.000 1728150.000 0.198 -0.518 -0.179
6452859.000 1728150.000 0.172 -0.491 -0.154
6452884.000 1728150.000 0.223 -0.485 -0.158
6453084.000 1728150.000 0.133 -0.481 -0.172
6453059.000 1728150.000 0.187 -0.493 -0.180
6453109.000 1728150.000 0.149 -0.463 -0.150
6453134.000 1728150.000 0.214 -0.436 -0.153
6452984.000 1728150.000 0.082 -0.556 -0.221
6453159.000 1728150.000 0.137 -0.437 -0.167
6453209.000 1728150.000 0.088 -0.504 -0.177
6453234.000 1728150.000 0.119 -0.495 -0.167
6453259.000 1728150.000 0.220 -0.466 -0.123
6453334.000 1728150.000 0.264 -0.475 -0.156
6453359.000 1728150.000 0.306 -0.497 -0.112
6453184.000 1728150.000 0.113 -0.454 -0.172
6453459.000 1728150.000 0.249 -0.451 -0.084
6453434.000 1728150.000 0.279 -0.449 -0.087
6453484.000 1728150.000 0.262 -0.457 -0.075
6453509.000 1728150.000 0.290 -0.459 -0.071
6453559.000 1728150.000 0.292 -0.421 -0.082
6453309.000 1728150.000 0.249 -0.510 -0.144
6453284.000 1728150.000 0.200 -0.531 -0.127
6453584.000 1728150.000 0.278 -0.378 -0.088
6453609.000 1728150.000 0.225 -0.387 -0.095
6453409.000 1728150.000 0.316 -0.467 -0.089
6453384.000 1728150.000 0.323 -0.477 -0.098
6453634.000 1728150.000 0.327 -0.402 -0.075
6453534.000 1728150.000 0.329 -0.440 -0.071
6453659.000 1728150.000 0.271 -0.397 -0.077
6453684.000 1728150.000 0.288 -0.375 -0.075
6453809.000 1728150.000 0.233 -0.335 -0.088
6453734.000 1728150.000 0.188 -0.333 -0.094
6453759.000 1728150.000 0.235 -0.336 -0.088
6453784.000 1728150.000 0.257 -0.342 -0.086
6453834.000 1728150.000 0.237 -0.310 -0.073
6453934.000 1728150.000 -0.002 -0.340 -0.104
6453909.000 1728150.000 0.094 -0.361 -0.099
6453709.000 1728150.000 0.289 -0.346 -0.078
6454009.000 1728150.000 0.202 -0.374 -0.066
6453884.000 1728150.000 0.189 -0.329 -0.086
6453859.000 1728150.000 0.252 -0.308 -0.071
6453959.000 1728150.000 0.071 -0.368 -0.108
6454059.000 1728150.000 0.142 -0.336 -0.074
6453984.000 1728150.000 0.179 -0.348 -0.079
6454034.000 1728150.000 0.153 -0.382 -0.088
6454084.000 1728150.000 0.137 -0.334 -0.078
6454134.000 1728150.000 0.124 -0.316 -0.074
6454109.000 1728150.000 0.134 -0.322 -0.069
6454209.000 1728150.000 0.084 -0.340 -0.072
6454159.000 1728150.000 0.165 -0.338 -0.083
6454184.000 1728150.000 0.132 -0.341 -0.081
6454234.000 1728150.000 0.134 -0.361 -0.079
6454259.000 1728150.000 0.171 -0.369 -0.094
6454309.000 1728150.000 0.132 -0.548 -0.071
6454284.000 1728150.000 0.174 -0.459 -0.109
6454334.000 1728150.000 0.172 -0.541 -0.065
6454359.000 1728150.000 0.184 -0.400 -0.064
6454384.000 1728150.000 0.120 -0.390 -0.093
6454409.000 1728150.000 0.150 -0.374 -0.079
6454484.000 1728150.000 0.068 -0.360 -0.064
6454434.000 1728150.000 0.201 -0.457 -0.070
6454509.000 1728150.000 0.091 -0.300 -0.060
6454459.000 1728150.000 0.076 -0.367 -0.066
6454534.000 1728150.000 0.140 -0.651 -0.057
6451684.000 1728175.000 0.006 -0.801 -0.189
6451659.000 1728175.000 0.005 -0.821 -0.193
6451809.000 1728175.000 0.075 -0.673 -0.178
6451834.000 1728175.000 0.107 -0.671 -0.177
6451559.000 1728175.000 -0.223 -0.868 -0.182
6451734.000 1728175.000 0.041 -0.744 -0.200
6451584.000 1728175.000 0.035 -0.726 -0.055
6451784.000 1728175.000 0.039 -0.686 -0.185
6451609.000 1728175.000 0.206 -0.760 -0.003
6451709.000 1728175.000 0.083 -0.807 -0.189
6451634.000 1728175.000 0.051 -0.840 -0.190
6451759.000 1728175.000 0.020 -0.739 -0.197
6451909.000 1728175.000 0.099 -0.692 -0.141
6451859.000 1728175.000 0.087 -0.638 -0.169
6451934.000 1728175.000 0.055 -0.662 -0.129
6451884.000 1728175.000 0.089 -0.623 -0.160
6452009.000 1728175.000 0.052 -0.655 -0.116
6451984.000 1728175.000 0.057 -0.688 -0.125
6451959.000 1728175.000 0.029 -0.700 -0.125
6452034.000 1728175.000 0.027 -0.647 -0.110
6452059.000 1728175.000 0.050 -0.633 -0.119
6452134.000 1728175.000 0.086 -0.541 -0.140
6452159.000 1728175.000 0.110 -0.564 -0.133
6452084.000 1728175.000 0.026 -0.620 -0.130
6452109.000 1728175.000 0.061 -0.594 -0.143
6452209.000 1728175.000 0.149 -0.562 -0.156
6452234.000 1728175.000 0.154 -0.524 -0.165
6452184.000 1728175.000 0.181 -0.599 -0.129
6452259.000 1728175.000 0.100 -0.451 -0.154
6452284.000 1728175.000 -0.206 -0.454 -0.077
6452309.000 1728175.000 -0.329 -0.493 -0.010
6452334.000 1728175.000 0.386 -0.506 -0.081
6452359.000 1728175.000 0.128 -0.560 -0.137
6452409.000 1728175.000 0.089 -0.514 -0.138
6452384.000 1728175.000 0.074 -0.573 -0.143
6452434.000 1728175.000 0.112 -0.476 -0.124
6452459.000 1728175.000 0.144 -0.464 -0.109
6452534.000 1728175.000 0.160 -0.499 -0.107
6452484.000 1728175.000 0.145 -0.458 -0.108
6452609.000 1728175.000 0.129 -0.506 -0.124
6452584.000 1728175.000 0.176 -0.489 -0.118
6452509.000 1728175.000 0.157 -0.516 -0.098
6452559.000 1728175.000 0.183 -0.490 -0.109
6452659.000 1728175.000 0.151 -0.449 -0.133
6452709.000 1728175.000 0.184 -0.486 -0.147
6452684.000 1728175.000 0.188 -0.422 -0.137
6452634.000 1728175.000 0.142 -0.499 -0.125
6452759.000 1728175.000 0.189 -0.500 -0.160
6452784.000 1728175.000 0.204 -0.476 -0.177
6452809.000 1728175.000 0.159 -0.514 -0.172
6452834.000 1728175.000 0.220 -0.512 -0.160
6452734.000 1728175.000 0.167 -0.522 -0.155
6453159.000 1728175.000 0.213 -0.453 -0.173
6453134.000 1728175.000 0.220 -0.466 -0.175
6453184.000 1728175.000 0.139 -0.451 -0.174
6453209.000 1728175.000 0.096 -0.488 -0.169
6452909.000 1728175.000 0.164 -0.533 -0.193
6452959.000 1728175.000 0.163 -0.528 -0.186
6452984.000 1728175.000 0.094 -0.530 -0.201
6452934.000 1728175.000 0.200 -0.504 -0.175
6452859.000 1728175.000 0.260 -0.492 -0.152
6453034.000 1728175.000 0.163 -0.510 -0.173
6452884.000 1728175.000 0.235 -0.489 -0.164
6453059.000 1728175.000 0.170 -0.477 -0.170
6453009.000 1728175.000 0.193 -0.552 -0.179
6453109.000 1728175.000 0.229 -0.483 -0.189
6453084.000 1728175.000 0.158 -0.501 -0.185
6453234.000 1728175.000 0.100 -0.495 -0.168
6453284.000 1728175.000 0.178 -0.508 -0.130
6453259.000 1728175.000 0.188 -0.466 -0.129
6453309.000 1728175.000 0.254 -0.505 -0.128
6453334.000 1728175.000 0.293 -0.485 -0.111
6453359.000 1728175.000 0.317 -0.480 -0.096
6453484.000 1728175.000 0.251 -0.466 -0.082
6453434.000 1728175.000 0.304 -0.497 -0.089
6453409.000 1728175.000 0.306 -0.500 -0.095
6453384.000 1728175.000 0.322 -0.471 -0.104
6453534.000 1728175.000 0.313 -0.416 -0.078
6453509.000 1728175.000 0.321 -0.440 -0.071
6453459.000 1728175.000 0.261 -0.477 -0.088
6453659.000 1728175.000 0.269 -0.371 -0.080
6453684.000 1728175.000 0.335 -0.373 -0.081
6453734.000 1728175.000 0.253 -0.324 -0.088
6453709.000 1728175.000 0.299 -0.364 -0.098
6453584.000 1728175.000 0.253 -0.378 -0.086
6453559.000 1728175.000 0.305 -0.410 -0.080
6453609.000 1728175.000 0.284 -0.371 -0.073
6453634.000 1728175.000 0.271 -0.360 -0.076
6453759.000 1728175.000 0.257 -0.327 -0.093
6453959.000 1728175.000 0.003 -0.376 -0.144
6453984.000 1728175.000 0.194 -0.338 -0.090
6453784.000 1728175.000 0.241 -0.309 -0.093
6453834.000 1728175.000 0.249 -0.290 -0.077
6453884.000 1728175.000 0.219 -0.310 -0.077
6454009.000 1728175.000 0.210 -0.367 -0.090
6453809.000 1728175.000 0.174 -0.306 -0.121
6454034.000 1728175.000 0.194 -0.364 -0.093
6453859.000 1728175.000 0.283 -0.312 -0.074
6453934.000 1728175.000 0.038 -0.356 -0.113
6453909.000 1728175.000 0.109 -0.362 -0.111
6454084.000 1728175.000 0.198 -0.310 -0.070
6454059.000 1728175.000 0.195 -0.338 -0.078
6454109.000 1728175.000 0.210 -0.333 -0.078
6454184.000 1728175.000 0.174 -0.345 -0.080
6454209.000 1728175.000 0.166 -0.361 -0.077
6454309.000 1728175.000 0.058 -0.460 -0.068
6454134.000 1728175.000 0.145 -0.324 -0.080
6454359.000 1728175.000 0.174 -0.311 -0.065
6454159.000 1728175.000 0.161 -0.344 -0.087
6454234.000 1728175.000 0.203 -0.394 -0.084
6454259.000 1728175.000 0.218 -0.378 -0.096
6454284.000 1728175.000 0.163 -0.384 -0.109
6454384.000 1728175.000 0.110 -0.405 -0.097
6454334.000 1728175.000 0.106 -0.330 -0.064
6454534.000 1728175.000 0.151 -0.358 -0.057
6451559.000 1728200.000 -0.097 -1.016 -0.144
6451584.000 1728200.000 0.260 -1.098 -0.050
6454434.000 1728175.000 0.175 -0.426 -0.069
6451634.000 1728200.000 0.060 -0.875 -0.187
6454409.000 1728175.000 0.145 -0.436 -0.082
6454459.000 1728175.000 0.232 -0.455 -0.069
6454484.000 1728175.000 0.214 -0.328 -0.070
6454509.000 1728175.000 0.131 -0.225 -0.065
6451609.000 1728200.000 0.051 -0.788 -0.087
6451659.000 1728200.000 0.027 -0.846 -0.186
6451709.000 1728200.000 0.129 -0.799 -0.189
6451684.000 1728200.000 0.049 -0.811 -0.185
6451759.000 1728200.000 -0.018 -0.727 -0.200
6451734.000 1728200.000 0.013 -0.752 -0.205
6451784.000 1728200.000 -0.003 -0.679 -0.185
6451809.000 1728200.000 0.009 -0.684 -0.185
6451834.000 1728200.000 0.033 -0.712 -0.190
6451859.000 1728200.000 0.090 -0.663 -0.171
6451909.000 1728200.000 0.072 -0.613 -0.137
6451884.000 1728200.000 0.100 -0.639 -0.160
6451959.000 1728200.000 0.038 -0.668 -0.126
6451934.000 1728200.000 0.050 -0.604 -0.129
6451984.000 1728200.000 0.068 -0.677 -0.126
6452009.000 1728200.000 0.047 -0.629 -0.120
6452234.000 1728200.000 0.176 -0.557 -0.155
6452034.000 1728200.000 0.035 -0.636 -0.114
6452209.000 1728200.000 0.161 -0.572 -0.150
6452259.000 1728200.000 0.069 -0.478 -0.148
6452284.000 1728200.000 -0.154 -0.357 -0.066
6452059.000 1728200.000 0.082 -0.635 -0.132
6452109.000 1728200.000 0.109 -0.565 -0.125
6452084.000 1728200.000 0.069 -0.620 -0.129
6452159.000 1728200.000 0.112 -0.541 -0.135
6452134.000 1728200.000 0.138 -0.544 -0.129
6452184.000 1728200.000 0.167 -0.565 -0.136
6452309.000 1728200.000 -0.264 -0.416 -0.032
6452509.000 1728200.000 0.141 -0.451 -0.110
6452484.000 1728200.000 0.150 -0.424 -0.110
6452334.000 1728200.000 0.164 -0.466 -0.121
6452434.000 1728200.000 0.092 -0.485 -0.125
6452359.000 1728200.000 0.020 -0.502 -0.139
6452384.000 1728200.000 0.015 -0.487 -0.139
6452534.000 1728200.000 0.152 -0.467 -0.110
6452409.000 1728200.000 0.076 -0.495 -0.139
6452459.000 1728200.000 0.155 -0.425 -0.109
6452559.000 1728200.000 0.198 -0.472 -0.106
6452609.000 1728200.000 0.151 -0.470 -0.126
6452584.000 1728200.000 0.169 -0.460 -0.124
6452659.000 1728200.000 0.192 -0.450 -0.123
6452634.000 1728200.000 0.157 -0.458 -0.127
6452684.000 1728200.000 0.189 -0.412 -0.141
6452734.000 1728200.000 0.214 -0.430 -0.150
6452759.000 1728200.000 0.186 -0.485 -0.179
6452809.000 1728200.000 0.177 -0.491 -0.169
6452884.000 1728200.000 0.178 -0.501 -0.180
6452709.000 1728200.000 0.195 -0.435 -0.144
6452834.000 1728200.000 0.264 -0.487 -0.162
6452859.000 1728200.000 0.252 -0.471 -0.161
6452784.000 1728200.000 0.211 -0.480 -0.184
6452909.000 1728200.000 0.141 -0.481 -0.186
6452959.000 1728200.000 0.212 -0.434 -0.154
6452984.000 1728200.000 0.180 -0.505 -0.176
6453009.000 1728200.000 0.175 -0.517 -0.173
6452934.000 1728200.000 0.235 -0.478 -0.156
6453084.000 1728200.000 0.123 -0.472 -0.176
6453059.000 1728200.000 0.214 -0.409 -0.146
6453034.000 1728200.000 0.149 -0.477 -0.167
6453134.000 1728200.000 0.224 -0.473 -0.182
6453109.000 1728200.000 0.205 -0.479 -0.181
6453159.000 1728200.000 0.247 -0.429 -0.173
6453184.000 1728200.000 0.185 -0.448 -0.175
6453209.000 1728200.000 0.144 -0.482 -0.169
6453234.000 1728200.000 0.128 -0.476 -0.162
6453284.000 1728200.000 0.164 -0.522 -0.144
6453259.000 1728200.000 0.208 -0.500 -0.156
6453309.000 1728200.000 0.178 -0.518 -0.135
6453359.000 1728200.000 0.289 -0.460 -0.113
6453334.000 1728200.000 0.240 -0.486 -0.121
6453409.000 1728200.000 0.323 -0.434 -0.103
6453384.000 1728200.000 0.315 -0.461 -0.108
6453434.000 1728200.000 0.331 -0.439 -0.089
6453484.000 1728200.000 0.250 -0.430 -0.088
6453459.000 1728200.000 0.324 -0.454 -0.080
6453534.000 1728200.000 0.293 -0.379 -0.089
6453509.000 1728200.000 0.317 -0.421 -0.074
6453559.000 1728200.000 0.306 -0.392 -0.093
6453584.000 1728200.000 0.321 -0.402 -0.093
6453609.000 1728200.000 0.313 -0.385 -0.084
6453684.000 1728200.000 0.281 -0.357 -0.108
6453634.000 1728200.000 0.282 -0.363 -0.093
6453659.000 1728200.000 0.253 -0.343 -0.107
6453734.000 1728200.000 0.263 -0.337 -0.097
6453759.000 1728200.000 0.255 -0.333 -0.098
6453784.000 1728200.000 0.221 -0.325 -0.109
6453709.000 1728200.000 0.267 -0.355 -0.107
6453909.000 1728200.000 0.118 -0.376 -0.129
6453834.000 1728200.000 0.238 -0.336 -0.106
6453934.000 1728200.000 0.058 -0.376 -0.141
6453809.000 1728200.000 0.240 -0.307 -0.101
6453884.000 1728200.000 0.217 -0.300 -0.070
6453859.000 1728200.000 0.249 -0.319 -0.087
6453959.000 1728200.000 0.100 -0.314 -0.103
6453984.000 1728200.000 0.260 -0.373 -0.096
6454009.000 1728200.000 0.219 -0.368 -0.099
6454209.000 1728200.000 0.182 -0.380 -0.081
6454259.000 1728200.000 0.239 -0.411 -0.110
6454034.000 1728200.000 0.205 -0.355 -0.094
6454359.000 1728200.000 0.133 -0.327 -0.083
6454109.000 1728200.000 0.234 -0.289 -0.060
6454384.000 1728200.000 0.146 -0.381 -0.085
6454059.000 1728200.000 0.190 -0.336 -0.081
6454084.000 1728200.000 0.184 -0.310 -0.066
6454134.000 1728200.000 0.262 -0.307 -0.075
6454284.000 1728200.000 0.166 -0.402 -0.090
6454234.000 1728200.000 0.210 -0.450 -0.104
6454309.000 1728200.000 0.103 -0.412 -0.070
6454159.000 1728200.000 0.199 -0.340 -0.095
6454334.000 1728200.000 0.110 -0.342 -0.072
6454184.000 1728200.000 0.190 -0.326 -0.077
6454434.000 1728200.000 0.191 -0.400 -0.087
6454459.000 1728200.000 0.130 -0.444 -0.089
6454409.000 1728200.000 0.152 -0.408 -0.094
6454509.000 1728200.000 0.123 -0.319 -0.083
6454484.000 1728200.000 0.155 -0.432 -0.087
6454534.000 1728200.000 0.131 -0.311 -0.070
6451684.000 1728225.000 0.042 -0.807 -0.180
6451659.000 1728225.000 0.038 -0.817 -0.173
6451809.000 1728225.000 -0.018 -0.719 -0.184
6451834.000 1728225.000 -0.024 -0.662 -0.176
6451609.000 1728225.000 -0.051 -0.822 -0.159
6451584.000 1728225.000 0.109 -0.798 0.018
6451734.000 1728225.000 0.029 -0.783 -0.192
6451559.000 1728225.000 0.019 -0.929 -0.085
6451759.000 1728225.000 0.022 -0.777 -0.187
6451709.000 1728225.000 0.079 -0.800 -0.190
6451634.000 1728225.000 0.047 -0.835 -0.171
6451784.000 1728225.000 0.003 -0.757 -0.183
6451859.000 1728225.000 0.048 -0.688 -0.166
6451884.000 1728225.000 0.078 -0.673 -0.160
6451934.000 1728225.000 0.061 -0.659 -0.139
6451909.000 1728225.000 0.086 -0.688 -0.146
6451984.000 1728225.000 0.080 -0.649 -0.129
6451959.000 1728225.000 0.072 -0.647 -0.133
6452009.000 1728225.000 0.063 -0.633 -0.131
6452034.000 1728225.000 0.072 -0.624 -0.139
6452084.000 1728225.000 0.117 -0.594 -0.126
6452134.000 1728225.000 0.159 -0.548 -0.124
6452059.000 1728225.000 0.102 -0.609 -0.149
6452209.000 1728225.000 0.176 -0.561 -0.132
6452109.000 1728225.000 0.133 -0.538 -0.123
6452234.000 1728225.000 0.098 -0.550 -0.143
6452259.000 1728225.000 0.043 -0.497 -0.153
6452159.000 1728225.000 0.175 -0.556 -0.125
6452184.000 1728225.000 0.168 -0.565 -0.132
6452284.000 1728225.000 -0.063 -0.394 -0.106
6452309.000 1728225.000 0.030 -0.417 -0.100
6452334.000 1728225.000 0.125 -0.440 -0.127
6452384.000 1728225.000 0.005 -0.436 -0.139
6452359.000 1728225.000 0.067 -0.409 -0.129
6452409.000 1728225.000 0.076 -0.474 -0.138
6452434.000 1728225.000 0.098 -0.457 -0.118
6452484.000 1728225.000 0.173 -0.425 -0.105
6452459.000 1728225.000 0.169 -0.406 -0.103
6452509.000 1728225.000 0.149 -0.449 -0.110
6452534.000 1728225.000 0.180 -0.488 -0.107
6452559.000 1728225.000 0.165 -0.502 -0.121
6452609.000 1728225.000 0.159 -0.441 -0.126
6452584.000 1728225.000 0.153 -0.469 -0.124
6452684.000 1728225.000 0.158 -0.417 -0.153
6452634.000 1728225.000 0.166 -0.434 -0.121
6452659.000 1728225.000 0.149 -0.439 -0.139
6452709.000 1728225.000 0.138 -0.461 -0.154
6452734.000 1728225.000 0.244 -0.510 -0.186
6452759.000 1728225.000 0.207 -0.509 -0.207
6452784.000 1728225.000 0.178 -0.474 -0.189
6452834.000 1728225.000 0.302 -0.499 -0.157
6452809.000 1728225.000 0.233 -0.496 -0.168
6452884.000 1728225.000 0.205 -0.509 -0.167
6452859.000 1728225.000 0.267 -0.484 -0.154
6452909.000 1728225.000 0.175 -0.519 -0.180
6452959.000 1728225.000 0.202 -0.460 -0.169
6452934.000 1728225.000 0.141 -0.510 -0.193
6453034.000 1728225.000 0.172 -0.471 -0.166
6453159.000 1728225.000 0.259 -0.419 -0.172
6453184.000 1728225.000 0.160 -0.477 -0.170
6452984.000 1728225.000 0.215 -0.471 -0.161
6453059.000 1728225.000 0.195 -0.411 -0.152
6453084.000 1728225.000 0.102 -0.464 -0.172
6453009.000 1728225.000 0.203 -0.485 -0.161
6453209.000 1728225.000 0.134 -0.528 -0.177
6453234.000 1728225.000 0.182 -0.483 -0.156
6453109.000 1728225.000 0.221 -0.476 -0.178
6453134.000 1728225.000 0.262 -0.450 -0.179
6453409.000 1728225.000 0.320 -0.437 -0.104
6453434.000 1728225.000 0.334 -0.451 -0.088
6453284.000 1728225.000 0.176 -0.545 -0.167
6453259.000 1728225.000 0.209 -0.503 -0.158
6453559.000 1728225.000 0.317 -0.388 -0.090
6453334.000 1728225.000 0.235 -0.500 -0.133
6453584.000 1728225.000 0.318 -0.374 -0.098
6453359.000 1728225.000 0.279 -0.459 -0.113
6453384.000 1728225.000 0.295 -0.453 -0.109
6453509.000 1728225.000 0.362 -0.473 -0.067
6453459.000 1728225.000 0.338 -0.460 -0.079
6453484.000 1728225.000 0.314 -0.443 -0.082
6453309.000 1728225.000 0.192 -0.542 -0.161
6453534.000 1728225.000 0.310 -0.422 -0.096
6453634.000 1728225.000 0.267 -0.386 -0.109
6453609.000 1728225.000 0.295 -0.379 -0.105
6453659.000 1728225.000 0.279 -0.365 -0.104
6453684.000 1728225.000 0.322 -0.380 -0.099
6453759.000 1728225.000 0.258 -0.348 -0.104
6453809.000 1728225.000 0.246 -0.311 -0.100
6453709.000 1728225.000 0.276 -0.345 -0.095
6453734.000 1728225.000 0.285 -0.352 -0.096
6453784.000 1728225.000 0.216 -0.334 -0.116
6453834.000 1728225.000 0.241 -0.326 -0.103
6453884.000 1728225.000 0.218 -0.303 -0.083
6453859.000 1728225.000 0.272 -0.324 -0.098
6453909.000 1728225.000 0.159 -0.311 -0.106
6453934.000 1728225.000 0.163 -0.293 -0.107
6453959.000 1728225.000 0.154 -0.270 -0.093
6453984.000 1728225.000 0.181 -0.313 -0.094
6454034.000 1728225.000 0.178 -0.366 -0.105
6454009.000 1728225.000 0.185 -0.351 -0.101
6454059.000 1728225.000 0.067 -0.326 -0.096
6454084.000 1728225.000 0.186 -0.308 -0.064
6454109.000 1728225.000 0.248 -0.299 -0.063
6454134.000 1728225.000 0.276 -0.326 -0.078
6454159.000 1728225.000 0.168 -0.279 -0.072
6454184.000 1728225.000 0.162 -0.278 -0.069
6454209.000 1728225.000 0.140 -0.315 -0.074
6454234.000 1728225.000 0.159 -0.346 -0.101
6454259.000 1728225.000 0.224 -0.443 -0.119
6454284.000 1728225.000 0.212 -0.412 -0.075
6454334.000 1728225.000 0.135 -0.418 -0.085
6454309.000 1728225.000 0.214 -0.458 -0.076
6454384.000 1728225.000 0.165 -0.354 -0.088
6454359.000 1728225.000 0.136 -0.351 -0.086
6454409.000 1728225.000 0.166 -0.373 -0.099
6454434.000 1728225.000 0.157 -0.411 -0.098
6454484.000 1728225.000 0.212 -0.416 -0.089
6454459.000 1728225.000 0.179 -0.427 -0.086
6454509.000 1728225.000 0.195 -0.408 -0.093
6454534.000 1728225.000 0.141 -0.411 -0.089
6451559.000 1728250.000 0.030 -0.887 -0.167
6451584.000 1728250.000 -0.005 -0.910 -0.161
6451609.000 1728250.000 0.067 -0.858 -0.168
6451634.000 1728250.000 0.028 -0.818 -0.168
6451659.000 1728250.000 0.005 -0.802 -0.171
6451684.000 1728250.000 0.062 -0.815 -0.171
6451734.000 1728250.000 0.054 -0.813 -0.180
6451709.000 1728250.000 0.043 -0.817 -0.181
6451759.000 1728250.000 0.049 -0.801 -0.174
6451884.000 1728250.000 0.051 -0.667 -0.163
6451859.000 1728250.000 0.020 -0.666 -0.167
6451784.000 1728250.000 -0.022 -0.728 -0.170
6451909.000 1728250.000 0.075 -0.672 -0.159
6451934.000 1728250.000 0.067 -0.685 -0.154
6451809.000 1728250.000 -0.057 -0.678 -0.174
6451834.000 1728250.000 -0.037 -0.674 -0.176
6451959.000 1728250.000 0.058 -0.668 -0.144
6451984.000 1728250.000 0.069 -0.660 -0.133
6452184.000 1728250.000 0.166 -0.566 -0.128
6452009.000 1728250.000 0.052 -0.639 -0.131
6452034.000 1728250.000 0.064 -0.619 -0.138
6452209.000 1728250.000 0.136 -0.544 -0.127
6452259.000 1728250.000 -0.072 -0.591 -0.214
6452059.000 1728250.000 0.094 -0.594 -0.138
6452284.000 1728250.000 -0.040 -0.631 -0.176
6452084.000 1728250.000 0.109 -0.581 -0.127
6452109.000 1728250.000 0.125 -0.567 -0.122
6452134.000 1728250.000 0.141 -0.562 -0.120
6452159.000 1728250.000 0.183 -0.566 -0.119
6452234.000 1728250.000 0.046 -0.533 -0.132
6452309.000 1728250.000 0.067 -0.440 -0.125
6452334.000 1728250.000 0.149 -0.416 -0.131
6452359.000 1728250.000 0.168 -0.421 -0.140
6452484.000 1728250.000 0.189 -0.447 -0.102
6452409.000 1728250.000 0.085 -0.477 -0.141
6452509.000 1728250.000 0.149 -0.463 -0.111
6452384.000 1728250.000 0.053 -0.452 -0.153
6452559.000 1728250.000 0.148 -0.485 -0.126
6452434.000 1728250.000 0.119 -0.473 -0.109
6452459.000 1728250.000 0.172 -0.431 -0.101
6452534.000 1728250.000 0.196 -0.479 -0.101
6452584.000 1728250.000 0.156 -0.467 -0.125
6452609.000 1728250.000 0.162 -0.434 -0.126
6452634.000 1728250.000 0.161 -0.394 -0.121
6452659.000 1728250.000 0.141 -0.473 -0.173
6452684.000 1728250.000 0.129 -0.441 -0.169
6452709.000 1728250.000 0.084 -0.443 -0.171
6452734.000 1728250.000 0.199 -0.562 -0.182
6452784.000 1728250.000 0.157 -0.433 -0.181
6452834.000 1728250.000 0.288 -0.450 -0.152
6452884.000 1728250.000 0.253 -0.524 -0.160
6452809.000 1728250.000 0.210 -0.442 -0.167
6452759.000 1728250.000 0.147 -0.560 -0.194
6452859.000 1728250.000 0.260 -0.496 -0.157
6452959.000 1728250.000 0.211 -0.452 -0.166
6452909.000 1728250.000 0.214 -0.539 -0.175
6452984.000 1728250.000 0.220 -0.454 -0.157
6452934.000 1728250.000 0.185 -0.522 -0.185
6453009.000 1728250.000 0.231 -0.490 -0.159
6453034.000 1728250.000 0.194 -0.509 -0.174
6453084.000 1728250.000 0.191 -0.454 -0.168
6453059.000 1728250.000 0.220 -0.479 -0.170
6453109.000 1728250.000 0.240 -0.421 -0.166
6453134.000 1728250.000 0.232 -0.383 -0.158
6453184.000 1728250.000 0.112 -0.505 -0.155
6453159.000 1728250.000 0.287 -0.460 -0.178
6453234.000 1728250.000 0.124 -0.549 -0.183
6453209.000 1728250.000 0.128 -0.518 -0.169
6453259.000 1728250.000 0.210 -0.477 -0.173
6453284.000 1728250.000 0.200 -0.520 -0.184
6453309.000 1728250.000 0.243 -0.526 -0.180
6453384.000 1728250.000 0.296 -0.443 -0.110
6453334.000 1728250.000 0.261 -0.483 -0.145
6453359.000 1728250.000 0.292 -0.440 -0.116
6453409.000 1728250.000 0.315 -0.445 -0.102
6453434.000 1728250.000 0.305 -0.456 -0.092
6453459.000 1728250.000 0.284 -0.438 -0.091
6453484.000 1728250.000 0.310 -0.422 -0.080
6453509.000 1728250.000 0.331 -0.429 -0.072
6453559.000 1728250.000 0.325 -0.389 -0.086
6453584.000 1728250.000 0.338 -0.357 -0.098
6453634.000 1728250.000 0.260 -0.380 -0.115
6453609.000 1728250.000 0.286 -0.392 -0.122
6453534.000 1728250.000 0.301 -0.468 -0.092
6453659.000 1728250.000 0.257 -0.342 -0.096
6453709.000 1728250.000 0.327 -0.330 -0.072
6453759.000 1728250.000 0.303 -0.361 -0.098
6453684.000 1728250.000 0.297 -0.339 -0.081
6453734.000 1728250.000 0.311 -0.344 -0.085
6453784.000 1728250.000 0.275 -0.387 -0.118
6453809.000 1728250.000 0.293 -0.351 -0.107
6453934.000 1728250.000 0.167 -0.267 -0.105
6453834.000 1728250.000 0.266 -0.296 -0.097
6453959.000 1728250.000 0.171 -0.264 -0.095
6453859.000 1728250.000 0.311 -0.349 -0.125
6453984.000 1728250.000 0.163 -0.295 -0.096
6454009.000 1728250.000 0.177 -0.325 -0.099
6453884.000 1728250.000 0.240 -0.336 -0.109
6453909.000 1728250.000 0.181 -0.306 -0.102
6454034.000 1728250.000 0.185 -0.299 -0.085
6454059.000 1728250.000 0.201 -0.251 -0.078
6454084.000 1728250.000 0.216 -0.348 -0.081
6454234.000 1728250.000 0.112 -0.300 -0.079
6454109.000 1728250.000 0.264 -0.363 -0.077
6454134.000 1728250.000 0.272 -0.384 -0.085
6454184.000 1728250.000 0.154 -0.278 -0.069
6454284.000 1728250.000 0.186 -0.374 -0.070
6454159.000 1728250.000 0.207 -0.321 -0.072
6454359.000 1728250.000 0.172 -0.360 -0.082
6454334.000 1728250.000 0.190 -0.407 -0.082
6454209.000 1728250.000 0.132 -0.272 -0.076
6454259.000 1728250.000 0.162 -0.451 -0.080
6454309.000 1728250.000 0.222 -0.402 -0.073
6454384.000 1728250.000 0.153 -0.299 -0.089
6454409.000 1728250.000 0.183 -0.313 -0.100
6454434.000 1728250.000 0.202 -0.354 -0.116
6454459.000 1728250.000 0.234 -0.341 -0.118
6454484.000 1728250.000 0.300 -0.348 -0.091
6454509.000 1728250.000 0.194 -0.414 -0.080
6454534.000 1728250.000 0.144 -0.407 -0.079
6451659.000 1728275.000 0.073 -0.809 -0.168
6451684.000 1728275.000 0.090 -0.826 -0.165
6451834.000 1728275.000 -0.008 -0.695 -0.197
6451809.000 1728275.000 0.006 -0.712 -0.181
6451734.000 1728275.000 0.064 -0.827 -0.169
6451584.000 1728275.000 0.033 -0.882 -0.175
6451709.000 1728275.000 0.067 -0.833 -0.168
6451859.000 1728275.000 0.020 -0.676 -0.179
6451559.000 1728275.000 0.048 -0.909 -0.180
6451884.000 1728275.000 0.045 -0.645 -0.169
6451609.000 1728275.000 0.079 -0.848 -0.164
6451784.000 1728275.000 -0.017 -0.745 -0.166
6451759.000 1728275.000 0.060 -0.793 -0.165
6451634.000 1728275.000 -0.005 -0.823 -0.165
6451934.000 1728275.000 0.029 -0.670 -0.325
6451909.000 1728275.000 0.032 -0.649 -0.190
6452034.000 1728275.000 0.076 -0.580 -0.136
6451984.000 1728275.000 0.079 -0.650 -0.143
6452009.000 1728275.000 0.067 -0.609 -0.143
6451959.000 1728275.000 0.066 -0.658 -0.155
6452084.000 1728275.000 0.131 -0.523 -0.120
6452159.000 1728275.000 0.157 -0.566 -0.124
6452059.000 1728275.000 0.130 -0.563 -0.128
6452109.000 1728275.000 0.132 -0.546 -0.114
6452134.000 1728275.000 0.147 -0.552 -0.113
6452184.000 1728275.000 0.181 -0.554 -0.124
6452209.000 1728275.000 0.076 -0.549 -0.126
6452284.000 1728275.000 0.971 -0.768 -0.268
6452234.000 1728275.000 -0.015 -0.561 -0.124
6452259.000 1728275.000 -0.854 -1.235 -0.391
6452334.000 1728275.000 0.159 -0.413 -0.140
6452359.000 1728275.000 0.182 -0.466 -0.158
6452309.000 1728275.000 0.133 -0.335 -0.144
6452384.000 1728275.000 0.093 -0.469 -0.152
6452409.000 1728275.000 0.088 -0.476 -0.142
6452434.000 1728275.000 0.125 -0.467 -0.111
6452459.000 1728275.000 0.159 -0.460 -0.111
6452484.000 1728275.000 0.173 -0.455 -0.112
6452509.000 1728275.000 0.176 -0.448 -0.111
6452559.000 1728275.000 0.130 -0.446 -0.142
6452534.000 1728275.000 0.176 -0.463 -0.118
6452584.000 1728275.000 0.180 -0.453 -0.134
6452784.000 1728275.000 0.203 -0.471 -0.176
6452734.000 1728275.000 0.252 -0.425 -0.187
6452834.000 1728275.000 0.211 -0.430 -0.169
6452809.000 1728275.000 0.211 -0.460 -0.169
6452859.000 1728275.000 0.282 -0.473 -0.148
6452609.000 1728275.000 0.183 -0.448 -0.134
6452884.000 1728275.000 0.269 -0.459 -0.145
6452634.000 1728275.000 0.132 -0.446 -0.163
6452659.000 1728275.000 0.213 -0.472 -0.168
6452909.000 1728275.000 0.255 -0.470 -0.153
6452684.000 1728275.000 0.120 -0.485 -0.193
6452759.000 1728275.000 0.222 -0.454 -0.181
6452709.000 1728275.000 0.179 -0.470 -0.190
6452959.000 1728275.000 0.241 -0.434 -0.157
6452934.000 1728275.000 0.241 -0.467 -0.159
6452984.000 1728275.000 0.229 -0.454 -0.162
6453009.000 1728275.000 0.229 -0.506 -0.175
6453034.000 1728275.000 0.204 -0.509 -0.183
6453084.000 1728275.000 0.215 -0.483 -0.181
6453059.000 1728275.000 0.232 -0.502 -0.183
6453109.000 1728275.000 0.224 -0.403 -0.169
6453159.000 1728275.000 0.165 -0.410 -0.160
6453234.000 1728275.000 0.141 -0.527 -0.185
6453334.000 1728275.000 0.256 -0.436 -0.141
6453409.000 1728275.000 0.344 -0.455 -0.094
6453384.000 1728275.000 0.280 -0.431 -0.108
6453359.000 1728275.000 0.285 -0.412 -0.113
6453134.000 1728275.000 0.182 -0.379 -0.165
6453184.000 1728275.000 0.146 -0.457 -0.152
6453434.000 1728275.000 0.329 -0.454 -0.087
6453459.000 1728275.000 0.302 -0.434 -0.093
6453209.000 1728275.000 0.138 -0.478 -0.152
6453484.000 1728275.000 0.312 -0.403 -0.084
6453259.000 1728275.000 0.180 -0.505 -0.200
6453309.000 1728275.000 0.254 -0.531 -0.197
6453284.000 1728275.000 0.206 -0.520 -0.203
6453509.000 1728275.000 0.280 -0.377 -0.086
6453559.000 1728275.000 0.301 -0.409 -0.095
6453534.000 1728275.000 0.293 -0.428 -0.092
6453609.000 1728275.000 0.294 -0.386 -0.119
6453584.000 1728275.000 0.333 -0.350 -0.099
6453659.000 1728275.000 0.276 -0.343 -0.094
6453759.000 1728275.000 0.374 -0.342 -0.068
6453734.000 1728275.000 0.332 -0.345 -0.083
6453634.000 1728275.000 0.290 -0.357 -0.105
6453809.000 1728275.000 0.292 -0.329 -0.105
6453684.000 1728275.000 0.308 -0.344 -0.081
6453709.000 1728275.000 0.312 -0.343 -0.082
6453834.000 1728275.000 0.288 -0.332 -0.113
6453884.000 1728275.000 0.228 -0.323 -0.114
6453784.000 1728275.000 0.293 -0.348 -0.103
6453859.000 1728275.000 0.285 -0.340 -0.125
6453909.000 1728275.000 0.187 -0.305 -0.106
6453984.000 1728275.000 0.211 -0.276 -0.090
6453959.000 1728275.000 0.283 -0.263 -0.088
6453934.000 1728275.000 0.192 -0.287 -0.111
6454084.000 1728275.000 0.281 -0.379 -0.101
6454009.000 1728275.000 0.232 -0.302 -0.092
6454059.000 1728275.000 0.182 -0.317 -0.106
6454134.000 1728275.000 0.220 -0.407 -0.086
6454109.000 1728275.000 0.260 -0.366 -0.082
6454034.000 1728275.000 0.175 -0.300 -0.102
6454334.000 1728275.000 0.279 -0.398 -0.079
6454409.000 1728275.000 0.177 -0.266 -0.091
6454459.000 1728275.000 0.168 -0.288 -0.085
6454484.000 1728275.000 0.284 -0.340 -0.065
6454309.000 1728275.000 0.235 -0.373 -0.071
6454159.000 1728275.000 0.226 -0.426 -0.088
6454209.000 1728275.000 0.189 -0.274 -0.079
6454184.000 1728275.000 0.262 -0.338 -0.096
6454234.000 1728275.000 0.156 -0.317 -0.082
6454434.000 1728275.000 0.161 -0.266 -0.089
6454359.000 1728275.000 0.244 -0.330 -0.083
6454384.000 1728275.000 0.125 -0.225 -0.087
6454259.000 1728275.000 0.160 -0.406 -0.070
6454284.000 1728275.000 0.181 -0.366 -0.070
6454509.000 1728275.000 0.190 -0.338 -0.078
6454534.000 1728275.000 0.146 -0.319 -0.083
6451559.000 1728300.000 0.023 -0.920 -0.174
6451584.000 1728300.000 0.041 -0.876 -0.171
6451609.000 1728300.000 0.075 -0.851 -0.163
6451634.000 1728300.000 0.003 -0.829 -0.162
6451659.000 1728300.000 0.098 -0.838 -0.167
6451834.000 1728300.000 -0.035 -0.636 -0.199
6451784.000 1728300.000 0.022 -0.766 -0.169
6451809.000 1728300.000 0.040 -0.707 -0.182
6451909.000 1728300.000 -27.093 -12.685 -3.039
6451684.000 1728300.000 0.122 -0.860 -0.167
6451959.000 1728300.000 0.128 -0.598 -0.177
6451934.000 1728300.000 -0.893 33.188 -12.377
6451709.000 1728300.000 0.099 -0.844 -0.166
6451759.000 1728300.000 0.076 -0.799 -0.164
6451734.000 1728300.000 0.077 -0.839 -0.165
6451984.000 1728300.000 0.103 -0.620 -0.152
6451884.000 1728300.000 -2.000 -0.062 -0.736
6452009.000 1728300.000 0.080 -0.586 -0.139
6451859.000 1728300.000 0.008 -0.636 -0.203
6452034.000 1728300.000 0.139 -0.574 -0.130
6452084.000 1728300.000 0.134 -0.501 -0.115
6452109.000 1728300.000 0.139 -0.523 -0.109
6452059.000 1728300.000 0.167 -0.566 -0.124
6452134.000 1728300.000 0.182 -0.553 -0.108
6452209.000 1728300.000 0.054 -0.502 -0.135
6452334.000 1728300.000 0.112 -0.453 -0.149
6452159.000 1728300.000 0.181 -0.555 -0.118
6452234.000 1728300.000 -5.014 3.943 -2.352
6452384.000 1728300.000 0.036 -0.490 -0.139
6452434.000 1728300.000 0.133 -0.459 -0.117
6452284.000 1728300.000 0.274 -0.404 -0.172
6452184.000 1728300.000 0.195 -0.563 -0.121
6452259.000 1728300.000 3.437 -4.394 -1.072
6452309.000 1728300.000 0.154 -0.382 -0.135
6452359.000 1728300.000 0.093 -0.554 -0.156
6452459.000 1728300.000 0.174 -0.415 -0.121
6452409.000 1728300.000 0.117 -0.487 -0.129
6452484.000 1728300.000 0.195 -0.420 -0.126
6452509.000 1728300.000 0.172 -0.429 -0.133
6452559.000 1728300.000 0.182 -0.473 -0.141
6452534.000 1728300.000 0.134 -0.448 -0.147
6452584.000 1728300.000 0.182 -0.439 -0.146
6452659.000 1728300.000 0.245 -0.453 -0.163
6452684.000 1728300.000 0.237 -0.467 -0.205
6452609.000 1728300.000 0.171 -0.449 -0.159
6452634.000 1728300.000 0.174 -0.458 -0.168
6452934.000 1728300.000 0.289 -0.463 -0.148
6452984.000 1728300.000 0.207 -0.493 -0.182
6453009.000 1728300.000 0.208 -0.490 -0.186
6452834.000 1728300.000 0.226 -0.482 -0.183
6452884.000 1728300.000 0.275 -0.475 -0.151
6453034.000 1728300.000 0.224 -0.458 -0.183
6452909.000 1728300.000 0.260 -0.462 -0.153
6452959.000 1728300.000 0.239 -0.447 -0.160
6452709.000 1728300.000 0.227 -0.450 -0.198
6452784.000 1728300.000 0.192 -0.504 -0.188
6452734.000 1728300.000 0.237 -0.440 -0.186
6453084.000 1728300.000 0.241 -0.493 -0.195
6452759.000 1728300.000 0.232 -0.476 -0.182
6452809.000 1728300.000 0.203 -0.514 -0.191
6452859.000 1728300.000 0.270 -0.487 -0.160
6453059.000 1728300.000 0.231 -0.484 -0.193
6453109.000 1728300.000 0.209 -0.450 -0.189
6453134.000 1728300.000 0.178 -0.420 -0.188
6453159.000 1728300.000 0.168 -0.410 -0.163
6453234.000 1728300.000 0.173 -0.505 -0.191
6453184.000 1728300.000 0.164 -0.386 -0.136
6453209.000 1728300.000 0.112 -0.479 -0.134
6453284.000 1728300.000 0.217 -0.491 -0.201
6453259.000 1728300.000 0.185 -0.498 -0.203
6453384.000 1728300.000 0.290 -0.363 -0.100
6453484.000 1728300.000 0.322 -0.414 -0.097
6453509.000 1728300.000 0.298 -0.401 -0.101
6453334.000 1728300.000 0.251 -0.477 -0.164
6453409.000 1728300.000 0.299 -0.442 -0.105
6453434.000 1728300.000 0.397 -0.503 -0.070
6453359.000 1728300.000 0.305 -0.358 -0.109
6453309.000 1728300.000 0.251 -0.538 -0.206
6453459.000 1728300.000 0.309 -0.455 -0.100
6453534.000 1728300.000 0.309 -0.423 -0.099
6453559.000 1728300.000 0.312 -0.410 -0.099
6453584.000 1728300.000 0.345 -0.384 -0.096
6453634.000 1728300.000 0.329 -0.360 -0.096
6453609.000 1728300.000 0.330 -0.370 -0.100
6453659.000 1728300.000 0.313 -0.352 -0.092
6453684.000 1728300.000 0.313 -0.348 -0.088
6453709.000 1728300.000 0.329 -0.331 -0.087
6453734.000 1728300.000 0.336 -0.319 -0.088
6453759.000 1728300.000 0.350 -0.320 -0.073
6453934.000 1728300.000 0.207 -0.282 -0.112
6453959.000 1728300.000 0.260 -0.252 -0.090
6453984.000 1728300.000 0.245 -0.289 -0.101
6453784.000 1728300.000 0.284 -0.312 -0.090
6453859.000 1728300.000 0.299 -0.327 -0.123
6453834.000 1728300.000 0.312 -0.313 -0.111
6453809.000 1728300.000 0.299 -0.294 -0.100
6453884.000 1728300.000 0.248 -0.341 -0.121
6453909.000 1728300.000 0.183 -0.330 -0.121
6454009.000 1728300.000 0.233 -0.291 -0.099
6454034.000 1728300.000 0.234 -0.315 -0.103
6454084.000 1728300.000 0.222 -0.339 -0.103
6454059.000 1728300.000 0.234 -0.294 -0.100
6454109.000 1728300.000 0.183 -0.336 -0.099
6454159.000 1728300.000 0.225 -0.346 -0.107
6454209.000 1728300.000 0.170 -0.218 -0.061
6454184.000 1728300.000 0.173 -0.239 -0.073
6454134.000 1728300.000 0.269 -0.318 -0.103
6454234.000 1728300.000 0.117 -0.314 -0.035
6454259.000 1728300.000 0.216 -0.345 -0.076
6454334.000 1728300.000 0.227 -0.351 -0.086
6454409.000 1728300.000 0.212 -0.301 -0.085
6454309.000 1728300.000 0.229 -0.348 -0.075
6454284.000 1728300.000 0.225 -0.359 -0.075
6454434.000 1728300.000 0.193 -0.293 -0.086
6454359.000 1728300.000 0.217 -0.341 -0.088
6454459.000 1728300.000 0.176 -0.297 -0.084
6454484.000 1728300.000 0.203 -0.303 -0.073
6454384.000 1728300.000 0.211 -0.325 -0.085
6454534.000 1728300.000 0.211 -0.284 -0.076
6454509.000 1728300.000 0.198 -0.292 -0.073
6451584.000 1728325.000 0.053 -0.846 -0.145
6451709.000 1728325.000 0.102 -0.850 -0.154
6451559.000 1728325.000 0.029 -0.896 -0.148
6451834.000 1728325.000 0.050 -0.670 -0.149
6451884.000 1728325.000 -35.227 12.181 -2.653
6451684.000 1728325.000 0.121 -0.840 -0.160
6451784.000 1728325.000 0.065 -0.772 -0.181
6451634.000 1728325.000 0.107 -0.917 -0.139
6451609.000 1728325.000 0.077 -0.868 -0.141
6451759.000 1728325.000 0.091 -0.797 -0.168
6451809.000 1728325.000 0.106 -0.696 -0.158
6451659.000 1728325.000 0.122 -0.885 -0.146
6451734.000 1728325.000 0.083 -0.837 -0.155
6451859.000 1728325.000 0.056 -0.635 -0.156
6451934.000 1728325.000 11.881 6.384 -1.135
6451909.000 1728325.000 -7.146 26.893 -7.454
6452084.000 1728325.000 0.142 -0.526 -0.113
6452034.000 1728325.000 0.147 -0.591 -0.126
6452209.000 1728325.000 -0.542 -0.615 0.059
6452234.000 1728325.000 -0.032 -0.237 -0.221
6452134.000 1728325.000 0.200 -0.574 -0.108
6452159.000 1728325.000 0.178 -0.589 -0.130
6452109.000 1728325.000 0.126 -0.539 -0.107
6452184.000 1728325.000 -0.061 -0.760 -0.084
6452309.000 1728325.000 0.119 -0.465 -0.122
6451984.000 1728325.000 0.148 -0.611 -0.139
6452009.000 1728325.000 0.132 -0.579 -0.133
6451959.000 1728325.000 0.114 -0.602 -0.149
6452059.000 1728325.000 0.209 -0.560 -0.121
6452334.000 1728325.000 0.186 -0.442 -0.140
6452284.000 1728325.000 0.113 -0.438 -0.122
6452259.000 1728325.000 0.088 -0.392 -0.137
6452359.000 1728325.000 0.048 -0.391 -0.164
6452434.000 1728325.000 0.138 -0.428 -0.132
6452384.000 1728325.000 0.083 -0.450 -0.141
6452409.000 1728325.000 0.136 -0.466 -0.131
6452459.000 1728325.000 0.188 -0.387 -0.131
6452484.000 1728325.000 0.200 -0.459 -0.139
6452534.000 1728325.000 0.170 -0.460 -0.149
6452509.000 1728325.000 0.187 -0.461 -0.142
6452559.000 1728325.000 0.200 -0.459 -0.154
6452759.000 1728325.000 0.241 -0.459 -0.185
6452784.000 1728325.000 0.259 -0.449 -0.190
6452584.000 1728325.000 0.165 -0.422 -0.172
6452809.000 1728325.000 0.214 -0.454 -0.194
6452834.000 1728325.000 0.197 -0.446 -0.194
6452684.000 1728325.000 0.320 -0.426 -0.174
6452634.000 1728325.000 0.157 -0.389 -0.190
6452659.000 1728325.000 0.189 -0.421 -0.198
6452609.000 1728325.000 0.150 -0.417 -0.188
6452734.000 1728325.000 0.201 -0.416 -0.183
6452709.000 1728325.000 0.226 -0.401 -0.177
6453009.000 1728325.000 0.222 -0.448 -0.182
6452884.000 1728325.000 0.264 -0.506 -0.166
6452984.000 1728325.000 0.180 -0.496 -0.195
6452909.000 1728325.000 0.266 -0.510 -0.169
6452859.000 1728325.000 0.242 -0.499 -0.174
6453059.000 1728325.000 0.228 -0.462 -0.183
6453084.000 1728325.000 0.222 -0.464 -0.187
6452934.000 1728325.000 0.291 -0.501 -0.165
6452959.000 1728325.000 0.237 -0.498 -0.178
6453034.000 1728325.000 0.241 -0.453 -0.179
6453109.000 1728325.000 0.203 -0.467 -0.189
6453159.000 1728325.000 0.189 -0.412 -0.157
6453184.000 1728325.000 0.176 -0.417 -0.147
6453134.000 1728325.000 0.194 -0.453 -0.184
6453209.000 1728325.000 0.113 -0.448 -0.152
6453234.000 1728325.000 0.163 -0.487 -0.197
6453259.000 1728325.000 0.191 -0.487 -0.202
6453309.000 1728325.000 0.264 -0.510 -0.210
6453384.000 1728325.000 0.348 -0.370 -0.110
6453409.000 1728325.000 0.325 -0.471 -0.123
6453334.000 1728325.000 0.288 -0.506 -0.191
6453284.000 1728325.000 0.248 -0.485 -0.207
6453359.000 1728325.000 0.328 -0.342 -0.098
6453434.000 1728325.000 0.341 -0.462 -0.123
6453459.000 1728325.000 0.404 -0.419 -0.085
6453509.000 1728325.000 0.322 -0.393 -0.094
6453534.000 1728325.000 0.328 -0.401 -0.095
6453484.000 1728325.000 0.360 -0.390 -0.076
6453559.000 1728325.000 0.346 -0.424 -0.088
6453709.000 1728325.000 0.324 -0.328 -0.096
6453609.000 1728325.000 0.346 -0.356 -0.089
6453684.000 1728325.000 0.325 -0.323 -0.089
6453659.000 1728325.000 0.356 -0.328 -0.082
6453584.000 1728325.000 0.365 -0.398 -0.083
6453634.000 1728325.000 0.374 -0.340 -0.078
6453734.000 1728325.000 0.326 -0.312 -0.103
6453809.000 1728325.000 0.290 -0.273 -0.102
6453834.000 1728325.000 0.299 -0.286 -0.114
6453759.000 1728325.000 0.329 -0.321 -0.095
6453784.000 1728325.000 0.289 -0.301 -0.094
6453859.000 1728325.000 0.316 -0.312 -0.123
6453984.000 1728325.000 0.229 -0.242 -0.094
6454059.000 1728325.000 0.235 -0.354 -0.110
6454034.000 1728325.000 0.283 -0.341 -0.107
6453884.000 1728325.000 0.341 -0.281 -0.096
6454134.000 1728325.000 0.285 -0.308 -0.095
6453909.000 1728325.000 0.237 -0.292 -0.109
6453934.000 1728325.000 0.234 -0.268 -0.108
6454084.000 1728325.000 0.210 -0.276 -0.092
6453959.000 1728325.000 0.295 -0.228 -0.084
6454009.000 1728325.000 0.218 -0.267 -0.102
6454109.000 1728325.000 0.292 -0.238 -0.083
6454284.000 1728325.000 0.238 -0.348 -0.079
6454159.000 1728325.000 0.215 -0.363 -0.092
6454184.000 1728325.000 0.229 -0.288 -0.076
6454309.000 1728325.000 0.234 -0.344 -0.079
6454334.000 1728325.000 0.189 -0.328 -0.087
6454209.000 1728325.000 0.238 -0.313 -0.075
6454234.000 1728325.000 0.215 -0.286 -0.085
6454259.000 1728325.000 0.224 -0.375 -0.100
6454384.000 1728325.000 0.235 -0.314 -0.087
6454359.000 1728325.000 0.189 -0.311 -0.086
6454409.000 1728325.000 0.235 -0.300 -0.085
6454434.000 1728325.000 0.198 -0.291 -0.096
6454534.000 1728325.000 0.243 -0.289 -0.090
6454459.000 1728325.000 0.162 -0.311 -0.118
6454484.000 1728325.000 0.185 -0.313 -0.111
6454509.000 1728325.000 0.230 -0.289 -0.085
6451559.000 1728350.000 0.070 -0.909 -0.126
6451659.000 1728350.000 0.087 -0.821 -0.158
6451634.000 1728350.000 0.082 -0.851 -0.152
6451759.000 1728350.000 0.048 -0.783 -0.158
6451584.000 1728350.000 0.078 -0.866 -0.121
6451609.000 1728350.000 0.061 -0.899 -0.123
6451684.000 1728350.000 0.102 -0.823 -0.160
6451734.000 1728350.000 0.061 -0.810 -0.150
6451709.000 1728350.000 0.072 -0.831 -0.151
6451784.000 1728350.000 0.069 -0.773 -0.153
6451809.000 1728350.000 0.111 -0.705 -0.144
6451859.000 1728350.000 0.130 -0.713 -0.126
6451834.000 1728350.000 0.102 -0.700 -0.134
6451959.000 1728350.000 0.127 -0.594 -0.138
6452009.000 1728350.000 0.162 -0.594 -0.123
6451909.000 1728350.000 0.221 -0.496 -0.259
6451984.000 1728350.000 0.181 -0.619 -0.126
6451884.000 1728350.000 0.119 -0.667 -0.151
6451934.000 1728350.000 0.193 -0.584 -0.154
6452034.000 1728350.000 0.167 -0.587 -0.119
6452109.000 1728350.000 0.147 -0.521 -0.110
6452134.000 1728350.000 0.214 -0.556 -0.102
6452084.000 1728350.000 0.143 -0.554 -0.115
6452059.000 1728350.000 0.186 -0.603 -0.114
6452159.000 1728350.000 0.188 -0.514 0.201
6452184.000 1728350.000 0.888 -0.930 0.767
6452209.000 1728350.000 0.305 0.096 0.383
6452284.000 1728350.000 0.083 -0.508 -0.110
6452309.000 1728350.000 0.116 -0.483 -0.115
6452359.000 1728350.000 0.094 -0.421 -0.165
6452259.000 1728350.000 0.045 -0.453 -0.124
6452434.000 1728350.000 0.125 -0.423 -0.151
6452234.000 1728350.000 0.050 -0.322 -0.125
6452409.000 1728350.000 0.140 -0.431 -0.143
6452334.000 1728350.000 0.187 -0.386 -0.124
6452384.000 1728350.000 0.125 -0.429 -0.151
6452459.000 1728350.000 0.154 -0.437 -0.149
6452484.000 1728350.000 0.218 -0.438 -0.143
6452559.000 1728350.000 0.201 -0.425 -0.159
6452534.000 1728350.000 0.251 -0.446 -0.141
6452509.000 1728350.000 0.227 -0.443 -0.146
6452584.000 1728350.000 0.196 -0.478 -0.194
6452759.000 1728350.000 0.228 -0.466 -0.203
6452634.000 1728350.000 0.169 -0.419 -0.193
6452684.000 1728350.000 0.255 -0.486 -0.187
6452659.000 1728350.000 0.183 -0.445 -0.195
6452609.000 1728350.000 0.202 -0.448 -0.185
6452809.000 1728350.000 0.216 -0.443 -0.190
6452834.000 1728350.000 0.198 -0.459 -0.200
6452784.000 1728350.000 0.231 -0.429 -0.186
6452734.000 1728350.000 0.185 -0.462 -0.207
6452709.000 1728350.000 0.180 -0.475 -0.207
6452884.000 1728350.000 0.297 -0.480 -0.161
6452859.000 1728350.000 0.204 -0.470 -0.196
6452934.000 1728350.000 0.296 -0.504 -0.174
6452909.000 1728350.000 0.314 -0.442 -0.163
6452959.000 1728350.000 0.279 -0.518 -0.183
6453034.000 1728350.000 0.298 -0.448 -0.180
6452984.000 1728350.000 0.216 -0.453 -0.192
6453084.000 1728350.000 0.251 -0.424 -0.181
6453059.000 1728350.000 0.291 -0.434 -0.178
6453009.000 1728350.000 0.257 -0.424 -0.183
6453209.000 1728350.000 0.130 -0.439 -0.170
6453159.000 1728350.000 0.210 -0.422 -0.165
6453234.000 1728350.000 0.156 -0.472 -0.201
6453184.000 1728350.000 0.161 -0.439 -0.157
6453109.000 1728350.000 0.225 -0.423 -0.178
6453134.000 1728350.000 0.243 -0.415 -0.173
6453384.000 1728350.000 0.368 -0.356 -0.139
6453434.000 1728350.000 0.341 -0.421 -0.126
6453459.000 1728350.000 0.328 -0.440 -0.110
6453509.000 1728350.000 0.357 -0.416 -0.069
6453259.000 1728350.000 0.193 -0.477 -0.210
6453284.000 1728350.000 0.262 -0.496 -0.218
6453359.000 1728350.000 0.333 -0.423 -0.119
6453334.000 1728350.000 0.313 -0.449 -0.174
6453309.000 1728350.000 0.285 -0.499 -0.207
6453409.000 1728350.000 0.339 -0.415 -0.135
6453484.000 1728350.000 0.342 -0.409 -0.084
6453534.000 1728350.000 0.367 -0.397 -0.080
6453559.000 1728350.000 0.383 -0.374 -0.067
6453659.000 1728350.000 0.358 -0.347 -0.088
6453584.000 1728350.000 0.388 -0.390 -0.071
6453634.000 1728350.000 0.378 -0.363 -0.076
6453609.000 1728350.000 0.367 -0.382 -0.081
6453709.000 1728350.000 0.337 -0.348 -0.101
6453684.000 1728350.000 0.332 -0.345 -0.100
6453734.000 1728350.000 0.328 -0.322 -0.108
6453759.000 1728350.000 0.341 -0.327 -0.101
6453784.000 1728350.000 0.310 -0.301 -0.100
6453834.000 1728350.000 0.259 -0.276 -0.131
6453809.000 1728350.000 0.290 -0.279 -0.111
6453884.000 1728350.000 0.306 -0.253 -0.108
6453859.000 1728350.000 0.323 -0.248 -0.111
6453984.000 1728350.000 0.297 -0.254 -0.100
6453909.000 1728350.000 0.243 -0.243 -0.097
6453959.000 1728350.000 0.303 -0.255 -0.100
6454084.000 1728350.000 0.394 -0.289 -0.108
6454109.000 1728350.000 0.397 -0.254 -0.094
6453934.000 1728350.000 0.253 -0.242 -0.100
6454009.000 1728350.000 0.269 -0.223 -0.090
6454034.000 1728350.000 0.331 -0.282 -0.096
6454134.000 1728350.000 0.276 -0.186 -0.067
6454059.000 1728350.000 0.319 -0.303 -0.098
6454184.000 1728350.000 0.250 -0.284 -0.077
6454159.000 1728350.000 0.280 -0.291 -0.081
6454234.000 1728350.000 0.280 -0.264 -0.122
6454209.000 1728350.000 0.268 -0.293 -0.081
6454284.000 1728350.000 0.336 -0.295 -0.082
6454259.000 1728350.000 0.292 -0.241 -0.134
6454309.000 1728350.000 0.274 -0.337 -0.080
6454334.000 1728350.000 0.231 -0.320 -0.082
6454409.000 1728350.000 0.229 -0.304 -0.108
6454384.000 1728350.000 0.237 -0.312 -0.097
6454509.000 1728350.000 0.258 -0.266 -0.089
6454359.000 1728350.000 0.216 -0.308 -0.083
6454434.000 1728350.000 0.217 -0.298 -0.118
6454484.000 1728350.000 0.292 -0.295 -0.092
6454459.000 1728350.000 0.230 -0.301 -0.110
6454534.000 1728350.000 0.281 -0.274 -0.091
6451684.000 1728375.000 0.152 -0.794 -0.143
6451659.000 1728375.000 0.102 -0.797 -0.143
6451634.000 1728375.000 0.060 -0.829 -0.141
6451834.000 1728375.000 0.132 -0.708 -0.119
6451609.000 1728375.000 0.080 -0.890 -0.125
6451809.000 1728375.000 0.143 -0.708 -0.128
6451759.000 1728375.000 0.088 -0.794 -0.139
6451909.000 1728375.000 0.197 -0.679 -0.120
6451934.000 1728375.000 0.221 -0.645 -0.121
6451584.000 1728375.000 0.090 -0.899 -0.120
6451709.000 1728375.000 0.110 -0.797 -0.146
6451559.000 1728375.000 0.095 -0.944 -0.115
6451734.000 1728375.000 0.113 -0.792 -0.139
6451784.000 1728375.000 0.128 -0.740 -0.136
6451859.000 1728375.000 0.127 -0.698 -0.119
6451884.000 1728375.000 0.126 -0.705 -0.119
6451959.000 1728375.000 0.209 -0.603 -0.120
6452034.000 1728375.000 0.203 -0.600 -0.113
6452084.000 1728375.000 0.157 -0.558 -0.116
6451984.000 1728375.000 0.181 -0.588 -0.119
6452009.000 1728375.000 0.191 -0.586 -0.116
6452109.000 1728375.000 0.194 -0.526 -0.114
6452059.000 1728375.000 0.189 -0.591 -0.112
6452159.000 1728375.000 -0.544 3.827 -0.035
6452134.000 1728375.000 -0.505 0.005 0.054
6452234.000 1728375.000 0.050 -0.393 -0.128
6452184.000 1728375.000 2.297 -1.115 0.881
6452209.000 1728375.000 0.266 -0.478 -0.096
6452259.000 1728375.000 0.028 -0.458 -0.119
6452284.000 1728375.000 0.058 -0.486 -0.108
6452309.000 1728375.000 0.133 -0.489 -0.113
6452334.000 1728375.000 0.161 -0.423 -0.120
6452359.000 1728375.000 0.083 -0.481 -0.158
6452384.000 1728375.000 0.161 -0.461 -0.158
6452409.000 1728375.000 0.154 -0.456 -0.156
6452434.000 1728375.000 0.147 -0.467 -0.163
6452459.000 1728375.000 0.151 -0.441 -0.164
6452509.000 1728375.000 0.179 -0.477 -0.185
6452484.000 1728375.000 0.185 -0.457 -0.167
6452534.000 1728375.000 0.179 -0.488 -0.202
6452559.000 1728375.000 0.176 -0.472 -0.204
6452634.000 1728375.000 0.211 -0.469 -0.200
6452584.000 1728375.000 0.189 -0.469 -0.213
6452609.000 1728375.000 0.199 -0.465 -0.213
6452759.000 1728375.000 0.196 -0.501 -0.211
6452659.000 1728375.000 0.203 -0.454 -0.197
6452709.000 1728375.000 0.193 -0.502 -0.220
6452684.000 1728375.000 0.226 -0.472 -0.201
6452734.000 1728375.000 0.209 -0.500 -0.213
6452784.000 1728375.000 0.159 -0.497 -0.208
6452834.000 1728375.000 0.216 -0.470 -0.202
6452809.000 1728375.000 0.184 -0.475 -0.199
6452859.000 1728375.000 0.236 -0.452 -0.197
6452909.000 1728375.000 0.343 -0.403 -0.168
6452884.000 1728375.000 0.283 -0.406 -0.184
6452934.000 1728375.000 0.316 -0.480 -0.179
6453009.000 1728375.000 0.281 -0.466 -0.187
6452959.000 1728375.000 0.294 -0.485 -0.184
6453034.000 1728375.000 0.299 -0.444 -0.186
6452984.000 1728375.000 0.272 -0.493 -0.187
6453059.000 1728375.000 0.296 -0.392 -0.181
6453184.000 1728375.000 0.188 -0.444 -0.187
6453084.000 1728375.000 0.253 -0.367 -0.192
6453159.000 1728375.000 0.230 -0.421 -0.198
6453109.000 1728375.000 0.258 -0.346 -0.195
6453209.000 1728375.000 0.193 -0.446 -0.205
6453234.000 1728375.000 0.179 -0.485 -0.222
6453134.000 1728375.000 0.288 -0.355 -0.200
6453259.000 1728375.000 0.207 -0.480 -0.227
6453284.000 1728375.000 0.242 -0.447 -0.219
6453309.000 1728375.000 0.327 -0.466 -0.203
6453334.000 1728375.000 0.336 -0.362 -0.137
6453359.000 1728375.000 0.309 -0.416 -0.121
6453384.000 1728375.000 0.149 -0.417 -0.222
6453484.000 1728375.000 0.325 -0.435 -0.107
6453459.000 1728375.000 0.328 -0.464 -0.096
6453609.000 1728375.000 0.367 -0.389 -0.079
6453409.000 1728375.000 0.305 -0.410 -0.139
6453434.000 1728375.000 0.305 -0.430 -0.120
6453509.000 1728375.000 0.397 -0.429 -0.059
6453584.000 1728375.000 0.358 -0.377 -0.090
6453534.000 1728375.000 0.397 -0.383 -0.067
6453559.000 1728375.000 0.370 -0.351 -0.079
6453634.000 1728375.000 0.339 -0.361 -0.090
6453659.000 1728375.000 0.343 -0.348 -0.091
6453684.000 1728375.000 0.341 -0.351 -0.097
6453734.000 1728375.000 0.343 -0.340 -0.108
6453709.000 1728375.000 0.341 -0.327 -0.102
6453859.000 1728375.000 0.330 -0.254 -0.114
6453809.000 1728375.000 0.287 -0.291 -0.128
6453834.000 1728375.000 0.331 -0.247 -0.110
6453959.000 1728375.000 0.304 -0.288 -0.110
6453784.000 1728375.000 0.308 -0.291 -0.108
6453759.000 1728375.000 0.326 -0.323 -0.111
6453884.000 1728375.000 0.277 -0.284 -0.122
6453909.000 1728375.000 0.241 -0.282 -0.107
6453934.000 1728375.000 0.268 -0.269 -0.106
6453984.000 1728375.000 0.346 -0.236 -0.095
6454009.000 1728375.000 0.315 -0.233 -0.092
6454034.000 1728375.000 0.295 -0.271 -0.095
6454059.000 1728375.000 0.338 -0.266 -0.097
6454159.000 1728375.000 0.359 -0.244 -0.079
6454184.000 1728375.000 0.296 -0.230 -0.075
6454209.000 1728375.000 0.307 -0.228 -0.075
6454234.000 1728375.000 0.217 -0.238 -0.080
6454084.000 1728375.000 0.420 -0.303 -0.116
6454134.000 1728375.000 0.272 -0.236 -0.077
6454109.000 1728375.000 0.352 -0.279 -0.096
6454259.000 1728375.000 0.223 -0.275 -0.087
6454284.000 1728375.000 0.305 -0.336 -0.082
6454309.000 1728375.000 0.290 -0.320 -0.090
6454334.000 1728375.000 0.259 -0.349 -0.119
6454384.000 1728375.000 0.307 -0.292 -0.074
6454409.000 1728375.000 0.266 -0.289 -0.090
6454359.000 1728375.000 0.250 -0.323 -0.101
6454434.000 1728375.000 0.256 -0.287 -0.114
6454509.000 1728375.000 0.249 -0.267 -0.102
6454534.000 1728375.000 0.313 -0.276 -0.095
6454484.000 1728375.000 0.313 -0.285 -0.097
6451559.000 1728400.000 0.134 -0.952 -0.127
6454459.000 1728375.000 0.312 -0.309 -0.107
6451584.000 1728400.000 0.162 -0.934 -0.130
6451609.000 1728400.000 0.153 -0.862 -0.125
6451634.000 1728400.000 0.103 -0.765 -0.110
6451659.000 1728400.000 0.115 -0.695 -0.108
6451709.000 1728400.000 0.217 -0.687 -0.120
6451684.000 1728400.000 0.155 -0.666 -0.111
6451784.000 1728400.000 0.153 -0.691 -0.126
6451734.000 1728400.000 0.187 -0.703 -0.126
6451759.000 1728400.000 0.147 -0.694 -0.128
6451809.000 1728400.000 0.156 -0.677 -0.121
6451834.000 1728400.000 0.133 -0.630 -0.120
6451859.000 1728400.000 0.180 -0.611 -0.126
6451884.000 1728400.000 0.195 -0.679 -0.117
6451909.000 1728400.000 0.199 -0.673 -0.114
6451934.000 1728400.000 0.201 -0.619 -0.117
6451959.000 1728400.000 0.219 -0.628 -0.117
6451984.000 1728400.000 0.210 -0.630 -0.115
6452009.000 1728400.000 0.206 -0.615 -0.116
6452034.000 1728400.000 0.169 -0.583 -0.117
6452084.000 1728400.000 0.164 -0.563 -0.119
6452059.000 1728400.000 0.187 -0.542 -0.118
6452134.000 1728400.000 -0.006 -0.410 -0.069
6452184.000 1728400.000 0.444 -0.380 -0.089
6452109.000 1728400.000 0.198 -0.573 -0.113
6452159.000 1728400.000 -1.133 1.563 -0.059
6452209.000 1728400.000 0.215 -0.525 -0.110
6452259.000 1728400.000 0.060 -0.518 -0.108
6452309.000 1728400.000 0.166 -0.491 -0.113
6452284.000 1728400.000 0.074 -0.492 -0.107
6452334.000 1728400.000 0.182 -0.495 -0.115
6452234.000 1728400.000 0.133 -0.542 -0.102
6452359.000 1728400.000 0.126 -0.464 -0.148
6452384.000 1728400.000 0.160 -0.446 -0.145
6452634.000 1728400.000 0.223 -0.467 -0.196
6452409.000 1728400.000 0.206 -0.433 -0.120
6452459.000 1728400.000 0.173 -0.444 -0.159
6452434.000 1728400.000 0.166 -0.459 -0.155
6452659.000 1728400.000 0.222 -0.454 -0.186
6452684.000 1728400.000 0.247 -0.485 -0.196
6452484.000 1728400.000 0.193 -0.448 -0.160
6452709.000 1728400.000 0.233 -0.458 -0.191
6452534.000 1728400.000 0.186 -0.459 -0.198
6452509.000 1728400.000 0.206 -0.441 -0.159
6452584.000 1728400.000 0.199 -0.456 -0.220
6452609.000 1728400.000 0.204 -0.465 -0.219
6452559.000 1728400.000 0.175 -0.467 -0.221
6452734.000 1728400.000 0.222 -0.467 -0.196
6452809.000 1728400.000 0.212 -0.468 -0.213
6452934.000 1728400.000 0.343 -0.437 -0.184
6452759.000 1728400.000 0.197 -0.479 -0.203
6452909.000 1728400.000 0.320 -0.355 -0.189
6452984.000 1728400.000 0.272 -0.471 -0.197
6452784.000 1728400.000 0.171 -0.484 -0.208
6452859.000 1728400.000 0.220 -0.475 -0.209
6452959.000 1728400.000 0.311 -0.463 -0.189
6452834.000 1728400.000 0.231 -0.441 -0.203
6452884.000 1728400.000 0.282 -0.390 -0.192
6453009.000 1728400.000 0.292 -0.448 -0.195
6453059.000 1728400.000 0.316 -0.360 -0.189
6453084.000 1728400.000 0.306 -0.313 -0.198
6453034.000 1728400.000 0.306 -0.419 -0.190
6453109.000 1728400.000 0.311 -0.326 -0.202
6453134.000 1728400.000 0.298 -0.365 -0.209
6453159.000 1728400.000 0.255 -0.412 -0.207
6453184.000 1728400.000 0.231 -0.430 -0.194
6453259.000 1728400.000 0.228 -0.411 -0.227
6453234.000 1728400.000 0.199 -0.442 -0.228
6453209.000 1728400.000 0.273 -0.440 -0.226
6453284.000 1728400.000 0.267 -0.372 -0.204
6453309.000 1728400.000 0.357 -0.403 -0.171
6453409.000 1728400.000 0.316 -0.311 -0.127
6453334.000 1728400.000 0.339 -0.342 -0.118
6453359.000 1728400.000 0.344 -0.342 -0.115
6453384.000 1728400.000 0.331 -0.249 -0.124
6453459.000 1728400.000 0.332 -0.364 -0.089
6453434.000 1728400.000 0.334 -0.389 -0.113
6453484.000 1728400.000 0.314 -0.391 -0.107
6453509.000 1728400.000 0.319 -0.453 -0.113
6453534.000 1728400.000 0.347 -0.391 -0.088
6453559.000 1728400.000 0.397 -0.367 -0.060
6453584.000 1728400.000 0.402 -0.343 -0.060
6453609.000 1728400.000 0.369 -0.318 -0.080
6453634.000 1728400.000 0.348 -0.325 -0.085
6453659.000 1728400.000 0.366 -0.320 -0.078
6453709.000 1728400.000 0.331 -0.292 -0.085
6453684.000 1728400.000 0.355 -0.302 -0.077
6453734.000 1728400.000 0.327 -0.310 -0.096
6453859.000 1728400.000 0.395 -0.225 -0.100
6453759.000 1728400.000 0.292 -0.329 -0.115
6453784.000 1728400.000 0.290 -0.310 -0.116
6453834.000 1728400.000 0.343 -0.224 -0.096
6453809.000 1728400.000 0.331 -0.274 -0.108
6453884.000 1728400.000 0.292 -0.196 -0.093
6453959.000 1728400.000 0.293 -0.255 -0.101
6453909.000 1728400.000 0.278 -0.249 -0.102
6453984.000 1728400.000 0.330 -0.268 -0.099
6454009.000 1728400.000 0.320 -0.250 -0.098
6454034.000 1728400.000 0.301 -0.217 -0.087
6453934.000 1728400.000 0.284 -0.227 -0.100
6454059.000 1728400.000 0.294 -0.237 -0.093
6454309.000 1728400.000 0.334 -0.191 -0.076
6454084.000 1728400.000 0.321 -0.272 -0.114
6454359.000 1728400.000 0.336 -0.267 -0.065
6454134.000 1728400.000 0.272 -0.281 -0.091
6454109.000 1728400.000 0.287 -0.263 -0.096
6454159.000 1728400.000 0.327 -0.136 -0.064
6454384.000 1728400.000 0.309 -0.279 -0.079
6454234.000 1728400.000 0.213 -0.257 -0.085
6454409.000 1728400.000 0.282 -0.290 -0.099
6454259.000 1728400.000 0.222 -0.226 -0.100
6454284.000 1728400.000 0.313 -0.226 -0.085
6454209.000 1728400.000 0.283 -0.192 -0.050
6454184.000 1728400.000 0.304 -0.154 -0.064
6454334.000 1728400.000 0.350 -0.275 -0.066
6454434.000 1728400.000 0.240 -0.233 -0.122
6454459.000 1728400.000 0.273 -0.220 -0.096
6454484.000 1728400.000 0.278 -0.202 -0.074
6454509.000 1728400.000 0.240 -0.214 -0.080
6454534.000 1728400.000 0.342 -0.279 -0.087
6451659.000 1728425.000 0.146 -0.702 -0.100
6451834.000 1728425.000 0.135 -0.615 -0.126
6451809.000 1728425.000 0.165 -0.688 -0.117
6451684.000 1728425.000 0.184 -0.749 -0.107
6451709.000 1728425.000 0.226 -0.758 -0.114
6451734.000 1728425.000 0.203 -0.781 -0.115
6451584.000 1728425.000 0.207 -0.968 -0.084
6451559.000 1728425.000 0.226 -0.972 -0.101
6451634.000 1728425.000 0.161 -0.765 -0.099
6451609.000 1728425.000 0.178 -0.833 -0.092
6451784.000 1728425.000 0.186 -0.701 -0.117
6451859.000 1728425.000 0.188 -0.599 -0.137
6451759.000 1728425.000 0.176 -0.746 -0.116
6451884.000 1728425.000 0.199 -0.638 -0.121
6451909.000 1728425.000 0.195 -0.629 -0.117
6451934.000 1728425.000 0.238 -0.656 -0.117
6451984.000 1728425.000 0.239 -0.641 -0.114
6451959.000 1728425.000 0.251 -0.672 -0.118
6452034.000 1728425.000 0.221 -0.491 -0.136
6452009.000 1728425.000 0.241 -0.594 -0.123
6452059.000 1728425.000 0.217 -0.481 -0.130
6452084.000 1728425.000 0.126 -0.533 -0.134
6452109.000 1728425.000 0.155 -0.555 -0.129
6452134.000 1728425.000 0.278 -0.622 -0.106
6452384.000 1728425.000 0.155 -0.451 -0.139
6452359.000 1728425.000 0.181 -0.444 -0.134
6452434.000 1728425.000 0.139 -0.384 -0.142
6452409.000 1728425.000 0.187 -0.400 -0.110
6452234.000 1728425.000 0.164 -0.533 -0.099
6452284.000 1728425.000 0.092 -0.492 -0.108
6452159.000 1728425.000 0.319 -0.312 -0.122
6452209.000 1728425.000 0.197 -0.517 -0.117
6452184.000 1728425.000 0.256 -0.519 -0.120
6452259.000 1728425.000 0.122 -0.525 -0.101
6452309.000 1728425.000 0.122 -0.454 -0.108
6452334.000 1728425.000 0.201 -0.424 -0.116
6452559.000 1728425.000 0.205 -0.457 -0.209
6452584.000 1728425.000 0.215 -0.469 -0.208
6452634.000 1728425.000 0.228 -0.451 -0.187
6452609.000 1728425.000 0.210 -0.476 -0.207
6452459.000 1728425.000 0.177 -0.418 -0.154
6452534.000 1728425.000 0.194 -0.438 -0.195
6452509.000 1728425.000 0.228 -0.429 -0.152
6452484.000 1728425.000 0.213 -0.433 -0.152
6452659.000 1728425.000 0.255 -0.460 -0.184
6452684.000 1728425.000 0.266 -0.481 -0.193
6452759.000 1728425.000 0.222 -0.475 -0.201
6452709.000 1728425.000 0.249 -0.458 -0.188
6452784.000 1728425.000 0.204 -0.461 -0.198
6452734.000 1728425.000 0.229 -0.495 -0.209
6452859.000 1728425.000 0.285 -0.420 -0.196
6452909.000 1728425.000 0.315 -0.425 -0.198
6452934.000 1728425.000 0.322 -0.435 -0.200
6452884.000 1728425.000 0.289 -0.415 -0.198
6452809.000 1728425.000 0.201 -0.438 -0.200
6452834.000 1728425.000 0.305 -0.454 -0.217
6452959.000 1728425.000 0.291 -0.409 -0.204
6452984.000 1728425.000 0.288 -0.379 -0.205
6453009.000 1728425.000 0.314 -0.396 -0.198
6453034.000 1728425.000 0.312 -0.365 -0.194
6453059.000 1728425.000 0.301 -0.341 -0.198
6453084.000 1728425.000 0.302 -0.326 -0.202
6453209.000 1728425.000 0.329 -0.386 -0.219
6453234.000 1728425.000 0.197 -0.382 -0.215
6453284.000 1728425.000 0.278 -0.290 -0.141
6453259.000 1728425.000 0.235 -0.315 -0.203
6453109.000 1728425.000 0.334 -0.350 -0.205
6453159.000 1728425.000 0.393 -0.412 -0.211
6453134.000 1728425.000 0.350 -0.340 -0.199
6453184.000 1728425.000 0.292 -0.390 -0.178
6453334.000 1728425.000 0.325 -0.339 -0.102
6453309.000 1728425.000 0.339 -0.339 -0.114
6453359.000 1728425.000 0.392 -0.344 -0.136
6453384.000 1728425.000 0.319 -0.276 -0.098
6453409.000 1728425.000 0.344 -0.303 -0.124
6453509.000 1728425.000 0.391 -0.334 -0.089
6453534.000 1728425.000 0.406 -0.305 -0.073
6453434.000 1728425.000 0.353 -0.313 -0.104
6453559.000 1728425.000 0.429 -0.361 -0.053
6453584.000 1728425.000 0.397 -0.361 -0.068
6453484.000 1728425.000 0.384 -0.379 -0.071
6453459.000 1728425.000 0.349 -0.311 -0.084
6453834.000 1728425.000 0.342 -0.220 -0.091
6453859.000 1728425.000 0.387 -0.159 -0.113
6453909.000 1728425.000 0.318 -0.210 -0.094
6453934.000 1728425.000 0.265 -0.190 -0.096
6453609.000 1728425.000 0.379 -0.324 -0.078
6453634.000 1728425.000 0.367 -0.320 -0.078
6453759.000 1728425.000 0.243 -0.351 -0.127
6453659.000 1728425.000 0.371 -0.320 -0.077
6453784.000 1728425.000 0.264 -0.336 -0.120
6453684.000 1728425.000 0.365 -0.317 -0.072
6453884.000 1728425.000 0.373 -0.212 -0.092
6453809.000 1728425.000 0.313 -0.280 -0.102
6453984.000 1728425.000 0.266 -0.229 -0.094
6453959.000 1728425.000 0.270 -0.211 -0.095
6453709.000 1728425.000 0.367 -0.301 -0.061
6453734.000 1728425.000 0.313 -0.326 -0.093
6454034.000 1728425.000 0.329 -0.197 -0.087
6454009.000 1728425.000 0.331 -0.231 -0.096
6454059.000 1728425.000 0.305 -0.216 -0.093
6454084.000 1728425.000 0.234 -0.278 -0.103
6454159.000 1728425.000 0.330 -0.209 -0.084
6454109.000 1728425.000 0.241 -0.299 -0.093
6454209.000 1728425.000 0.317 -0.263 -0.093
6454284.000 1728425.000 0.209 -0.240 -0.122
6454259.000 1728425.000 0.227 -0.196 -0.124
6454309.000 1728425.000 0.247 -0.237 -0.101
6454134.000 1728425.000 0.275 -0.278 -0.092
6454234.000 1728425.000 0.283 -0.274 -0.114
6454184.000 1728425.000 0.337 -0.197 -0.089
6454334.000 1728425.000 0.327 -0.240 -0.060
6454409.000 1728425.000 0.313 -0.256 -0.098
6454434.000 1728425.000 0.289 -0.212 -0.109
6454459.000 1728425.000 0.300 -0.212 -0.095
6454484.000 1728425.000 0.270 -0.217 -0.079
6454359.000 1728425.000 0.323 -0.259 -0.073
6454384.000 1728425.000 0.314 -0.265 -0.091
6451759.000 1728450.000 0.190 -0.770 -0.114
6451784.000 1728450.000 0.204 -0.731 -0.114
6454509.000 1728425.000 0.311 -0.233 -0.075
6451809.000 1728450.000 0.180 -0.696 -0.113
6451559.000 1728450.000 0.178 -0.909 -0.092
6451834.000 1728450.000 0.168 -0.622 -0.115
6454534.000 1728425.000 0.316 -0.242 -0.083
6451634.000 1728450.000 0.149 -0.772 -0.084
6451609.000 1728450.000 0.171 -0.810 -0.070
6451584.000 1728450.000 0.200 -0.882 -0.066
6451734.000 1728450.000 0.214 -0.777 -0.115
6451659.000 1728450.000 0.148 -0.750 -0.095
6451709.000 1728450.000 0.251 -0.756 -0.115
6451684.000 1728450.000 0.206 -0.787 -0.106
6451859.000 1728450.000 0.143 -0.598 -0.123
6451884.000 1728450.000 0.219 -0.629 -0.124
6451909.000 1728450.000 0.229 -0.618 -0.121
6451934.000 1728450.000 0.247 -0.656 -0.118
6451984.000 1728450.000 0.220 -0.597 -0.111
6451959.000 1728450.000 0.242 -0.651 -0.113
6452034.000 1728450.000 0.152 -0.822 -0.118
6452009.000 1728450.000 0.199 -0.602 -0.119
6452109.000 1728450.000 0.195 -0.394 -0.160
6452084.000 1728450.000 0.175 -0.542 -0.149
6452159.000 1728450.000 0.236 -0.437 -0.132
6452134.000 1728450.000 0.274 -0.487 -0.142
6452059.000 1728450.000 0.470 -0.951 -0.108
6452184.000 1728450.000 0.209 -0.457 -0.130
6452209.000 1728450.000 0.159 -0.462 -0.125
6452259.000 1728450.000 0.146 -0.510 -0.105
6452234.000 1728450.000 0.151 -0.532 -0.104
6452309.000 1728450.000 0.121 -0.470 -0.103
6452334.000 1728450.000 0.198 -0.433 -0.110
6452359.000 1728450.000 0.191 -0.471 -0.120
6452284.000 1728450.000 0.101 -0.462 -0.121
6452409.000 1728450.000 0.162 -0.406 -0.107
6452384.000 1728450.000 0.177 -0.472 -0.128
6452434.000 1728450.000 0.123 -0.314 -0.131
6452484.000 1728450.000 0.222 -0.446 -0.158
6452459.000 1728450.000 0.139 -0.365 -0.157
6452509.000 1728450.000 0.246 -0.449 -0.156
6452534.000 1728450.000 0.241 -0.460 -0.176
6452684.000 1728450.000 0.256 -0.436 -0.183
6452559.000 1728450.000 0.216 -0.469 -0.185
6452709.000 1728450.000 0.250 -0.462 -0.196
6452734.000 1728450.000 0.257 -0.465 -0.198
6452609.000 1728450.000 0.205 -0.423 -0.176
6452584.000 1728450.000 0.194 -0.445 -0.188
6452784.000 1728450.000 0.234 -0.411 -0.184
6452659.000 1728450.000 0.200 -0.404 -0.174
6452634.000 1728450.000 0.210 -0.426 -0.173
6452809.000 1728450.000 0.227 -0.402 -0.185
6452759.000 1728450.000 0.231 -0.430 -0.189
6452834.000 1728450.000 0.273 -0.436 -0.199
6452859.000 1728450.000 0.281 -0.449 -0.204
6452909.000 1728450.000 0.306 -0.427 -0.207
6452884.000 1728450.000 0.279 -0.435 -0.206
6452934.000 1728450.000 0.297 -0.399 -0.213
6452959.000 1728450.000 0.282 -0.395 -0.216
6453009.000 1728450.000 0.320 -0.398 -0.202
6453034.000 1728450.000 0.320 -0.366 -0.197
6453109.000 1728450.000 0.304 -0.318 -0.199
6452984.000 1728450.000 0.293 -0.395 -0.214
6453184.000 1728450.000 0.269 -0.359 -0.141
6453159.000 1728450.000 0.411 -0.400 -0.190
6453059.000 1728450.000 0.291 -0.365 -0.208
6453134.000 1728450.000 0.386 -0.358 -0.195
6453259.000 1728450.000 0.248 -0.299 -0.165
6453084.000 1728450.000 0.265 -0.303 -0.203
6453234.000 1728450.000 0.225 -0.397 -0.218
6453284.000 1728450.000 0.313 -0.273 -0.090
6453209.000 1728450.000 0.306 -0.369 -0.194
6453309.000 1728450.000 0.340 -0.299 -0.089
6453334.000 1728450.000 0.334 -0.415 -0.127
6453359.000 1728450.000 0.374 -0.358 -0.125
6453384.000 1728450.000 0.337 -0.305 -0.097
6453409.000 1728450.000 0.350 -0.306 -0.136
6453434.000 1728450.000 0.301 -0.297 -0.102
6453484.000 1728450.000 0.418 -0.348 -0.058
6453584.000 1728450.000 0.441 -0.409 -0.054
6453634.000 1728450.000 0.369 -0.373 -0.076
6453659.000 1728450.000 0.378 -0.358 -0.078
6453459.000 1728450.000 0.371 -0.291 -0.077
6453759.000 1728450.000 0.288 -0.331 -0.110
6453709.000 1728450.000 0.362 -0.320 -0.079
6453534.000 1728450.000 0.402 -0.369 -0.069
6453509.000 1728450.000 0.420 -0.354 -0.060
6453784.000 1728450.000 0.292 -0.345 -0.110
6453559.000 1728450.000 0.442 -0.427 -0.057
6453809.000 1728450.000 0.301 -0.313 -0.104
6453609.000 1728450.000 0.398 -0.388 -0.064
6453834.000 1728450.000 0.358 -0.250 -0.091
6453734.000 1728450.000 0.350 -0.332 -0.082
6453684.000 1728450.000 0.393 -0.339 -0.080
6453984.000 1728450.000 0.312 -0.231 -0.087
6453859.000 1728450.000 0.337 -0.194 -0.117
6454084.000 1728450.000 0.224 -0.227 -0.100
6454134.000 1728450.000 0.304 -0.223 -0.081
6453909.000 1728450.000 0.340 -0.194 -0.096
6454184.000 1728450.000 0.332 -0.193 -0.086
6453884.000 1728450.000 0.326 -0.189 -0.102
6453934.000 1728450.000 0.279 -0.202 -0.099
6453959.000 1728450.000 0.301 -0.217 -0.090
6454009.000 1728450.000 0.327 -0.220 -0.091
6454034.000 1728450.000 0.310 -0.163 -0.087
6454059.000 1728450.000 0.303 -0.188 -0.086
6454209.000 1728450.000 0.351 -0.291 -0.122
6454109.000 1728450.000 0.266 -0.234 -0.080
6454159.000 1728450.000 0.340 -0.222 -0.083
6454234.000 1728450.000 0.329 -0.344 -0.151
6454259.000 1728450.000 0.188 -0.142 -0.092
6454359.000 1728450.000 0.323 -0.269 -0.082
6454309.000 1728450.000 0.262 -0.234 -0.095
6454284.000 1728450.000 0.257 -0.213 -0.090
6454409.000 1728450.000 0.330 -0.230 -0.090
6454334.000 1728450.000 0.308 -0.248 -0.076
6454434.000 1728450.000 0.317 -0.197 -0.084
6454384.000 1728450.000 0.334 -0.236 -0.087
6454484.000 1728450.000 0.315 -0.234 -0.079
6454459.000 1728450.000 0.319 -0.190 -0.080
6454509.000 1728450.000 0.336 -0.218 -0.063
6454534.000 1728450.000 0.339 -0.198 -0.062
6451684.000 1728475.000 0.179 -0.692 -0.120
6451659.000 1728475.000 0.154 -0.736 -0.100
6451809.000 1728475.000 0.189 -0.692 -0.107
6451834.000 1728475.000 0.158 -0.621 -0.109
6451584.000 1728475.000 0.204 -0.805 -0.070
6451784.000 1728475.000 0.228 -0.715 -0.110
6451634.000 1728475.000 0.165 -0.811 -0.076
6451559.000 1728475.000 0.152 -0.840 -0.088
6451609.000 1728475.000 0.173 -0.808 -0.069
6451759.000 1728475.000 0.248 -0.737 -0.114
6451709.000 1728475.000 0.225 -0.725 -0.125
6451734.000 1728475.000 0.240 -0.753 -0.121
6451859.000 1728475.000 0.166 -0.605 -0.115
6451884.000 1728475.000 0.165 -0.600 -0.119
6451909.000 1728475.000 0.196 -0.594 -0.118
6451934.000 1728475.000 0.230 -0.625 -0.114
6451984.000 1728475.000 0.201 -0.573 -0.110
6451959.000 1728475.000 0.221 -0.583 -0.112
6452009.000 1728475.000 0.230 -0.579 -0.114
6452034.000 1728475.000 -1.751 -1.399 -0.001
6452109.000 1728475.000 0.156 -0.526 -0.160
6452059.000 1728475.000 2.023 -5.744 0.293
6452084.000 1728475.000 0.752 -1.181 -0.123
6452159.000 1728475.000 0.208 -0.485 -0.140
6452184.000 1728475.000 0.169 -0.481 -0.131
6452234.000 1728475.000 0.080 -0.509 -0.089
6452209.000 1728475.000 0.097 -0.477 -0.108
6452134.000 1728475.000 0.186 -0.494 -0.153
6452284.000 1728475.000 0.107 -0.456 -0.120
6452259.000 1728475.000 0.100 -0.470 -0.108
6452334.000 1728475.000 0.160 -0.424 -0.106
6452309.000 1728475.000 0.125 -0.465 -0.104
6452359.000 1728475.000 0.204 -0.497 -0.110
6452384.000 1728475.000 0.175 -0.446 -0.136
6452409.000 1728475.000 0.140 -0.420 -0.114
6452434.000 1728475.000 0.129 -0.323 -0.123
6452459.000 1728475.000 0.125 -0.353 -0.155
6452509.000 1728475.000 0.220 -0.446 -0.170
6452534.000 1728475.000 0.233 -0.454 -0.170
6452559.000 1728475.000 0.222 -0.448 -0.163
6452484.000 1728475.000 0.185 -0.408 -0.162
6452609.000 1728475.000 0.238 -0.416 -0.158
6452584.000 1728475.000 0.207 -0.436 -0.169
6452734.000 1728475.000 0.247 -0.445 -0.192
6452634.000 1728475.000 0.229 -0.423 -0.167
6452684.000 1728475.000 0.280 -0.425 -0.176
6452659.000 1728475.000 0.221 -0.425 -0.178
6452709.000 1728475.000 0.243 -0.440 -0.191
6452759.000 1728475.000 0.227 -0.443 -0.193
6452784.000 1728475.000 0.240 -0.424 -0.188
6452809.000 1728475.000 0.250 -0.415 -0.193
6452834.000 1728475.000 0.281 -0.413 -0.201
6452859.000 1728475.000 0.291 -0.438 -0.208
6452884.000 1728475.000 0.332 -0.445 -0.223
6452934.000 1728475.000 0.294 -0.433 -0.222
6452909.000 1728475.000 0.278 -0.442 -0.222
6453034.000 1728475.000 0.331 -0.366 -0.193
6453084.000 1728475.000 0.328 -0.335 -0.186
6452984.000 1728475.000 0.284 -0.440 -0.220
6452959.000 1728475.000 0.258 -0.453 -0.231
6453184.000 1728475.000 0.359 -0.412 -0.174
6453134.000 1728475.000 0.364 -0.351 -0.185
6453159.000 1728475.000 0.380 -0.404 -0.184
6453009.000 1728475.000 0.319 -0.407 -0.204
6453209.000 1728475.000 0.311 -0.401 -0.196
6453234.000 1728475.000 0.258 -0.395 -0.215
6453109.000 1728475.000 0.302 -0.321 -0.189
6453059.000 1728475.000 0.337 -0.351 -0.190
6453259.000 1728475.000 0.250 -0.329 -0.143
6453459.000 1728475.000 0.372 -0.368 -0.073
6453309.000 1728475.000 0.288 -0.361 -0.083
6453509.000 1728475.000 0.374 -0.410 -0.048
6453284.000 1728475.000 0.312 -0.332 -0.091
6453559.000 1728475.000 0.404 -0.335 -0.075
6453334.000 1728475.000 0.264 -0.398 -0.086
6453359.000 1728475.000 0.321 -0.314 -0.074
6453584.000 1728475.000 0.446 -0.370 -0.050
6453484.000 1728475.000 0.378 -0.387 -0.066
6453384.000 1728475.000 0.348 -0.330 -0.107
6453409.000 1728475.000 0.346 -0.345 -0.180
6453434.000 1728475.000 0.252 -0.309 -0.097
6453534.000 1728475.000 0.373 -0.347 -0.077
6453609.000 1728475.000 0.386 -0.329 -0.076
6453634.000 1728475.000 0.368 -0.359 -0.075
6453684.000 1728475.000 0.387 -0.311 -0.067
6453734.000 1728475.000 0.385 -0.300 -0.059
6453784.000 1728475.000 0.324 -0.285 -0.092
6453859.000 1728475.000 0.346 -0.225 -0.107
6453659.000 1728475.000 0.388 -0.337 -0.062
6453709.000 1728475.000 0.323 -0.299 -0.092
6453759.000 1728475.000 0.344 -0.285 -0.082
6453834.000 1728475.000 0.359 -0.229 -0.081
6453809.000 1728475.000 0.325 -0.266 -0.088
6453884.000 1728475.000 0.345 -0.197 -0.098
6453909.000 1728475.000 0.336 -0.190 -0.095
6453934.000 1728475.000 0.270 -0.228 -0.101
6453959.000 1728475.000 0.294 -0.236 -0.092
6453984.000 1728475.000 0.357 -0.243 -0.087
6454009.000 1728475.000 0.378 -0.257 -0.090
6454034.000 1728475.000 0.384 -0.199 -0.083
6454059.000 1728475.000 0.343 -0.154 -0.068
6454084.000 1728475.000 0.331 -0.157 -0.090
6454109.000 1728475.000 0.293 -0.211 -0.078
6454134.000 1728475.000 0.333 -0.191 -0.082
6454159.000 1728475.000 0.321 -0.216 -0.074
6454184.000 1728475.000 0.305 -0.158 -0.070
6454209.000 1728475.000 0.380 -0.231 -0.107
6454284.000 1728475.000 0.353 -0.221 -0.068
6454259.000 1728475.000 0.365 -0.197 -0.069
6454234.000 1728475.000 0.407 -0.257 -0.121
6454459.000 1728475.000 0.327 -0.226 -0.074
6454484.000 1728475.000 0.313 -0.216 -0.070
6454509.000 1728475.000 0.342 -0.205 -0.053
6454534.000 1728475.000 0.327 -0.199 -0.061
6454309.000 1728475.000 0.322 -0.229 -0.081
6454359.000 1728475.000 0.294 -0.250 -0.092
6454334.000 1728475.000 0.278 -0.237 -0.091
6454384.000 1728475.000 0.356 -0.222 -0.077
6454409.000 1728475.000 0.340 -0.205 -0.082
6454434.000 1728475.000 0.336 -0.212 -0.080
6451709.000 1728500.000 0.185 -0.712 -0.121
6451734.000 1728500.000 0.218 -0.696 -0.113
6451759.000 1728500.000 0.270 -0.666 -0.103
6451559.000 1728500.000 0.156 -0.815 -0.085
6451784.000 1728500.000 0.234 -0.684 -0.100
6451584.000 1728500.000 0.176 -0.816 -0.075
6451659.000 1728500.000 0.168 -0.763 -0.097
6451609.000 1728500.000 0.205 -0.754 -0.072
6451634.000 1728500.000 0.185 -0.768 -0.074
6451684.000 1728500.000 0.182 -0.732 -0.114
6451959.000 1728500.000 0.235 -0.562 -0.111
6452009.000 1728500.000 0.227 -0.566 -0.113
6451809.000 1728500.000 0.226 -0.673 -0.103
6451984.000 1728500.000 0.204 -0.542 -0.111
6451859.000 1728500.000 0.179 -0.625 -0.114
6451834.000 1728500.000 0.178 -0.627 -0.107
6452059.000 1728500.000 -1.034 7.216 -0.279
6451884.000 1728500.000 0.180 -0.662 -0.117
6451909.000 1728500.000 0.187 -0.606 -0.113
6451934.000 1728500.000 0.247 -0.576 -0.111
6452034.000 1728500.000 -0.174 -0.358 -0.075
6452084.000 1728500.000 0.735 -0.576 -0.140
6452134.000 1728500.000 0.222 -0.488 -0.150
6452159.000 1728500.000 0.197 -0.524 -0.139
6452109.000 1728500.000 0.255 -0.508 -0.152
6452184.000 1728500.000 0.163 -0.535 -0.136
6452234.000 1728500.000 -0.000 -0.480 -0.084
6452209.000 1728500.000 0.020 -0.478 -0.100
6452284.000 1728500.000 0.109 -0.465 -0.112
6452359.000 1728500.000 0.204 -0.517 -0.104
6452259.000 1728500.000 0.069 -0.475 -0.097
6452384.000 1728500.000 0.144 -0.483 -0.140
6452334.000 1728500.000 0.121 -0.442 -0.099
6452309.000 1728500.000 0.112 -0.446 -0.102
6452434.000 1728500.000 0.115 -0.442 -0.116
6452409.000 1728500.000 0.132 -0.446 -0.125
6452459.000 1728500.000 0.154 -0.381 -0.113
6452484.000 1728500.000 0.154 -0.378 -0.159
6452509.000 1728500.000 0.168 -0.401 -0.166
6452559.000 1728500.000 0.238 -0.430 -0.139
6452534.000 1728500.000 0.213 -0.435 -0.161
6452584.000 1728500.000 0.217 -0.452 -0.160
6452634.000 1728500.000 0.217 -0.411 -0.164
6452609.000 1728500.000 0.249 -0.435 -0.154
6452659.000 1728500.000 0.218 -0.418 -0.178
6452684.000 1728500.000 0.257 -0.415 -0.175
6452709.000 1728500.000 0.247 -0.413 -0.183
6452759.000 1728500.000 0.218 -0.464 -0.207
6452784.000 1728500.000 0.247 -0.406 -0.194
6452734.000 1728500.000 0.256 -0.445 -0.196
6452809.000 1728500.000 0.270 -0.415 -0.204
6452834.000 1728500.000 0.300 -0.402 -0.205
6452859.000 1728500.000 0.330 -0.398 -0.207
6452884.000 1728500.000 0.389 -0.422 -0.227
6453009.000 1728500.000 0.311 -0.444 -0.208
6453034.000 1728500.000 0.340 -0.395 -0.191
6452934.000 1728500.000 0.304 -0.406 -0.212
6453059.000 1728500.000 0.346 -0.363 -0.186
6453084.000 1728500.000 0.355 -0.400 -0.184
6452959.000 1728500.000 0.292 -0.397 -0.213
6452909.000 1728500.000 0.313 -0.421 -0.220
6452984.000 1728500.000 0.301 -0.465 -0.215
6453109.000 1728500.000 0.337 -0.365 -0.185
6453184.000 1728500.000 0.310 -0.425 -0.193
6453134.000 1728500.000 0.332 -0.368 -0.186
6453159.000 1728500.000 0.315 -0.464 -0.202
6453209.000 1728500.000 0.327 -0.397 -0.211
6453234.000 1728500.000 0.286 -0.396 -0.208
6453309.000 1728500.000 0.308 -0.339 -0.074
6453334.000 1728500.000 0.368 -0.308 -0.071
6453409.000 1728500.000 0.397 -0.365 -0.090
6453384.000 1728500.000 0.391 -0.311 -0.081
6453259.000 1728500.000 0.291 -0.345 -0.138
6453284.000 1728500.000 0.323 -0.322 -0.085
6453359.000 1728500.000 0.357 -0.309 -0.071
6453459.000 1728500.000 0.368 -0.345 -0.081
6453484.000 1728500.000 0.342 -0.363 -0.073
6453434.000 1728500.000 0.412 -0.360 -0.094
6453659.000 1728500.000 0.370 -0.294 -0.081
6453684.000 1728500.000 0.378 -0.309 -0.070
6453734.000 1728500.000 0.371 -0.319 -0.061
6453709.000 1728500.000 0.338 -0.336 -0.074
6453534.000 1728500.000 0.397 -0.367 -0.053
6453509.000 1728500.000 0.345 -0.412 -0.060
6453559.000 1728500.000 0.433 -0.331 -0.054
6453584.000 1728500.000 0.449 -0.363 -0.054
6453609.000 1728500.000 0.421 -0.361 -0.072
6453634.000 1728500.000 0.372 -0.348 -0.081
6453759.000 1728500.000 0.350 -0.264 -0.081
6453809.000 1728500.000 0.345 -0.254 -0.080
6453784.000 1728500.000 0.356 -0.275 -0.081
6453834.000 1728500.000 0.346 -0.230 -0.085
6453859.000 1728500.000 0.334 -0.243 -0.114
6453884.000 1728500.000 0.337 -0.229 -0.095
6453909.000 1728500.000 0.339 -0.230 -0.086
6453934.000 1728500.000 0.344 -0.243 -0.079
6453959.000 1728500.000 0.407 -0.042 -0.082
6453984.000 1728500.000 0.346 -0.268 -0.086
6454009.000 1728500.000 0.373 -0.282 -0.088
6454034.000 1728500.000 0.423 -0.244 -0.086
6454059.000 1728500.000 0.371 -0.201 -0.069
6454134.000 1728500.000 0.338 -0.174 -0.085
6454109.000 1728500.000 0.274 -0.134 -0.063
6454159.000 1728500.000 0.333 -0.171 -0.060
6454084.000 1728500.000 0.323 -0.192 -0.066
6454209.000 1728500.000 0.363 -0.120 -0.071
6454184.000 1728500.000 0.336 -0.128 -0.058
6454234.000 1728500.000 0.375 -0.190 -0.076
6454284.000 1728500.000 0.371 -0.218 -0.072
6454259.000 1728500.000 0.393 -0.222 -0.069
6454309.000 1728500.000 0.365 -0.231 -0.077
6454359.000 1728500.000 0.347 -0.184 -0.060
6454334.000 1728500.000 0.344 -0.204 -0.068
6454384.000 1728500.000 0.398 -0.182 -0.059
6454409.000 1728500.000 0.366 -0.191 -0.076
6454434.000 1728500.000 0.354 -0.218 -0.073
6454534.000 1728500.000 0.314 -0.183 -0.063
6454459.000 1728500.000 0.327 -0.197 -0.064
6454484.000 1728500.000 0.334 -0.206 -0.065
6454509.000 1728500.000 0.347 -0.188 -0.057
6451659.000 1728525.000 0.161 -0.780 -0.091
6451684.000 1728525.000 0.170 -0.742 -0.116
6451809.000 1728525.000 0.241 -0.646 -0.097
6451834.000 1728525.000 0.169 -0.660 -0.101
6451634.000 1728525.000 0.192 -0.774 -0.075
6451784.000 1728525.000 0.265 -0.659 -0.095
6451759.000 1728525.000 0.233 -0.701 -0.095
6451734.000 1728525.000 0.215 -0.659 -0.103
6451934.000 1728525.000 0.231 -0.523 -0.110
6451584.000 1728525.000 0.190 -0.775 -0.082
6451559.000 1728525.000 0.200 -0.799 -0.089
6451609.000 1728525.000 0.195 -0.708 -0.077
6451709.000 1728525.000 0.203 -0.671 -0.117
6451884.000 1728525.000 0.168 -0.657 -0.115
6451859.000 1728525.000 0.165 -0.645 -0.111
6451909.000 1728525.000 0.189 -0.579 -0.112
6451984.000 1728525.000 0.202 -0.516 -0.109
6451959.000 1728525.000 0.230 -0.531 -0.109
6452009.000 1728525.000 0.200 -0.582 -0.115
6452034.000 1728525.000 -0.030 -0.614 -0.106
6452059.000 1728525.000 -0.061 0.031 -0.121
6452084.000 1728525.000 0.558 -0.339 -0.138
6452109.000 1728525.000 0.257 -0.492 -0.144
6452134.000 1728525.000 0.254 -0.498 -0.144
6452259.000 1728525.000 0.092 -0.498 -0.098
6452234.000 1728525.000 0.015 -0.466 -0.089
6452184.000 1728525.000 0.188 -0.486 -0.139
6452209.000 1728525.000 0.106 -0.532 -0.115
6452159.000 1728525.000 0.244 -0.517 -0.135
6452284.000 1728525.000 0.080 -0.490 -0.120
6452334.000 1728525.000 0.107 -0.433 -0.101
6452309.000 1728525.000 0.099 -0.461 -0.106
6452359.000 1728525.000 0.177 -0.410 -0.111
6452409.000 1728525.000 0.183 -0.407 -0.120
6452384.000 1728525.000 0.134 -0.410 -0.145
6452434.000 1728525.000 0.152 -0.422 -0.107
6452509.000 1728525.000 0.171 -0.411 -0.155
6452484.000 1728525.000 0.137 -0.454 -0.138
6452459.000 1728525.000 0.188 -0.470 -0.042
6452534.000 1728525.000 0.208 -0.443 -0.154
6452584.000 1728525.000 0.252 -0.479 -0.153
6452609.000 1728525.000 0.246 -0.430 -0.148
6452559.000 1728525.000 0.224 -0.464 -0.150
6452634.000 1728525.000 0.241 -0.410 -0.152
6452684.000 1728525.000 0.208 -0.406 -0.176
6452659.000 1728525.000 0.213 -0.408 -0.172
6452759.000 1728525.000 0.249 -0.422 -0.202
6452709.000 1728525.000 0.230 -0.383 -0.169
6452784.000 1728525.000 0.276 -0.399 -0.200
6452809.000 1728525.000 0.261 -0.450 -0.223
6452834.000 1728525.000 0.278 -0.485 -0.239
6452734.000 1728525.000 0.231 -0.417 -0.194
6452909.000 1728525.000 0.344 -0.398 -0.212
6452859.000 1728525.000 0.334 -0.462 -0.236
6452884.000 1728525.000 0.361 -0.429 -0.226
6452984.000 1728525.000 0.318 -0.417 -0.206
6452934.000 1728525.000 0.323 -0.392 -0.208
6453009.000 1728525.000 0.340 -0.407 -0.196
6453109.000 1728525.000 0.364 -0.386 -0.195
6453159.000 1728525.000 0.324 -0.380 -0.212
6453184.000 1728525.000 0.321 -0.328 -0.195
6453209.000 1728525.000 0.309 -0.329 -0.177
6453034.000 1728525.000 0.390 -0.405 -0.176
6452959.000 1728525.000 0.294 -0.394 -0.209
6453059.000 1728525.000 0.379 -0.446 -0.181
6453084.000 1728525.000 0.320 -0.368 -0.195
6453134.000 1728525.000 0.333 -0.363 -0.198
6453234.000 1728525.000 0.299 -0.317 -0.136
6453409.000 1728525.000 0.333 -0.332 -0.047
6453459.000 1728525.000 0.375 -0.330 -0.090
6453434.000 1728525.000 0.409 -0.315 -0.100
6453484.000 1728525.000 0.376 -0.368 -0.082
6453259.000 1728525.000 0.303 -0.255 -0.077
6453334.000 1728525.000 0.365 -0.353 -0.073
6453359.000 1728525.000 0.334 -0.399 -0.079
6453309.000 1728525.000 0.321 -0.321 -0.070
6453284.000 1728525.000 0.333 -0.326 -0.089
6453384.000 1728525.000 0.360 -0.381 -0.084
6453534.000 1728525.000 0.375 -0.373 -0.058
6453584.000 1728525.000 0.452 -0.391 -0.045
6453509.000 1728525.000 0.354 -0.397 -0.068
6453559.000 1728525.000 0.436 -0.353 -0.038
6453609.000 1728525.000 0.439 -0.399 -0.056
6453634.000 1728525.000 0.434 -0.321 -0.056
6453659.000 1728525.000 0.412 -0.291 -0.067
6453709.000 1728525.000 0.372 -0.359 -0.062
6453684.000 1728525.000 0.402 -0.327 -0.064
6453734.000 1728525.000 0.359 -0.314 -0.075
6453759.000 1728525.000 0.355 -0.304 -0.079
6453809.000 1728525.000 0.384 -0.251 -0.079
6453784.000 1728525.000 0.383 -0.286 -0.070
6453834.000 1728525.000 0.358 -0.254 -0.118
6453959.000 1728525.000 0.367 -0.201 -0.077
6453859.000 1728525.000 0.465 -0.243 -0.092
6453884.000 1728525.000 0.400 -0.232 -0.084
6453984.000 1728525.000 0.274 -0.258 -0.089
6453934.000 1728525.000 0.376 -0.242 -0.071
6453909.000 1728525.000 0.401 -0.210 -0.072
6454009.000 1728525.000 0.354 -0.333 -0.093
6454034.000 1728525.000 0.431 -0.222 -0.088
6454059.000 1728525.000 0.366 -0.258 -0.070
6454134.000 1728525.000 0.361 -0.227 -0.083
6454084.000 1728525.000 0.341 -0.237 -0.061
6454109.000 1728525.000 0.311 -0.185 -0.060
6454159.000 1728525.000 0.374 -0.256 -0.071
6454259.000 1728525.000 0.398 -0.237 -0.076
6454284.000 1728525.000 0.365 -0.210 -0.067
6454209.000 1728525.000 0.375 -0.191 -0.097
6454184.000 1728525.000 0.360 -0.150 -0.064
6454309.000 1728525.000 0.388 -0.225 -0.066
6454234.000 1728525.000 0.397 -0.225 -0.087
6454334.000 1728525.000 0.379 -0.209 -0.063
6454359.000 1728525.000 0.382 -0.191 -0.054
6454384.000 1728525.000 0.394 -0.191 -0.062
6454434.000 1728525.000 0.362 -0.214 -0.076
6454409.000 1728525.000 0.360 -0.203 -0.083
6454459.000 1728525.000 0.328 -0.182 -0.065
6454484.000 1728525.000 0.329 -0.151 -0.063
6454534.000 1728525.000 0.363 -0.070 -0.041
6454509.000 1728525.000 0.342 -0.123 -0.060
6451559.000 1728550.000 0.152 -0.799 -0.106
6451584.000 1728550.000 0.174 -0.726 -0.084
6451634.000 1728550.000 0.228 -0.684 -0.079
6451734.000 1728550.000 0.256 -0.711 -0.098
6451659.000 1728550.000 0.222 -0.706 -0.082
6451609.000 1728550.000 0.181 -0.716 -0.079
6451709.000 1728550.000 0.208 -0.707 -0.114
6451684.000 1728550.000 0.216 -0.706 -0.098
6451759.000 1728550.000 0.271 -0.738 -0.090
6451784.000 1728550.000 0.252 -0.696 -0.091
6451859.000 1728550.000 0.205 -0.631 -0.114
6451909.000 1728550.000 0.172 -0.578 -0.108
6451884.000 1728550.000 0.178 -0.606 -0.117
6451934.000 1728550.000 0.227 -0.559 -0.107
6451834.000 1728550.000 0.226 -0.619 -0.102
6451809.000 1728550.000 0.242 -0.650 -0.096
6452209.000 1728550.000 0.168 -0.496 -0.119
6451959.000 1728550.000 0.264 -0.535 -0.108
6451984.000 1728550.000 0.254 -0.548 -0.110
6452034.000 1728550.000 -0.187 -0.612 -0.138
6452234.000 1728550.000 0.054 -0.463 -0.098
6452284.000 1728550.000 0.083 -0.497 -0.122
6452109.000 1728550.000 0.184 -0.509 -0.134
6452134.000 1728550.000 0.240 -0.516 -0.142
6452059.000 1728550.000 0.206 -0.278 -0.139
6452009.000 1728550.000 -0.024 -0.647 -0.130
6452084.000 1728550.000 0.362 -0.422 -0.132
6452259.000 1728550.000 0.106 -0.518 -0.102
6452159.000 1728550.000 0.286 -0.473 -0.138
6452184.000 1728550.000 0.242 -0.482 -0.136
6452309.000 1728550.000 0.122 -0.492 -0.112
6452334.000 1728550.000 0.125 -0.489 -0.105
6452459.000 1728550.000 0.183 -0.482 -0.046
6452359.000 1728550.000 0.086 -0.508 -0.107
6452484.000 1728550.000 0.186 -0.485 -0.061
6452634.000 1728550.000 0.309 -0.490 -0.146
6452384.000 1728550.000 0.094 -0.499 -0.122
6452434.000 1728550.000 0.220 -0.501 -0.036
6452534.000 1728550.000 0.193 -0.435 -0.156
6452409.000 1728550.000 0.186 -0.534 -0.087
6452609.000 1728550.000 0.256 -0.479 -0.156
6452509.000 1728550.000 0.170 -0.414 -0.150
6452559.000 1728550.000 0.233 -0.473 -0.150
6452584.000 1728550.000 0.274 -0.479 -0.148
6452684.000 1728550.000 0.248 -0.442 -0.166
6452659.000 1728550.000 0.290 -0.476 -0.155
6452709.000 1728550.000 0.244 -0.386 -0.160
6452734.000 1728550.000 0.205 -0.366 -0.178
6452759.000 1728550.000 0.251 -0.388 -0.191
6452809.000 1728550.000 0.246 -0.435 -0.216
6452784.000 1728550.000 0.253 -0.381 -0.196
6452834.000 1728550.000 0.277 -0.451 -0.219
6452859.000 1728550.000 0.319 -0.451 -0.218
6452884.000 1728550.000 0.318 -0.414 -0.202
6452909.000 1728550.000 0.342 -0.360 -0.187
6452934.000 1728550.000 0.341 -0.378 -0.199
6452959.000 1728550.000 0.307 -0.397 -0.205
6453009.000 1728550.000 0.326 -0.393 -0.197
6452984.000 1728550.000 0.318 -0.395 -0.202
6453059.000 1728550.000 0.316 -0.410 -0.196
6453034.000 1728550.000 0.363 -0.380 -0.178
6453084.000 1728550.000 0.308 -0.367 -0.209
6453109.000 1728550.000 0.328 -0.355 -0.213
6453134.000 1728550.000 0.357 -0.334 -0.198
6453159.000 1728550.000 0.319 -0.316 -0.171
6453184.000 1728550.000 0.302 -0.283 -0.126
6453209.000 1728550.000 0.349 -0.287 -0.097
6453234.000 1728550.000 0.328 -0.271 -0.082
6453259.000 1728550.000 0.318 -0.256 -0.073
6453284.000 1728550.000 0.340 -0.270 -0.077
6453334.000 1728550.000 0.340 -0.366 -0.078
6453359.000 1728550.000 0.330 -0.391 -0.076
6453309.000 1728550.000 0.331 -0.271 -0.065
6453409.000 1728550.000 0.287 -0.317 -0.019
6453434.000 1728550.000 0.355 -0.229 -0.083
6453384.000 1728550.000 0.328 -0.414 -0.077
6453484.000 1728550.000 0.433 -0.325 -0.083
6453459.000 1728550.000 0.392 -0.313 -0.085
6453509.000 1728550.000 0.454 -0.338 -0.068
6453534.000 1728550.000 0.422 -0.376 -0.065
6453559.000 1728550.000 0.407 -0.370 -0.060
6453609.000 1728550.000 0.430 -0.399 -0.051
6453584.000 1728550.000 0.461 -0.427 -0.030
6453634.000 1728550.000 0.433 -0.312 -0.055
6453684.000 1728550.000 0.411 -0.303 -0.078
6453659.000 1728550.000 0.441 -0.299 -0.057
6453709.000 1728550.000 0.407 -0.307 -0.075
6453734.000 1728550.000 0.423 -0.246 -0.066
6453759.000 1728550.000 0.389 -0.267 -0.081
6453834.000 1728550.000 0.410 -0.269 -0.111
6453809.000 1728550.000 0.378 -0.268 -0.082
6453909.000 1728550.000 0.410 -0.204 -0.072
6453884.000 1728550.000 0.411 -0.241 -0.105
6453859.000 1728550.000 0.471 -0.285 -0.082
6453784.000 1728550.000 0.415 -0.322 -0.045
6453934.000 1728550.000 0.401 -0.222 -0.067
6453959.000 1728550.000 0.408 -0.218 -0.068
6454009.000 1728550.000 0.373 -0.192 -0.081
6453984.000 1728550.000 0.359 -0.202 -0.078
6454034.000 1728550.000 0.456 -0.244 -0.088
6454084.000 1728550.000 0.381 -0.289 -0.072
6454059.000 1728550.000 0.372 -0.263 -0.064
6454109.000 1728550.000 0.367 -0.279 -0.079
6454359.000 1728550.000 0.398 -0.179 -0.039
6454134.000 1728550.000 0.370 -0.303 -0.104
6454159.000 1728550.000 0.375 -0.290 -0.076
6454184.000 1728550.000 0.343 -0.243 -0.074
6454409.000 1728550.000 0.374 -0.191 -0.065
6454434.000 1728550.000 0.364 -0.214 -0.078
6454384.000 1728550.000 0.394 -0.178 -0.044
6454259.000 1728550.000 0.372 -0.209 -0.078
6454234.000 1728550.000 0.399 -0.221 -0.091
6454209.000 1728550.000 0.375 -0.276 -0.116
6454309.000 1728550.000 0.413 -0.202 -0.045
6454284.000 1728550.000 0.370 -0.197 -0.064
6454334.000 1728550.000 0.429 -0.211 -0.056
6454484.000 1728550.000 0.316 -0.084 -0.046
6454509.000 1728550.000 0.313 -0.088 -0.037
6454459.000 1728550.000 0.328 -0.193 -0.066
6454534.000 1728550.000 0.317 -0.115 -0.024
6451709.000 1728575.000 0.237 -0.717 -0.099
6451734.000 1728575.000 0.247 -0.722 -0.100
6451584.000 1728575.000 0.204 -0.646 -0.088
6451884.000 1728575.000 0.147 -0.596 -0.124
6451634.000 1728575.000 0.130 -0.622 -0.094
6451684.000 1728575.000 0.260 -0.691 -0.083
6451659.000 1728575.000 0.258 -0.622 -0.081
6451784.000 1728575.000 0.210 -0.734 -0.091
6451809.000 1728575.000 0.231 -0.688 -0.095
6451609.000 1728575.000 0.203 -0.668 -0.086
6451834.000 1728575.000 0.250 -0.644 -0.097
6451909.000 1728575.000 0.179 -0.552 -0.111
6451559.000 1728575.000 0.180 -0.789 -0.101
6451934.000 1728575.000 0.246 -0.550 -0.106
6451759.000 1728575.000 0.256 -0.722 -0.094
6451859.000 1728575.000 0.211 -0.622 -0.117
6451984.000 1728575.000 0.306 -0.600 -0.116
6452209.000 1728575.000 0.208 -0.457 -0.121
6452084.000 1728575.000 0.275 -0.470 -0.130
6452109.000 1728575.000 0.232 -0.534 -0.127
6451959.000 1728575.000 0.276 -0.556 -0.107
6452159.000 1728575.000 0.269 -0.465 -0.140
6452034.000 1728575.000 0.194 -0.491 -0.129
6452009.000 1728575.000 0.107 -0.403 -0.136
6452259.000 1728575.000 0.110 -0.491 -0.099
6452334.000 1728575.000 0.131 -0.524 -0.100
6452059.000 1728575.000 0.304 -0.441 -0.130
6452234.000 1728575.000 0.101 -0.481 -0.099
6452134.000 1728575.000 0.257 -0.515 -0.140
6452184.000 1728575.000 0.251 -0.449 -0.136
6452284.000 1728575.000 0.131 -0.460 -0.115
6452309.000 1728575.000 0.133 -0.490 -0.114
6452384.000 1728575.000 0.076 -0.497 -0.108
6452409.000 1728575.000 0.112 -0.493 -0.095
6452434.000 1728575.000 0.180 -0.512 -0.049
6452484.000 1728575.000 0.190 -0.526 -0.028
6452359.000 1728575.000 0.104 -0.521 -0.098
6452459.000 1728575.000 0.176 -0.500 -0.043
6452509.000 1728575.000 0.143 -0.485 -0.127
6452534.000 1728575.000 0.072 -0.360 -0.273
6452559.000 1728575.000 -0.075 -0.238 -0.458
6452584.000 1728575.000 -0.193 -0.440 -0.500
6452609.000 1728575.000 -0.377 -0.493 -0.649
6452759.000 1728575.000 0.230 -0.401 -0.190
6452709.000 1728575.000 0.266 -0.434 -0.163
6452784.000 1728575.000 0.250 -0.400 -0.194
6452659.000 1728575.000 0.193 -0.557 -0.238
6452684.000 1728575.000 0.223 -0.520 -0.186
6452634.000 1728575.000 -0.534 -0.484 -0.766
6452834.000 1728575.000 0.290 -0.447 -0.204
6452734.000 1728575.000 0.214 -0.365 -0.172
6452809.000 1728575.000 0.251 -0.460 -0.212
6452859.000 1728575.000 0.321 -0.437 -0.197
6452934.000 1728575.000 0.311 -0.419 -0.195
6452909.000 1728575.000 0.297 -0.430 -0.191
6452884.000 1728575.000 0.289 -0.462 -0.203
6452984.000 1728575.000 0.373 -0.349 -0.180
6452959.000 1728575.000 0.330 -0.397 -0.196
6453034.000 1728575.000 0.357 -0.354 -0.181
6453184.000 1728575.000 0.350 -0.250 -0.062
6453234.000 1728575.000 0.373 -0.268 -0.075
6453084.000 1728575.000 0.354 -0.320 -0.179
6453059.000 1728575.000 0.349 -0.321 -0.181
6453159.000 1728575.000 0.370 -0.258 -0.070
6453134.000 1728575.000 0.387 -0.263 -0.099
6453109.000 1728575.000 0.368 -0.295 -0.146
6453009.000 1728575.000 0.328 -0.372 -0.197
6453259.000 1728575.000 0.364 -0.269 -0.077
6453209.000 1728575.000 0.353 -0.278 -0.073
6453309.000 1728575.000 0.358 -0.298 -0.072
6453284.000 1728575.000 0.377 -0.252 -0.075
6453334.000 1728575.000 0.393 -0.310 -0.075
6453359.000 1728575.000 0.375 -0.303 -0.069
6453384.000 1728575.000 0.380 -0.314 -0.077
6453409.000 1728575.000 0.392 -0.334 -0.080
6453434.000 1728575.000 0.473 -0.184 -0.033
6453484.000 1728575.000 0.427 -0.257 -0.065
6453459.000 1728575.000 0.416 -0.204 -0.044
6453509.000 1728575.000 0.458 -0.272 -0.081
6453559.000 1728575.000 0.393 -0.357 -0.064
6453584.000 1728575.000 0.401 -0.378 -0.068
6453534.000 1728575.000 0.395 -0.317 -0.064
6453659.000 1728575.000 0.455 -0.319 -0.041
6453634.000 1728575.000 0.461 -0.338 -0.027
6453609.000 1728575.000 0.428 -0.334 -0.046
6453709.000 1728575.000 0.410 -0.308 -0.073
6453684.000 1728575.000 0.423 -0.330 -0.066
6453734.000 1728575.000 0.423 -0.274 -0.069
6453759.000 1728575.000 0.408 -0.322 -0.052
6453809.000 1728575.000 0.359 -0.293 -0.096
6453884.000 1728575.000 0.392 -0.398 -0.074
6453834.000 1728575.000 0.412 -0.242 -0.116
6453859.000 1728575.000 0.511 -0.304 -0.062
6453784.000 1728575.000 0.390 -0.326 -0.062
6453909.000 1728575.000 0.423 -0.220 -0.065
6453984.000 1728575.000 0.334 -0.208 -0.079
6453934.000 1728575.000 0.438 -0.265 -0.054
6454009.000 1728575.000 0.300 -0.207 -0.079
6453959.000 1728575.000 0.401 -0.221 -0.068
6454059.000 1728575.000 0.407 -0.238 -0.059
6454184.000 1728575.000 0.382 -0.208 -0.065
6454034.000 1728575.000 0.337 -0.291 -0.073
6454209.000 1728575.000 0.326 -0.337 -0.099
6454234.000 1728575.000 0.333 -0.218 -0.096
6454259.000 1728575.000 0.369 -0.189 -0.058
6454134.000 1728575.000 0.483 -0.370 -0.107
6454109.000 1728575.000 0.422 -0.325 -0.097
6454084.000 1728575.000 0.416 -0.244 -0.076
6454159.000 1728575.000 0.387 -0.283 -0.065
6454284.000 1728575.000 0.395 -0.191 -0.050
6454459.000 1728575.000 0.292 -0.212 -0.064
6454509.000 1728575.000 0.311 -0.113 -0.016
6451559.000 1728600.000 0.194 -0.703 -0.087
6454534.000 1728575.000 0.374 -0.092 -0.017
6454484.000 1728575.000 0.290 -0.132 -0.034
6454334.000 1728575.000 0.446 -0.207 -0.044
6454309.000 1728575.000 0.425 -0.192 -0.030
6451609.000 1728600.000 0.191 -0.765 -0.090
6454359.000 1728575.000 0.395 -0.191 -0.035
6451584.000 1728600.000 0.222 -0.745 -0.086
6454384.000 1728575.000 0.399 -0.191 -0.036
6451634.000 1728600.000 0.128 -0.655 -0.143
6454409.000 1728575.000 0.402 -0.228 -0.047
6454434.000 1728575.000 0.378 -0.201 -0.058
6451659.000 1728600.000 0.261 -0.525 -0.103
6451684.000 1728600.000 0.266 -0.636 -0.087
6451709.000 1728600.000 0.223 -0.725 -0.088
6451734.000 1728600.000 0.213 -0.747 -0.093
6451759.000 1728600.000 0.209 -0.691 -0.106
6451784.000 1728600.000 0.196 -0.717 -0.101
6451809.000 1728600.000 0.181 -0.694 -0.098
6451884.000 1728600.000 0.172 -0.593 -0.120
6451934.000 1728600.000 0.245 -0.533 -0.104
6451984.000 1728600.000 0.240 -0.424 -0.125
6452059.000 1728600.000 0.378 -0.627 -0.117
6452084.000 1728600.000 0.231 -0.623 -0.121
6451834.000 1728600.000 0.227 -0.670 -0.098
6452034.000 1728600.000 0.241 -0.469 -0.117
6451909.000 1728600.000 0.205 -0.561 -0.111
6451859.000 1728600.000 0.224 -0.649 -0.114
6451959.000 1728600.000 0.246 -0.466 -0.106
6452009.000 1728600.000 0.215 -0.451 -0.111
6452109.000 1728600.000 0.232 -0.538 -0.121
6452134.000 1728600.000 0.272 -0.484 -0.137
6452159.000 1728600.000 0.281 -0.489 -0.141
6452184.000 1728600.000 0.232 -0.571 -0.135
6452209.000 1728600.000 0.177 -0.613 -0.124
6452259.000 1728600.000 0.110 -0.407 -0.116
6452234.000 1728600.000 0.144 -0.532 -0.113
6452309.000 1728600.000 0.113 -0.433 -0.120
6452284.000 1728600.000 0.107 -0.387 -0.121
6452334.000 1728600.000 0.140 -0.462 -0.095
6452509.000 1728600.000 -0.300 -0.358 -0.480
6452534.000 1728600.000 -0.686 -0.085 -0.886
6452584.000 1728600.000 -0.760 -0.217 -0.920
6452559.000 1728600.000 -0.784 -0.187 -0.967
6452384.000 1728600.000 0.101 -0.488 -0.084
6452459.000 1728600.000 0.109 -0.389 -0.044
6452359.000 1728600.000 0.149 -0.499 -0.077
6452484.000 1728600.000 0.055 -0.465 -0.089
6452409.000 1728600.000 0.013 -0.378 -0.114
6452434.000 1728600.000 -0.384 -0.362 -0.404
6452609.000 1728600.000 -0.622 -0.248 -0.918
6452659.000 1728600.000 -0.583 -0.204 -1.119
6452634.000 1728600.000 -0.619 -0.244 -1.038
6452684.000 1728600.000 -0.417 -0.602 -0.783
6452709.000 1728600.000 0.237 -0.508 -0.179
6452759.000 1728600.000 0.253 -0.397 -0.182
6452784.000 1728600.000 0.260 -0.373 -0.181
6452734.000 1728600.000 0.252 -0.377 -0.165
6452834.000 1728600.000 0.302 -0.424 -0.184
6452809.000 1728600.000 0.235 -0.392 -0.183
6453009.000 1728600.000 0.338 -0.383 -0.184
6452859.000 1728600.000 0.345 -0.390 -0.167
6453059.000 1728600.000 0.350 -0.308 -0.125
6453034.000 1728600.000 0.350 -0.374 -0.159
6452884.000 1728600.000 0.297 -0.408 -0.164
6453134.000 1728600.000 0.456 -0.236 -0.050
6452984.000 1728600.000 0.369 -0.396 -0.184
6452909.000 1728600.000 0.304 -0.438 -0.176
6452934.000 1728600.000 0.300 -0.441 -0.189
6453084.000 1728600.000 0.350 -0.242 -0.093
6453109.000 1728600.000 0.395 -0.240 -0.068
6452959.000 1728600.000 0.316 -0.462 -0.209
6453159.000 1728600.000 0.405 -0.216 -0.045
6453234.000 1728600.000 0.357 -0.276 -0.065
6453209.000 1728600.000 0.329 -0.258 -0.060
6453184.000 1728600.000 0.361 -0.286 -0.064
6453259.000 1728600.000 0.310 -0.273 -0.057
6453384.000 1728600.000 0.375 -0.292 -0.064
6453309.000 1728600.000 0.307 -0.289 -0.050
6453559.000 1728600.000 0.347 -0.338 -0.062
6453334.000 1728600.000 0.381 -0.250 -0.054
6453609.000 1728600.000 0.481 -0.281 -0.032
6453484.000 1728600.000 0.398 -0.252 -0.063
6453584.000 1728600.000 0.431 -0.247 -0.062
6453509.000 1728600.000 0.400 -0.292 -0.077
6453634.000 1728600.000 0.490 -0.356 -0.005
6453284.000 1728600.000 0.317 -0.277 -0.057
6453459.000 1728600.000 0.416 -0.203 -0.043
6453434.000 1728600.000 0.445 -0.256 -0.066
6453359.000 1728600.000 0.376 -0.271 -0.058
6453409.000 1728600.000 0.370 -0.315 -0.065
6453534.000 1728600.000 0.368 -0.316 -0.064
6453684.000 1728600.000 0.424 -0.356 -0.054
6453659.000 1728600.000 0.465 -0.336 -0.029
6453784.000 1728600.000 0.360 -0.355 -0.069
6453734.000 1728600.000 0.411 -0.271 -0.074
6453759.000 1728600.000 0.380 -0.366 -0.053
6453834.000 1728600.000 0.374 -0.202 -0.110
6453709.000 1728600.000 0.400 -0.326 -0.064
6453859.000 1728600.000 0.379 -0.274 -0.094
6453809.000 1728600.000 0.394 -0.309 -0.070
6453884.000 1728600.000 0.437 -0.290 -0.020
6453909.000 1728600.000 0.416 -0.254 -0.035
6454059.000 1728600.000 0.455 -0.263 -0.055
6453934.000 1728600.000 0.459 -0.278 -0.039
6453959.000 1728600.000 0.428 -0.227 -0.061
6454009.000 1728600.000 0.305 -0.213 -0.070
6454084.000 1728600.000 0.472 -0.181 -0.045
6453984.000 1728600.000 0.342 -0.138 -0.071
6454109.000 1728600.000 0.362 -0.298 -0.033
6454034.000 1728600.000 0.357 -0.255 -0.061
6454134.000 1728600.000 0.333 -0.185 -0.002
6454184.000 1728600.000 0.402 -0.300 -0.061
6454159.000 1728600.000 0.344 -0.273 -0.034
6454209.000 1728600.000 0.296 -0.334 -0.068
6454259.000 1728600.000 0.487 -0.251 -0.017
6454234.000 1728600.000 0.417 -0.233 -0.059
6454284.000 1728600.000 0.440 -0.229 -0.036
6454334.000 1728600.000 0.435 -0.222 -0.034
6454309.000 1728600.000 0.413 -0.223 -0.040
6454434.000 1728600.000 0.419 -0.243 -0.039
6454484.000 1728600.000 0.265 -0.125 -0.035
6454359.000 1728600.000 0.420 -0.239 -0.030
6454534.000 1728600.000 0.421 -0.135 -0.017
6454384.000 1728600.000 0.481 -0.261 -0.028
6454509.000 1728600.000 0.365 -0.100 -0.035
6454409.000 1728600.000 0.443 -0.269 -0.039
6454459.000 1728600.000 0.183 -0.224 -0.045
6451684.000 1728625.000 0.154 -0.744 -0.090
6451809.000 1728625.000 0.196 -0.683 -0.106
6451659.000 1728625.000 0.253 -0.771 -0.121
6451834.000 1728625.000 0.193 -0.672 -0.106
6451584.000 1728625.000 0.226 -0.825 -0.085
6451734.000 1728625.000 0.211 -0.686 -0.095
6451784.000 1728625.000 0.199 -0.669 -0.112
6451759.000 1728625.000 0.211 -0.660 -0.105
6451559.000 1728625.000 0.217 -0.719 -0.085
6451609.000 1728625.000 0.190 -0.854 -0.111
6451634.000 1728625.000 0.304 -0.711 -0.155
6451709.000 1728625.000 0.163 -0.718 -0.087
6451909.000 1728625.000 0.226 -0.588 -0.112
6451859.000 1728625.000 0.180 -0.637 -0.115
6451934.000 1728625.000 0.267 -0.553 -0.106
6451884.000 1728625.000 0.215 -0.624 -0.120
6451959.000 1728625.000 0.254 -0.453 -0.109
6452034.000 1728625.000 0.264 -0.425 -0.104
6451984.000 1728625.000 0.288 -0.455 -0.099
6452009.000 1728625.000 0.287 -0.501 -0.086
6452184.000 1728625.000 0.271 -0.649 -0.141
6452209.000 1728625.000 0.191 -0.608 -0.145
6452109.000 1728625.000 0.275 -0.479 -0.124
6452134.000 1728625.000 0.233 -0.595 -0.138
6452259.000 1728625.000 0.101 -0.408 -0.123
6452059.000 1728625.000 0.169 -0.511 -0.106
6452159.000 1728625.000 0.290 -0.635 -0.143
6452084.000 1728625.000 0.277 -0.466 -0.110
6452234.000 1728625.000 0.186 -0.545 -0.137
6452359.000 1728625.000 0.120 -0.446 -0.090
6452309.000 1728625.000 0.123 -0.432 -0.114
6452384.000 1728625.000 -0.067 -0.560 -0.094
6452284.000 1728625.000 0.059 -0.402 -0.114
6452409.000 1728625.000 -0.126 -0.317 -0.136
6452434.000 1728625.000 -0.765 -0.272 -0.627
6452334.000 1728625.000 0.163 -0.399 -0.105
6452684.000 1728625.000 -0.453 -0.121 -1.150
6452734.000 1728625.000 0.250 -0.458 -0.175
6452809.000 1728625.000 0.235 -0.361 -0.170
6452459.000 1728625.000 -0.726 -0.181 -0.588
6452784.000 1728625.000 0.261 -0.353 -0.170
6452534.000 1728625.000 -0.703 -0.048 -0.870
6452484.000 1728625.000 -0.894 -0.051 -0.709
6452509.000 1728625.000 -0.824 -0.173 -0.766
6452559.000 1728625.000 -0.783 -0.122 -0.973
6452709.000 1728625.000 -0.182 -0.665 -0.628
6452584.000 1728625.000 -0.736 -0.131 -0.963
6452634.000 1728625.000 -0.652 -0.253 -0.998
6452759.000 1728625.000 0.247 -0.367 -0.174
6452659.000 1728625.000 -0.556 -0.209 -1.105
6452609.000 1728625.000 -0.668 -0.195 -0.936
6452834.000 1728625.000 0.314 -0.412 -0.173
6452859.000 1728625.000 0.358 -0.398 -0.156
6452884.000 1728625.000 0.327 -0.387 -0.142
6452959.000 1728625.000 0.305 -0.448 -0.192
6452909.000 1728625.000 0.283 -0.425 -0.152
6452984.000 1728625.000 0.353 -0.386 -0.175
6453009.000 1728625.000 0.323 -0.345 -0.154
6452934.000 1728625.000 0.272 -0.443 -0.171
6453059.000 1728625.000 0.417 -0.328 -0.078
6453034.000 1728625.000 0.408 -0.335 -0.091
6453084.000 1728625.000 0.412 -0.230 -0.058
6453109.000 1728625.000 0.423 -0.250 -0.059
6453259.000 1728625.000 0.296 -0.226 -0.041
6453134.000 1728625.000 0.432 -0.232 -0.050
6453309.000 1728625.000 0.345 -0.262 -0.053
6453184.000 1728625.000 0.378 -0.308 -0.063
6453284.000 1728625.000 0.341 -0.238 -0.057
6453334.000 1728625.000 0.407 -0.282 -0.065
6453209.000 1728625.000 0.385 -0.305 -0.067
6453159.000 1728625.000 0.411 -0.239 -0.047
6453234.000 1728625.000 0.362 -0.298 -0.066
6453359.000 1728625.000 0.388 -0.298 -0.064
6453384.000 1728625.000 0.405 -0.270 -0.065
6453409.000 1728625.000 0.395 -0.276 -0.062
6453459.000 1728625.000 0.415 -0.258 -0.061
6453434.000 1728625.000 0.421 -0.296 -0.071
6453484.000 1728625.000 0.380 -0.252 -0.063
6453534.000 1728625.000 0.393 -0.223 -0.041
6453634.000 1728625.000 0.495 -0.384 -0.001
6453584.000 1728625.000 0.454 -0.206 -0.043
6453659.000 1728625.000 0.471 -0.345 -0.029
6453559.000 1728625.000 0.434 -0.160 -0.034
6453509.000 1728625.000 0.425 -0.256 -0.083
6453684.000 1728625.000 0.445 -0.324 -0.055
6453609.000 1728625.000 0.504 -0.236 -0.038
6453709.000 1728625.000 0.422 -0.336 -0.053
6453734.000 1728625.000 0.409 -0.371 -0.048
6453909.000 1728625.000 0.388 -0.272 -0.040
6453934.000 1728625.000 0.368 -0.326 -0.033
6453959.000 1728625.000 0.443 -0.250 -0.046
6453984.000 1728625.000 0.399 -0.335 -0.054
6453759.000 1728625.000 0.419 -0.459 -0.031
6453784.000 1728625.000 0.471 -0.413 -0.015
6453809.000 1728625.000 0.465 -0.373 0.021
6453834.000 1728625.000 0.445 -0.260 -0.021
6453859.000 1728625.000 0.434 -0.271 -0.036
6453884.000 1728625.000 0.454 -0.243 -0.023
6454159.000 1728625.000 0.366 -0.252 -0.034
6454209.000 1728625.000 0.365 -0.416 -0.080
6454234.000 1728625.000 0.482 -0.263 -0.045
6454184.000 1728625.000 0.398 -0.312 -0.050
6454034.000 1728625.000 0.354 -0.269 -0.063
6454259.000 1728625.000 0.484 -0.208 -0.040
6454009.000 1728625.000 0.341 -0.277 -0.068
6454109.000 1728625.000 0.384 -0.184 -0.034
6454084.000 1728625.000 0.490 -0.322 -0.052
6454059.000 1728625.000 0.381 -0.312 -0.061
6454134.000 1728625.000 0.367 -0.240 -0.034
6454309.000 1728625.000 0.405 -0.280 -0.057
6454284.000 1728625.000 0.450 -0.260 -0.055
6454384.000 1728625.000 0.519 -0.267 -0.047
6454334.000 1728625.000 0.401 -0.291 -0.047
6454359.000 1728625.000 0.428 -0.283 -0.046
6454409.000 1728625.000 0.503 -0.240 -0.054
6454434.000 1728625.000 0.463 -0.226 -0.054
6454484.000 1728625.000 0.293 -0.205 -0.075
6454459.000 1728625.000 0.314 -0.246 -0.082
6454509.000 1728625.000 0.373 -0.231 -0.073
6454534.000 1728625.000 0.394 -0.252 -0.069
6451684.000 1728650.000 0.141 -0.727 -0.115
6451709.000 1728650.000 0.156 -0.709 -0.107
6451559.000 1728650.000 0.198 -0.888 -0.093
6451809.000 1728650.000 0.202 -0.659 -0.110
6451784.000 1728650.000 0.231 -0.643 -0.108
6451734.000 1728650.000 0.226 -0.621 -0.102
6451609.000 1728650.000 0.152 -0.842 -0.169
6451584.000 1728650.000 0.251 -0.926 -0.100
6451759.000 1728650.000 0.209 -0.649 -0.101
6451659.000 1728650.000 0.316 -0.694 -0.108
6451634.000 1728650.000 0.295 -0.661 -0.126
6451834.000 1728650.000 0.160 -0.636 -0.109
6451884.000 1728650.000 0.254 -0.598 -0.122
6451859.000 1728650.000 0.201 -0.604 -0.119
6452034.000 1728650.000 0.355 -0.486 -0.099
6452234.000 1728650.000 0.226 -0.545 -0.153
6451934.000 1728650.000 0.303 -0.544 -0.110
6452259.000 1728650.000 0.142 -0.493 -0.144
6452284.000 1728650.000 0.019 -0.449 -0.114
6451959.000 1728650.000 0.298 -0.426 -0.111
6451984.000 1728650.000 0.291 -0.438 -0.102
6452084.000 1728650.000 0.228 -0.523 -0.119
6452059.000 1728650.000 0.142 -0.573 -0.101
6452159.000 1728650.000 0.312 -0.663 -0.165
6451909.000 1728650.000 0.266 -0.585 -0.118
6452109.000 1728650.000 0.287 -0.534 -0.147
6452009.000 1728650.000 0.406 -0.593 -0.085
6452134.000 1728650.000 0.230 -0.627 -0.159
6452184.000 1728650.000 0.353 -0.594 -0.171
6452309.000 1728650.000 0.114 -0.396 -0.116
6452209.000 1728650.000 0.222 -0.604 -0.166
6452334.000 1728650.000 0.159 -0.306 -0.120
6452384.000 1728650.000 -0.303 -0.617 -0.140
6452409.000 1728650.000 -0.816 -0.109 -0.561
6452459.000 1728650.000 -0.880 -0.041 -0.577
6452359.000 1728650.000 -0.024 -0.512 -0.098
6452434.000 1728650.000 -0.863 -0.008 -0.575
6452484.000 1728650.000 -0.978 -0.049 -0.678
6452509.000 1728650.000 -0.831 -0.201 -0.706
6452684.000 1728650.000 -0.418 -0.151 -1.145
6452534.000 1728650.000 -0.641 -0.095 -0.760
6452734.000 1728650.000 0.202 -0.586 -0.229
6452759.000 1728650.000 0.259 -0.465 -0.164
6452784.000 1728650.000 0.290 -0.384 -0.156
6452559.000 1728650.000 -0.755 -0.095 -0.952
6452584.000 1728650.000 -0.705 -0.140 -0.977
6452609.000 1728650.000 -0.674 -0.184 -0.940
6452634.000 1728650.000 -0.705 -0.144 -0.949
6452659.000 1728650.000 -0.634 -0.179 -1.050
6452709.000 1728650.000 -0.419 -0.251 -1.171
6452934.000 1728650.000 0.317 -0.407 -0.171
6452834.000 1728650.000 0.320 -0.397 -0.166
6452859.000 1728650.000 0.364 -0.390 -0.151
6452809.000 1728650.000 0.246 -0.383 -0.167
6452984.000 1728650.000 0.354 -0.379 -0.192
6453009.000 1728650.000 0.309 -0.334 -0.168
6453034.000 1728650.000 0.372 -0.218 -0.065
6452884.000 1728650.000 0.340 -0.372 -0.138
6452909.000 1728650.000 0.303 -0.390 -0.146
6452959.000 1728650.000 0.348 -0.391 -0.188
6453209.000 1728650.000 0.418 -0.294 -0.061
6453059.000 1728650.000 0.412 -0.245 -0.061
6453309.000 1728650.000 0.400 -0.342 -0.084
6453334.000 1728650.000 0.419 -0.282 -0.067
6453084.000 1728650.000 0.418 -0.255 -0.061
6453359.000 1728650.000 0.397 -0.296 -0.062
6453159.000 1728650.000 0.446 -0.242 -0.039
6453109.000 1728650.000 0.422 -0.256 -0.060
6453184.000 1728650.000 0.411 -0.289 -0.053
6453134.000 1728650.000 0.440 -0.232 -0.049
6453284.000 1728650.000 0.401 -0.296 -0.086
6453234.000 1728650.000 0.386 -0.253 -0.056
6453259.000 1728650.000 0.335 -0.261 -0.056
6453384.000 1728650.000 0.442 -0.302 -0.080
6453409.000 1728650.000 0.413 -0.310 -0.067
6453434.000 1728650.000 0.412 -0.314 -0.064
6453459.000 1728650.000 0.386 -0.340 -0.065
6453509.000 1728650.000 0.431 -0.247 -0.064
6453534.000 1728650.000 0.478 -0.287 -0.094
6453584.000 1728650.000 0.362 -0.226 -0.074
6453484.000 1728650.000 0.366 -0.282 -0.057
6453609.000 1728650.000 0.439 -0.261 -0.053
6453559.000 1728650.000 0.461 -0.205 -0.087
6453634.000 1728650.000 0.439 -0.342 -0.047
6453659.000 1728650.000 0.460 -0.362 -0.034
6453709.000 1728650.000 0.437 -0.347 -0.035
6453684.000 1728650.000 0.402 -0.318 -0.081
6453859.000 1728650.000 0.437 -0.308 -0.027
6453759.000 1728650.000 0.518 -0.388 0.010
6453734.000 1728650.000 0.422 -0.358 -0.033
6453884.000 1728650.000 0.470 -0.324 -0.035
6453909.000 1728650.000 0.366 -0.391 -0.041
6453784.000 1728650.000 0.401 -0.445 -0.002
6453934.000 1728650.000 0.340 -0.474 -0.022
6453809.000 1728650.000 0.364 -0.371 -0.013
6453834.000 1728650.000 0.418 -0.357 0.015
6454134.000 1728650.000 0.499 -0.199 -0.079
6454234.000 1728650.000 0.480 -0.310 -0.057
6454209.000 1728650.000 0.400 -0.355 -0.088
6454284.000 1728650.000 0.421 -0.210 -0.071
6453959.000 1728650.000 0.401 -0.316 -0.062
6454084.000 1728650.000 0.523 -0.251 -0.063
6453984.000 1728650.000 0.450 -0.326 -0.053
6454009.000 1728650.000 0.376 -0.264 -0.081
6454159.000 1728650.000 0.516 -0.095 -0.057
6454184.000 1728650.000 0.528 -0.088 -0.070
6454259.000 1728650.000 0.468 -0.176 -0.051
6454034.000 1728650.000 0.427 -0.264 -0.076
6454059.000 1728650.000 0.473 -0.274 -0.070
6454309.000 1728650.000 0.379 -0.261 -0.082
6454109.000 1728650.000 0.537 -0.135 -0.077
6454334.000 1728650.000 0.407 -0.281 -0.077
6454359.000 1728650.000 0.399 -0.312 -0.077
6454409.000 1728650.000 0.554 -0.264 -0.074
6454384.000 1728650.000 0.526 -0.277 -0.074
6454434.000 1728650.000 0.502 -0.224 -0.081
6454459.000 1728650.000 0.418 -0.209 -0.099
6454484.000 1728650.000 0.454 -0.245 -0.090
6454509.000 1728650.000 0.467 -0.227 -0.083
6454534.000 1728650.000 0.411 -0.222 -0.131
6451684.000 1728675.000 0.163 -0.578 -0.148
6451709.000 1728675.000 0.214 -0.732 -0.142
6451584.000 1728675.000 0.231 -0.896 -0.129
6451559.000 1728675.000 0.139 -0.912 -0.111
6451809.000 1728675.000 0.227 -0.576 -0.124
6451659.000 1728675.000 0.235 -0.696 -0.109
6451734.000 1728675.000 0.184 -0.716 -0.111
6451634.000 1728675.000 0.136 -0.786 -0.092
6451609.000 1728675.000 0.225 -0.864 -0.126
6451834.000 1728675.000 0.209 -0.724 -0.119
6451759.000 1728675.000 0.181 -0.663 -0.107
6451784.000 1728675.000 0.206 -0.614 -0.114
6451859.000 1728675.000 0.209 -0.599 -0.128
6451884.000 1728675.000 0.227 -0.590 -0.128
6451909.000 1728675.000 0.316 -0.541 -0.124
6451934.000 1728675.000 0.344 -0.424 -0.127
6451959.000 1728675.000 0.330 -0.408 -0.121
6452059.000 1728675.000 0.245 -0.638 -0.141
6452084.000 1728675.000 0.183 -0.488 -0.165
6451984.000 1728675.000 0.263 -0.381 -0.120
6452184.000 1728675.000 0.450 -0.503 -0.183
6452034.000 1728675.000 0.282 -0.698 -0.155
6452009.000 1728675.000 0.180 -0.421 -0.156
6452109.000 1728675.000 0.193 -0.491 -0.188
6452134.000 1728675.000 0.177 -0.657 -0.182
6452159.000 1728675.000 0.163 -0.784 -0.185
6452209.000 1728675.000 0.346 -0.532 -0.178
6452284.000 1728675.000 0.150 -0.356 -0.132
6452234.000 1728675.000 0.204 -0.548 -0.164
6452259.000 1728675.000 0.151 -0.473 -0.181
6452309.000 1728675.000 0.171 -0.316 -0.124
6452334.000 1728675.000 0.167 -0.322 -0.119
6452359.000 1728675.000 -0.001 -0.306 -0.133
6452384.000 1728675.000 -0.287 -0.226 -0.194
6452409.000 1728675.000 -0.786 -0.197 -0.503
6452459.000 1728675.000 -1.029 0.085 -0.610
6452434.000 1728675.000 -1.051 -0.026 -0.673
6452509.000 1728675.000 -0.929 -0.149 -0.687
6452534.000 1728675.000 -0.676 -0.213 -0.661
6452484.000 1728675.000 -1.122 0.134 -0.688
6452584.000 1728675.000 -0.631 -0.289 -0.815
6452559.000 1728675.000 -0.663 -0.344 -0.655
6452609.000 1728675.000 -0.675 -0.187 -0.961
6452634.000 1728675.000 -0.740 -0.128 -0.993
6452659.000 1728675.000 -0.642 -0.027 -1.031
6452684.000 1728675.000 -0.507 -0.180 -1.085
6452709.000 1728675.000 -0.486 -0.355 -1.139
6452759.000 1728675.000 0.260 -0.462 -0.155
6452784.000 1728675.000 0.275 -0.400 -0.154
6452734.000 1728675.000 -0.142 -0.324 -1.068
6452834.000 1728675.000 0.333 -0.368 -0.153
6452809.000 1728675.000 0.253 -0.379 -0.162
6452859.000 1728675.000 0.330 -0.408 -0.148
6452884.000 1728675.000 0.358 -0.467 -0.155
6452909.000 1728675.000 0.314 -0.357 -0.157
6452934.000 1728675.000 0.357 -0.341 -0.174
6452959.000 1728675.000 0.369 -0.332 -0.185
6453009.000 1728675.000 0.341 -0.309 -0.168
6453084.000 1728675.000 0.421 -0.264 -0.062
6453034.000 1728675.000 0.382 -0.253 -0.080
6453134.000 1728675.000 0.455 -0.248 -0.042
6452984.000 1728675.000 0.341 -0.330 -0.196
6453059.000 1728675.000 0.435 -0.218 -0.051
6453159.000 1728675.000 0.418 -0.250 -0.038
6453109.000 1728675.000 0.410 -0.270 -0.060
6453209.000 1728675.000 0.415 -0.310 -0.061
6453184.000 1728675.000 0.394 -0.276 -0.051
6453234.000 1728675.000 0.378 -0.312 -0.056
6453259.000 1728675.000 0.302 -0.259 -0.040
6453284.000 1728675.000 0.376 -0.253 -0.061
6453309.000 1728675.000 0.386 -0.331 -0.074
6453334.000 1728675.000 0.416 -0.292 -0.062
6453409.000 1728675.000 0.390 -0.319 -0.060
6453434.000 1728675.000 0.418 -0.320 -0.054
6453359.000 1728675.000 0.398 -0.299 -0.058
6453384.000 1728675.000 0.404 -0.319 -0.068
6453459.000 1728675.000 0.341 -0.358 -0.043
6453484.000 1728675.000 0.364 -0.413 -0.062
6453534.000 1728675.000 0.406 -0.321 -0.052
6453509.000 1728675.000 0.468 -0.342 -0.073
6453559.000 1728675.000 0.477 -0.277 -0.099
6453584.000 1728675.000 0.383 -0.245 -0.079
6453609.000 1728675.000 0.402 -0.298 -0.062
6453634.000 1728675.000 0.461 -0.298 -0.063
6453659.000 1728675.000 0.466 -0.268 -0.077
6453734.000 1728675.000 0.436 -0.334 -0.005
6453684.000 1728675.000 0.378 -0.330 -0.093
6453759.000 1728675.000 0.480 -0.380 0.017
6453709.000 1728675.000 0.439 -0.342 -0.008
6453784.000 1728675.000 0.267 -0.338 -0.093
6453859.000 1728675.000 0.498 -0.381 -0.050
6453909.000 1728675.000 0.400 -0.388 -0.060
6453834.000 1728675.000 0.340 -0.344 -0.051
6453809.000 1728675.000 0.316 -0.374 -0.045
6453884.000 1728675.000 0.526 -0.305 -0.106
6453984.000 1728675.000 0.444 -0.280 -0.085
6453934.000 1728675.000 0.404 -0.303 -0.078
6453959.000 1728675.000 0.419 -0.285 -0.083
6454034.000 1728675.000 0.510 -0.245 -0.092
6454059.000 1728675.000 0.514 -0.241 -0.086
6454009.000 1728675.000 0.430 -0.225 -0.108
6454084.000 1728675.000 0.546 -0.224 -0.089
6454109.000 1728675.000 0.532 -0.153 -0.083
6454184.000 1728675.000 0.468 -0.237 -0.103
6454134.000 1728675.000 0.542 -0.186 -0.085
6454159.000 1728675.000 0.509 -0.263 -0.111
6454209.000 1728675.000 0.486 -0.198 -0.083
6454234.000 1728675.000 0.492 -0.374 -0.151
6454334.000 1728675.000 0.477 -0.245 -0.086
6454284.000 1728675.000 0.462 -0.305 -0.067
6454259.000 1728675.000 0.463 -0.171 -0.090
6454309.000 1728675.000 0.428 -0.253 -0.091
6454409.000 1728675.000 0.519 -0.225 -0.093
6454359.000 1728675.000 0.412 -0.246 -0.086
6454384.000 1728675.000 0.524 -0.228 -0.091
6454434.000 1728675.000 0.498 -0.220 -0.090
6454459.000 1728675.000 0.431 -0.226 -0.091
6454509.000 1728675.000 0.541 -0.274 -0.091
6454484.000 1728675.000 0.487 -0.271 -0.083
6451559.000 1728700.000 0.139 -0.849 -0.132
6454534.000 1728675.000 0.487 -0.227 -0.166
6451584.000 1728700.000 0.192 -0.821 -0.123
6451634.000 1728700.000 0.276 -0.810 -0.078
6451609.000 1728700.000 0.220 -0.781 -0.101
6451659.000 1728700.000 0.315 -0.866 -0.079
6451709.000 1728700.000 0.461 -0.819 -0.145
6451684.000 1728700.000 0.399 -0.933 -0.118
6451734.000 1728700.000 0.302 -0.748 -0.136
6451834.000 1728700.000 0.325 -0.578 -0.134
6451759.000 1728700.000 0.288 -0.582 -0.131
6451784.000 1728700.000 0.285 -0.514 -0.126
6451809.000 1728700.000 0.312 -0.515 -0.123
6451884.000 1728700.000 0.247 -0.418 -0.139
6451934.000 1728700.000 0.347 -0.378 -0.140
6451959.000 1728700.000 0.318 -0.443 -0.133
6451859.000 1728700.000 0.341 -0.436 -0.139
6451909.000 1728700.000 0.345 -0.354 -0.147
6451984.000 1728700.000 0.257 -0.439 -0.129
6452009.000 1728700.000 0.130 -0.480 -0.149
6452034.000 1728700.000 0.238 -0.683 -0.165
6452059.000 1728700.000 0.288 -0.641 -0.164
6452084.000 1728700.000 0.323 -0.516 -0.157
6452109.000 1728700.000 0.258 -0.620 -0.164
6452184.000 1728700.000 0.373 -0.455 -0.176
6452134.000 1728700.000 0.311 -0.648 -0.156
6452159.000 1728700.000 0.408 -0.518 -0.156
6452209.000 1728700.000 0.323 -0.527 -0.168
6452259.000 1728700.000 0.139 -0.496 -0.167
6452284.000 1728700.000 0.167 -0.424 -0.159
6452234.000 1728700.000 0.191 -0.587 -0.164
6452309.000 1728700.000 0.159 -0.371 -0.135
6452334.000 1728700.000 0.167 -0.350 -0.118
6452359.000 1728700.000 0.171 -0.325 -0.121
6452384.000 1728700.000 -0.202 -0.119 -0.179
6452409.000 1728700.000 -0.349 -0.051 -0.223
6452434.000 1728700.000 -0.951 0.185 -0.687
6452459.000 1728700.000 -0.933 0.256 -0.613
6452509.000 1728700.000 -0.966 0.036 -0.633
6452559.000 1728700.000 -0.735 -0.212 -0.624
6452534.000 1728700.000 -0.741 -0.003 -0.637
6452584.000 1728700.000 -0.508 -0.538 -0.464
6452609.000 1728700.000 -0.481 -0.504 -0.590
6452684.000 1728700.000 -0.566 -0.140 -1.075
6452484.000 1728700.000 -1.073 0.263 -0.668
6452634.000 1728700.000 -0.681 -0.119 -1.031
6452709.000 1728700.000 -0.618 -0.236 -1.122
6452734.000 1728700.000 -0.141 -0.371 -1.056
6452784.000 1728700.000 0.250 -0.439 -0.158
6452659.000 1728700.000 -0.573 -0.037 -1.056
6452759.000 1728700.000 -0.083 -0.245 -1.079
6452809.000 1728700.000 0.207 -0.447 -0.165
6452834.000 1728700.000 0.322 -0.481 -0.146
6452859.000 1728700.000 0.253 -0.383 -0.160
6452884.000 1728700.000 0.306 -0.458 -0.166
6452909.000 1728700.000 0.289 -0.342 -0.166
6452959.000 1728700.000 0.392 -0.390 -0.198
6453059.000 1728700.000 0.451 -0.246 -0.050
6452934.000 1728700.000 0.333 -0.344 -0.177
6453009.000 1728700.000 0.369 -0.310 -0.143
6452984.000 1728700.000 0.331 -0.293 -0.195
6453084.000 1728700.000 0.467 -0.283 -0.056
6453034.000 1728700.000 0.381 -0.253 -0.075
6453134.000 1728700.000 0.441 -0.261 -0.048
6453109.000 1728700.000 0.442 -0.237 -0.049
6453159.000 1728700.000 0.411 -0.289 -0.054
6453209.000 1728700.000 0.395 -0.365 -0.083
6453234.000 1728700.000 0.408 -0.383 -0.084
6453184.000 1728700.000 0.362 -0.308 -0.068
6453259.000 1728700.000 0.347 -0.343 -0.069
6453384.000 1728700.000 0.421 -0.360 -0.082
6453284.000 1728700.000 0.374 -0.286 -0.072
6453309.000 1728700.000 0.408 -0.381 -0.099
6453334.000 1728700.000 0.424 -0.357 -0.084
6453359.000 1728700.000 0.410 -0.336 -0.071
6453459.000 1728700.000 0.382 -0.395 -0.063
6453409.000 1728700.000 0.395 -0.375 -0.076
6453434.000 1728700.000 0.389 -0.388 -0.068
6453509.000 1728700.000 0.463 -0.409 -0.093
6453559.000 1728700.000 0.364 -0.309 -0.033
6453484.000 1728700.000 0.406 -0.379 -0.078
6453584.000 1728700.000 0.389 -0.275 -0.042
6453534.000 1728700.000 0.441 -0.402 -0.083
6453609.000 1728700.000 0.436 -0.302 -0.070
6453634.000 1728700.000 0.480 -0.295 -0.065
6453659.000 1728700.000 0.465 -0.280 -0.063
6453759.000 1728700.000 0.372 -0.418 -0.048
6453784.000 1728700.000 0.224 -0.370 -0.119
6453809.000 1728700.000 0.263 -0.367 -0.097
6453709.000 1728700.000 0.421 -0.330 -0.046
6453684.000 1728700.000 0.402 -0.307 -0.090
6453734.000 1728700.000 0.445 -0.382 -0.016
6453884.000 1728700.000 0.639 -0.305 -0.140
6453834.000 1728700.000 0.226 -0.259 -0.154
6453859.000 1728700.000 0.460 -0.185 -0.183
6453909.000 1728700.000 0.424 -0.293 -0.092
6453959.000 1728700.000 0.349 -0.252 -0.118
6454034.000 1728700.000 0.507 -0.342 -0.100
6453934.000 1728700.000 0.370 -0.253 -0.096
6454009.000 1728700.000 0.462 -0.225 -0.105
6453984.000 1728700.000 0.418 -0.210 -0.128
6454059.000 1728700.000 0.504 -0.261 -0.093
6454084.000 1728700.000 0.511 -0.219 -0.086
6454109.000 1728700.000 0.480 -0.218 -0.078
6454184.000 1728700.000 0.452 -0.209 -0.082
6454134.000 1728700.000 0.473 -0.265 -0.082
6454234.000 1728700.000 0.384 -0.170 -0.089
6454209.000 1728700.000 0.435 -0.170 -0.078
6454159.000 1728700.000 0.483 -0.238 -0.086
6454259.000 1728700.000 0.488 -0.147 -0.052
6454284.000 1728700.000 0.573 -0.261 -0.050
6454334.000 1728700.000 0.476 -0.221 -0.083
6454309.000 1728700.000 0.534 -0.244 -0.072
6454409.000 1728700.000 0.501 -0.164 -0.096
6454359.000 1728700.000 0.387 -0.215 -0.090
6454434.000 1728700.000 0.501 -0.182 -0.082
6454384.000 1728700.000 0.510 -0.220 -0.097
6454459.000 1728700.000 0.490 -0.237 -0.085
6454534.000 1728700.000 0.375 -0.273 -0.138
6454484.000 1728700.000 0.494 -0.282 -0.087
6454509.000 1728700.000 0.497 -0.306 -0.102
6451684.000 1728725.000 0.287 -0.745 -0.037
6451834.000 1728725.000 0.327 -0.533 -0.132
6451659.000 1728725.000 0.114 -0.809 -0.013
6451809.000 1728725.000 0.278 -0.548 -0.133
6451709.000 1728725.000 0.181 -0.776 -0.088
6451559.000 1728725.000 0.117 -0.757 -0.115
6451734.000 1728725.000 0.327 -1.013 -0.125
6451584.000 1728725.000 0.113 -0.737 -0.108
6451859.000 1728725.000 0.381 -0.392 -0.139
6451884.000 1728725.000 0.287 -0.371 -0.134
6451784.000 1728725.000 0.272 -0.607 -0.152
6451634.000 1728725.000 0.285 -0.836 -0.071
6451609.000 1728725.000 0.218 -0.758 -0.099
6451909.000 1728725.000 0.315 -0.344 -0.143
6451759.000 1728725.000 0.469 -0.896 -0.140
6451934.000 1728725.000 0.364 -0.372 -0.144
6451984.000 1728725.000 0.360 -0.667 -0.146
6452034.000 1728725.000 0.285 -0.636 -0.138
6452009.000 1728725.000 0.274 -0.638 -0.148
6451959.000 1728725.000 0.466 -0.550 -0.147
6452059.000 1728725.000 0.344 -0.666 -0.134
6452084.000 1728725.000 0.331 -0.603 -0.139
6452134.000 1728725.000 0.365 -0.511 -0.152
6452109.000 1728725.000 0.413 -0.500 -0.153
6452159.000 1728725.000 0.279 -0.461 -0.155
6452184.000 1728725.000 0.268 -0.461 -0.168
6452209.000 1728725.000 0.293 -0.596 -0.164
6452384.000 1728725.000 -0.235 -0.112 -0.163
6452359.000 1728725.000 0.229 -0.372 -0.116
6452284.000 1728725.000 0.260 -0.463 -0.157
6452234.000 1728725.000 0.295 -0.635 -0.153
6452334.000 1728725.000 0.220 -0.345 -0.114
6452259.000 1728725.000 0.190 -0.595 -0.149
6452309.000 1728725.000 0.242 -0.404 -0.136
6452459.000 1728725.000 -0.761 0.219 -0.530
6452409.000 1728725.000 -0.384 0.000 -0.168
6452434.000 1728725.000 -0.612 0.129 -0.347
6452484.000 1728725.000 -0.852 0.056 -0.637
6452509.000 1728725.000 -0.821 0.058 -0.577
6452534.000 1728725.000 -0.890 0.212 -0.650
6452584.000 1728725.000 -0.768 -0.059 -0.607
6452559.000 1728725.000 -0.958 0.037 -0.726
6452634.000 1728725.000 -0.477 -0.535 -0.603
6452659.000 1728725.000 -0.529 -0.102 -1.039
6452834.000 1728725.000 0.421 -0.407 -0.151
6452809.000 1728725.000 0.251 -0.422 -0.186
6452609.000 1728725.000 -0.665 -0.523 -0.530
6452859.000 1728725.000 0.348 -0.330 -0.174
6452684.000 1728725.000 -0.516 -0.164 -1.038
6452784.000 1728725.000 0.310 -0.254 -0.347
6452884.000 1728725.000 0.450 -0.348 -0.180
6452909.000 1728725.000 0.430 -0.338 -0.192
6452934.000 1728725.000 0.350 -0.401 -0.211
6452734.000 1728725.000 -0.464 -0.184 -1.068
6452709.000 1728725.000 -0.524 -0.260 -1.013
6452759.000 1728725.000 -0.109 -0.279 -1.010
6452959.000 1728725.000 0.372 -0.397 -0.226
6452984.000 1728725.000 0.356 -0.329 -0.203
6453009.000 1728725.000 0.426 -0.351 -0.124
6453034.000 1728725.000 0.398 -0.275 -0.078
6453059.000 1728725.000 0.406 -0.302 -0.080
6453134.000 1728725.000 0.391 -0.276 -0.076
6453084.000 1728725.000 0.384 -0.290 -0.085
6453259.000 1728725.000 0.377 -0.364 -0.090
6453209.000 1728725.000 0.415 -0.348 -0.102
6453234.000 1728725.000 0.422 -0.384 -0.103
6453359.000 1728725.000 0.397 -0.340 -0.081
6453109.000 1728725.000 0.364 -0.219 -0.076
6453159.000 1728725.000 0.426 -0.292 -0.072
6453384.000 1728725.000 0.418 -0.344 -0.085
6453334.000 1728725.000 0.395 -0.343 -0.090
6453284.000 1728725.000 0.386 -0.315 -0.091
6453309.000 1728725.000 0.417 -0.317 -0.097
6453184.000 1728725.000 0.404 -0.273 -0.081
6453409.000 1728725.000 0.437 -0.364 -0.095
6453434.000 1728725.000 0.423 -0.301 -0.081
6453459.000 1728725.000 0.406 -0.306 -0.082
6453509.000 1728725.000 0.466 -0.386 -0.104
6453484.000 1728725.000 0.361 -0.364 -0.093
6453534.000 1728725.000 0.495 -0.382 -0.112
6453609.000 1728725.000 0.441 -0.175 -0.088
6453559.000 1728725.000 0.477 -0.348 -0.093
6453584.000 1728725.000 0.431 -0.320 -0.071
6453684.000 1728725.000 0.399 -0.249 -0.109
6453634.000 1728725.000 0.501 -0.254 -0.088
6453809.000 1728725.000 0.285 -0.316 -0.100
6453834.000 1728725.000 0.271 -0.285 -0.121
6453659.000 1728725.000 0.462 -0.231 -0.082
6453859.000 1728725.000 0.314 0.087 -0.261
6453734.000 1728725.000 0.453 -0.222 -0.091
6453709.000 1728725.000 0.407 -0.256 -0.106
6453909.000 1728725.000 0.424 -0.240 -0.122
6453759.000 1728725.000 0.425 -0.250 -0.091
6453784.000 1728725.000 0.225 -0.454 -0.099
6453884.000 1728725.000 0.886 -0.539 -0.202
6453934.000 1728725.000 0.349 -0.282 -0.108
6453984.000 1728725.000 0.518 -0.340 -0.109
6453959.000 1728725.000 0.319 -0.353 -0.100
6454009.000 1728725.000 0.484 -0.172 -0.117
6454084.000 1728725.000 0.478 -0.231 -0.087
6454109.000 1728725.000 0.481 -0.228 -0.077
6454034.000 1728725.000 0.566 -0.290 -0.103
6454159.000 1728725.000 0.501 -0.204 -0.080
6454234.000 1728725.000 0.466 -0.201 -0.088
6454059.000 1728725.000 0.567 -0.207 -0.099
6454134.000 1728725.000 0.431 -0.253 -0.078
6454309.000 1728725.000 0.373 -0.241 -0.111
6454184.000 1728725.000 0.441 -0.204 -0.087
6454259.000 1728725.000 0.449 -0.206 -0.073
6454209.000 1728725.000 0.407 -0.186 -0.087
6454284.000 1728725.000 0.462 -0.222 -0.081
6454334.000 1728725.000 0.360 -0.185 -0.112
6454359.000 1728725.000 0.351 -0.188 -0.099
6454384.000 1728725.000 0.506 -0.261 -0.071
6454434.000 1728725.000 0.510 -0.223 -0.083
6454459.000 1728725.000 0.516 -0.268 -0.096
6454409.000 1728725.000 0.542 -0.240 -0.071
6454509.000 1728725.000 0.527 -0.306 -0.132
6454534.000 1728725.000 0.347 -0.238 -0.078
6454484.000 1728725.000 0.512 -0.319 -0.117
6451559.000 1728750.000 0.266 -0.849 -0.141
6451609.000 1728750.000 0.210 -0.715 -0.113
6451584.000 1728750.000 0.201 -0.728 -0.119
6451809.000 1728750.000 0.185 -0.697 -0.155
6451784.000 1728750.000 0.277 -0.852 -0.153
6451734.000 1728750.000 0.239 -0.638 -0.051
6451634.000 1728750.000 0.284 -0.805 -0.087
6451759.000 1728750.000 0.413 -0.874 -0.098
6451684.000 1728750.000 0.221 -0.762 -0.036
6451834.000 1728750.000 0.241 -0.610 -0.135
6451709.000 1728750.000 0.212 -0.716 -0.042
6451659.000 1728750.000 0.222 -0.783 -0.045
6451884.000 1728750.000 0.295 -0.463 -0.125
6451909.000 1728750.000 0.236 -0.479 -0.122
6451859.000 1728750.000 0.209 -0.525 -0.134
6451934.000 1728750.000 0.210 -0.476 -0.127
6452034.000 1728750.000 0.342 -0.517 -0.138
6451984.000 1728750.000 0.382 -0.624 -0.169
6452184.000 1728750.000 0.318 -0.435 -0.175
6452259.000 1728750.000 0.165 -0.561 -0.136
6452059.000 1728750.000 0.317 -0.559 -0.130
6452134.000 1728750.000 0.364 -0.497 -0.150
6452084.000 1728750.000 0.450 -0.607 -0.137
6452284.000 1728750.000 0.205 -0.504 -0.134
6451959.000 1728750.000 0.249 -0.583 -0.151
6452309.000 1728750.000 0.297 -0.476 -0.137
6452009.000 1728750.000 0.314 -0.637 -0.158
6452109.000 1728750.000 0.425 -0.549 -0.145
6452334.000 1728750.000 0.295 -0.461 -0.137
6452159.000 1728750.000 0.287 -0.460 -0.161
6452209.000 1728750.000 0.322 -0.592 -0.161
6452234.000 1728750.000 0.292 -0.584 -0.143
6452359.000 1728750.000 0.192 -0.437 -0.127
6452434.000 1728750.000 -0.520 0.360 -0.128
6452409.000 1728750.000 -0.499 0.136 -0.194
6452534.000 1728750.000 -0.968 0.357 -0.649
6452384.000 1728750.000 0.014 -0.213 -0.133
6452459.000 1728750.000 -0.174 -0.171 0.352
6452509.000 1728750.000 -0.855 0.242 -0.664
6452484.000 1728750.000 -0.562 -0.044 -0.371
6452584.000 1728750.000 -0.789 0.020 -0.633
6452659.000 1728750.000 -0.293 -0.459 -0.659
6452559.000 1728750.000 -0.958 0.190 -0.675
6452759.000 1728750.000 -0.345 -0.288 -1.040
6452609.000 1728750.000 -0.793 -0.044 -0.593
6452809.000 1728750.000 0.288 -0.407 -0.204
6452784.000 1728750.000 0.070 -0.471 -0.630
6452634.000 1728750.000 -0.638 -0.154 -0.571
6452834.000 1728750.000 0.317 -0.469 -0.194
6452684.000 1728750.000 -0.477 -0.253 -0.962
6452709.000 1728750.000 -0.508 -0.244 -1.008
6452734.000 1728750.000 -0.549 -0.309 -1.025
6452859.000 1728750.000 0.298 -0.479 -0.206
6452909.000 1728750.000 0.363 -0.453 -0.224
6452934.000 1728750.000 0.319 -0.473 -0.236
6452884.000 1728750.000 0.351 -0.458 -0.220
6452959.000 1728750.000 0.418 -0.372 -0.231
6453034.000 1728750.000 0.393 -0.270 -0.080
6452984.000 1728750.000 0.390 -0.346 -0.185
6453109.000 1728750.000 0.422 -0.257 -0.082
6453084.000 1728750.000 0.418 -0.275 -0.085
6453159.000 1728750.000 0.427 -0.273 -0.082
6453009.000 1728750.000 0.411 -0.299 -0.098
6453284.000 1728750.000 0.373 -0.316 -0.093
6453059.000 1728750.000 0.444 -0.291 -0.079
6453259.000 1728750.000 0.376 -0.352 -0.098
6453134.000 1728750.000 0.452 -0.262 -0.077
6453334.000 1728750.000 0.397 -0.348 -0.108
6453309.000 1728750.000 0.412 -0.314 -0.105
6453234.000 1728750.000 0.426 -0.386 -0.112
6453209.000 1728750.000 0.403 -0.351 -0.113
6453184.000 1728750.000 0.406 -0.275 -0.093
6453359.000 1728750.000 0.411 -0.331 -0.098
6453384.000 1728750.000 0.401 -0.326 -0.090
6453434.000 1728750.000 0.407 -0.303 -0.095
6453459.000 1728750.000 0.385 -0.339 -0.100
6453484.000 1728750.000 0.391 -0.318 -0.091
6453409.000 1728750.000 0.389 -0.358 -0.096
6453584.000 1728750.000 0.470 -0.324 -0.129
6453784.000 1728750.000 0.439 -0.311 -0.058
6453534.000 1728750.000 0.494 -0.256 -0.097
6453659.000 1728750.000 0.411 -0.266 -0.094
6453634.000 1728750.000 0.432 -0.284 -0.107
6453809.000 1728750.000 0.380 -0.273 -0.078
6453834.000 1728750.000 0.373 -0.211 -0.097
6453859.000 1728750.000 0.454 -0.255 -0.073
6453509.000 1728750.000 0.485 -0.260 -0.088
6453559.000 1728750.000 0.424 -0.290 -0.083
6453759.000 1728750.000 0.420 -0.268 -0.084
6453609.000 1728750.000 0.428 -0.184 -0.124
6453684.000 1728750.000 0.428 -0.227 -0.093
6453734.000 1728750.000 0.417 -0.238 -0.095
6453709.000 1728750.000 0.440 -0.218 -0.101
6453884.000 1728750.000 0.141 0.975 -0.665
6453934.000 1728750.000 0.390 -0.249 -0.101
6454034.000 1728750.000 0.715 -0.171 -0.074
6454084.000 1728750.000 0.534 -0.155 -0.092
6454059.000 1728750.000 0.640 -0.127 -0.092
6453959.000 1728750.000 0.396 -0.315 -0.080
6453909.000 1728750.000 0.401 -0.192 -0.124
6453984.000 1728750.000 0.564 0.190 -0.210
6454009.000 1728750.000 0.600 -0.096 -0.106
6454159.000 1728750.000 0.486 -0.243 -0.088
6454134.000 1728750.000 0.484 -0.246 -0.077
6454309.000 1728750.000 0.384 -0.242 -0.116
6454184.000 1728750.000 0.448 -0.263 -0.097
6454109.000 1728750.000 0.478 -0.184 -0.082
6454209.000 1728750.000 0.458 -0.239 -0.098
6454234.000 1728750.000 0.527 -0.187 -0.086
6454259.000 1728750.000 0.579 -0.218 -0.072
6454284.000 1728750.000 0.469 -0.215 -0.088
6454334.000 1728750.000 0.448 -0.176 -0.106
6454359.000 1728750.000 0.444 -0.196 -0.090
6454384.000 1728750.000 0.474 -0.198 -0.079
6454409.000 1728750.000 0.512 -0.198 -0.076
6454459.000 1728750.000 0.499 -0.268 -0.111
6454434.000 1728750.000 0.502 -0.219 -0.094
6454484.000 1728750.000 0.492 -0.079 -0.091
6454509.000 1728750.000 0.575 -0.037 -0.137
6454534.000 1728750.000 0.504 -0.012 -0.129
6451684.000 1728775.000 0.242 -0.764 -0.049
6451659.000 1728775.000 0.309 -0.829 -0.081
6451809.000 1728775.000 0.222 -0.633 -0.139
6451834.000 1728775.000 0.217 -0.569 -0.144
6451784.000 1728775.000 0.361 -0.925 -0.113
6451709.000 1728775.000 0.247 -0.731 -0.034
6451759.000 1728775.000 0.213 -0.904 -0.057
6451634.000 1728775.000 0.255 -0.824 -0.101
6451609.000 1728775.000 0.251 -0.728 -0.125
6451584.000 1728775.000 0.274 -0.724 -0.139
6451559.000 1728775.000 0.347 -0.803 -0.176
6451734.000 1728775.000 0.237 -0.758 -0.033
6451859.000 1728775.000 0.216 -0.504 -0.133
6451884.000 1728775.000 0.285 -0.452 -0.116
6451934.000 1728775.000 0.197 -0.481 -0.114
6451909.000 1728775.000 0.198 -0.495 -0.112
6451959.000 1728775.000 0.187 -0.486 -0.128
6451984.000 1728775.000 0.379 -0.549 -0.161
6452009.000 1728775.000 0.397 -0.540 -0.154
6452034.000 1728775.000 0.395 -0.492 -0.146
6452084.000 1728775.000 0.377 -0.500 -0.136
6452184.000 1728775.000 0.268 -0.512 -0.175
6452059.000 1728775.000 0.224 -0.478 -0.137
6452109.000 1728775.000 0.409 -0.512 -0.140
6452159.000 1728775.000 0.181 -0.521 -0.179
6452234.000 1728775.000 0.222 -0.446 -0.136
6452209.000 1728775.000 0.285 -0.479 -0.139
6452134.000 1728775.000 0.344 -0.542 -0.158
6452309.000 1728775.000 0.259 -0.451 -0.119
6452259.000 1728775.000 0.173 -0.466 -0.134
6452334.000 1728775.000 0.274 -0.462 -0.135
6452284.000 1728775.000 0.180 -0.449 -0.121
6452359.000 1728775.000 0.175 -0.453 -0.127
6452434.000 1728775.000 -0.896 0.807 -0.215
6452384.000 1728775.000 0.204 -0.411 -0.120
6452409.000 1728775.000 -0.639 0.263 -0.202
6452459.000 1728775.000 -0.951 0.055 -0.028
6452509.000 1728775.000 -0.848 0.358 -0.654
6452534.000 1728775.000 -0.872 0.363 -0.613
6452559.000 1728775.000 -0.833 0.314 -0.640
6452609.000 1728775.000 -0.808 0.087 -0.693
6452634.000 1728775.000 -0.788 0.061 -0.657
6452584.000 1728775.000 -0.770 0.152 -0.663
6452484.000 1728775.000 -0.449 0.108 -0.131
6452659.000 1728775.000 -0.474 -0.109 -0.617
6452709.000 1728775.000 -0.476 -0.281 -0.977
6452684.000 1728775.000 -0.354 -0.332 -0.757
6452734.000 1728775.000 -0.517 -0.366 -1.000
6452759.000 1728775.000 -0.530 -0.357 -1.052
6452784.000 1728775.000 0.253 -0.463 -0.343
6452809.000 1728775.000 0.297 -0.550 -0.194
6452834.000 1728775.000 0.197 -0.586 -0.227
6452859.000 1728775.000 0.205 -0.559 -0.232
6452884.000 1728775.000 0.252 -0.558 -0.243
6452909.000 1728775.000 0.319 -0.556 -0.244
6452934.000 1728775.000 0.295 -0.565 -0.250
6453034.000 1728775.000 0.416 -0.278 -0.084
6452984.000 1728775.000 0.422 -0.278 -0.132
6453009.000 1728775.000 0.462 -0.298 -0.085
6452959.000 1728775.000 0.420 -0.370 -0.200
6453084.000 1728775.000 0.439 -0.292 -0.087
6453059.000 1728775.000 0.433 -0.287 -0.085
6453159.000 1728775.000 0.423 -0.315 -0.087
6453109.000 1728775.000 0.434 -0.282 -0.084
6453209.000 1728775.000 0.388 -0.376 -0.117
6453184.000 1728775.000 0.379 -0.363 -0.113
6453134.000 1728775.000 0.434 -0.279 -0.079
6453234.000 1728775.000 0.388 -0.378 -0.112
6453259.000 1728775.000 0.380 -0.327 -0.099
6453309.000 1728775.000 0.355 -0.344 -0.095
6453509.000 1728775.000 0.503 -0.305 -0.091
6453284.000 1728775.000 0.360 -0.319 -0.090
6453334.000 1728775.000 0.334 -0.366 -0.089
6453584.000 1728775.000 0.441 -0.161 -0.099
6453559.000 1728775.000 0.475 -0.283 -0.094
6453359.000 1728775.000 0.372 -0.350 -0.087
6453384.000 1728775.000 0.394 -0.356 -0.092
6453634.000 1728775.000 0.425 -0.241 -0.108
6453409.000 1728775.000 0.369 -0.406 -0.090
6453484.000 1728775.000 0.482 -0.325 -0.092
6453434.000 1728775.000 0.363 -0.408 -0.088
6453459.000 1728775.000 0.474 -0.398 -0.109
6453534.000 1728775.000 0.479 -0.273 -0.088
6453609.000 1728775.000 0.381 -0.110 -0.095
6453709.000 1728775.000 0.442 -0.265 -0.093
6453784.000 1728775.000 0.454 -0.240 -0.075
6453809.000 1728775.000 0.482 -0.251 -0.041
6453884.000 1728775.000 0.812 -0.360 0.053
6453684.000 1728775.000 0.439 -0.248 -0.089
6453659.000 1728775.000 0.467 -0.244 -0.090
6453734.000 1728775.000 0.398 -0.269 -0.097
6453759.000 1728775.000 0.412 -0.244 -0.097
6453859.000 1728775.000 0.564 -0.339 0.005
6453934.000 1728775.000 0.375 -0.216 -0.093
6453834.000 1728775.000 0.466 -0.197 -0.058
6453909.000 1728775.000 0.401 -0.139 -0.123
6453984.000 1728775.000 0.514 -0.426 0.014
6453959.000 1728775.000 0.398 -0.273 -0.084
6454034.000 1728775.000 0.673 -0.016 -0.119
6454009.000 1728775.000 0.575 -0.368 -0.019
6454059.000 1728775.000 0.712 -0.040 -0.093
6454084.000 1728775.000 0.628 -0.059 -0.100
6454109.000 1728775.000 0.575 -0.161 -0.093
6454134.000 1728775.000 0.574 -0.248 -0.094
6454159.000 1728775.000 0.507 -0.284 -0.102
6454184.000 1728775.000 0.475 -0.238 -0.098
6454234.000 1728775.000 0.507 -0.182 -0.098
6454209.000 1728775.000 0.489 -0.222 -0.103
6454259.000 1728775.000 0.533 -0.181 -0.101
6454284.000 1728775.000 0.462 -0.208 -0.120
6454359.000 1728775.000 0.497 -0.316 -0.177
6454309.000 1728775.000 0.608 -0.323 -0.140
6454334.000 1728775.000 0.593 -0.320 -0.184
6454459.000 1728775.000 0.504 -0.146 -0.093
6454484.000 1728775.000 0.507 -0.047 -0.090
6454384.000 1728775.000 0.545 -0.262 -0.122
6454509.000 1728775.000 0.579 -0.031 -0.129
6454534.000 1728775.000 0.562 -0.025 -0.135
6454409.000 1728775.000 0.524 -0.234 -0.109
6454434.000 1728775.000 0.499 -0.208 -0.103
6451559.000 1728800.000 0.230 -0.925 -0.180
6451609.000 1728800.000 0.272 -0.859 -0.131
6451584.000 1728800.000 0.269 -0.903 -0.162
6451634.000 1728800.000 0.215 -0.878 -0.105
6451659.000 1728800.000 0.294 -0.863 -0.080
6451684.000 1728800.000 0.269 -0.859 -0.069
6451784.000 1728800.000 0.340 -0.847 -0.097
6451709.000 1728800.000 0.165 -0.865 -0.050
6451834.000 1728800.000 0.457 -0.808 -0.127
6451809.000 1728800.000 0.343 -0.881 -0.118
6451734.000 1728800.000 0.191 -0.846 -0.038
6451884.000 1728800.000 0.365 -0.689 -0.143
6451859.000 1728800.000 0.323 -0.624 -0.135
6451759.000 1728800.000 0.154 -0.855 -0.045
6451909.000 1728800.000 0.147 -0.582 -0.121
6451934.000 1728800.000 0.116 -0.531 -0.110
6452109.000 1728800.000 0.274 -0.640 -0.117
6452009.000 1728800.000 0.283 -0.572 -0.126
6451959.000 1728800.000 0.145 -0.507 -0.103
6451984.000 1728800.000 0.180 -0.526 -0.114
6452034.000 1728800.000 0.437 -0.590 -0.122
6452234.000 1728800.000 0.254 -0.380 -0.126
6452184.000 1728800.000 0.268 -0.523 -0.163
6452259.000 1728800.000 0.194 -0.412 -0.129
6452084.000 1728800.000 0.306 -0.582 -0.114
6452059.000 1728800.000 0.342 -0.504 -0.112
6452134.000 1728800.000 0.283 -0.700 -0.134
6452209.000 1728800.000 0.273 -0.421 -0.130
6452159.000 1728800.000 0.243 -0.549 -0.166
6452284.000 1728800.000 0.156 -0.450 -0.118
6452359.000 1728800.000 0.200 -0.441 -0.119
6452484.000 1728800.000 -0.147 0.293 -0.185
6452509.000 1728800.000 -0.804 0.444 -0.680
6452309.000 1728800.000 0.207 -0.463 -0.119
6452334.000 1728800.000 0.227 -0.483 -0.121
6452534.000 1728800.000 -0.821 0.443 -0.699
6452434.000 1728800.000 -0.993 0.601 -0.211
6452459.000 1728800.000 -0.192 0.399 -0.129
6452409.000 1728800.000 0.243 -0.422 -0.122
6452609.000 1728800.000 -0.895 0.117 -0.788
6452559.000 1728800.000 -0.729 0.361 -0.675
6452384.000 1728800.000 0.194 -0.407 -0.115
6452584.000 1728800.000 -0.767 0.203 -0.671
6452634.000 1728800.000 -0.963 0.032 -0.847
6452684.000 1728800.000 -0.637 -0.268 -0.769
6452659.000 1728800.000 -0.852 -0.086 -0.790
6452709.000 1728800.000 -0.575 -0.412 -0.878
6452734.000 1728800.000 -0.554 -0.578 -0.926
6452759.000 1728800.000 -0.515 -0.370 -0.947
6452834.000 1728800.000 0.206 -0.574 -0.201
6452784.000 1728800.000 0.175 -0.369 -0.281
6452809.000 1728800.000 0.218 -0.546 -0.191
6452859.000 1728800.000 0.242 -0.538 -0.204
6452909.000 1728800.000 0.291 -0.473 -0.202
6452884.000 1728800.000 0.268 -0.502 -0.203
6452959.000 1728800.000 0.382 -0.453 -0.202
6452934.000 1728800.000 0.316 -0.488 -0.209
6453009.000 1728800.000 0.459 -0.314 -0.094
6453034.000 1728800.000 0.453 -0.262 -0.073
6452984.000 1728800.000 0.399 -0.363 -0.159
6453159.000 1728800.000 0.453 -0.334 -0.075
6453134.000 1728800.000 0.446 -0.295 -0.070
6453109.000 1728800.000 0.452 -0.274 -0.073
6453184.000 1728800.000 0.355 -0.375 -0.105
6453059.000 1728800.000 0.453 -0.268 -0.078
6453084.000 1728800.000 0.441 -0.278 -0.080
6453259.000 1728800.000 0.394 -0.352 -0.107
6453309.000 1728800.000 0.360 -0.328 -0.110
6453209.000 1728800.000 0.374 -0.367 -0.110
6453284.000 1728800.000 0.351 -0.307 -0.098
6453234.000 1728800.000 0.371 -0.370 -0.109
6453334.000 1728800.000 0.371 -0.333 -0.110
6453384.000 1728800.000 0.420 -0.377 -0.103
6453359.000 1728800.000 0.392 -0.353 -0.102
6453484.000 1728800.000 0.462 -0.296 -0.087
6453509.000 1728800.000 0.466 -0.331 -0.094
6453459.000 1728800.000 0.436 -0.458 -0.116
6453534.000 1728800.000 0.467 -0.280 -0.091
6453409.000 1728800.000 0.373 -0.419 -0.093
6453434.000 1728800.000 0.349 -0.438 -0.095
6453584.000 1728800.000 0.478 -0.330 -0.108
6453559.000 1728800.000 0.486 -0.226 -0.079
6453609.000 1728800.000 0.451 -0.299 -0.092
6453809.000 1728800.000 0.526 -0.279 -0.026
6453834.000 1728800.000 0.530 -0.231 -0.038
6453684.000 1728800.000 0.500 -0.276 -0.089
6453859.000 1728800.000 0.433 -0.229 -0.081
6453884.000 1728800.000 0.344 -0.364 -0.103
6453634.000 1728800.000 0.476 -0.310 -0.099
6453734.000 1728800.000 0.410 -0.290 -0.095
6453759.000 1728800.000 0.412 -0.278 -0.103
6453784.000 1728800.000 0.414 -0.300 -0.087
6453659.000 1728800.000 0.514 -0.288 -0.112
6453709.000 1728800.000 0.443 -0.285 -0.090
6453909.000 1728800.000 0.398 -0.130 -0.154
6454034.000 1728800.000 0.725 -0.044 -0.096
6454059.000 1728800.000 0.591 -0.197 -0.084
6454109.000 1728800.000 0.615 -0.156 -0.077
6453934.000 1728800.000 0.418 -0.113 -0.109
6454134.000 1728800.000 0.692 -0.146 -0.079
6453959.000 1728800.000 0.420 -0.156 -0.102
6454009.000 1728800.000 0.654 -0.122 -0.068
6454084.000 1728800.000 0.622 -0.145 -0.073
6453984.000 1728800.000 0.435 -0.259 -0.090
6454184.000 1728800.000 0.561 -0.184 -0.085
6454159.000 1728800.000 0.593 -0.239 -0.095
6454209.000 1728800.000 0.528 -0.206 -0.095
6454234.000 1728800.000 0.489 -0.224 -0.098
6454334.000 1728800.000 0.499 -0.213 -0.129
6454359.000 1728800.000 0.547 -0.253 -0.112
6454384.000 1728800.000 0.538 -0.252 -0.113
6454259.000 1728800.000 0.552 -0.257 -0.103
6454284.000 1728800.000 0.502 -0.246 -0.105
6454434.000 1728800.000 0.505 -0.128 -0.078
6454409.000 1728800.000 0.519 -0.214 -0.103
6454309.000 1728800.000 0.524 -0.255 -0.109
6454484.000 1728800.000 0.525 -0.066 -0.092
6454459.000 1728800.000 0.512 -0.111 -0.088
6454509.000 1728800.000 0.557 -0.039 -0.115
6454534.000 1728800.000 0.541 -0.055 -0.105
6451659.000 1728825.000 0.235 -0.883 -0.078
6451684.000 1728825.000 0.259 -0.887 -0.058
6451809.000 1728825.000 0.303 -0.983 -0.088
6451584.000 1728825.000 0.223 -0.919 -0.176
6451559.000 1728825.000 0.252 -0.948 -0.192
6451834.000 1728825.000 0.337 -0.940 -0.088
6451634.000 1728825.000 0.159 -0.830 -0.110
6451609.000 1728825.000 0.259 -0.803 -0.130
6451734.000 1728825.000 0.161 -0.869 -0.039
6451784.000 1728825.000 0.270 -0.936 -0.065
6451709.000 1728825.000 0.162 -0.861 -0.043
6451859.000 1728825.000 0.390 -0.813 -0.099
6451759.000 1728825.000 0.183 -0.859 -0.032
6451884.000 1728825.000 0.228 -0.737 -0.107
6451909.000 1728825.000 0.123 -0.663 -0.110
6451934.000 1728825.000 0.094 -0.561 -0.105
6451959.000 1728825.000 0.149 -0.517 -0.093
6452009.000 1728825.000 0.262 -0.501 -0.083
6451984.000 1728825.000 0.250 -0.489 -0.083
6452084.000 1728825.000 0.242 -0.536 -0.095
6452034.000 1728825.000 0.297 -0.514 -0.089
6452059.000 1728825.000 0.318 -0.589 -0.096
6452109.000 1728825.000 0.276 -0.579 -0.100
6452159.000 1728825.000 0.288 -0.582 -0.122
6452134.000 1728825.000 0.290 -0.587 -0.106
6452234.000 1728825.000 0.247 -0.422 -0.128
6452209.000 1728825.000 0.265 -0.398 -0.131
6452284.000 1728825.000 0.219 -0.460 -0.127
6452184.000 1728825.000 0.285 -0.466 -0.148
6452259.000 1728825.000 0.224 -0.433 -0.123
6452309.000 1728825.000 0.185 -0.483 -0.131
6452334.000 1728825.000 0.192 -0.485 -0.114
6452359.000 1728825.000 0.207 -0.437 -0.109
6452409.000 1728825.000 0.209 -0.429 -0.119
6452384.000 1728825.000 0.186 -0.376 -0.107
6452434.000 1728825.000 0.258 -0.344 -0.093
6452459.000 1728825.000 0.092 -0.142 -0.095
6452484.000 1728825.000 -0.098 0.181 -0.092
6452584.000 1728825.000 -0.814 0.231 -0.778
6452634.000 1728825.000 -1.103 0.222 -1.023
6452509.000 1728825.000 -0.138 0.068 0.000
6452534.000 1728825.000 -0.560 0.284 -0.417
6452609.000 1728825.000 -1.081 0.284 -0.936
6452659.000 1728825.000 -1.020 0.033 -0.983
6452684.000 1728825.000 -0.746 -0.214 -0.837
6452559.000 1728825.000 -0.511 0.242 -0.550
6452709.000 1728825.000 -0.593 -0.299 -0.785
6452734.000 1728825.000 -0.572 -0.297 -0.804
6452784.000 1728825.000 0.165 -0.512 -0.221
6452759.000 1728825.000 -0.270 -0.283 -0.587
6452809.000 1728825.000 0.178 -0.573 -0.202
6452834.000 1728825.000 0.234 -0.597 -0.189
6452909.000 1728825.000 0.265 -0.464 -0.179
6452859.000 1728825.000 0.257 -0.598 -0.187
6452884.000 1728825.000 0.277 -0.545 -0.185
6452959.000 1728825.000 0.292 -0.492 -0.210
6452934.000 1728825.000 0.268 -0.472 -0.188
6453009.000 1728825.000 0.403 -0.376 -0.143
6452984.000 1728825.000 0.330 -0.447 -0.203
6453084.000 1728825.000 0.448 -0.251 -0.074
6453034.000 1728825.000 0.467 -0.294 -0.086
6453059.000 1728825.000 0.443 -0.253 -0.077
6453109.000 1728825.000 0.463 -0.283 -0.078
6453209.000 1728825.000 0.376 -0.345 -0.105
6453184.000 1728825.000 0.342 -0.317 -0.084
6453134.000 1728825.000 0.452 -0.304 -0.077
6453159.000 1728825.000 0.435 -0.313 -0.071
6453234.000 1728825.000 0.397 -0.345 -0.106
6453284.000 1728825.000 0.404 -0.324 -0.125
6453259.000 1728825.000 0.410 -0.343 -0.113
6453309.000 1728825.000 0.382 -0.314 -0.125
6453359.000 1728825.000 0.414 -0.351 -0.127
6453409.000 1728825.000 0.356 -0.397 -0.097
6453384.000 1728825.000 0.438 -0.349 -0.122
6453334.000 1728825.000 0.384 -0.336 -0.128
6453459.000 1728825.000 0.322 -0.409 -0.104
6453434.000 1728825.000 0.364 -0.371 -0.098
6453559.000 1728825.000 0.465 -0.296 -0.071
6453534.000 1728825.000 0.478 -0.290 -0.090
6453609.000 1728825.000 0.438 -0.300 -0.069
6453484.000 1728825.000 0.494 -0.301 -0.104
6453509.000 1728825.000 0.527 -0.260 -0.105
6453634.000 1728825.000 0.422 -0.344 -0.088
6453584.000 1728825.000 0.424 -0.296 -0.063
6453659.000 1728825.000 0.474 -0.259 -0.087
6453684.000 1728825.000 0.502 -0.244 -0.084
6453709.000 1728825.000 0.486 -0.275 -0.087
6453759.000 1728825.000 0.401 -0.283 -0.108
6453734.000 1728825.000 0.424 -0.296 -0.101
6453909.000 1728825.000 0.522 -0.024 -0.179
6453884.000 1728825.000 0.480 -0.125 -0.155
6453784.000 1728825.000 0.371 -0.235 -0.124
6453934.000 1728825.000 0.513 0.016 -0.123
6453809.000 1728825.000 0.366 -0.220 -0.119
6453834.000 1728825.000 0.502 -0.203 -0.073
6454009.000 1728825.000 0.633 -0.036 -0.095
6453859.000 1728825.000 0.397 -0.173 -0.128
6453959.000 1728825.000 0.497 -0.065 -0.112
6453984.000 1728825.000 0.539 -0.104 -0.098
6454034.000 1728825.000 0.617 0.009 -0.134
6454059.000 1728825.000 0.677 -0.125 -0.041
6454084.000 1728825.000 0.560 -0.057 -0.127
6454159.000 1728825.000 0.660 -0.075 -0.084
6454134.000 1728825.000 0.679 -0.191 -0.063
6454109.000 1728825.000 0.532 -0.129 -0.105
6454234.000 1728825.000 0.492 -0.234 -0.102
6454209.000 1728825.000 0.551 -0.193 -0.098
6454184.000 1728825.000 0.625 -0.173 -0.078
6454259.000 1728825.000 0.518 -0.233 -0.097
6454334.000 1728825.000 0.500 -0.246 -0.119
6454284.000 1728825.000 0.537 -0.242 -0.090
6454309.000 1728825.000 0.544 -0.251 -0.098
6454384.000 1728825.000 0.523 -0.133 -0.093
6454359.000 1728825.000 0.517 -0.198 -0.096
6454409.000 1728825.000 0.517 -0.113 -0.085
6454434.000 1728825.000 0.535 -0.135 -0.078
6454484.000 1728825.000 0.529 -0.083 -0.098
6454459.000 1728825.000 0.528 -0.117 -0.090
6451609.000 1728850.000 0.225 -0.895 -0.163
6454509.000 1728825.000 0.488 -0.108 -0.049
6454534.000 1728825.000 0.484 -0.132 -0.037
6451634.000 1728850.000 0.114 -0.837 -0.121
6451559.000 1728850.000 0.278 -0.888 -0.183
6451659.000 1728850.000 0.139 -0.827 -0.078
6451584.000 1728850.000 0.214 -0.914 -0.179
6451684.000 1728850.000 0.279 -0.846 -0.039
6451709.000 1728850.000 0.227 -0.879 -0.025
6451734.000 1728850.000 0.242 -0.892 -0.028
6451759.000 1728850.000 0.334 -0.896 -0.014
6451809.000 1728850.000 0.203 -0.866 0.009
6451784.000 1728850.000 0.243 -0.817 0.028
6451834.000 1728850.000 0.310 -0.899 -0.058
6451859.000 1728850.000 0.379 -0.846 -0.081
6451984.000 1728850.000 0.237 -0.519 -0.081
6451934.000 1728850.000 0.266 -0.698 -0.099
6451884.000 1728850.000 0.249 -0.684 -0.084
6451909.000 1728850.000 0.246 -0.674 -0.089
6452009.000 1728850.000 0.288 -0.486 -0.078
6451959.000 1728850.000 0.150 -0.585 -0.091
6452034.000 1728850.000 0.312 -0.514 -0.086
6452059.000 1728850.000 0.323 -0.508 -0.094
6452084.000 1728850.000 0.299 -0.453 -0.081
6452109.000 1728850.000 0.254 -0.554 -0.097
6452134.000 1728850.000 0.281 -0.580 -0.105
6452159.000 1728850.000 0.312 -0.565 -0.110
6452209.000 1728850.000 0.254 -0.455 -0.131
6452184.000 1728850.000 0.269 -0.399 -0.127
6452234.000 1728850.000 0.247 -0.491 -0.134
6452259.000 1728850.000 0.187 -0.437 -0.124
6452284.000 1728850.000 0.257 -0.475 -0.143
6452309.000 1728850.000 0.207 -0.521 -0.156
6452359.000 1728850.000 0.190 -0.467 -0.112
6452434.000 1728850.000 0.314 -0.527 -0.145
6452384.000 1728850.000 0.179 -0.470 -0.116
6452409.000 1728850.000 0.238 -0.517 -0.144
6452459.000 1728850.000 0.243 -0.433 -0.141
6452334.000 1728850.000 0.174 -0.493 -0.123
6452484.000 1728850.000 -0.157 0.367 -0.088
6452509.000 1728850.000 -0.164 0.495 -0.096
6452534.000 1728850.000 -0.134 -0.019 -0.141
6452584.000 1728850.000 -0.825 0.219 -0.852
6452559.000 1728850.000 -0.637 -0.232 -0.594
6452609.000 1728850.000 -1.015 0.265 -0.910
6452659.000 1728850.000 0.143 -1.014 -0.381
6452709.000 1728850.000 -0.199 -0.389 -0.469
6452634.000 1728850.000 -1.028 0.273 -1.014
6452684.000 1728850.000 -0.216 -0.305 -0.520
6452734.000 1728850.000 0.001 -0.512 -0.304
6452784.000 1728850.000 0.211 -0.567 -0.186
6452809.000 1728850.000 0.206 -0.571 -0.193
6452834.000 1728850.000 0.235 -0.597 -0.191
6452859.000 1728850.000 0.272 -0.588 -0.179
6452884.000 1728850.000 0.299 -0.584 -0.170
6452759.000 1728850.000 0.186 -0.571 -0.185
6452909.000 1728850.000 0.295 -0.592 -0.167
6452934.000 1728850.000 0.237 -0.563 -0.184
6452959.000 1728850.000 0.303 -0.488 -0.202
6452984.000 1728850.000 0.328 -0.444 -0.225
6453009.000 1728850.000 0.368 -0.395 -0.191
6453034.000 1728850.000 0.428 -0.321 -0.120
6453084.000 1728850.000 0.463 -0.241 -0.079
6453059.000 1728850.000 0.442 -0.247 -0.082
6453109.000 1728850.000 0.452 -0.279 -0.087
6453184.000 1728850.000 0.356 -0.258 -0.073
6453159.000 1728850.000 0.416 -0.283 -0.066
6453134.000 1728850.000 0.443 -0.297 -0.081
6453209.000 1728850.000 0.404 -0.300 -0.099
6453234.000 1728850.000 0.407 -0.307 -0.106
6453259.000 1728850.000 0.429 -0.350 -0.122
6453284.000 1728850.000 0.419 -0.356 -0.131
6453309.000 1728850.000 0.387 -0.338 -0.123
6453334.000 1728850.000 0.366 -0.343 -0.114
6453409.000 1728850.000 0.377 -0.303 -0.085
6453359.000 1728850.000 0.416 -0.351 -0.121
6453384.000 1728850.000 0.439 -0.331 -0.127
6453484.000 1728850.000 0.577 -0.289 -0.104
6453459.000 1728850.000 0.361 -0.399 -0.110
6453434.000 1728850.000 0.424 -0.324 -0.097
6453559.000 1728850.000 0.465 -0.305 -0.068
6453609.000 1728850.000 0.378 -0.303 -0.066
6453634.000 1728850.000 0.406 -0.328 -0.079
6453509.000 1728850.000 0.536 -0.304 -0.100
6453584.000 1728850.000 0.394 -0.320 -0.073
6453534.000 1728850.000 0.467 -0.310 -0.079
6453659.000 1728850.000 0.409 -0.327 -0.073
6453684.000 1728850.000 0.419 -0.317 -0.063
6453709.000 1728850.000 0.438 -0.354 -0.089
6453734.000 1728850.000 0.384 -0.342 -0.103
6453834.000 1728850.000 0.410 -0.236 -0.091
6453759.000 1728850.000 0.459 -0.288 -0.089
6453809.000 1728850.000 0.411 -0.200 -0.098
6453884.000 1728850.000 0.833 0.086 -0.097
6453784.000 1728850.000 0.507 -0.187 -0.085
6453859.000 1728850.000 0.629 -0.362 0.089
6453909.000 1728850.000 0.669 0.010 -0.134
6453934.000 1728850.000 0.666 -0.002 -0.045
6453959.000 1728850.000 0.575 -0.030 -0.107
6453984.000 1728850.000 0.554 -0.078 -0.092
6454034.000 1728850.000 0.663 0.049 -0.104
6454009.000 1728850.000 0.472 -0.141 -0.087
6454059.000 1728850.000 0.641 -0.172 -0.044
6454084.000 1728850.000 0.546 -0.183 -0.100
6454109.000 1728850.000 0.684 -0.290 0.004
6454134.000 1728850.000 0.661 -0.412 -0.027
6454159.000 1728850.000 0.602 -0.145 -0.090
6454184.000 1728850.000 0.509 -0.096 -0.089
6454234.000 1728850.000 0.491 -0.245 -0.108
6454209.000 1728850.000 0.482 -0.136 -0.094
6454259.000 1728850.000 0.490 -0.223 -0.091
6454309.000 1728850.000 0.574 -0.211 -0.073
6454334.000 1728850.000 0.552 -0.233 -0.084
6454284.000 1728850.000 0.519 -0.201 -0.080
6454409.000 1728850.000 0.556 -0.133 -0.091
6454384.000 1728850.000 0.523 -0.128 -0.088
6454359.000 1728850.000 0.529 -0.153 -0.084
6454434.000 1728850.000 0.563 -0.122 -0.098
6454459.000 1728850.000 0.545 -0.098 -0.104
6454484.000 1728850.000 0.521 -0.131 -0.080
6454509.000 1728850.000 0.540 -0.175 -0.079
6454534.000 1728850.000 0.529 -0.176 -0.065
6451684.000 1728875.000 0.029 -0.945 -0.078
6451834.000 1728875.000 0.264 -0.864 -0.019
6451809.000 1728875.000 0.232 -0.857 0.034
6451659.000 1728875.000 -0.017 -0.912 -0.110
6451734.000 1728875.000 0.241 -0.990 -0.049
6451584.000 1728875.000 0.308 -0.982 -0.226
6451559.000 1728875.000 0.281 -0.905 -0.192
6451859.000 1728875.000 0.386 -0.864 -0.100
6451709.000 1728875.000 0.198 -0.989 -0.053
6451884.000 1728875.000 0.359 -0.745 -0.107
6451759.000 1728875.000 0.281 -0.956 -0.027
6451634.000 1728875.000 0.170 -0.916 -0.168
6451784.000 1728875.000 0.288 -0.962 0.004
6451609.000 1728875.000 0.329 -1.016 -0.229
6451909.000 1728875.000 0.246 -0.658 -0.110
6451934.000 1728875.000 0.306 -0.623 -0.118
6451984.000 1728875.000 0.207 -0.627 -0.111
6451959.000 1728875.000 0.289 -0.633 -0.117
6452034.000 1728875.000 0.242 -0.607 -0.106
6452009.000 1728875.000 0.252 -0.588 -0.103
6452059.000 1728875.000 0.208 -0.629 -0.114
6452084.000 1728875.000 0.222 -0.588 -0.118
6452109.000 1728875.000 0.190 -0.577 -0.111
6452134.000 1728875.000 0.314 -0.564 -0.111
6452159.000 1728875.000 0.286 -0.566 -0.112
6452184.000 1728875.000 0.089 -0.630 -0.128
6452234.000 1728875.000 0.125 -0.474 -0.129
6452209.000 1728875.000 0.166 -0.533 -0.119
6452259.000 1728875.000 0.165 -0.415 -0.126
6452309.000 1728875.000 0.225 -0.498 -0.145
6452284.000 1728875.000 0.244 -0.458 -0.135
6452359.000 1728875.000 0.131 -0.453 -0.115
6452334.000 1728875.000 0.174 -0.519 -0.119
6452434.000 1728875.000 0.340 -0.460 -0.168
6452384.000 1728875.000 0.127 -0.431 -0.130
6452409.000 1728875.000 0.247 -0.490 -0.166
6452459.000 1728875.000 0.312 -0.519 -0.191
6452509.000 1728875.000 0.162 -0.245 -0.116
6452534.000 1728875.000 0.159 -0.384 -0.113
6452559.000 1728875.000 0.033 -0.421 -0.128
6452484.000 1728875.000 0.198 -0.409 -0.173
6452584.000 1728875.000 -0.740 -1.133 -0.094
6452734.000 1728875.000 0.213 -0.614 -0.152
6452834.000 1728875.000 0.259 -0.578 -0.160
6452784.000 1728875.000 0.246 -0.605 -0.163
6452609.000 1728875.000 -0.522 -0.297 -0.068
6452809.000 1728875.000 0.280 -0.599 -0.143
6452634.000 1728875.000 1.393 -0.985 1.294
6452684.000 1728875.000 0.218 -0.553 -0.133
6452659.000 1728875.000 0.269 -0.791 -0.128
6452709.000 1728875.000 0.220 -0.575 -0.129
6452759.000 1728875.000 0.227 -0.632 -0.158
6452859.000 1728875.000 0.245 -0.541 -0.176
6452884.000 1728875.000 0.292 -0.543 -0.163
6452959.000 1728875.000 0.304 -0.478 -0.190
6452909.000 1728875.000 0.294 -0.565 -0.160
6452934.000 1728875.000 0.274 -0.505 -0.169
6453009.000 1728875.000 0.338 -0.427 -0.217
6452984.000 1728875.000 0.311 -0.448 -0.225
6453034.000 1728875.000 0.368 -0.382 -0.167
6453059.000 1728875.000 0.413 -0.303 -0.091
6453109.000 1728875.000 0.434 -0.291 -0.084
6453084.000 1728875.000 0.439 -0.258 -0.078
6453159.000 1728875.000 0.411 -0.271 -0.068
6453184.000 1728875.000 0.373 -0.291 -0.079
6453134.000 1728875.000 0.438 -0.302 -0.077
6453259.000 1728875.000 0.406 -0.389 -0.113
6453284.000 1728875.000 0.409 -0.341 -0.094
6453334.000 1728875.000 0.397 -0.305 -0.102
6453234.000 1728875.000 0.386 -0.415 -0.118
6453209.000 1728875.000 0.395 -0.344 -0.096
6453359.000 1728875.000 0.415 -0.324 -0.104
6453309.000 1728875.000 0.404 -0.320 -0.094
6453434.000 1728875.000 0.424 -0.464 -0.087
6453384.000 1728875.000 0.430 -0.335 -0.106
6453459.000 1728875.000 0.463 -0.384 -0.079
6453484.000 1728875.000 0.617 -0.259 -0.081
6453409.000 1728875.000 0.400 -0.385 -0.097
6453809.000 1728875.000 0.340 -0.240 -0.094
6453784.000 1728875.000 0.426 -0.225 -0.082
6453859.000 1728875.000 0.447 -0.093 -0.099
6453609.000 1728875.000 0.401 -0.265 -0.051
6453834.000 1728875.000 0.324 -0.293 -0.103
6453634.000 1728875.000 0.407 -0.294 -0.062
6453659.000 1728875.000 0.480 -0.327 -0.082
6453509.000 1728875.000 0.495 -0.310 -0.077
6453734.000 1728875.000 0.387 -0.296 -0.099
6453534.000 1728875.000 0.464 -0.365 -0.074
6453759.000 1728875.000 0.383 -0.262 -0.090
6453584.000 1728875.000 0.453 -0.282 -0.055
6453709.000 1728875.000 0.391 -0.277 -0.083
6453559.000 1728875.000 0.465 -0.325 -0.065
6453684.000 1728875.000 0.460 -0.321 -0.072
6453884.000 1728875.000 1.124 0.212 0.036
6453909.000 1728875.000 0.829 -0.499 0.001
6453934.000 1728875.000 0.586 -1.532 0.525
6453959.000 1728875.000 0.689 -0.047 -0.074
6454009.000 1728875.000 0.459 -0.151 -0.084
6454034.000 1728875.000 0.492 -0.148 -0.078
6453984.000 1728875.000 0.511 -0.122 -0.088
6454059.000 1728875.000 0.564 -0.134 -0.069
6454109.000 1728875.000 0.857 -0.158 0.090
6454159.000 1728875.000 0.617 -0.107 -0.088
6454284.000 1728875.000 0.521 -0.197 -0.076
6454084.000 1728875.000 0.465 -0.145 -0.109
6454184.000 1728875.000 0.524 -0.163 -0.072
6454234.000 1728875.000 0.482 -0.161 -0.094
6454259.000 1728875.000 0.502 -0.205 -0.083
6454309.000 1728875.000 0.555 -0.202 -0.066
6454134.000 1728875.000 2.002 -0.162 0.588
6454209.000 1728875.000 0.534 -0.106 -0.081
6454384.000 1728875.000 0.535 -0.142 -0.090
6454334.000 1728875.000 0.526 -0.185 -0.076
6454359.000 1728875.000 0.526 -0.161 -0.081
6454434.000 1728875.000 0.561 -0.127 -0.107
6454409.000 1728875.000 0.581 -0.137 -0.111
6454484.000 1728875.000 0.517 -0.139 -0.084
6454459.000 1728875.000 0.510 -0.116 -0.087
6454509.000 1728875.000 0.520 -0.192 -0.081
6454534.000 1728875.000 0.463 -0.174 -0.065
6451659.000 1728900.000 0.001 -0.912 -0.148
6451759.000 1728900.000 0.236 -1.018 -0.066
6451734.000 1728900.000 0.191 -1.033 -0.083
6451784.000 1728900.000 0.257 -1.035 -0.027
6451559.000 1728900.000 0.308 -0.948 -0.225
6451584.000 1728900.000 0.325 -1.024 -0.256
6451609.000 1728900.000 0.303 -0.999 -0.260
6451634.000 1728900.000 0.175 -0.976 -0.222
6451709.000 1728900.000 0.072 -0.987 -0.088
6451684.000 1728900.000 -0.092 -0.917 -0.098
6451809.000 1728900.000 0.268 -0.954 -0.002
6451834.000 1728900.000 0.222 -0.958 -0.018
6451859.000 1728900.000 0.373 -0.985 -0.128
6451884.000 1728900.000 0.349 -0.855 -0.130
6451909.000 1728900.000 0.284 -0.827 -0.129
6451934.000 1728900.000 0.278 -0.731 -0.136
6452034.000 1728900.000 0.191 -0.650 -0.121
6452009.000 1728900.000 0.254 -0.674 -0.130
6451959.000 1728900.000 0.289 -0.680 -0.139
6451984.000 1728900.000 0.279 -0.710 -0.137
6452059.000 1728900.000 0.180 -0.688 -0.116
6452084.000 1728900.000 0.197 -0.699 -0.114
6452209.000 1728900.000 0.210 -0.609 -0.130
6452234.000 1728900.000 0.086 -0.539 -0.142
6452284.000 1728900.000 0.253 -0.465 -0.144
6452259.000 1728900.000 0.184 -0.444 -0.143
6452109.000 1728900.000 0.184 -0.671 -0.117
6452184.000 1728900.000 0.205 -0.664 -0.136
6452134.000 1728900.000 0.231 -0.616 -0.121
6452159.000 1728900.000 0.301 -0.604 -0.122
6452309.000 1728900.000 0.265 -0.491 -0.147
6452359.000 1728900.000 0.121 -0.473 -0.118
6452434.000 1728900.000 0.216 -0.506 -0.184
6452409.000 1728900.000 0.227 -0.388 -0.171
6452384.000 1728900.000 0.126 -0.463 -0.135
6452334.000 1728900.000 0.221 -0.502 -0.124
6452509.000 1728900.000 0.314 -0.503 -0.117
6452584.000 1728900.000 -1.727 -1.307 -0.221
6452734.000 1728900.000 0.243 -0.613 -0.153
6452534.000 1728900.000 0.262 -0.478 -0.102
6452559.000 1728900.000 -0.937 -0.733 -0.152
6452759.000 1728900.000 0.250 -0.643 -0.153
6452784.000 1728900.000 0.260 -0.650 -0.145
6452809.000 1728900.000 0.268 -0.631 -0.137
6452459.000 1728900.000 0.275 -0.550 -0.198
6452709.000 1728900.000 0.248 -0.613 -0.121
6452484.000 1728900.000 0.271 -0.543 -0.178
6452834.000 1728900.000 0.290 -0.649 -0.116
6452609.000 1728900.000 0.125 -0.537 0.500
6452634.000 1728900.000 0.333 -0.536 -0.054
6452684.000 1728900.000 0.225 -0.622 -0.112
6452659.000 1728900.000 0.244 -0.627 -0.107
6452909.000 1728900.000 0.291 -0.577 -0.154
6452859.000 1728900.000 0.234 -0.649 -0.150
6452984.000 1728900.000 0.314 -0.507 -0.226
6452884.000 1728900.000 0.277 -0.674 -0.134
6453009.000 1728900.000 0.334 -0.487 -0.223
6453034.000 1728900.000 0.367 -0.408 -0.169
6452959.000 1728900.000 0.274 -0.486 -0.191
6452934.000 1728900.000 0.301 -0.522 -0.164
6453084.000 1728900.000 0.416 -0.260 -0.073
6453134.000 1728900.000 0.444 -0.292 -0.072
6453059.000 1728900.000 0.413 -0.344 -0.101
6453109.000 1728900.000 0.410 -0.278 -0.076
6453184.000 1728900.000 0.398 -0.308 -0.076
6453209.000 1728900.000 0.400 -0.359 -0.082
6453159.000 1728900.000 0.412 -0.276 -0.074
6453234.000 1728900.000 0.394 -0.398 -0.095
6453259.000 1728900.000 0.390 -0.348 -0.078
6453309.000 1728900.000 0.393 -0.277 -0.055
6453359.000 1728900.000 0.417 -0.316 -0.092
6453384.000 1728900.000 0.448 -0.353 -0.108
6453284.000 1728900.000 0.407 -0.303 -0.057
6453334.000 1728900.000 0.408 -0.259 -0.079
6453434.000 1728900.000 0.374 -0.390 -0.081
6453409.000 1728900.000 0.414 -0.388 -0.104
6453459.000 1728900.000 0.464 -0.327 -0.092
6453484.000 1728900.000 0.423 -0.432 -0.104
6453659.000 1728900.000 0.472 -0.286 -0.066
6453684.000 1728900.000 0.483 -0.246 -0.045
6453709.000 1728900.000 0.453 -0.269 -0.066
6453734.000 1728900.000 0.471 -0.275 -0.095
6453509.000 1728900.000 0.432 -0.353 -0.081
6453534.000 1728900.000 0.424 -0.361 -0.071
6453609.000 1728900.000 0.421 -0.294 -0.055
6453584.000 1728900.000 0.511 -0.292 -0.053
6453759.000 1728900.000 0.543 -0.131 -0.088
6453634.000 1728900.000 0.428 -0.309 -0.061
6453559.000 1728900.000 0.490 -0.345 -0.064
6453809.000 1728900.000 0.370 -0.252 -0.093
6453784.000 1728900.000 0.604 -0.159 -0.084
6453834.000 1728900.000 0.400 -0.249 -0.092
6453859.000 1728900.000 0.403 -0.196 -0.094
6453884.000 1728900.000 0.323 -0.194 -0.122
6453909.000 1728900.000 0.532 -1.263 0.318
6453934.000 1728900.000 1.182 -0.301 0.073
6453959.000 1728900.000 0.507 -0.992 0.298
6453984.000 1728900.000 0.272 -0.374 -0.066
6454009.000 1728900.000 0.463 -0.162 -0.084
6454109.000 1728900.000 0.554 -0.107 -0.090
6454034.000 1728900.000 0.474 -0.163 -0.078
6454209.000 1728900.000 0.530 -0.202 -0.059
6454184.000 1728900.000 0.515 -0.195 -0.059
6454234.000 1728900.000 0.464 -0.133 -0.105
6454059.000 1728900.000 0.455 -0.174 -0.082
6454084.000 1728900.000 0.509 -0.139 -0.080
6454159.000 1728900.000 0.534 -0.154 -0.081
6454134.000 1728900.000 0.655 -0.021 -0.007
6454259.000 1728900.000 0.518 -0.179 -0.077
6454309.000 1728900.000 0.547 -0.172 -0.073
6454334.000 1728900.000 0.505 -0.166 -0.076
6454284.000 1728900.000 0.499 -0.201 -0.080
6454359.000 1728900.000 0.507 -0.149 -0.090
6454384.000 1728900.000 0.533 -0.136 -0.106
6454409.000 1728900.000 0.540 -0.168 -0.088
6454434.000 1728900.000 0.528 -0.157 -0.088
6454459.000 1728900.000 0.492 -0.138 -0.081
6454509.000 1728900.000 0.533 -0.136 -0.074
6454484.000 1728900.000 0.497 -0.143 -0.081
6454534.000 1728900.000 0.517 -0.123 -0.064
6451684.000 1728925.000 0.117 -0.749 -0.131
6451659.000 1728925.000 0.240 -0.854 -0.195
6451834.000 1728925.000 0.231 -0.993 -0.026
6451809.000 1728925.000 0.220 -0.980 -0.031
6451609.000 1728925.000 0.279 -1.002 -0.258
6451634.000 1728925.000 0.251 -0.974 -0.242
6451784.000 1728925.000 0.183 -1.021 -0.055
6451759.000 1728925.000 0.147 -1.003 -0.100
6451909.000 1728925.000 0.400 -0.906 -0.136
6451934.000 1728925.000 0.184 -0.663 -0.096
6451584.000 1728925.000 0.269 -0.961 -0.244
6451709.000 1728925.000 0.165 -0.858 -0.132
6451734.000 1728925.000 0.197 -0.931 -0.125
6451559.000 1728925.000 0.241 -0.919 -0.230
6451859.000 1728925.000 0.246 -0.995 -0.051
6451884.000 1728925.000 0.358 -1.021 -0.143
6451984.000 1728925.000 0.224 -0.771 -0.086
6451959.000 1728925.000 0.265 -0.670 -0.062
6452009.000 1728925.000 0.273 -0.792 -0.124
6452034.000 1728925.000 0.291 -0.719 -0.116
6452084.000 1728925.000 0.195 -0.676 -0.111
6452059.000 1728925.000 0.209 -0.676 -0.114
6452109.000 1728925.000 0.183 -0.667 -0.112
6452134.000 1728925.000 0.205 -0.649 -0.117
6452359.000 1728925.000 0.104 -0.536 -0.121
6452384.000 1728925.000 0.108 -0.526 -0.126
6452409.000 1728925.000 0.216 -0.529 -0.169
6452434.000 1728925.000 0.209 -0.580 -0.211
6452184.000 1728925.000 0.196 -0.663 -0.136
6452159.000 1728925.000 0.283 -0.598 -0.120
6452209.000 1728925.000 0.119 -0.595 -0.132
6452234.000 1728925.000 0.128 -0.577 -0.138
6452259.000 1728925.000 0.252 -0.510 -0.162
6452284.000 1728925.000 0.314 -0.541 -0.169
6452309.000 1728925.000 0.266 -0.548 -0.163
6452334.000 1728925.000 0.221 -0.523 -0.138
6452559.000 1728925.000 -0.451 1.966 0.032
6452584.000 1728925.000 -0.085 1.569 -0.027
6452634.000 1728925.000 0.226 -0.564 -0.169
6452609.000 1728925.000 0.283 -0.494 -0.161
6452484.000 1728925.000 0.298 -0.524 -0.138
6452459.000 1728925.000 0.269 -0.546 -0.204
6452509.000 1728925.000 0.313 -0.566 -0.110
6452534.000 1728925.000 0.257 -0.512 -0.109
6452659.000 1728925.000 0.226 -0.603 -0.150
6452684.000 1728925.000 0.248 -0.606 -0.135
6452759.000 1728925.000 0.253 -0.667 -0.149
6452709.000 1728925.000 0.260 -0.655 -0.133
6452784.000 1728925.000 0.252 -0.655 -0.150
6452809.000 1728925.000 0.246 -0.616 -0.151
6452734.000 1728925.000 0.247 -0.669 -0.146
6452834.000 1728925.000 0.272 -0.644 -0.123
6452859.000 1728925.000 0.245 -0.611 -0.144
6452884.000 1728925.000 0.243 -0.637 -0.150
6452909.000 1728925.000 0.288 -0.602 -0.149
6452934.000 1728925.000 0.289 -0.569 -0.177
6452959.000 1728925.000 0.293 -0.539 -0.209
6452984.000 1728925.000 0.338 -0.486 -0.226
6453009.000 1728925.000 0.364 -0.514 -0.235
6453034.000 1728925.000 0.351 -0.438 -0.186
6453084.000 1728925.000 0.458 -0.271 -0.064
6453059.000 1728925.000 0.388 -0.372 -0.130
6453259.000 1728925.000 0.377 -0.351 -0.077
6453109.000 1728925.000 0.423 -0.248 -0.059
6453284.000 1728925.000 0.371 -0.322 -0.061
6453309.000 1728925.000 0.375 -0.283 -0.066
6453334.000 1728925.000 0.410 -0.294 -0.094
6453159.000 1728925.000 0.418 -0.270 -0.064
6453184.000 1728925.000 0.392 -0.296 -0.069
6453134.000 1728925.000 0.470 -0.247 -0.049
6453209.000 1728925.000 0.380 -0.353 -0.076
6453234.000 1728925.000 0.408 -0.352 -0.075
6453384.000 1728925.000 0.440 -0.355 -0.107
6453359.000 1728925.000 0.426 -0.347 -0.103
6453434.000 1728925.000 0.379 -0.415 -0.097
6453409.000 1728925.000 0.427 -0.359 -0.100
6453509.000 1728925.000 0.338 -0.357 -0.086
6453584.000 1728925.000 0.479 -0.386 -0.070
6453559.000 1728925.000 0.476 -0.378 -0.069
6453609.000 1728925.000 0.403 -0.390 -0.075
6453484.000 1728925.000 0.335 -0.240 -0.086
6453534.000 1728925.000 0.371 -0.371 -0.074
6453459.000 1728925.000 0.419 -0.321 -0.093
6453634.000 1728925.000 0.455 -0.394 -0.081
6453684.000 1728925.000 0.418 -0.289 -0.055
6453659.000 1728925.000 0.431 -0.286 -0.065
6453709.000 1728925.000 0.417 -0.256 -0.046
6453859.000 1728925.000 0.401 -0.215 -0.085
6453909.000 1728925.000 0.477 -0.115 -0.095
6453884.000 1728925.000 0.423 -0.176 -0.092
6453734.000 1728925.000 0.462 -0.170 -0.037
6453934.000 1728925.000 0.278 -0.199 -0.115
6453759.000 1728925.000 0.510 -0.149 -0.058
6453784.000 1728925.000 0.559 -0.192 -0.079
6453809.000 1728925.000 0.429 -0.198 -0.090
6453834.000 1728925.000 0.400 -0.204 -0.089
6453959.000 1728925.000 0.280 -0.241 -0.167
6454009.000 1728925.000 0.373 -0.254 -0.104
6454134.000 1728925.000 0.536 -0.067 -0.075
6453984.000 1728925.000 0.324 -0.335 -0.120
6454184.000 1728925.000 0.513 -0.205 -0.061
6454159.000 1728925.000 0.511 -0.186 -0.071
6454234.000 1728925.000 0.540 -0.104 -0.086
6454034.000 1728925.000 0.476 -0.164 -0.077
6454084.000 1728925.000 0.483 -0.153 -0.077
6454059.000 1728925.000 0.453 -0.166 -0.080
6454109.000 1728925.000 0.516 -0.139 -0.083
6454259.000 1728925.000 0.479 -0.141 -0.092
6454284.000 1728925.000 0.488 -0.173 -0.085
6454209.000 1728925.000 0.510 -0.226 -0.059
6454309.000 1728925.000 0.530 -0.178 -0.078
6454334.000 1728925.000 0.489 -0.167 -0.071
6454359.000 1728925.000 0.517 -0.130 -0.110
6454409.000 1728925.000 0.521 -0.177 -0.091
6454384.000 1728925.000 0.524 -0.164 -0.097
6454459.000 1728925.000 0.527 -0.145 -0.078
6454484.000 1728925.000 0.528 -0.181 -0.080
6454509.000 1728925.000 0.546 -0.157 -0.075
6454434.000 1728925.000 0.526 -0.184 -0.087
6454534.000 1728925.000 0.532 -0.133 -0.069
6451584.000 1728950.000 0.247 -0.961 -0.237
6451609.000 1728950.000 0.310 -1.032 -0.255
6451559.000 1728950.000 0.224 -0.959 -0.240
6451659.000 1728950.000 0.229 -1.107 -0.253
6451634.000 1728950.000 0.175 -1.050 -0.245
6451784.000 1728950.000 0.167 -0.950 -0.084
6451684.000 1728950.000 0.213 -1.052 -0.225
6451734.000 1728950.000 0.287 -0.862 -0.162
6451709.000 1728950.000 0.273 -0.919 -0.186
6451859.000 1728950.000 0.252 -0.990 -0.013
6451834.000 1728950.000 0.236 -1.011 -0.023
6451884.000 1728950.000 0.278 -0.949 -0.020
6451759.000 1728950.000 0.142 -0.923 -0.139
6451809.000 1728950.000 0.228 -0.960 -0.042
6451909.000 1728950.000 0.392 -0.923 -0.061
6452084.000 1728950.000 0.239 -0.686 -0.111
6451934.000 1728950.000 0.305 -0.874 -0.034
6452184.000 1728950.000 0.116 -0.666 -0.118
6452209.000 1728950.000 0.126 -0.624 -0.128
6452234.000 1728950.000 0.145 -0.561 -0.134
6451959.000 1728950.000 0.195 -0.868 -0.039
6452009.000 1728950.000 0.307 -0.824 -0.131
6452059.000 1728950.000 0.342 -0.735 -0.105
6451984.000 1728950.000 0.173 -0.900 -0.071
6452034.000 1728950.000 0.331 -0.775 -0.122
6452134.000 1728950.000 0.205 -0.648 -0.116
6452159.000 1728950.000 0.215 -0.628 -0.114
6452109.000 1728950.000 0.189 -0.654 -0.113
6452259.000 1728950.000 0.176 -0.483 -0.159
6452284.000 1728950.000 0.251 -0.521 -0.152
6452334.000 1728950.000 0.192 -0.508 -0.140
6452384.000 1728950.000 0.092 -0.536 -0.120
6452409.000 1728950.000 0.198 -0.543 -0.142
6452434.000 1728950.000 0.238 -0.510 -0.117
6452309.000 1728950.000 0.190 -0.506 -0.139
6452459.000 1728950.000 0.270 -0.484 -0.105
6452359.000 1728950.000 0.136 -0.535 -0.122
6452484.000 1728950.000 0.279 -0.537 -0.106
6452509.000 1728950.000 0.265 -0.533 -0.111
6452559.000 1728950.000 0.286 -0.588 -0.140
6452534.000 1728950.000 0.243 -0.550 -0.130
6452584.000 1728950.000 0.297 -0.614 -0.150
6452609.000 1728950.000 0.283 -0.586 -0.173
6452634.000 1728950.000 0.235 -0.556 -0.187
6452659.000 1728950.000 0.242 -0.592 -0.170
6452709.000 1728950.000 0.270 -0.648 -0.141
6452734.000 1728950.000 0.245 -0.662 -0.150
6452759.000 1728950.000 0.261 -0.663 -0.144
6452784.000 1728950.000 0.231 -0.635 -0.172
6452684.000 1728950.000 0.270 -0.615 -0.146
6452909.000 1728950.000 0.251 -0.630 -0.156
6452809.000 1728950.000 0.226 -0.646 -0.162
6452834.000 1728950.000 0.242 -0.690 -0.135
6452934.000 1728950.000 0.306 -0.593 -0.168
6452859.000 1728950.000 0.251 -0.659 -0.131
6453084.000 1728950.000 0.461 -0.264 -0.074
6452884.000 1728950.000 0.226 -0.630 -0.155
6452984.000 1728950.000 0.309 -0.452 -0.237
6452959.000 1728950.000 0.283 -0.488 -0.229
6453009.000 1728950.000 0.313 -0.429 -0.249
6453134.000 1728950.000 0.462 -0.242 -0.043
6453109.000 1728950.000 0.464 -0.251 -0.058
6453159.000 1728950.000 0.403 -0.258 -0.050
6453059.000 1728950.000 0.360 -0.393 -0.158
6453034.000 1728950.000 0.327 -0.403 -0.222
6453184.000 1728950.000 0.350 -0.291 -0.058
6453334.000 1728950.000 0.423 -0.321 -0.102
6453209.000 1728950.000 0.341 -0.321 -0.064
6453459.000 1728950.000 0.447 -0.393 -0.119
6453484.000 1728950.000 0.373 -0.274 -0.096
6453359.000 1728950.000 0.412 -0.322 -0.104
6453234.000 1728950.000 0.402 -0.323 -0.068
6453284.000 1728950.000 0.346 -0.322 -0.059
6453509.000 1728950.000 0.375 -0.365 -0.092
6453309.000 1728950.000 0.396 -0.305 -0.085
6453259.000 1728950.000 0.373 -0.350 -0.075
6453384.000 1728950.000 0.439 -0.320 -0.104
6453409.000 1728950.000 0.428 -0.358 -0.102
6453434.000 1728950.000 0.448 -0.410 -0.119
6453534.000 1728950.000 0.375 -0.365 -0.076
6453559.000 1728950.000 0.445 -0.344 -0.062
6453584.000 1728950.000 0.435 -0.339 -0.055
6453609.000 1728950.000 0.400 -0.336 -0.059
6453659.000 1728950.000 0.425 -0.321 -0.078
6453684.000 1728950.000 0.398 -0.319 -0.062
6453784.000 1728950.000 0.407 -0.227 -0.091
6453634.000 1728950.000 0.430 -0.329 -0.078
6453759.000 1728950.000 0.400 -0.225 -0.080
6453734.000 1728950.000 0.400 -0.200 -0.054
6453709.000 1728950.000 0.409 -0.254 -0.047
6453859.000 1728950.000 0.425 -0.157 -0.090
6453909.000 1728950.000 0.453 -0.112 -0.100
6453809.000 1728950.000 0.408 -0.195 -0.104
6453834.000 1728950.000 0.466 -0.120 -0.089
6453884.000 1728950.000 0.419 -0.219 -0.098
6454009.000 1728950.000 0.538 -0.147 -0.109
6453934.000 1728950.000 0.450 -0.102 -0.101
6453984.000 1728950.000 0.641 -0.043 -0.105
6454034.000 1728950.000 0.457 -0.236 -0.107
6454059.000 1728950.000 0.425 -0.242 -0.082
6454084.000 1728950.000 0.469 -0.229 -0.075
6453959.000 1728950.000 0.441 -0.137 -0.111
6454109.000 1728950.000 0.480 -0.247 -0.076
6454134.000 1728950.000 0.483 -0.088 -0.083
6454334.000 1728950.000 0.518 -0.164 -0.087
6454209.000 1728950.000 0.478 -0.187 -0.072
6454409.000 1728950.000 0.491 -0.169 -0.086
6454434.000 1728950.000 0.499 -0.135 -0.088
6454234.000 1728950.000 0.483 -0.180 -0.072
6454459.000 1728950.000 0.520 -0.132 -0.083
6454159.000 1728950.000 0.549 -0.112 -0.065
6454184.000 1728950.000 0.510 -0.143 -0.078
6454259.000 1728950.000 0.475 -0.156 -0.077
6454359.000 1728950.000 0.475 -0.141 -0.112
6454284.000 1728950.000 0.472 -0.156 -0.082
6454384.000 1728950.000 0.528 -0.210 -0.079
6454309.000 1728950.000 0.514 -0.168 -0.087
6454484.000 1728950.000 0.531 -0.153 -0.085
6454509.000 1728950.000 0.543 -0.117 -0.090
6454534.000 1728950.000 0.517 -0.112 -0.081
6451609.000 1728975.000 0.238 -0.984 -0.236
6451659.000 1728975.000 0.265 -1.047 -0.237
6451684.000 1728975.000 0.285 -0.982 -0.206
6451559.000 1728975.000 0.236 -1.046 -0.262
6451584.000 1728975.000 0.266 -1.033 -0.260
6451809.000 1728975.000 0.258 -0.925 -0.084
6451734.000 1728975.000 0.285 -0.945 -0.208
6451759.000 1728975.000 0.233 -1.033 -0.224
6451634.000 1728975.000 0.140 -1.042 -0.231
6451834.000 1728975.000 0.286 -0.989 -0.035
6451709.000 1728975.000 0.233 -0.952 -0.182
6451784.000 1728975.000 0.150 -0.998 -0.155
6451884.000 1728975.000 0.276 -0.994 -0.028
6451859.000 1728975.000 0.260 -1.015 -0.023
6451909.000 1728975.000 0.329 -0.967 -0.060
6451934.000 1728975.000 0.222 -0.948 -0.036
6452009.000 1728975.000 0.288 -0.833 -0.104
6451984.000 1728975.000 0.163 -0.964 -0.037
6452084.000 1728975.000 0.242 -0.817 -0.104
6452184.000 1728975.000 0.278 -0.658 -0.111
6452034.000 1728975.000 0.293 -0.846 -0.121
6452109.000 1728975.000 0.303 -0.683 -0.111
6452134.000 1728975.000 0.306 -0.580 -0.123
6451959.000 1728975.000 0.157 -0.935 -0.027
6452059.000 1728975.000 0.261 -0.797 -0.098
6452209.000 1728975.000 0.220 -0.686 -0.106
6452159.000 1728975.000 0.303 -0.585 -0.114
6452234.000 1728975.000 0.085 -0.509 -0.093
6452259.000 1728975.000 0.066 -0.434 -0.094
6452284.000 1728975.000 0.138 -0.448 -0.115
6452334.000 1728975.000 0.193 -0.445 -0.124
6452309.000 1728975.000 0.157 -0.472 -0.118
6452359.000 1728975.000 0.203 -0.437 -0.115
6452384.000 1728975.000 0.194 -0.442 -0.105
6452409.000 1728975.000 0.239 -0.440 -0.111
6452434.000 1728975.000 0.251 -0.442 -0.104
6452459.000 1728975.000 0.273 -0.535 -0.108
6452484.000 1728975.000 0.309 -0.581 -0.110
6452559.000 1728975.000 0.235 -0.599 -0.161
6452509.000 1728975.000 0.285 -0.549 -0.123
6452609.000 1728975.000 0.269 -0.608 -0.183
6452584.000 1728975.000 0.264 -0.636 -0.170
6452534.000 1728975.000 0.265 -0.571 -0.149
6452684.000 1728975.000 0.277 -0.629 -0.152
6452659.000 1728975.000 0.252 -0.622 -0.174
6452634.000 1728975.000 0.258 -0.579 -0.182
6452734.000 1728975.000 0.248 -0.643 -0.156
6452709.000 1728975.000 0.261 -0.645 -0.152
6452759.000 1728975.000 0.278 -0.640 -0.139
6452784.000 1728975.000 0.203 -0.641 -0.188
6452809.000 1728975.000 0.210 -0.657 -0.174
6452834.000 1728975.000 0.220 -0.691 -0.149
6452859.000 1728975.000 0.234 -0.683 -0.132
6452884.000 1728975.000 0.215 -0.657 -0.151
6452909.000 1728975.000 0.209 -0.609 -0.170
6452934.000 1728975.000 0.294 -0.595 -0.169
6453034.000 1728975.000 0.313 -0.440 -0.225
6452959.000 1728975.000 0.309 -0.493 -0.215
6453009.000 1728975.000 0.259 -0.438 -0.245
6452984.000 1728975.000 0.333 -0.496 -0.219
6453059.000 1728975.000 0.342 -0.432 -0.174
6453159.000 1728975.000 0.414 -0.245 -0.040
6453109.000 1728975.000 0.481 -0.269 -0.068
6453209.000 1728975.000 0.321 -0.333 -0.058
6453084.000 1728975.000 0.421 -0.268 -0.087
6453234.000 1728975.000 0.368 -0.321 -0.066
6453134.000 1728975.000 0.477 -0.252 -0.046
6453184.000 1728975.000 0.347 -0.304 -0.050
6453259.000 1728975.000 0.387 -0.357 -0.081
6453309.000 1728975.000 0.417 -0.370 -0.120
6453284.000 1728975.000 0.384 -0.381 -0.101
6453484.000 1728975.000 0.428 -0.319 -0.101
6453534.000 1728975.000 0.427 -0.307 -0.067
6453359.000 1728975.000 0.416 -0.280 -0.131
6453434.000 1728975.000 0.450 -0.356 -0.115
6453584.000 1728975.000 0.410 -0.332 -0.057
6453334.000 1728975.000 0.440 -0.322 -0.130
6453634.000 1728975.000 0.402 -0.289 -0.053
6453409.000 1728975.000 0.370 -0.403 -0.110
6453384.000 1728975.000 0.404 -0.303 -0.106
6453459.000 1728975.000 0.412 -0.387 -0.099
6453559.000 1728975.000 0.434 -0.333 -0.072
6453509.000 1728975.000 0.398 -0.321 -0.093
6453609.000 1728975.000 0.390 -0.344 -0.064
6453659.000 1728975.000 0.431 -0.293 -0.066
6453734.000 1728975.000 0.432 -0.244 -0.080
6453784.000 1728975.000 0.395 -0.248 -0.090
6453684.000 1728975.000 0.389 -0.278 -0.051
6453709.000 1728975.000 0.412 -0.264 -0.065
6453759.000 1728975.000 0.407 -0.248 -0.088
6453834.000 1728975.000 0.414 -0.158 -0.057
6453884.000 1728975.000 0.540 -0.198 -0.120
6453809.000 1728975.000 0.382 -0.245 -0.092
6453959.000 1728975.000 0.495 -0.083 -0.097
6453859.000 1728975.000 0.569 -0.084 -0.065
6453909.000 1728975.000 0.472 -0.118 -0.109
6453934.000 1728975.000 0.477 -0.085 -0.094
6453984.000 1728975.000 0.557 -0.051 -0.111
6454009.000 1728975.000 0.477 -0.219 -0.114
6454034.000 1728975.000 0.485 -0.220 -0.099
6454059.000 1728975.000 0.461 -0.159 -0.118
6454084.000 1728975.000 0.536 -0.191 -0.055
6454184.000 1728975.000 0.472 -0.194 -0.068
6454134.000 1728975.000 0.486 -0.208 -0.068
6454109.000 1728975.000 0.554 -0.192 -0.055
6454209.000 1728975.000 0.450 -0.200 -0.064
6454159.000 1728975.000 0.520 -0.154 -0.043
6454234.000 1728975.000 0.463 -0.182 -0.065
6454259.000 1728975.000 0.444 -0.160 -0.067
6454284.000 1728975.000 0.448 -0.148 -0.077
6454359.000 1728975.000 0.422 -0.171 -0.093
6454309.000 1728975.000 0.477 -0.139 -0.108
6454334.000 1728975.000 0.465 -0.161 -0.109
6454384.000 1728975.000 0.459 -0.153 -0.085
6454434.000 1728975.000 0.478 -0.107 -0.092
6454409.000 1728975.000 0.440 -0.121 -0.092
6454509.000 1728975.000 0.544 -0.135 -0.085
6454484.000 1728975.000 0.555 -0.141 -0.098
6451584.000 1729000.000 0.222 -1.039 -0.248
6451634.000 1729000.000 0.135 -1.098 -0.223
6454459.000 1728975.000 0.508 -0.137 -0.087
6454534.000 1728975.000 0.467 -0.106 -0.070
6451609.000 1729000.000 0.158 -0.995 -0.224
6451559.000 1729000.000 0.257 -0.880 -0.195
6451659.000 1729000.000 0.293 -1.038 -0.221
6451684.000 1729000.000 0.270 -0.988 -0.199
6451734.000 1729000.000 0.229 -1.034 -0.216
6451709.000 1729000.000 0.189 -1.020 -0.193
6451759.000 1729000.000 0.239 -1.044 -0.227
6451784.000 1729000.000 0.239 -1.056 -0.199
6451834.000 1729000.000 0.199 -0.928 -0.097
6451809.000 1729000.000 0.161 -0.971 -0.141
6451859.000 1729000.000 0.247 -0.947 -0.065
6451884.000 1729000.000 0.256 -0.984 -0.054
6451909.000 1729000.000 0.351 -0.905 -0.095
6451934.000 1729000.000 0.232 -0.898 -0.066
6451959.000 1729000.000 0.125 -0.898 -0.042
6452009.000 1729000.000 0.240 -0.863 -0.071
6452034.000 1729000.000 0.281 -0.888 -0.110
6451984.000 1729000.000 0.126 -1.000 -0.029
6452059.000 1729000.000 0.252 -0.869 -0.112
6452084.000 1729000.000 0.273 -0.874 -0.123
6452134.000 1729000.000 0.337 -0.750 -0.136
6452109.000 1729000.000 0.372 -0.777 -0.107
6452259.000 1729000.000 0.163 -0.588 -0.085
6452284.000 1729000.000 0.143 -0.441 -0.089
6452159.000 1729000.000 0.330 -0.725 -0.132
6452184.000 1729000.000 0.349 -0.718 -0.105
6452309.000 1729000.000 0.156 -0.418 -0.093
6452234.000 1729000.000 0.199 -0.652 -0.089
6452334.000 1729000.000 0.188 -0.420 -0.107
6452209.000 1729000.000 0.253 -0.737 -0.096
6452434.000 1729000.000 0.238 -0.463 -0.117
6452359.000 1729000.000 0.232 -0.429 -0.113
6452409.000 1729000.000 0.193 -0.438 -0.093
6452384.000 1729000.000 0.198 -0.428 -0.092
6452459.000 1729000.000 0.260 -0.533 -0.125
6452559.000 1729000.000 0.226 -0.603 -0.174
6452484.000 1729000.000 0.286 -0.533 -0.129
6452584.000 1729000.000 0.264 -0.643 -0.171
6452659.000 1729000.000 0.254 -0.674 -0.175
6452709.000 1729000.000 0.245 -0.659 -0.166
6452609.000 1729000.000 0.256 -0.612 -0.181
6452509.000 1729000.000 0.292 -0.592 -0.148
6452534.000 1729000.000 0.253 -0.594 -0.177
6452634.000 1729000.000 0.266 -0.594 -0.172
6452684.000 1729000.000 0.273 -0.647 -0.161
6452734.000 1729000.000 0.244 -0.675 -0.158
6452759.000 1729000.000 0.277 -0.669 -0.134
6452784.000 1729000.000 0.243 -0.652 -0.158
6452834.000 1729000.000 0.255 -0.670 -0.138
6452809.000 1729000.000 0.254 -0.660 -0.150
6452859.000 1729000.000 0.262 -0.636 -0.132
6452884.000 1729000.000 0.243 -0.624 -0.137
6452909.000 1729000.000 0.234 -0.594 -0.148
6452934.000 1729000.000 0.265 -0.545 -0.168
6452959.000 1729000.000 0.299 -0.536 -0.210
6453009.000 1729000.000 0.305 -0.509 -0.226
6453034.000 1729000.000 0.295 -0.537 -0.228
6453059.000 1729000.000 0.314 -0.514 -0.196
6453084.000 1729000.000 0.412 -0.329 -0.099
6452984.000 1729000.000 0.364 -0.532 -0.203
6453109.000 1729000.000 0.463 -0.271 -0.063
6453134.000 1729000.000 0.454 -0.254 -0.044
6453159.000 1729000.000 0.411 -0.235 -0.044
6453184.000 1729000.000 0.405 -0.290 -0.045
6453234.000 1729000.000 0.370 -0.340 -0.070
6453209.000 1729000.000 0.359 -0.365 -0.061
6453259.000 1729000.000 0.394 -0.370 -0.085
6453284.000 1729000.000 0.396 -0.391 -0.110
6453309.000 1729000.000 0.409 -0.367 -0.116
6453334.000 1729000.000 0.435 -0.319 -0.131
6453384.000 1729000.000 0.426 -0.357 -0.144
6453434.000 1729000.000 0.454 -0.310 -0.221
6453459.000 1729000.000 0.373 -0.344 -0.187
6453359.000 1729000.000 0.438 -0.266 -0.129
6453484.000 1729000.000 0.379 -0.369 -0.188
6453409.000 1729000.000 0.378 -0.382 -0.161
6453509.000 1729000.000 0.353 -0.371 -0.141
6453534.000 1729000.000 0.429 -0.235 -0.055
6453559.000 1729000.000 0.462 -0.282 -0.063
6453584.000 1729000.000 0.419 -0.288 -0.044
6453634.000 1729000.000 0.372 -0.294 -0.052
6453609.000 1729000.000 0.401 -0.316 -0.056
6453659.000 1729000.000 0.419 -0.294 -0.062
6453684.000 1729000.000 0.395 -0.261 -0.045
6453734.000 1729000.000 0.433 -0.243 -0.072
6453859.000 1729000.000 0.448 -0.107 -0.056
6453834.000 1729000.000 0.410 -0.192 -0.091
6453759.000 1729000.000 0.425 -0.251 -0.087
6453884.000 1729000.000 0.482 -0.116 -0.094
6453784.000 1729000.000 0.423 -0.220 -0.078
6453709.000 1729000.000 0.416 -0.258 -0.061
6453909.000 1729000.000 0.460 -0.071 -0.083
6453809.000 1729000.000 0.442 -0.228 -0.094
6453934.000 1729000.000 0.446 -0.141 -0.097
6453959.000 1729000.000 0.459 -0.168 -0.100
6453984.000 1729000.000 0.482 -0.170 -0.093
6454009.000 1729000.000 0.465 -0.211 -0.070
6454034.000 1729000.000 0.524 -0.125 -0.052
6454059.000 1729000.000 0.495 -0.060 -0.093
6454184.000 1729000.000 0.544 -0.177 -0.053
6454259.000 1729000.000 0.417 -0.169 -0.063
6454209.000 1729000.000 0.522 -0.182 -0.061
6454284.000 1729000.000 0.445 -0.173 -0.073
6454109.000 1729000.000 0.566 -0.145 -0.055
6454234.000 1729000.000 0.480 -0.174 -0.065
6454084.000 1729000.000 0.539 -0.090 -0.055
6454309.000 1729000.000 0.438 -0.180 -0.091
6454334.000 1729000.000 0.456 -0.195 -0.085
6454134.000 1729000.000 0.496 -0.192 -0.063
6454159.000 1729000.000 0.574 -0.147 -0.032
6454359.000 1729000.000 0.438 -0.171 -0.080
6454384.000 1729000.000 0.484 -0.190 -0.078
6454409.000 1729000.000 0.473 -0.149 -0.085
6454434.000 1729000.000 0.512 -0.150 -0.079
6454459.000 1729000.000 0.492 -0.151 -0.070
6454484.000 1729000.000 0.500 -0.159 -0.069
6454534.000 1729000.000 0.388 -0.156 -0.070
6454509.000 1729000.000 0.495 -0.173 -0.070
6451684.000 1729025.000 0.198 -1.090 -0.220
6451659.000 1729025.000 0.171 -1.056 -0.210
6451809.000 1729025.000 0.163 -0.895 -0.145
6451834.000 1729025.000 0.109 -0.865 -0.122
6451734.000 1729025.000 0.237 -1.091 -0.234
6451559.000 1729025.000 0.205 -0.843 -0.168
6451709.000 1729025.000 0.194 -1.137 -0.228
6451584.000 1729025.000 0.212 -1.042 -0.246
6451859.000 1729025.000 0.155 -0.848 -0.102
6451884.000 1729025.000 0.232 -0.926 -0.082
6451984.000 1729025.000 0.162 -0.760 -0.087
6451959.000 1729025.000 0.140 -0.829 -0.091
6452034.000 1729025.000 0.272 -0.930 -0.063
6452009.000 1729025.000 0.250 -0.851 -0.055
6451759.000 1729025.000 0.247 -1.064 -0.238
6451634.000 1729025.000 0.107 -1.082 -0.214
6451609.000 1729025.000 0.165 -1.030 -0.228
6451784.000 1729025.000 0.267 -1.027 -0.213
6451909.000 1729025.000 0.265 -0.944 -0.101
6451934.000 1729025.000 0.275 -0.985 -0.122
6452059.000 1729025.000 0.273 -0.889 -0.093
6452134.000 1729025.000 0.356 -0.845 -0.123
6452084.000 1729025.000 0.309 -0.889 -0.128
6452109.000 1729025.000 0.320 -0.908 -0.138
6452159.000 1729025.000 0.286 -0.756 -0.097
6452209.000 1729025.000 0.259 -0.811 -0.119
6452234.000 1729025.000 0.241 -0.726 -0.100
6452284.000 1729025.000 0.162 -0.526 -0.081
6452259.000 1729025.000 0.222 -0.661 -0.085
6452184.000 1729025.000 0.320 -0.748 -0.084
6452584.000 1729025.000 0.269 -0.627 -0.171
6452634.000 1729025.000 0.256 -0.632 -0.168
6452609.000 1729025.000 0.261 -0.636 -0.173
6452659.000 1729025.000 0.254 -0.696 -0.169
6452459.000 1729025.000 0.230 -0.566 -0.158
6452534.000 1729025.000 0.235 -0.574 -0.189
6452559.000 1729025.000 0.227 -0.596 -0.190
6452484.000 1729025.000 0.267 -0.545 -0.148
6452509.000 1729025.000 0.263 -0.594 -0.162
6452684.000 1729025.000 0.259 -0.678 -0.169
6452334.000 1729025.000 0.216 -0.451 -0.074
6452309.000 1729025.000 0.145 -0.491 -0.087
6452359.000 1729025.000 0.178 -0.470 -0.078
6452409.000 1729025.000 0.167 -0.471 -0.097
6452384.000 1729025.000 0.148 -0.508 -0.085
6452709.000 1729025.000 0.271 -0.672 -0.162
6452734.000 1729025.000 0.254 -0.668 -0.162
6452759.000 1729025.000 0.262 -0.654 -0.140
6452784.000 1729025.000 0.250 -0.633 -0.153
6452434.000 1729025.000 0.227 -0.556 -0.154
6452809.000 1729025.000 0.274 -0.622 -0.136
6452834.000 1729025.000 0.263 -0.642 -0.136
6452884.000 1729025.000 0.257 -0.608 -0.127
6452859.000 1729025.000 0.287 -0.625 -0.116
6452934.000 1729025.000 0.284 -0.545 -0.135
6452909.000 1729025.000 0.254 -0.592 -0.129
6453084.000 1729025.000 0.420 -0.343 -0.092
6453134.000 1729025.000 0.423 -0.253 -0.047
6453109.000 1729025.000 0.437 -0.277 -0.065
6453159.000 1729025.000 0.383 -0.275 -0.057
6452959.000 1729025.000 0.244 -0.479 -0.212
6452984.000 1729025.000 0.341 -0.518 -0.207
6453209.000 1729025.000 0.357 -0.345 -0.051
6453059.000 1729025.000 0.332 -0.450 -0.172
6453009.000 1729025.000 0.324 -0.527 -0.214
6453234.000 1729025.000 0.359 -0.330 -0.059
6453034.000 1729025.000 0.286 -0.517 -0.216
6453184.000 1729025.000 0.408 -0.334 -0.056
6453359.000 1729025.000 0.380 -0.291 -0.104
6453259.000 1729025.000 0.357 -0.368 -0.082
6453284.000 1729025.000 0.394 -0.380 -0.112
6453384.000 1729025.000 0.440 -0.364 -0.178
6453409.000 1729025.000 0.430 -0.362 -0.216
6453434.000 1729025.000 0.449 -0.292 -0.259
6453309.000 1729025.000 0.403 -0.360 -0.115
6453334.000 1729025.000 0.376 -0.299 -0.098
6453659.000 1729025.000 0.390 -0.286 -0.051
6453734.000 1729025.000 0.443 -0.212 -0.063
6453759.000 1729025.000 0.425 -0.230 -0.087
6453509.000 1729025.000 0.334 -0.361 -0.133
6453784.000 1729025.000 0.432 -0.218 -0.083
6453584.000 1729025.000 0.405 -0.281 -0.048
6453684.000 1729025.000 0.383 -0.299 -0.056
6453459.000 1729025.000 0.350 -0.378 -0.212
6453834.000 1729025.000 0.399 -0.130 -0.072
6453709.000 1729025.000 0.418 -0.270 -0.058
6453484.000 1729025.000 0.248 -0.390 -0.224
6453809.000 1729025.000 0.488 -0.231 -0.123
6453534.000 1729025.000 0.431 -0.286 -0.066
6453559.000 1729025.000 0.428 -0.240 -0.049
6453609.000 1729025.000 0.394 -0.293 -0.054
6453634.000 1729025.000 0.371 -0.281 -0.043
6453859.000 1729025.000 0.443 -0.078 -0.047
6453884.000 1729025.000 0.449 -0.124 -0.083
6453909.000 1729025.000 0.474 -0.162 -0.123
6453959.000 1729025.000 0.357 -0.232 -0.114
6453934.000 1729025.000 0.359 -0.168 -0.087
6454009.000 1729025.000 0.482 -0.158 -0.077
6453984.000 1729025.000 0.490 -0.149 -0.090
6454084.000 1729025.000 0.455 -0.021 -0.085
6454059.000 1729025.000 0.515 -0.079 -0.059
6454134.000 1729025.000 0.652 -0.221 -0.001
6454259.000 1729025.000 0.450 -0.199 -0.078
6454309.000 1729025.000 0.397 -0.195 -0.094
6454284.000 1729025.000 0.417 -0.194 -0.079
6454334.000 1729025.000 0.392 -0.296 -0.077
6454034.000 1729025.000 0.547 -0.121 -0.044
6454359.000 1729025.000 0.433 -0.271 -0.072
6454184.000 1729025.000 0.508 -0.194 -0.088
6454109.000 1729025.000 0.671 -0.113 -0.013
6454384.000 1729025.000 0.448 -0.170 -0.080
6454409.000 1729025.000 0.463 -0.141 -0.083
6454159.000 1729025.000 0.491 -0.164 -0.093
6454209.000 1729025.000 0.510 -0.218 -0.099
6454234.000 1729025.000 0.537 -0.223 -0.088
6454434.000 1729025.000 0.484 -0.158 -0.077
6454459.000 1729025.000 0.468 -0.149 -0.071
6454484.000 1729025.000 0.446 -0.164 -0.070
6454509.000 1729025.000 0.423 -0.207 -0.092
6451559.000 1729050.000 0.189 -0.961 -0.213
6454534.000 1729025.000 0.393 -0.223 -0.102
6451584.000 1729050.000 0.234 -0.912 -0.207
6451659.000 1729050.000 0.165 -1.012 -0.201
6451634.000 1729050.000 0.174 -1.024 -0.210
6451709.000 1729050.000 0.175 -1.083 -0.213
6451609.000 1729050.000 0.178 -0.904 -0.179
6451734.000 1729050.000 0.250 -1.040 -0.225
6451759.000 1729050.000 0.269 -1.002 -0.226
6451684.000 1729050.000 0.200 -1.040 -0.211
6451784.000 1729050.000 0.232 -1.025 -0.218
6451834.000 1729050.000 0.185 -0.867 -0.157
6451909.000 1729050.000 0.243 -0.925 -0.107
6451934.000 1729050.000 0.263 -0.942 -0.129
6451959.000 1729050.000 0.256 -0.845 -0.131
6451859.000 1729050.000 0.181 -0.777 -0.125
6451809.000 1729050.000 0.277 -0.966 -0.206
6451884.000 1729050.000 0.257 -0.837 -0.107
6451984.000 1729050.000 0.177 -0.781 -0.104
6452284.000 1729050.000 0.184 -0.573 -0.106
6452259.000 1729050.000 0.242 -0.674 -0.104
6452234.000 1729050.000 0.281 -0.728 -0.098
6452034.000 1729050.000 0.279 -0.916 -0.057
6452059.000 1729050.000 0.268 -0.937 -0.086
6452109.000 1729050.000 0.219 -0.898 -0.107
6452384.000 1729050.000 0.140 -0.532 -0.088
6452209.000 1729050.000 0.230 -0.845 -0.106
6452009.000 1729050.000 0.231 -0.830 -0.076
6452309.000 1729050.000 0.125 -0.503 -0.082
6452359.000 1729050.000 0.113 -0.534 -0.076
6452084.000 1729050.000 0.339 -0.898 -0.122
6452184.000 1729050.000 0.278 -0.837 -0.062
6452134.000 1729050.000 0.321 -0.880 -0.076
6452409.000 1729050.000 0.191 -0.430 -0.105
6452159.000 1729050.000 0.332 -0.895 -0.053
6452434.000 1729050.000 0.196 -0.477 -0.165
6452459.000 1729050.000 0.207 -0.503 -0.172
6452334.000 1729050.000 0.126 -0.505 -0.070
6452559.000 1729050.000 0.263 -0.569 -0.180
6452509.000 1729050.000 0.240 -0.535 -0.168
6452484.000 1729050.000 0.276 -0.521 -0.165
6452534.000 1729050.000 0.256 -0.531 -0.174
6452759.000 1729050.000 0.254 -0.652 -0.150
6452584.000 1729050.000 0.275 -0.597 -0.170
6452809.000 1729050.000 0.284 -0.580 -0.141
6452834.000 1729050.000 0.251 -0.623 -0.145
6452634.000 1729050.000 0.268 -0.635 -0.153
6452884.000 1729050.000 0.251 -0.663 -0.131
6452659.000 1729050.000 0.249 -0.675 -0.164
6452609.000 1729050.000 0.300 -0.613 -0.145
6452684.000 1729050.000 0.220 -0.668 -0.179
6452709.000 1729050.000 0.266 -0.693 -0.164
6452859.000 1729050.000 0.279 -0.653 -0.116
6452734.000 1729050.000 0.252 -0.669 -0.165
6452784.000 1729050.000 0.260 -0.623 -0.158
6452984.000 1729050.000 0.338 -0.492 -0.205
6453059.000 1729050.000 0.362 -0.416 -0.143
6452934.000 1729050.000 0.307 -0.568 -0.121
6453034.000 1729050.000 0.293 -0.498 -0.201
6452909.000 1729050.000 0.249 -0.622 -0.128
6452959.000 1729050.000 0.236 -0.485 -0.221
6453109.000 1729050.000 0.408 -0.267 -0.066
6453009.000 1729050.000 0.325 -0.556 -0.207
6453084.000 1729050.000 0.430 -0.342 -0.078
6453134.000 1729050.000 0.394 -0.275 -0.056
6453309.000 1729050.000 0.432 -0.335 -0.133
6453334.000 1729050.000 0.377 -0.319 -0.133
6453384.000 1729050.000 0.427 -0.292 -0.172
6453409.000 1729050.000 0.515 -0.320 -0.157
6453359.000 1729050.000 0.349 -0.276 -0.141
6453434.000 1729050.000 0.426 -0.338 -0.143
6453459.000 1729050.000 0.419 -0.383 -0.165
6453484.000 1729050.000 0.339 -0.321 -0.156
6453159.000 1729050.000 0.376 -0.313 -0.066
6453509.000 1729050.000 0.377 -0.294 -0.096
6453184.000 1729050.000 0.417 -0.360 -0.060
6453209.000 1729050.000 0.355 -0.342 -0.054
6453534.000 1729050.000 0.409 -0.296 -0.060
6453284.000 1729050.000 0.392 -0.383 -0.124
6453234.000 1729050.000 0.331 -0.307 -0.059
6453259.000 1729050.000 0.354 -0.343 -0.084
6453559.000 1729050.000 0.413 -0.246 -0.043
6453584.000 1729050.000 0.397 -0.287 -0.050
6453609.000 1729050.000 0.392 -0.276 -0.044
6453709.000 1729050.000 0.408 -0.254 -0.053
6453634.000 1729050.000 0.397 -0.223 -0.017
6453659.000 1729050.000 0.390 -0.226 -0.024
6453684.000 1729050.000 0.385 -0.285 -0.057
6453734.000 1729050.000 0.455 -0.207 -0.064
6453784.000 1729050.000 0.403 -0.209 -0.076
6453959.000 1729050.000 0.325 -0.216 -0.098
6453859.000 1729050.000 0.432 -0.107 -0.069
6453984.000 1729050.000 0.469 -0.084 -0.086
6453759.000 1729050.000 0.398 -0.239 -0.093
6454009.000 1729050.000 0.484 -0.057 -0.083
6454034.000 1729050.000 0.575 0.005 -0.045
6453834.000 1729050.000 0.379 -0.157 -0.108
6453809.000 1729050.000 0.498 -0.127 -0.091
6453884.000 1729050.000 0.403 -0.161 -0.097
6453909.000 1729050.000 0.441 -0.163 -0.122
6453934.000 1729050.000 0.368 -0.116 -0.093
6454059.000 1729050.000 0.609 -0.007 0.003
6454084.000 1729050.000 0.511 0.004 -0.088
6454134.000 1729050.000 0.783 0.066 -0.008
6454109.000 1729050.000 0.969 0.056 0.002
6454184.000 1729050.000 0.506 -0.121 -0.093
6454234.000 1729050.000 0.538 -0.172 -0.093
6454284.000 1729050.000 0.421 -0.165 -0.087
6454159.000 1729050.000 0.458 -0.089 -0.113
6454309.000 1729050.000 0.409 -0.155 -0.106
6454209.000 1729050.000 0.540 -0.061 -0.107
6454259.000 1729050.000 0.472 -0.209 -0.093
6454459.000 1729050.000 0.463 -0.202 -0.087
6454359.000 1729050.000 0.449 -0.239 -0.072
6454484.000 1729050.000 0.494 -0.216 -0.075
6454334.000 1729050.000 0.435 -0.213 -0.069
6454534.000 1729050.000 0.460 -0.203 -0.071
6454509.000 1729050.000 0.474 -0.203 -0.073
6454384.000 1729050.000 0.407 -0.112 -0.085
6454434.000 1729050.000 0.395 -0.205 -0.081
6454409.000 1729050.000 0.456 -0.172 -0.087
